{"type":"FeatureCollection","properties":{"source":"OpenStreetMap contributors","meaning":"Residential buildings where no zoning is published","generated":"2026-09-14"},"features":[{"type":"Feature","properties":{"form":"other"},"geometry":{"type":"Polygon","coordinates":[[[-79.4203573,43.662201],[-79.4205036,43.6625573],[-79.4202716,43.6626072],[-79.4201254,43.6622509],[-79.4203573,43.662201]]]}},{"type":"Feature","properties":{"form":"apartments"},"geometry":{"type":"Polygon","coordinates":[[[-79.3954694,43.6679819],[-79.3953195,43.6680136],[-79.39551,43.6681725],[-79.3953784,43.6682124],[-79.3951084,43.6682392],[-79.3949694,43.6683712],[-79.3949174,43.668331],[-79.3947909,43.6684813],[-79.3945558,43.6684609],[-79.3945473,43.668383],[-79.3943839,43.6684191],[-79.394165,43.6678936],[-79.3940244,43.6679256],[-79.3939555,43.6677588],[-79.3940968,43.6677276],[-79.3938698,43.6672065],[-79.3947224,43.6670132],[-79.3947454,43.6670657],[-79.3948113,43.6670522],[-79.3947912,43.6670032],[-79.395113,43.6669312],[-79.3951687,43.667072],[-79.3950995,43.6670862],[-79.3951665,43.6672489],[-79.3952014,43.6672534],[-79.3952147,43.6672888],[-79.3951905,43.6673083],[-79.3952617,43.6674768],[-79.3953321,43.6674748],[-79.3953267,43.6675694],[-79.3953032,43.6675882],[-79.3953947,43.6678077],[-79.39543,43.6678138],[-79.3954433,43.6678492],[-79.3954225,43.667868],[-79.3954694,43.6679819]]]}},{"type":"Feature","properties":{"form":"apartments"},"geometry":{"type":"Polygon","coordinates":[[[-79.399916,43.6622908],[-79.4002742,43.6622874],[-79.4003695,43.6622552],[-79.4005723,43.6621206],[-79.4010975,43.6620874],[-79.4012107,43.6622378],[-79.4004167,43.662417],[-79.4003993,43.6623762],[-79.3999438,43.6624648],[-79.3999151,43.6624002],[-79.399757,43.6624305],[-79.3995945,43.6620253],[-79.3996364,43.6620164],[-79.3996136,43.6619565],[-79.3996646,43.661946],[-79.3996867,43.6620032],[-79.3997511,43.6619911],[-79.3996945,43.6618515],[-79.3998398,43.6618269],[-79.3998408,43.6618046],[-79.3999036,43.6617924],[-79.399907,43.662023],[-79.3998341,43.6621152],[-79.399827,43.662199],[-79.399845,43.6622442],[-79.399916,43.6622908]]]}},{"type":"Feature","properties":{"form":"apartments"},"geometry":{"type":"Polygon","coordinates":[[[-79.3892886,43.6425327],[-79.3896788,43.6424648],[-79.3899363,43.6423588],[-79.3899702,43.642392],[-79.3901127,43.6423075],[-79.3901399,43.6423275],[-79.390272,43.6422242],[-79.3903255,43.6422566],[-79.3904596,43.6421133],[-79.3904954,43.6421053],[-79.3905437,43.6422311],[-79.3908121,43.6421698],[-79.3902364,43.6407719],[-79.3901154,43.6407976],[-79.3899102,43.6406801],[-79.3898613,43.6407394],[-79.3897171,43.6406826],[-79.3893856,43.64061],[-79.3890438,43.6405993],[-79.389037,43.6405471],[-79.3887573,43.6405833],[-79.3885156,43.6406544],[-79.3885542,43.6407053],[-79.3882698,43.6408479],[-79.3881531,43.6409364],[-79.3879737,43.6411407],[-79.3878712,43.641109],[-79.3877967,43.6412817],[-79.3876575,43.641308],[-79.3878275,43.6417586],[-79.3878575,43.6417542],[-79.3882376,43.6427464],[-79.3883858,43.6427151],[-79.3883758,43.6426885],[-79.3885072,43.6426604],[-79.3884631,43.642554],[-79.3885072,43.6425451],[-79.388715,43.6426075],[-79.3887352,43.6425578],[-79.3889216,43.6425883],[-79.3889269,43.6425628],[-79.3891078,43.6425763],[-79.3891116,43.6425357],[-79.3892886,43.6425327]]]}},{"type":"Feature","properties":{"form":"apartments"},"geometry":{"type":"Polygon","coordinates":[[[-79.4008268,43.6607527],[-79.4009088,43.660736],[-79.4011049,43.6612133],[-79.4010375,43.6612278],[-79.4010249,43.6611973],[-79.4008821,43.6612263],[-79.4008654,43.66123],[-79.400879,43.661263],[-79.4008019,43.6612796],[-79.4005856,43.6607252],[-79.4007977,43.6606804],[-79.4008268,43.6607527]]]}},{"type":"Feature","properties":{"form":"other"},"geometry":{"type":"Polygon","coordinates":[[[-79.3960241,43.6675093],[-79.3957188,43.6667681],[-79.3959057,43.6667299],[-79.3958692,43.6666368],[-79.3962064,43.6665677],[-79.3965337,43.6674034],[-79.3960241,43.6675093]]]}},{"type":"Feature","properties":{"form":"apartments"},"geometry":{"type":"Polygon","coordinates":[[[-79.3989274,43.6675437],[-79.3995652,43.6674116],[-79.3994422,43.6671009],[-79.3994009,43.6671095],[-79.3993667,43.6670233],[-79.3992502,43.6670474],[-79.3993207,43.6672255],[-79.3991827,43.6672538],[-79.3992118,43.6673348],[-79.3990482,43.6673688],[-79.3989498,43.6671201],[-79.3987741,43.6671565],[-79.3989274,43.6675437]]]}},{"type":"Feature","properties":{"form":"apartments"},"geometry":{"type":"Polygon","coordinates":[[[-79.4002859,43.6619689],[-79.4002843,43.662034],[-79.4001738,43.6620552],[-79.4000419,43.6617594],[-79.400452,43.6616696],[-79.400425,43.6616003],[-79.4009998,43.6614713],[-79.4010411,43.6615115],[-79.4011058,43.6614968],[-79.4011859,43.6617187],[-79.4012266,43.6617138],[-79.4013903,43.6621718],[-79.4013243,43.6621852],[-79.4013324,43.6622118],[-79.4012107,43.6622378],[-79.4009688,43.6618986],[-79.4009876,43.6617631],[-79.4009582,43.6617022],[-79.4008529,43.6616696],[-79.4006869,43.6616651],[-79.4005987,43.6617732],[-79.4003207,43.6618981],[-79.4002859,43.6619689]]]}},{"type":"Feature","properties":{"form":"other"},"geometry":{"type":"Polygon","coordinates":[[[-79.394678,43.6658741],[-79.3941263,43.6659762],[-79.3941173,43.6660117],[-79.3939773,43.6660434],[-79.3941003,43.6657481],[-79.3943011,43.6657064],[-79.3942435,43.665565],[-79.3945251,43.6654999],[-79.394678,43.6658741]]]}},{"type":"Feature","properties":{"form":"apartments"},"geometry":{"type":"Polygon","coordinates":[[[-79.3922026,43.667939],[-79.3920735,43.6679999],[-79.3922892,43.6682564],[-79.3923689,43.6683101],[-79.3925681,43.6683462],[-79.3928765,43.6682892],[-79.3928301,43.6681755],[-79.3926095,43.6682304],[-79.3924957,43.6682321],[-79.3925238,43.6681978],[-79.3924829,43.6681785],[-79.3924545,43.6682133],[-79.3922026,43.667939]]]}},{"type":"Feature","properties":{"form":"apartments"},"geometry":{"type":"Polygon","coordinates":[[[-79.3912977,43.6675261],[-79.3913811,43.6675083],[-79.3914059,43.6675691],[-79.3911766,43.6676182],[-79.391078,43.6673729],[-79.3910584,43.667377],[-79.3910412,43.6673342],[-79.3910607,43.6673301],[-79.3909809,43.6671834],[-79.3910001,43.6671793],[-79.3909261,43.6669936],[-79.3909061,43.6669981],[-79.3908662,43.6669263],[-79.3908888,43.6669016],[-79.390793,43.6666669],[-79.3908143,43.6666612],[-79.3905999,43.6661308],[-79.3908966,43.6660681],[-79.3909346,43.6661615],[-79.3907564,43.6661966],[-79.3909311,43.6666441],[-79.3909558,43.6666385],[-79.3909906,43.6667186],[-79.3909658,43.6667242],[-79.3910367,43.6668874],[-79.3911115,43.6668738],[-79.3911341,43.6669372],[-79.391063,43.6669515],[-79.3912977,43.6675261]]]}},{"type":"Feature","properties":{"form":"apartments"},"geometry":{"type":"Polygon","coordinates":[[[-79.3971103,43.6633029],[-79.3971002,43.6632783],[-79.3970734,43.663284],[-79.3970457,43.663218],[-79.3970774,43.6632113],[-79.3970688,43.6631905],[-79.3974676,43.6631046],[-79.3974608,43.663088],[-79.3974863,43.6630823],[-79.3974418,43.6630851],[-79.3974283,43.6630542],[-79.3970156,43.6631426],[-79.3969953,43.6630897],[-79.3974216,43.662995],[-79.3973591,43.662859],[-79.3974179,43.6628477],[-79.397473,43.6629666],[-79.3975459,43.6629509],[-79.3975622,43.6630008],[-79.3977457,43.6629622],[-79.397816,43.6630734],[-79.3977937,43.6630782],[-79.3978235,43.663156],[-79.3971103,43.6633029]]]}},{"type":"Feature","properties":{"form":"other"},"geometry":{"type":"Polygon","coordinates":[[[-79.3885778,43.6634025],[-79.3883758,43.663445],[-79.3882099,43.6630322],[-79.3884082,43.6629905],[-79.3884873,43.6631873],[-79.3885145,43.6631815],[-79.3885362,43.6632356],[-79.3885127,43.6632406],[-79.3885778,43.6634025]]]}},{"type":"Feature","properties":{"form":"apartments"},"geometry":{"type":"Polygon","coordinates":[[[-79.4043917,43.6590494],[-79.4043856,43.6590341],[-79.4044287,43.6590251],[-79.4042196,43.6585022],[-79.4040244,43.6585246],[-79.4040841,43.6586737],[-79.4039908,43.6586933],[-79.4039275,43.6586091],[-79.4038827,43.6586185],[-79.4038618,43.6585663],[-79.4037995,43.6585794],[-79.4038216,43.6586348],[-79.4037869,43.6586421],[-79.4038106,43.6587015],[-79.4036889,43.658727],[-79.4036525,43.6585919],[-79.4034434,43.6586356],[-79.40363,43.6591021],[-79.403842,43.6590577],[-79.4037693,43.6589249],[-79.4038766,43.6589024],[-79.4038918,43.6589406],[-79.4041654,43.6588696],[-79.4042492,43.6590792],[-79.4043917,43.6590494]]]}},{"type":"Feature","properties":{"form":"apartments"},"geometry":{"type":"Polygon","coordinates":[[[-79.4041563,43.6583395],[-79.4039503,43.6578179],[-79.4037581,43.6578527],[-79.4038129,43.6580104],[-79.4034696,43.6580849],[-79.4034095,43.6579235],[-79.4032293,43.6579607],[-79.4034525,43.6584948],[-79.4036072,43.6584555],[-79.4035211,43.6582526],[-79.4035726,43.6582402],[-79.403667,43.6582774],[-79.4037872,43.6582526],[-79.4038301,43.6581967],[-79.4038816,43.6581843],[-79.4039686,43.6583809],[-79.4041563,43.6583395]]]}},{"type":"Feature","properties":{"form":"apartments"},"geometry":{"type":"Polygon","coordinates":[[[-79.3799644,43.6433416],[-79.3799024,43.6433669],[-79.379957,43.6434392],[-79.3799862,43.6434283],[-79.3800107,43.6434666],[-79.3799842,43.6434758],[-79.3800557,43.6436142],[-79.379892,43.6437095],[-79.3800171,43.6438369],[-79.3799848,43.6438545],[-79.3800576,43.6439477],[-79.3792363,43.6441285],[-79.3791297,43.643928],[-79.3790179,43.6439579],[-79.3787402,43.6439477],[-79.3787185,43.6439099],[-79.3784925,43.6439739],[-79.3785368,43.6440819],[-79.3784881,43.6441114],[-79.3781417,43.6432893],[-79.3789306,43.6428909],[-79.3789832,43.6429496],[-79.3790317,43.6429305],[-79.379017,43.6429052],[-79.3793379,43.6427852],[-79.3794119,43.6427734],[-79.3794294,43.6428003],[-79.3796085,43.6427328],[-79.3798925,43.6431174],[-79.3799644,43.6433416]]]}},{"type":"Feature","properties":{"form":"other"},"geometry":{"type":"Polygon","coordinates":[[[-79.4069978,43.677128],[-79.4075196,43.6770203],[-79.4075096,43.6769948],[-79.4075316,43.6769904],[-79.4073656,43.6765616],[-79.4068302,43.6766898],[-79.4069295,43.6769462],[-79.4069001,43.6769521],[-79.4069621,43.6771123],[-79.4069897,43.6771067],[-79.4069978,43.677128]]]}},{"type":"Feature","properties":{"form":"other"},"geometry":{"type":"Polygon","coordinates":[[[-79.3969686,43.6621318],[-79.3966262,43.6622039],[-79.3965648,43.6620515],[-79.3965885,43.6620466],[-79.3965774,43.6620189],[-79.396896,43.6619517],[-79.3969686,43.6621318]]]}},{"type":"Feature","properties":{"form":"other"},"geometry":{"type":"Polygon","coordinates":[[[-79.3958646,43.6681617],[-79.3960844,43.668103],[-79.3960596,43.6680393],[-79.3961382,43.6680364],[-79.3961569,43.6680039],[-79.3962365,43.6679868],[-79.3962481,43.6680156],[-79.396322,43.6679994],[-79.3963121,43.6679717],[-79.3965256,43.6679285],[-79.3965514,43.6679236],[-79.3965929,43.6680238],[-79.3967747,43.6679829],[-79.3967032,43.6678188],[-79.3966317,43.6678316],[-79.3964832,43.6674702],[-79.396283,43.6675117],[-79.396291,43.6675345],[-79.395951,43.6675849],[-79.395937,43.6675309],[-79.3956544,43.6675953],[-79.3957648,43.6678795],[-79.3959758,43.667838],[-79.395989,43.6678776],[-79.3959458,43.6678986],[-79.3959564,43.6679327],[-79.3957895,43.6679683],[-79.3958646,43.6681617]]]}},{"type":"Feature","properties":{"form":"other"},"geometry":{"type":"Polygon","coordinates":[[[-79.3931922,43.6683235],[-79.3929779,43.6683678],[-79.3928598,43.6680692],[-79.3933748,43.6679441],[-79.3933966,43.6679994],[-79.3933171,43.6680158],[-79.3933393,43.668072],[-79.3931971,43.6681015],[-79.3932266,43.6681762],[-79.3931762,43.6681867],[-79.3932011,43.6682496],[-79.3931658,43.6682569],[-79.3931922,43.6683235]]]}},{"type":"Feature","properties":{"form":"apartments"},"geometry":{"type":"Polygon","coordinates":[[[-79.3990449,43.6661524],[-79.3985049,43.6662622],[-79.3984406,43.6660966],[-79.3986204,43.6660601],[-79.398632,43.6660898],[-79.3988071,43.6660542],[-79.3987153,43.6658179],[-79.3985009,43.6658614],[-79.3985106,43.6658863],[-79.3983618,43.6659165],[-79.3983063,43.6657874],[-79.3983559,43.6657433],[-79.3986674,43.6656771],[-79.3986615,43.6656618],[-79.3988047,43.6656327],[-79.3988157,43.6656611],[-79.3988513,43.6656538],[-79.3990449,43.6661524]]]}},{"type":"Feature","properties":{"form":"other"},"geometry":{"type":"Polygon","coordinates":[[[-79.4006904,43.6636152],[-79.40036,43.6636858],[-79.400341,43.6636292],[-79.4003171,43.6636331],[-79.4003067,43.6636057],[-79.4003304,43.663601],[-79.4003233,43.663576],[-79.4003498,43.6635545],[-79.4004001,43.6635871],[-79.4004556,43.6635768],[-79.4004581,43.663544],[-79.4006417,43.6635037],[-79.4006904,43.6636152]]]}},{"type":"Feature","properties":{"form":"other"},"geometry":{"type":"Polygon","coordinates":[[[-79.4004154,43.6639311],[-79.4007091,43.6638704],[-79.4006736,43.6637806],[-79.4003714,43.6638198],[-79.4004154,43.6639311]]]}},{"type":"Feature","properties":{"form":"apartments"},"geometry":{"type":"Polygon","coordinates":[[[-79.3894775,43.6439314],[-79.3891787,43.6439934],[-79.3893426,43.6443877],[-79.389396,43.6443773],[-79.389413,43.6444192],[-79.3892886,43.6444417],[-79.389276,43.6444118],[-79.3890245,43.6444652],[-79.3890792,43.6446044],[-79.3895727,43.6445038],[-79.389537,43.644413],[-79.3896562,43.6443885],[-79.3894775,43.6439314]]]}},{"type":"Feature","properties":{"form":"apartments"},"geometry":{"type":"Polygon","coordinates":[[[-79.3884213,43.6524509],[-79.3892459,43.6522767],[-79.3893022,43.6524163],[-79.3884777,43.6525906],[-79.3884213,43.6524509]]]}},{"type":"Feature","properties":{"form":"apartments"},"geometry":{"type":"Polygon","coordinates":[[[-79.387514,43.647673],[-79.3872922,43.6477221],[-79.3871571,43.6474025],[-79.3873789,43.6473534],[-79.387514,43.647673]]]}},{"type":"Feature","properties":{"form":"other"},"geometry":{"type":"Polygon","coordinates":[[[-79.3998783,43.666364],[-79.399626,43.6664187],[-79.3995853,43.6663203],[-79.3998376,43.6662657],[-79.3998783,43.666364]]]}},{"type":"Feature","properties":{"form":"other"},"geometry":{"type":"Polygon","coordinates":[[[-79.4001294,43.666903],[-79.3998339,43.6669636],[-79.3997947,43.6668638],[-79.4000903,43.6668031],[-79.4001294,43.666903]]]}},{"type":"Feature","properties":{"form":"other"},"geometry":{"type":"Polygon","coordinates":[[[-79.4004397,43.6672723],[-79.3999043,43.6673858],[-79.3998466,43.6672434],[-79.4003769,43.6671174],[-79.4004397,43.6672723]]]}},{"type":"Feature","properties":{"form":"apartments"},"geometry":{"type":"Polygon","coordinates":[[[-79.4019021,43.6355771],[-79.402563,43.6352223],[-79.4021261,43.6347961],[-79.4014653,43.6351509],[-79.4019021,43.6355771]]]}},{"type":"Feature","properties":{"form":"other"},"geometry":{"type":"Polygon","coordinates":[[[-79.4093448,43.6344824],[-79.4092434,43.6344279],[-79.4092574,43.6343946],[-79.4093621,43.6344488],[-79.4094702,43.6346955],[-79.4095341,43.6346931],[-79.4095441,43.6347627],[-79.4095996,43.634822],[-79.4095477,43.6348488],[-79.4096922,43.6350968],[-79.409667,43.6351798],[-79.4096246,43.6351607],[-79.4096433,43.6350749],[-79.4095314,43.6348529],[-79.4094684,43.6348541],[-79.4094418,43.6347521],[-79.4094053,43.6347251],[-79.4094524,43.6347],[-79.4093448,43.6344824]]]}},{"type":"Feature","properties":{"form":"other"},"geometry":{"type":"Polygon","coordinates":[[[-79.402256,43.6474575],[-79.4021463,43.6471813],[-79.4022006,43.6471696],[-79.4020934,43.6468969],[-79.4013003,43.6470592],[-79.4013099,43.6470848],[-79.4012916,43.6470888],[-79.4014831,43.6475782],[-79.4015455,43.6476032],[-79.402256,43.6474575]]]}},{"type":"Feature","properties":{"form":"apartments"},"geometry":{"type":"Polygon","coordinates":[[[-79.3981193,43.6656224],[-79.3981644,43.6657321],[-79.3979545,43.6657712],[-79.3979885,43.6658538],[-79.3980706,43.6658361],[-79.3980628,43.6658171],[-79.3981812,43.6658071],[-79.3983349,43.666181],[-79.3981759,43.6662152],[-79.3980734,43.6659658],[-79.3978544,43.6660129],[-79.3978045,43.6658915],[-79.3978405,43.6658838],[-79.3977351,43.6656275],[-79.3976837,43.6656386],[-79.3976342,43.6655182],[-79.3977214,43.6654994],[-79.3977109,43.6654739],[-79.3976537,43.6654862],[-79.3975667,43.6652746],[-79.3977423,43.6652368],[-79.3978299,43.66545],[-79.397783,43.6654601],[-79.3977935,43.6654855],[-79.3980736,43.6654252],[-79.3981215,43.6655418],[-79.3979442,43.6655799],[-79.3979599,43.6656182],[-79.3979401,43.6656225],[-79.3979546,43.6656579],[-79.3981193,43.6656224]]]}},{"type":"Feature","properties":{"form":"houses"},"geometry":{"type":"Polygon","coordinates":[[[-79.4028491,43.6656531],[-79.4026307,43.665699],[-79.4025673,43.6657226],[-79.4025971,43.6657967],[-79.4028827,43.6657366],[-79.4028491,43.6656531]]]}},{"type":"Feature","properties":{"form":"other"},"geometry":{"type":"Polygon","coordinates":[[[-79.3898347,43.6643675],[-79.3897922,43.6642614],[-79.3897046,43.6642798],[-79.3897471,43.6643858],[-79.3898347,43.6643675]]]}},{"type":"Feature","properties":{"form":"other"},"geometry":{"type":"Polygon","coordinates":[[[-79.3894939,43.6614387],[-79.3895531,43.6612247],[-79.389625,43.6610845],[-79.389756,43.6609118],[-79.3899477,43.6607413],[-79.3897793,43.6606266],[-79.3896577,43.6607262],[-79.389478,43.6609274],[-79.3894246,43.6609084],[-79.3893359,43.6610433],[-79.3893941,43.6610649],[-79.3893353,43.6611772],[-79.3892656,43.6614215],[-79.3894939,43.6614387]]]}},{"type":"Feature","properties":{"form":"other"},"geometry":{"type":"Polygon","coordinates":[[[-79.3894997,43.6616575],[-79.3887233,43.661818],[-79.38867,43.6616829],[-79.3887021,43.6616762],[-79.3886151,43.6614561],[-79.3888756,43.6614022],[-79.388914,43.6614995],[-79.3888315,43.6615165],[-79.3888801,43.6616395],[-79.3894463,43.6615224],[-79.3894997,43.6616575]]]}},{"type":"Feature","properties":{"form":"other"},"geometry":{"type":"Polygon","coordinates":[[[-79.3868467,43.6412809],[-79.3868902,43.6411686],[-79.3869022,43.6409469],[-79.3871816,43.6408316],[-79.3869729,43.6405841],[-79.3866895,43.6404712],[-79.3864986,43.6405393],[-79.3863325,43.6404626],[-79.3860417,43.6404041],[-79.385805,43.6404068],[-79.3855709,43.6404565],[-79.3853395,43.6405654],[-79.3851788,43.6406964],[-79.3850713,43.640854],[-79.3850243,43.6410247],[-79.3850528,43.6412465],[-79.3854977,43.6411553],[-79.385495,43.6409881],[-79.3855911,43.6408476],[-79.3857869,43.640754],[-79.3860212,43.6407415],[-79.3862197,43.6408043],[-79.3863226,43.6408894],[-79.3863841,43.6409939],[-79.3863926,43.6410905],[-79.3863724,43.6411656],[-79.3868467,43.6412809]]]}},{"type":"Feature","properties":{"form":"apartments"},"geometry":{"type":"Polygon","coordinates":[[[-79.3846576,43.6584527],[-79.3845567,43.6582013],[-79.3837612,43.6583684],[-79.3838621,43.6586198],[-79.3846576,43.6584527]]]}},{"type":"Feature","properties":{"form":"other"},"geometry":{"type":"Polygon","coordinates":[[[-79.3851372,43.6574755],[-79.3853126,43.6579023],[-79.3848213,43.6580094],[-79.3847008,43.6577177],[-79.3847221,43.6577002],[-79.3846945,43.6576993],[-79.384648,43.6576138],[-79.3845517,43.6573515],[-79.3852394,43.6572037],[-79.3852467,43.6572226],[-79.3854279,43.6571852],[-79.3855101,43.6573946],[-79.3851372,43.6574755]]]}},{"type":"Feature","properties":{"form":"other"},"geometry":{"type":"Polygon","coordinates":[[[-79.3284134,43.691625],[-79.3286151,43.6915842],[-79.3286071,43.6915646],[-79.3287016,43.6915435],[-79.3286773,43.6914769],[-79.3286994,43.6914726],[-79.3284798,43.690906],[-79.3284489,43.6909118],[-79.328423,43.6908455],[-79.3283956,43.690852],[-79.3283865,43.6908324],[-79.3279643,43.6909153],[-79.3281759,43.6911531],[-79.3282081,43.6912319],[-79.328143,43.6912467],[-79.3281677,43.6913128],[-79.3282391,43.6912977],[-79.3282731,43.6915682],[-79.3283818,43.6915513],[-79.3284134,43.691625]]]}},{"type":"Feature","properties":{"form":"other"},"geometry":{"type":"Polygon","coordinates":[[[-79.3377666,43.6823878],[-79.3375332,43.6824336],[-79.3374473,43.6822234],[-79.3372406,43.682275],[-79.3371663,43.6822503],[-79.3371885,43.6821912],[-79.3372391,43.6821794],[-79.3372302,43.6821546],[-79.3373981,43.6821192],[-79.3373149,43.6819],[-79.337401,43.6818817],[-79.3372866,43.6815776],[-79.3374915,43.6815366],[-79.3376081,43.6818217],[-79.3375569,43.6818327],[-79.3376522,43.6820633],[-79.3376923,43.6820569],[-79.3377354,43.6821783],[-79.3376908,43.682188],[-79.3377666,43.6823878]]]}},{"type":"Feature","properties":{"form":"apartments"},"geometry":{"type":"Polygon","coordinates":[[[-79.3867789,43.6530765],[-79.3854714,43.6533556],[-79.3854416,43.6532826],[-79.3853976,43.653292],[-79.385309,43.6530747],[-79.3853547,43.6530649],[-79.3853244,43.6529907],[-79.3866296,43.6527121],[-79.3866594,43.6527852],[-79.3867096,43.6527745],[-79.386798,43.6529911],[-79.3867484,43.6530017],[-79.3867789,43.6530765]]]}},{"type":"Feature","properties":{"form":"other"},"geometry":{"type":"Polygon","coordinates":[[[-79.3279992,43.6920127],[-79.3279502,43.6918787],[-79.3283982,43.6917817],[-79.3284142,43.6918107],[-79.3285182,43.6917877],[-79.3285482,43.6918617],[-79.3284442,43.6918837],[-79.3284562,43.6919137],[-79.3279992,43.6920127]]]}},{"type":"Feature","properties":{"form":"other"},"geometry":{"type":"Polygon","coordinates":[[[-79.3841247,43.6522215],[-79.3839088,43.6522669],[-79.3838219,43.6520487],[-79.384038,43.6520039],[-79.3841247,43.6522215]]]}},{"type":"Feature","properties":{"form":"apartments"},"geometry":{"type":"Polygon","coordinates":[[[-79.3713803,43.64762],[-79.3709014,43.6477246],[-79.3704489,43.6466397],[-79.3709141,43.6465381],[-79.3713803,43.64762]]]}},{"type":"Feature","properties":{"form":"other"},"geometry":{"type":"Polygon","coordinates":[[[-79.3849623,43.6380781],[-79.3847038,43.6381369],[-79.3845225,43.6377196],[-79.384781,43.6376608],[-79.3849623,43.6380781]]]}},{"type":"Feature","properties":{"form":"apartments"},"geometry":{"type":"Polygon","coordinates":[[[-79.400993,43.6670905],[-79.400532,43.6671906],[-79.4005179,43.6671566],[-79.4004148,43.667179],[-79.400327,43.6669674],[-79.4011548,43.6667877],[-79.4011834,43.6668598],[-79.4012035,43.6668564],[-79.4011941,43.6668297],[-79.4012611,43.6668167],[-79.4013016,43.6669143],[-79.4009514,43.6669903],[-79.400993,43.6670905]]]}},{"type":"Feature","properties":{"form":"apartments"},"geometry":{"type":"Polygon","coordinates":[[[-79.3498157,43.6889471],[-79.3497741,43.6888312],[-79.3496916,43.6888472],[-79.3496581,43.6888152],[-79.3494865,43.6888685],[-79.3494073,43.6888622],[-79.3494073,43.6889019],[-79.3493274,43.6889192],[-79.3493698,43.6890329],[-79.3494422,43.6890198],[-79.3494791,43.6890571],[-79.3495441,43.6890232],[-79.3497292,43.6890077],[-79.3497386,43.6889621],[-79.3498157,43.6889471]]]}},{"type":"Feature","properties":{"form":"apartments"},"geometry":{"type":"Polygon","coordinates":[[[-79.3850218,43.6553581],[-79.3845831,43.6554538],[-79.3844567,43.6551499],[-79.3846204,43.6551136],[-79.3845373,43.654902],[-79.3842693,43.6549568],[-79.384196,43.6547551],[-79.3847449,43.6546253],[-79.3850218,43.6553581]]]}},{"type":"Feature","properties":{"form":"other"},"geometry":{"type":"Polygon","coordinates":[[[-79.3943287,43.664504],[-79.394453,43.6644765],[-79.3944401,43.664446],[-79.3944952,43.6644338],[-79.3944541,43.6643366],[-79.3942747,43.6643763],[-79.3943287,43.664504]]]}},{"type":"Feature","properties":{"form":"other"},"geometry":{"type":"Polygon","coordinates":[[[-79.3163977,43.6662887],[-79.3163161,43.6660916],[-79.3157983,43.6662037],[-79.3158799,43.6664008],[-79.3163977,43.6662887]]]}},{"type":"Feature","properties":{"form":"other"},"geometry":{"type":"Polygon","coordinates":[[[-79.3158648,43.6664035],[-79.3155937,43.6664655],[-79.3155626,43.6663944],[-79.315343,43.6664447],[-79.3152455,43.666222],[-79.3155015,43.6661634],[-79.3155484,43.6662704],[-79.3156172,43.6662546],[-79.3156013,43.6662182],[-79.3157671,43.6661802],[-79.3158648,43.6664035]]]}},{"type":"Feature","properties":{"form":"other"},"geometry":{"type":"Polygon","coordinates":[[[-79.3951779,43.6635842],[-79.3951625,43.6635875],[-79.3951878,43.6636079],[-79.3952961,43.6635844],[-79.3953085,43.6635696],[-79.3952872,43.6635613],[-79.3952764,43.6634893],[-79.3951447,43.6635032],[-79.3951376,43.6635306],[-79.3951546,43.6635271],[-79.3951779,43.6635842]]]}},{"type":"Feature","properties":{"form":"apartments"},"geometry":{"type":"Polygon","coordinates":[[[-79.3104231,43.6676066],[-79.3105873,43.667574],[-79.3105765,43.6675424],[-79.3106462,43.6675187],[-79.311238,43.6674028],[-79.3112533,43.6673636],[-79.3112204,43.6673305],[-79.3110163,43.6668671],[-79.3107717,43.6669217],[-79.3109076,43.6672243],[-79.3108814,43.6672738],[-79.3103327,43.6673883],[-79.3104231,43.6676066]]]}},{"type":"Feature","properties":{"form":"other"},"geometry":{"type":"Polygon","coordinates":[[[-79.4114576,43.6338441],[-79.4114136,43.6339396],[-79.4113801,43.6339487],[-79.4113888,43.6339691],[-79.4112771,43.6339779],[-79.4108347,43.6340982],[-79.4108379,43.6341522],[-79.4107874,43.634166],[-79.4105759,43.634223],[-79.4105304,43.634183],[-79.4100042,43.634344],[-79.4098411,43.6343004],[-79.4098001,43.6342208],[-79.4098174,43.6342077],[-79.4095857,43.6337519],[-79.4095227,43.6336784],[-79.4095431,43.6336733],[-79.4095323,43.6336497],[-79.4095684,43.6335916],[-79.4096,43.6335852],[-79.4095917,43.6335702],[-79.4096857,43.6335435],[-79.4097091,43.6335582],[-79.4101476,43.6334343],[-79.410138,43.633389],[-79.4101645,43.633373],[-79.4101473,43.6333392],[-79.4103581,43.6332836],[-79.410376,43.6333166],[-79.4104135,43.6333153],[-79.4104483,43.6333519],[-79.4109819,43.6331918],[-79.4111457,43.6332413],[-79.4111846,43.6333145],[-79.4111828,43.6333586],[-79.4113997,43.6337743],[-79.4114323,43.6337745],[-79.4114576,43.6338441]]]}},{"type":"Feature","properties":{"form":"other"},"geometry":{"type":"Polygon","coordinates":[[[-79.3928152,43.6604025],[-79.3927694,43.6604433],[-79.392528,43.660516],[-79.3925354,43.6605339],[-79.3926428,43.660511],[-79.3926548,43.6605404],[-79.3927114,43.6605283],[-79.3927325,43.6605802],[-79.3931673,43.6604875],[-79.3931255,43.6603869],[-79.3928245,43.660425],[-79.3928152,43.6604025]]]}},{"type":"Feature","properties":{"form":"other"},"geometry":{"type":"Polygon","coordinates":[[[-79.3943065,43.6671087],[-79.3942866,43.6670588],[-79.3941377,43.6670944],[-79.3941568,43.6671421],[-79.3943065,43.6671087]]]}},{"type":"Feature","properties":{"form":"apartments"},"geometry":{"type":"Polygon","coordinates":[[[-79.390642,43.6676989],[-79.3905008,43.6677363],[-79.3905115,43.6677632],[-79.3903633,43.6677952],[-79.3903724,43.6678219],[-79.3902953,43.6678367],[-79.3902865,43.6678105],[-79.3902017,43.6678149],[-79.3900059,43.6678667],[-79.3899205,43.6676465],[-79.3903048,43.6675486],[-79.3905646,43.6675102],[-79.390642,43.6676989]]]}},{"type":"Feature","properties":{"form":"apartments"},"geometry":{"type":"Polygon","coordinates":[[[-79.3540479,43.6897793],[-79.3540002,43.6896515],[-79.352992,43.6898481],[-79.3530397,43.689976],[-79.3540479,43.6897793]]]}},{"type":"Feature","properties":{"form":"apartments"},"geometry":{"type":"Polygon","coordinates":[[[-79.3526011,43.6900932],[-79.3525415,43.689935],[-79.3515462,43.6901311],[-79.3516059,43.6902893],[-79.3526011,43.6900932]]]}},{"type":"Feature","properties":{"form":"apartments"},"geometry":{"type":"Polygon","coordinates":[[[-79.351082,43.6903919],[-79.3510334,43.6902662],[-79.3501778,43.6904389],[-79.3502263,43.6905646],[-79.351082,43.6903919]]]}},{"type":"Feature","properties":{"form":"apartments"},"geometry":{"type":"Polygon","coordinates":[[[-79.3527131,43.6895716],[-79.3526257,43.6893188],[-79.3523073,43.6893764],[-79.3523947,43.6896292],[-79.3527131,43.6895716]]]}},{"type":"Feature","properties":{"form":"apartments"},"geometry":{"type":"Polygon","coordinates":[[[-79.3522535,43.6896488],[-79.3521661,43.689396],[-79.3518477,43.6894536],[-79.3519351,43.6897064],[-79.3522535,43.6896488]]]}},{"type":"Feature","properties":{"form":"apartments"},"geometry":{"type":"Polygon","coordinates":[[[-79.3518079,43.6897354],[-79.3517205,43.6894826],[-79.3514022,43.6895401],[-79.3514896,43.6897929],[-79.3518079,43.6897354]]]}},{"type":"Feature","properties":{"form":"apartments"},"geometry":{"type":"Polygon","coordinates":[[[-79.3531204,43.6894728],[-79.3534349,43.6894142],[-79.3532887,43.6890036],[-79.35297,43.6890629],[-79.3530097,43.6891745],[-79.35314,43.6891503],[-79.3531984,43.6893142],[-79.3530723,43.6893377],[-79.3531204,43.6894728]]]}},{"type":"Feature","properties":{"form":"apartments"},"geometry":{"type":"Polygon","coordinates":[[[-79.351164,43.689887],[-79.3513908,43.6898425],[-79.3512835,43.6895566],[-79.3511367,43.6895854],[-79.3511691,43.6896716],[-79.3511128,43.6896827],[-79.3511394,43.6897537],[-79.3511157,43.6897583],[-79.351164,43.689887]]]}},{"type":"Feature","properties":{"form":"apartments"},"geometry":{"type":"Polygon","coordinates":[[[-79.3509765,43.6898917],[-79.3508795,43.6896165],[-79.3507117,43.6896474],[-79.350766,43.6898014],[-79.3506215,43.6898281],[-79.3505661,43.689671],[-79.3503903,43.6897034],[-79.3504884,43.6899816],[-79.3509765,43.6898917]]]}},{"type":"Feature","properties":{"form":"apartments"},"geometry":{"type":"Polygon","coordinates":[[[-79.3503778,43.6900018],[-79.3502812,43.6897298],[-79.3500932,43.6897647],[-79.3501446,43.6899094],[-79.3499949,43.6899372],[-79.3499416,43.6897873],[-79.3497517,43.6898226],[-79.3498502,43.6900998],[-79.3503778,43.6900018]]]}},{"type":"Feature","properties":{"form":"apartments"},"geometry":{"type":"Polygon","coordinates":[[[-79.3530174,43.6895081],[-79.3529261,43.6892438],[-79.3527017,43.6892843],[-79.3527931,43.6895486],[-79.3530174,43.6895081]]]}},{"type":"Feature","properties":{"form":"apartments"},"geometry":{"type":"Polygon","coordinates":[[[-79.3523917,43.6890877],[-79.3523384,43.6889442],[-79.3513571,43.6891349],[-79.3514105,43.6892785],[-79.3523917,43.6890877]]]}},{"type":"Feature","properties":{"form":"apartments"},"geometry":{"type":"Polygon","coordinates":[[[-79.3505502,43.6894069],[-79.3504965,43.6892631],[-79.3494913,43.6894595],[-79.3495458,43.6896052],[-79.3505502,43.6894069]]]}},{"type":"Feature","properties":{"form":"apartments"},"geometry":{"type":"Polygon","coordinates":[[[-79.3507955,43.6894016],[-79.350736,43.6892394],[-79.3510032,43.6891882],[-79.3510624,43.6893502],[-79.3507955,43.6894016]]]}},{"type":"Feature","properties":{"form":"apartments"},"geometry":{"type":"Polygon","coordinates":[[[-79.3523912,43.6884727],[-79.3523361,43.6883226],[-79.3515038,43.6884825],[-79.3515589,43.6886326],[-79.3523912,43.6884727]]]}},{"type":"Feature","properties":{"form":"apartments"},"geometry":{"type":"Polygon","coordinates":[[[-79.3513002,43.6886733],[-79.3512455,43.6885383],[-79.3506389,43.6886667],[-79.3506936,43.6888017],[-79.3513002,43.6886733]]]}},{"type":"Feature","properties":{"form":"apartments"},"geometry":{"type":"Polygon","coordinates":[[[-79.3504436,43.6888776],[-79.3503722,43.688696],[-79.3500934,43.6887639],[-79.350088,43.688749],[-79.3499953,43.6887663],[-79.3500657,43.6889539],[-79.3504436,43.6888776]]]}},{"type":"Feature","properties":{"form":"apartments"},"geometry":{"type":"Polygon","coordinates":[[[-79.3504278,43.6884477],[-79.3503737,43.6882979],[-79.3495428,43.6884547],[-79.3495969,43.6886046],[-79.3504278,43.6884477]]]}},{"type":"Feature","properties":{"form":"apartments"},"geometry":{"type":"Polygon","coordinates":[[[-79.3510607,43.6883279],[-79.3509948,43.688171],[-79.3505985,43.6882581],[-79.3506643,43.6884149],[-79.3510607,43.6883279]]]}},{"type":"Feature","properties":{"form":"apartments"},"geometry":{"type":"Polygon","coordinates":[[[-79.3518266,43.6882053],[-79.3517591,43.6880266],[-79.351371,43.6881034],[-79.3514385,43.6882819],[-79.3518266,43.6882053]]]}},{"type":"Feature","properties":{"form":"apartments"},"geometry":{"type":"Polygon","coordinates":[[[-79.3523806,43.6880802],[-79.352318,43.6879031],[-79.3520659,43.6879497],[-79.3521311,43.6881263],[-79.3523806,43.6880802]]]}},{"type":"Feature","properties":{"form":"apartments"},"geometry":{"type":"Polygon","coordinates":[[[-79.3529552,43.6884432],[-79.3529261,43.6883659],[-79.3529326,43.6882444],[-79.3528435,43.6880621],[-79.3526358,43.6881029],[-79.3526649,43.6881805],[-79.3526556,43.6882391],[-79.3526785,43.6882998],[-79.3526613,43.6883032],[-79.3527456,43.6884845],[-79.3529552,43.6884432]]]}},{"type":"Feature","properties":{"form":"apartments"},"geometry":{"type":"Polygon","coordinates":[[[-79.3996903,43.6691918],[-79.4001718,43.6690866],[-79.4001054,43.6689274],[-79.3996125,43.6690351],[-79.3996283,43.669073],[-79.3995729,43.6690851],[-79.3996162,43.6691889],[-79.399683,43.6691743],[-79.3996903,43.6691918]]]}},{"type":"Feature","properties":{"form":"apartments"},"geometry":{"type":"Polygon","coordinates":[[[-79.4672581,43.6556749],[-79.4671218,43.655351],[-79.4672031,43.6553331],[-79.467084,43.65505],[-79.467297,43.655003],[-79.46744,43.6553431],[-79.4673588,43.655361],[-79.4674712,43.655628],[-79.4672581,43.6556749]]]}},{"type":"Feature","properties":{"form":"apartments"},"geometry":{"type":"Polygon","coordinates":[[[-79.466522,43.654998],[-79.4664017,43.6547275],[-79.4664827,43.6547086],[-79.4663358,43.6543784],[-79.4661293,43.6544265],[-79.4662466,43.6546901],[-79.4661712,43.6547077],[-79.4663212,43.6550448],[-79.466522,43.654998]]]}},{"type":"Feature","properties":{"form":"other"},"geometry":{"type":"Polygon","coordinates":[[[-79.4085804,43.6371001],[-79.4085668,43.6369804],[-79.4086256,43.6369769],[-79.408615,43.6368838],[-79.4086326,43.6368523],[-79.4085955,43.6367128],[-79.408537,43.6367163],[-79.4085236,43.6365989],[-79.4080153,43.6366112],[-79.4075086,43.6366595],[-79.407518,43.6367361],[-79.4074637,43.636739],[-79.4075012,43.6370802],[-79.4075196,43.6370792],[-79.4075228,43.6371104],[-79.4075808,43.6371069],[-79.4075868,43.6371595],[-79.4085804,43.6371001]]]}},{"type":"Feature","properties":{"form":"apartments"},"geometry":{"type":"Polygon","coordinates":[[[-79.4302036,43.6590488],[-79.4301499,43.658911],[-79.4295599,43.6590319],[-79.4296139,43.6591705],[-79.4302036,43.6590488]]]}},{"type":"Feature","properties":{"form":"apartments"},"geometry":{"type":"Polygon","coordinates":[[[-79.4294915,43.6599805],[-79.4292953,43.6600207],[-79.4290419,43.6593727],[-79.4292382,43.6593325],[-79.4294915,43.6599805]]]}},{"type":"Feature","properties":{"form":"apartments"},"geometry":{"type":"Polygon","coordinates":[[[-79.4306233,43.6602691],[-79.4304089,43.6603138],[-79.4301491,43.6596615],[-79.4303636,43.6596168],[-79.4306233,43.6602691]]]}},{"type":"Feature","properties":{"form":"apartments"},"geometry":{"type":"Polygon","coordinates":[[[-79.443814,43.655601],[-79.4437539,43.6555558],[-79.4436787,43.6555508],[-79.4436102,43.6555806],[-79.4435935,43.6556301],[-79.4438345,43.6562478],[-79.4440019,43.6562131],[-79.443991,43.6561858],[-79.4440356,43.6561766],[-79.443814,43.655601]]]}},{"type":"Feature","properties":{"form":"apartments"},"geometry":{"type":"Polygon","coordinates":[[[-79.4433379,43.6594342],[-79.4432702,43.6592615],[-79.4448614,43.6589349],[-79.4449092,43.6590566],[-79.4447425,43.6590909],[-79.4447625,43.6591418],[-79.4433379,43.6594342]]]}},{"type":"Feature","properties":{"form":"apartments"},"geometry":{"type":"Polygon","coordinates":[[[-79.3869735,43.6599758],[-79.3868155,43.6600109],[-79.3868345,43.6600558],[-79.3865994,43.660108],[-79.3865795,43.6600611],[-79.3865208,43.6600742],[-79.3865114,43.6600522],[-79.3865346,43.660047],[-79.3863259,43.6595551],[-79.3862867,43.6595638],[-79.3862695,43.6595232],[-79.3863016,43.659516],[-79.3861675,43.6591999],[-79.3861281,43.6592087],[-79.3860987,43.6591394],[-79.3865738,43.6590339],[-79.3869735,43.6599758]]]}},{"type":"Feature","properties":{"form":"apartments"},"geometry":{"type":"Polygon","coordinates":[[[-79.3885058,43.6437259],[-79.3884217,43.643806],[-79.3884124,43.6438482],[-79.3883846,43.6438549],[-79.3883732,43.6439007],[-79.3883437,43.643905],[-79.3883552,43.6439248],[-79.3883333,43.6439483],[-79.3880827,43.6440093],[-79.3880157,43.6439854],[-79.3879928,43.6439201],[-79.3857135,43.6444023],[-79.3857361,43.644456],[-79.3857101,43.6444955],[-79.3856255,43.6445102],[-79.3852619,43.6443797],[-79.3852521,43.6443041],[-79.3851779,43.6441587],[-79.3848529,43.6440377],[-79.3847691,43.6438931],[-79.3852514,43.6437847],[-79.3852378,43.6437404],[-79.387897,43.6431683],[-79.3879905,43.6433894],[-79.3881557,43.6433579],[-79.3883873,43.6434482],[-79.3885058,43.6437259]]]}},{"type":"Feature","properties":{"form":"other"},"geometry":{"type":"Polygon","coordinates":[[[-79.3909346,43.6433901],[-79.3907012,43.6428274],[-79.389297,43.6431536],[-79.3892379,43.6430139],[-79.3888609,43.6430945],[-79.3890408,43.6435666],[-79.3891503,43.6435806],[-79.389373,43.6436908],[-79.3894747,43.6436857],[-79.389447,43.6436228],[-79.3897584,43.6435633],[-79.3897949,43.6436334],[-79.3909346,43.6433901]]]}},{"type":"Feature","properties":{"form":"apartments"},"geometry":{"type":"Polygon","coordinates":[[[-79.3992928,43.694972],[-79.399231,43.694826],[-79.398599,43.6949659],[-79.3986584,43.695105],[-79.3992928,43.694972]]]}},{"type":"Feature","properties":{"form":"apartments"},"geometry":{"type":"Polygon","coordinates":[[[-79.4721291,43.6801757],[-79.472065,43.680117],[-79.47201,43.680155],[-79.471579,43.679829],[-79.471614,43.679804],[-79.4715047,43.6797105],[-79.4715877,43.6796535],[-79.4715657,43.6796365],[-79.4716567,43.6795695],[-79.4722454,43.6800174],[-79.4721937,43.6800548],[-79.4722471,43.680094],[-79.4721291,43.6801757]]]}},{"type":"Feature","properties":{"form":"apartments"},"geometry":{"type":"Polygon","coordinates":[[[-79.4683021,43.6926494],[-79.4685367,43.6925972],[-79.4683989,43.6922732],[-79.4681643,43.6923254],[-79.4683021,43.6926494]]]}},{"type":"Feature","properties":{"form":"apartments"},"geometry":{"type":"Polygon","coordinates":[[[-79.4687397,43.6918891],[-79.4682992,43.6919867],[-79.4683255,43.6920487],[-79.4680469,43.6921104],[-79.4679529,43.6918886],[-79.468672,43.6917293],[-79.4687397,43.6918891]]]}},{"type":"Feature","properties":{"form":"other"},"geometry":{"type":"Polygon","coordinates":[[[-79.3276032,43.6908428],[-79.3274775,43.6905552],[-79.327066,43.6906493],[-79.3271011,43.6907298],[-79.327324,43.6906808],[-79.3273491,43.6907384],[-79.3274255,43.690721],[-79.3274848,43.6908257],[-79.3274642,43.6908304],[-79.3274871,43.6908828],[-79.3276032,43.6908428]]]}},{"type":"Feature","properties":{"form":"other"},"geometry":{"type":"Polygon","coordinates":[[[-79.3873704,43.6426193],[-79.3873685,43.6425427],[-79.3873068,43.6424534],[-79.3871947,43.6423951],[-79.3870598,43.642381],[-79.3870387,43.6423338],[-79.386969,43.6423477],[-79.3869789,43.6423962],[-79.386875,43.6424474],[-79.3868085,43.6425349],[-79.3868059,43.6426349],[-79.3868524,43.6427075],[-79.3867985,43.6427517],[-79.3868501,43.6427883],[-79.3869114,43.6427529],[-79.3870469,43.6427955],[-79.3871843,43.6427854],[-79.3872993,43.6427302],[-79.3873458,43.6426788],[-79.3874234,43.6426903],[-79.3874416,43.6426396],[-79.3873704,43.6426193]]]}},{"type":"Feature","properties":{"form":"other"},"geometry":{"type":"Polygon","coordinates":[[[-79.3630501,43.6626705],[-79.3629822,43.6625343],[-79.3631232,43.6624879],[-79.3630798,43.6623867],[-79.3629282,43.6624068],[-79.3628795,43.6622662],[-79.3627231,43.6623003],[-79.3627899,43.6624381],[-79.3627765,43.662456],[-79.3623998,43.6625391],[-79.3623739,43.6625283],[-79.3623242,43.6623889],[-79.3621677,43.6624237],[-79.3622355,43.6625607],[-79.3620958,43.6626059],[-79.3621376,43.6627067],[-79.3622896,43.6626875],[-79.3623401,43.6628285],[-79.3624978,43.662794],[-79.3624288,43.6626558],[-79.3624414,43.6626391],[-79.3628198,43.662557],[-79.3628431,43.6625645],[-79.3628923,43.6627053],[-79.3630501,43.6626705]]]}},{"type":"Feature","properties":{"form":"other"},"geometry":{"type":"Polygon","coordinates":[[[-79.3874415,43.6402633],[-79.3875839,43.6402392],[-79.388588,43.6400692],[-79.3885539,43.6399639],[-79.388492,43.6399744],[-79.3884297,43.6397817],[-79.3873727,43.6399608],[-79.3873522,43.6399836],[-79.3873694,43.6400373],[-79.3873261,43.6400446],[-79.3873364,43.640076],[-79.3872579,43.6400889],[-79.3872631,43.6401053],[-79.3873826,43.6400858],[-79.3874415,43.6402633]]]}},{"type":"Feature","properties":{"form":"apartments"},"geometry":{"type":"Polygon","coordinates":[[[-79.392357,43.6397804],[-79.3922433,43.6398195],[-79.3922364,43.6398027],[-79.3921143,43.6398291],[-79.3921221,43.639848],[-79.3920352,43.6398668],[-79.3920277,43.6398487],[-79.3919907,43.6398563],[-79.3919651,43.6397917],[-79.3919444,43.6397952],[-79.3919293,43.6396941],[-79.3918727,43.6396054],[-79.3918972,43.6395883],[-79.3918858,43.6395574],[-79.3922239,43.6394856],[-79.3922358,43.6395142],[-79.3922705,43.6395215],[-79.3922859,43.6396156],[-79.392357,43.6397804]]]}},{"type":"Feature","properties":{"form":"apartments"},"geometry":{"type":"Polygon","coordinates":[[[-79.3905981,43.6398883],[-79.3902749,43.639959],[-79.3902198,43.6397956],[-79.3902154,43.639624],[-79.3903983,43.6395778],[-79.3905243,43.6397272],[-79.3905981,43.6398883]]]}},{"type":"Feature","properties":{"form":"apartments"},"geometry":{"type":"Polygon","coordinates":[[[-79.3921374,43.640537],[-79.3919356,43.6405639],[-79.391945,43.6405842],[-79.3918628,43.6406042],[-79.3918429,43.6405612],[-79.3917957,43.6405727],[-79.3917585,43.6404923],[-79.3917849,43.6404859],[-79.3917341,43.6403761],[-79.3916503,43.6403964],[-79.3916115,43.6403125],[-79.3920359,43.6402096],[-79.3920915,43.6403296],[-79.3920689,43.6403351],[-79.3921368,43.6404818],[-79.3921143,43.6404872],[-79.3921374,43.640537]]]}},{"type":"Feature","properties":{"form":"apartments"},"geometry":{"type":"Polygon","coordinates":[[[-79.3698551,43.6469731],[-79.3701058,43.6475636],[-79.3702534,43.6475316],[-79.3702704,43.6475719],[-79.3701673,43.6475961],[-79.3702153,43.6477079],[-79.3701604,43.6477189],[-79.3701278,43.6476454],[-79.3695157,43.6477851],[-79.3696155,43.6480168],[-79.3702243,43.6478765],[-79.3701903,43.6477995],[-79.3702582,43.6477842],[-79.3702923,43.6478621],[-79.3705776,43.6477962],[-79.3702061,43.6468969],[-79.3698551,43.6469731]]]}},{"type":"Feature","properties":{"form":"apartments"},"geometry":{"type":"Polygon","coordinates":[[[-79.3665212,43.6478721],[-79.3668465,43.6486217],[-79.3660301,43.6488072],[-79.3659695,43.6486675],[-79.3666067,43.6485227],[-79.366342,43.6479128],[-79.3665212,43.6478721]]]}},{"type":"Feature","properties":{"form":"apartments"},"geometry":{"type":"Polygon","coordinates":[[[-79.4784983,43.628073],[-79.4785654,43.6278353],[-79.4785181,43.6278278],[-79.4785362,43.6277696],[-79.4785852,43.6277773],[-79.478601,43.6277337],[-79.4785503,43.6277254],[-79.4785678,43.6276693],[-79.4784105,43.6276424],[-79.4783928,43.6276973],[-79.4783431,43.627689],[-79.4783296,43.627732],[-79.4783777,43.6277407],[-79.4783565,43.627805],[-79.4783254,43.6278198],[-79.4782734,43.6277938],[-79.4782439,43.6278089],[-79.4781939,43.6277837],[-79.4780545,43.6277824],[-79.478035,43.6277604],[-79.4779908,43.6277834],[-79.4776902,43.6277236],[-79.477617,43.6279452],[-79.4784983,43.628073]]]}},{"type":"Feature","properties":{"form":"apartments"},"geometry":{"type":"Polygon","coordinates":[[[-79.4786154,43.6276768],[-79.4787441,43.6273736],[-79.478667,43.6273604],[-79.4786724,43.627341],[-79.4778641,43.6271995],[-79.4777897,43.6274246],[-79.4780545,43.6274706],[-79.4781215,43.6274313],[-79.4781587,43.6274708],[-79.4781852,43.6274585],[-79.4782231,43.6275051],[-79.4782506,43.6274924],[-79.4782908,43.627539],[-79.478316,43.6275279],[-79.4783529,43.6275742],[-79.4783817,43.6275628],[-79.4784216,43.6276111],[-79.4784105,43.6276424],[-79.4786154,43.6276768]]]}},{"type":"Feature","properties":{"form":"apartments"},"geometry":{"type":"Polygon","coordinates":[[[-79.4778115,43.6291421],[-79.4779691,43.6289761],[-79.4778114,43.6289187],[-79.4777866,43.6289456],[-79.4776826,43.6288937],[-79.4776585,43.6289199],[-79.4775646,43.6288743],[-79.4773816,43.6288748],[-79.4773319,43.6290179],[-79.4773532,43.6290408],[-79.4774818,43.6290895],[-79.4775235,43.6290808],[-79.4776506,43.6291195],[-79.4776702,43.6290995],[-79.4778115,43.6291421]]]}},{"type":"Feature","properties":{"form":"apartments"},"geometry":{"type":"Polygon","coordinates":[[[-79.477061,43.6289986],[-79.4770959,43.6289847],[-79.4771451,43.6288302],[-79.4769775,43.6287682],[-79.4769517,43.6287969],[-79.4768481,43.6287446],[-79.4768223,43.6287706],[-79.4767311,43.6287238],[-79.4765759,43.6287097],[-79.4764633,43.6288894],[-79.4767405,43.6289561],[-79.477061,43.6289986]]]}},{"type":"Feature","properties":{"form":"apartments"},"geometry":{"type":"Polygon","coordinates":[[[-79.4763385,43.6295196],[-79.4760787,43.6294092],[-79.4760905,43.6293728],[-79.4760492,43.6293543],[-79.4763545,43.6289868],[-79.47669,43.6291275],[-79.4766414,43.6291456],[-79.4766272,43.6291631],[-79.476651,43.6291737],[-79.4764763,43.629348],[-79.4765005,43.6293596],[-79.4764233,43.6294523],[-79.4764012,43.6294426],[-79.4763779,43.6294701],[-79.4763846,43.6295024],[-79.4763385,43.6295196]]]}},{"type":"Feature","properties":{"form":"apartments"},"geometry":{"type":"Polygon","coordinates":[[[-79.4773181,43.6295416],[-79.4772196,43.629473],[-79.477232,43.6294596],[-79.4771526,43.6294211],[-79.4771271,43.6293557],[-79.4772786,43.6292009],[-79.4774114,43.6292664],[-79.4774255,43.6292516],[-79.4775531,43.629292],[-79.4773802,43.629447],[-79.477399,43.6294572],[-79.4773181,43.6295416]]]}},{"type":"Feature","properties":{"form":"apartments"},"geometry":{"type":"Polygon","coordinates":[[[-79.4768334,43.6300563],[-79.4767331,43.6299906],[-79.4767479,43.629976],[-79.4766115,43.6299104],[-79.4767237,43.6297666],[-79.4768495,43.6297453],[-79.4770653,43.6298079],[-79.4769792,43.6299013],[-79.4769618,43.6298923],[-79.4768334,43.6300563]]]}},{"type":"Feature","properties":{"form":"apartments"},"geometry":{"type":"Polygon","coordinates":[[[-79.4754724,43.6310699],[-79.475616,43.6309026],[-79.4757516,43.6307933],[-79.4756354,43.6307414],[-79.4755483,43.6308074],[-79.4754437,43.6307623],[-79.4754303,43.6307764],[-79.475328,43.630732],[-79.4753163,43.6307448],[-79.475132,43.630662],[-79.4750226,43.6306895],[-79.4749937,43.6307269],[-79.4750138,43.6308057],[-79.4751969,43.6308851],[-79.4751828,43.6309021],[-79.4754724,43.6310699]]]}},{"type":"Feature","properties":{"form":"apartments"},"geometry":{"type":"Polygon","coordinates":[[[-79.4758106,43.6307789],[-79.4761263,43.6305638],[-79.4760107,43.6304957],[-79.4758225,43.6304454],[-79.4757927,43.6304939],[-79.4752178,43.6303668],[-79.4751687,43.6303692],[-79.4751111,43.6304289],[-79.4751578,43.6304897],[-79.4757535,43.6306812],[-79.4757159,43.6307492],[-79.4758106,43.6307789]]]}},{"type":"Feature","properties":{"form":"apartments"},"geometry":{"type":"Polygon","coordinates":[[[-79.4750044,43.6304163],[-79.4751342,43.6302648],[-79.47455,43.6301469],[-79.4745142,43.6301963],[-79.4750044,43.6304163]]]}},{"type":"Feature","properties":{"form":"apartments"},"geometry":{"type":"Polygon","coordinates":[[[-79.4745859,43.6306806],[-79.4742463,43.630537],[-79.4742404,43.630514],[-79.474289,43.6304905],[-79.4743869,43.6303483],[-79.4744724,43.6302731],[-79.4744813,43.6302313],[-79.4746901,43.6303092],[-79.4745513,43.6305216],[-79.4746843,43.6306143],[-79.4746333,43.6306737],[-79.4745859,43.6306806]]]}},{"type":"Feature","properties":{"form":"apartments"},"geometry":{"type":"Polygon","coordinates":[[[-79.4752922,43.630233],[-79.474667,43.6300597],[-79.4747083,43.6299786],[-79.4747493,43.6299898],[-79.4747855,43.6299159],[-79.475321,43.6300139],[-79.4754618,43.6299115],[-79.4753279,43.6295242],[-79.4754314,43.6294953],[-79.4754202,43.6294672],[-79.4755302,43.629439],[-79.4757934,43.6299523],[-79.475679,43.6299811],[-79.4756459,43.6299504],[-79.4756761,43.6300149],[-79.4755832,43.6300419],[-79.4756019,43.6300854],[-79.475558,43.6301169],[-79.4754989,43.6301005],[-79.4754628,43.6301681],[-79.4753337,43.6301509],[-79.4752922,43.630233]]]}},{"type":"Feature","properties":{"form":"apartments"},"geometry":{"type":"Polygon","coordinates":[[[-79.4781085,43.6288173],[-79.4774578,43.6287144],[-79.4775033,43.6285639],[-79.4781539,43.6286667],[-79.4781085,43.6288173]]]}},{"type":"Feature","properties":{"form":"apartments"},"geometry":{"type":"Polygon","coordinates":[[[-79.4768651,43.6285331],[-79.4768923,43.6284635],[-79.4772681,43.6285405],[-79.4772164,43.6286726],[-79.4768407,43.6285956],[-79.4768153,43.6286604],[-79.4766538,43.6286273],[-79.4766692,43.6285877],[-79.4766974,43.6285935],[-79.4767317,43.6285058],[-79.4768651,43.6285331]]]}},{"type":"Feature","properties":{"form":"apartments"},"geometry":{"type":"Polygon","coordinates":[[[-79.3988748,43.6492724],[-79.3991036,43.6492215],[-79.3989546,43.6488703],[-79.3994367,43.6487632],[-79.3993751,43.6486179],[-79.3988938,43.6487266],[-79.3988813,43.6486948],[-79.3988075,43.6487103],[-79.3987923,43.6486736],[-79.3986418,43.6487068],[-79.3988748,43.6492724]]]}},{"type":"Feature","properties":{"form":"apartments"},"geometry":{"type":"Polygon","coordinates":[[[-79.4773461,43.627916],[-79.4766091,43.6277992],[-79.4768422,43.6270783],[-79.4770912,43.6270638],[-79.4775993,43.6271525],[-79.4775033,43.6274343],[-79.4772853,43.6273997],[-79.4772971,43.6273609],[-79.4771187,43.6272956],[-79.4770547,43.6273259],[-79.4769697,43.6273191],[-79.4769554,43.6273633],[-79.4769732,43.6273968],[-79.4770039,43.6274013],[-79.4769792,43.6274759],[-79.4769115,43.6274961],[-79.4768941,43.6275473],[-79.4769779,43.6275893],[-79.4769938,43.6276459],[-79.4771945,43.6276408],[-79.4772061,43.6276063],[-79.4774396,43.6276385],[-79.4773461,43.627916]]]}},{"type":"Feature","properties":{"form":"apartments"},"geometry":{"type":"Polygon","coordinates":[[[-79.3868058,43.6642852],[-79.3867849,43.6642004],[-79.3868469,43.6641873],[-79.3867967,43.6640678],[-79.3867356,43.6640811],[-79.3867045,43.6639996],[-79.386412,43.664066],[-79.3864339,43.6641783],[-79.3864111,43.6641832],[-79.3864587,43.6643025],[-79.3864828,43.6642967],[-79.3865043,43.6643482],[-79.3865358,43.6643418],[-79.3865539,43.6643821],[-79.3867437,43.6643401],[-79.3867296,43.664302],[-79.3868058,43.6642852]]]}},{"type":"Feature","properties":{"form":"apartments"},"geometry":{"type":"Polygon","coordinates":[[[-79.3863388,43.6638959],[-79.3863142,43.6638388],[-79.3862944,43.6638427],[-79.386225,43.6636753],[-79.3862465,43.6636707],[-79.3862284,43.6635696],[-79.3864889,43.663516],[-79.3865599,43.6636297],[-79.3866119,43.6636195],[-79.3866582,43.663736],[-79.3866089,43.6637466],[-79.3866427,43.6638298],[-79.3863388,43.6638959]]]}},{"type":"Feature","properties":{"form":"apartments"},"geometry":{"type":"Polygon","coordinates":[[[-79.3869307,43.6650384],[-79.3869247,43.6650224],[-79.3871797,43.6649861],[-79.3871728,43.664969],[-79.3871983,43.6649637],[-79.3870166,43.6645266],[-79.3869848,43.6645126],[-79.3867289,43.6645827],[-79.3862797,43.6646627],[-79.3864768,43.6651381],[-79.3869307,43.6650384]]]}},{"type":"Feature","properties":{"form":"apartments"},"geometry":{"type":"Polygon","coordinates":[[[-79.3877955,43.6655548],[-79.3882061,43.6654584],[-79.387966,43.6648976],[-79.3875609,43.6649891],[-79.3877955,43.6655548]]]}},{"type":"Feature","properties":{"form":"other"},"geometry":{"type":"Polygon","coordinates":[[[-79.3886894,43.6613808],[-79.3889881,43.6613118],[-79.388945,43.6612199],[-79.388794,43.6612457],[-79.3887819,43.6612121],[-79.3890422,43.6611384],[-79.3890308,43.6611086],[-79.3890765,43.6610972],[-79.3890312,43.6609957],[-79.3887135,43.6610602],[-79.3886323,43.6608816],[-79.3884942,43.6609141],[-79.3885689,43.6610944],[-79.3884196,43.6611302],[-79.3884573,43.6612362],[-79.3886206,43.661204],[-79.3886894,43.6613808]]]}},{"type":"Feature","properties":{"form":"apartments"},"geometry":{"type":"Polygon","coordinates":[[[-79.3934131,43.6426764],[-79.3935499,43.6426467],[-79.3935055,43.6425356],[-79.3934714,43.6425442],[-79.3934577,43.642506],[-79.3931561,43.6425138],[-79.392992,43.6425529],[-79.3930029,43.6425799],[-79.3929624,43.6425899],[-79.3929971,43.6427172],[-79.393094,43.642736],[-79.3932111,43.642747],[-79.3933701,43.642715],[-79.3934197,43.6426931],[-79.3934131,43.6426764]]]}},{"type":"Feature","properties":{"form":"apartments"},"geometry":{"type":"Polygon","coordinates":[[[-79.3928291,43.6428161],[-79.3927546,43.6426404],[-79.3927104,43.6426479],[-79.3926607,43.64254],[-79.392624,43.6425463],[-79.3926141,43.6425269],[-79.3924608,43.6425593],[-79.3924709,43.6427568],[-79.3925154,43.6428661],[-79.3925482,43.6428616],[-79.3925608,43.6428956],[-79.3926016,43.6429047],[-79.3927617,43.6428724],[-79.3927525,43.6428472],[-79.3927826,43.6428411],[-79.3927773,43.6428254],[-79.3928291,43.6428161]]]}},{"type":"Feature","properties":{"form":"other"},"geometry":{"type":"Polygon","coordinates":[[[-79.3845515,43.6432569],[-79.3850228,43.6431565],[-79.3856026,43.6430312],[-79.3855367,43.642853],[-79.3854734,43.6427887],[-79.3853944,43.6427532],[-79.3854107,43.6426895],[-79.385238,43.6426878],[-79.3851165,43.6427517],[-79.3851809,43.6428012],[-79.3851284,43.6428641],[-79.3851295,43.6429363],[-79.384755,43.6430247],[-79.3847637,43.6430492],[-79.3848201,43.6430373],[-79.3848279,43.6430662],[-79.384543,43.6431247],[-79.3845804,43.6432303],[-79.3845423,43.6432393],[-79.3845515,43.6432569]]]}},{"type":"Feature","properties":{"form":"apartments"},"geometry":{"type":"Polygon","coordinates":[[[-79.392443,43.640545],[-79.3926797,43.6404952],[-79.3924639,43.6399575],[-79.3922272,43.6400072],[-79.392443,43.640545]]]}},{"type":"Feature","properties":{"form":"apartments"},"geometry":{"type":"Polygon","coordinates":[[[-79.3945949,43.637901],[-79.3947128,43.6378834],[-79.3947026,43.6378478],[-79.3947422,43.6378417],[-79.39485,43.6378319],[-79.3948587,43.6378647],[-79.3950169,43.6378402],[-79.3949948,43.637765],[-79.3953412,43.6377077],[-79.3953675,43.6377734],[-79.3954936,43.6377454],[-79.3954843,43.6377197],[-79.3955956,43.6376868],[-79.3957509,43.6376723],[-79.3957303,43.6376147],[-79.3956827,43.6376253],[-79.3956147,43.6375252],[-79.3955893,43.6375311],[-79.3955534,43.637443],[-79.3955266,43.6374491],[-79.3954783,43.6373287],[-79.3954535,43.6373292],[-79.3954286,43.63727],[-79.3952322,43.6373126],[-79.395293,43.6375913],[-79.3951562,43.637614],[-79.3951477,43.637587],[-79.3950755,43.637599],[-79.3950841,43.6376274],[-79.3949892,43.6376439],[-79.3949798,43.6376095],[-79.3949538,43.6376124],[-79.3949299,43.6375391],[-79.3949061,43.6375427],[-79.3948841,43.6374689],[-79.3948573,43.6374715],[-79.3948343,43.6373882],[-79.3946153,43.6374216],[-79.3946392,43.6375049],[-79.394611,43.6375095],[-79.3946302,43.6376637],[-79.3946046,43.637668],[-79.3946446,43.6378051],[-79.3945707,43.6378172],[-79.3945949,43.637901]]]}},{"type":"Feature","properties":{"form":"apartments"},"geometry":{"type":"Polygon","coordinates":[[[-79.3976193,43.636544],[-79.3979267,43.6366769],[-79.398122,43.6367154],[-79.3981466,43.636743],[-79.3980226,43.6368947],[-79.3979156,43.6369227],[-79.3977818,43.6368638],[-79.397786,43.6368408],[-79.3974964,43.6366807],[-79.3976193,43.636544]]]}},{"type":"Feature","properties":{"form":"apartments"},"geometry":{"type":"Polygon","coordinates":[[[-79.397271,43.6371661],[-79.397624,43.6370202],[-79.3975456,43.6369502],[-79.3975166,43.6369622],[-79.3973389,43.6367711],[-79.3972895,43.6367163],[-79.3973026,43.6366944],[-79.3972754,43.6366449],[-79.3970044,43.6367391],[-79.397271,43.6371661]]]}},{"type":"Feature","properties":{"form":"other"},"geometry":{"type":"Polygon","coordinates":[[[-79.4260573,43.632998],[-79.4260551,43.6329507],[-79.4260903,43.6329444],[-79.4260521,43.63284],[-79.4260166,43.6328471],[-79.4259864,43.6328086],[-79.4259427,43.6328169],[-79.4259021,43.6327064],[-79.4259425,43.6326984],[-79.4259361,43.6326398],[-79.4259914,43.6326292],[-79.4259489,43.6325134],[-79.4258932,43.6325234],[-79.4258556,43.6324702],[-79.4258151,43.632478],[-79.4257724,43.6323674],[-79.4258129,43.6323595],[-79.4258131,43.6323127],[-79.4258862,43.6322978],[-79.4258596,43.6322316],[-79.4257879,43.6322457],[-79.4257448,43.6321751],[-79.4250884,43.6323019],[-79.4250996,43.6323315],[-79.4250263,43.6323508],[-79.4250671,43.6324602],[-79.425128,43.6324481],[-79.4252082,43.6325275],[-79.4252535,43.6326448],[-79.4251918,43.6326832],[-79.4251905,43.6327294],[-79.425237,43.6327672],[-79.425303,43.6327729],[-79.4253479,43.6328903],[-79.4253392,43.6329682],[-79.4252793,43.6329851],[-79.4253206,43.6330953],[-79.4253719,43.6330864],[-79.4253994,43.6331258],[-79.4260573,43.632998]]]}},{"type":"Feature","properties":{"form":"other"},"geometry":{"type":"Polygon","coordinates":[[[-79.4269631,43.6323435],[-79.4261247,43.6325078],[-79.4259437,43.6324373],[-79.4258339,43.632161],[-79.4268171,43.6319652],[-79.4269631,43.6323435]]]}},{"type":"Feature","properties":{"form":"other"},"geometry":{"type":"Polygon","coordinates":[[[-79.4199288,43.6328366],[-79.4210654,43.6325189],[-79.421152,43.6326847],[-79.4217852,43.632515],[-79.4220433,43.6330175],[-79.4214098,43.6331713],[-79.4214264,43.6332053],[-79.421548,43.6332234],[-79.4216131,43.6332065],[-79.4216473,43.633156],[-79.4217431,43.633128],[-79.4218379,43.6331613],[-79.4218554,43.633209],[-79.4218088,43.6332888],[-79.4217267,43.6333119],[-79.421755,43.6333761],[-79.4217128,43.6334422],[-79.421636,43.633462],[-79.4215447,43.6334308],[-79.4215114,43.6333693],[-79.4214278,43.6333918],[-79.4213364,43.6333622],[-79.4213065,43.6332975],[-79.4213429,43.6332308],[-79.4202783,43.6335225],[-79.4199288,43.6328366]]]}},{"type":"Feature","properties":{"form":"other"},"geometry":{"type":"Polygon","coordinates":[[[-79.4205129,43.6347682],[-79.4189322,43.6351993],[-79.4186245,43.6346084],[-79.4188483,43.6345474],[-79.4187093,43.6342505],[-79.4198223,43.6339469],[-79.4199882,43.6342329],[-79.4202036,43.6341742],[-79.4205129,43.6347682]]]}},{"type":"Feature","properties":{"form":"other"},"geometry":{"type":"Polygon","coordinates":[[[-79.4240858,43.6322187],[-79.4236775,43.6323138],[-79.4236615,43.6322835],[-79.4235285,43.6323033],[-79.4234527,43.6323405],[-79.423468,43.6323707],[-79.4231126,43.6324641],[-79.4231221,43.6324814],[-79.4230706,43.6324954],[-79.4231362,43.6326217],[-79.4231887,43.6326073],[-79.4233216,43.632874],[-79.4233803,43.6328606],[-79.4233933,43.6328857],[-79.4235033,43.632855],[-79.4234906,43.6328307],[-79.4235487,43.6328163],[-79.4234863,43.6327036],[-79.4236171,43.6326673],[-79.4237091,43.6328095],[-79.4238922,43.6327588],[-79.4238876,43.6327126],[-79.4240738,43.6326728],[-79.4240881,43.6326974],[-79.4241944,43.6326687],[-79.4241824,43.6326443],[-79.4242451,43.6326283],[-79.4241042,43.6323576],[-79.4241533,43.6323455],[-79.4240858,43.6322187]]]}},{"type":"Feature","properties":{"form":"other"},"geometry":{"type":"Polygon","coordinates":[[[-79.4129242,43.6329043],[-79.4130795,43.632844],[-79.4134368,43.6327051],[-79.4133428,43.6325784],[-79.4128302,43.6327777],[-79.4129242,43.6329043]]]}},{"type":"Feature","properties":{"form":"apartments"},"geometry":{"type":"Polygon","coordinates":[[[-79.4142862,43.6399179],[-79.414107,43.6399297],[-79.4139429,43.6394748],[-79.4141202,43.6394578],[-79.4142862,43.6399179]]]}},{"type":"Feature","properties":{"form":"apartments"},"geometry":{"type":"Polygon","coordinates":[[[-79.4140795,43.6393536],[-79.4139002,43.6393879],[-79.4136996,43.6388407],[-79.4138788,43.6388063],[-79.4140795,43.6393536]]]}},{"type":"Feature","properties":{"form":"apartments"},"geometry":{"type":"Polygon","coordinates":[[[-79.4137027,43.639216],[-79.4136551,43.6390998],[-79.4129336,43.6392544],[-79.4129811,43.6393706],[-79.4137027,43.639216]]]}},{"type":"Feature","properties":{"form":"apartments"},"geometry":{"type":"Polygon","coordinates":[[[-79.4134853,43.6390155],[-79.413439,43.6389019],[-79.4128056,43.6390371],[-79.4128519,43.6391507],[-79.4134853,43.6390155]]]}},{"type":"Feature","properties":{"form":"apartments"},"geometry":{"type":"Polygon","coordinates":[[[-79.4127101,43.6391923],[-79.4126678,43.6390751],[-79.4122095,43.6391617],[-79.4122518,43.6392789],[-79.4127101,43.6391923]]]}},{"type":"Feature","properties":{"form":"apartments"},"geometry":{"type":"Polygon","coordinates":[[[-79.4139515,43.6399037],[-79.4137685,43.6399133],[-79.413621,43.6394725],[-79.4137969,43.6394417],[-79.4139515,43.6399037]]]}},{"type":"Feature","properties":{"form":"apartments"},"geometry":{"type":"Polygon","coordinates":[[[-79.413624,43.6398958],[-79.4134459,43.6399013],[-79.4132968,43.6394679],[-79.4134663,43.6394374],[-79.413624,43.6398958]]]}},{"type":"Feature","properties":{"form":"apartments"},"geometry":{"type":"Polygon","coordinates":[[[-79.4133077,43.6398936],[-79.4131222,43.6398977],[-79.4129626,43.6394649],[-79.4131372,43.6394312],[-79.4133077,43.6398936]]]}},{"type":"Feature","properties":{"form":"apartments"},"geometry":{"type":"Polygon","coordinates":[[[-79.4129693,43.6398654],[-79.4127949,43.6398873],[-79.4126237,43.6394336],[-79.4127976,43.6394103],[-79.4129693,43.6398654]]]}},{"type":"Feature","properties":{"form":"apartments"},"geometry":{"type":"Polygon","coordinates":[[[-79.4121441,43.6398456],[-79.412042,43.6395456],[-79.4122142,43.6395118],[-79.4123456,43.6398519],[-79.4121441,43.6398456]]]}},{"type":"Feature","properties":{"form":"apartments"},"geometry":{"type":"Polygon","coordinates":[[[-79.4119957,43.639836],[-79.4118147,43.6398381],[-79.4117096,43.6395719],[-79.4118906,43.6395403],[-79.4119957,43.639836]]]}},{"type":"Feature","properties":{"form":"apartments"},"geometry":{"type":"Polygon","coordinates":[[[-79.3993334,43.6358392],[-79.3991692,43.6354295],[-79.3986735,43.6356957],[-79.3988334,43.6357975],[-79.3990767,43.6358927],[-79.3993334,43.6358392]]]}},{"type":"Feature","properties":{"form":"apartments"},"geometry":{"type":"Polygon","coordinates":[[[-79.3933094,43.6504198],[-79.3935888,43.6503573],[-79.3934296,43.6499369],[-79.3931791,43.649993],[-79.3932549,43.6501676],[-79.3932063,43.6501785],[-79.3933094,43.6504198]]]}},{"type":"Feature","properties":{"form":"other"},"geometry":{"type":"Polygon","coordinates":[[[-79.392605,43.6370946],[-79.3926922,43.6370884],[-79.3926822,43.6370158],[-79.3925951,43.6370221],[-79.392605,43.6370946]]]}},{"type":"Feature","properties":{"form":"apartments"},"geometry":{"type":"Polygon","coordinates":[[[-79.396602,43.6373687],[-79.396091,43.6375371],[-79.3959886,43.6376027],[-79.3959308,43.637547],[-79.3959487,43.6375201],[-79.3958811,43.6374529],[-79.395914,43.6374338],[-79.3958674,43.6373874],[-79.3959498,43.6373309],[-79.3959795,43.6373507],[-79.3960413,43.6373176],[-79.3960648,43.6373362],[-79.396228,43.637287],[-79.3962436,43.6373126],[-79.3963006,43.6372738],[-79.3963259,43.6372937],[-79.396386,43.6372583],[-79.3964944,43.63724],[-79.3965182,43.6372007],[-79.3964938,43.6371388],[-79.3964394,43.6370526],[-79.3964044,43.6370641],[-79.3963437,43.6369632],[-79.3966217,43.6368701],[-79.3967349,43.6370809],[-79.3967248,43.6371496],[-79.3967983,43.6372079],[-79.3967964,43.637259],[-79.3967446,43.6373102],[-79.3966403,43.6373193],[-79.396602,43.6373687]]]}},{"type":"Feature","properties":{"form":"apartments"},"geometry":{"type":"Polygon","coordinates":[[[-79.3943362,43.6378321],[-79.3940213,43.6378653],[-79.394027,43.6378929],[-79.3937093,43.6379294],[-79.3937172,43.6379652],[-79.3934087,43.6380026],[-79.3934169,43.6380385],[-79.3930913,43.6380775],[-79.393099,43.6381137],[-79.3930157,43.6381218],[-79.3930078,43.638087],[-79.3928781,43.6381018],[-79.3926791,43.6376379],[-79.3933611,43.6375594],[-79.3933697,43.6375905],[-79.3935707,43.6375683],[-79.3935631,43.6375324],[-79.394185,43.6374666],[-79.3942646,43.6375255],[-79.3943362,43.6378321]]]}},{"type":"Feature","properties":{"form":"other"},"geometry":{"type":"Polygon","coordinates":[[[-79.3948247,43.6357529],[-79.3949846,43.635683],[-79.3949391,43.6356285],[-79.3947792,43.6356985],[-79.3948247,43.6357529]]]}},{"type":"Feature","properties":{"form":"apartments"},"geometry":{"type":"Polygon","coordinates":[[[-79.3840654,43.6397563],[-79.384113,43.6396949],[-79.3842365,43.6396736],[-79.3842681,43.6397085],[-79.3843701,43.6396861],[-79.3843763,43.6396264],[-79.3843449,43.6396117],[-79.3843424,43.6395535],[-79.3842895,43.6395284],[-79.384295,43.6394776],[-79.3841961,43.6394646],[-79.3841885,43.6394449],[-79.3839449,43.6395072],[-79.3839187,43.6395412],[-79.383955,43.6395825],[-79.3839134,43.6396332],[-79.3839941,43.6396838],[-79.384017,43.6397529],[-79.3840654,43.6397563]]]}},{"type":"Feature","properties":{"form":"apartments"},"geometry":{"type":"Polygon","coordinates":[[[-79.3832645,43.6398975],[-79.3833789,43.6398769],[-79.3833834,43.6398327],[-79.3834958,43.6398091],[-79.3835943,43.6398621],[-79.3836125,43.6398444],[-79.3836491,43.6398602],[-79.3836991,43.6397963],[-79.3836561,43.6397765],[-79.3836394,43.6396927],[-79.3835768,43.6396589],[-79.3835814,43.6396022],[-79.3834794,43.639583],[-79.3832738,43.639622],[-79.3832078,43.6396796],[-79.3832381,43.6396942],[-79.3832534,43.6397421],[-79.3832319,43.6397758],[-79.3832669,43.6398189],[-79.3832275,43.6398701],[-79.3832645,43.6398975]]]}},{"type":"Feature","properties":{"form":"apartments"},"geometry":{"type":"Polygon","coordinates":[[[-79.3811419,43.6406674],[-79.3810067,43.6407168],[-79.3809422,43.6407803],[-79.3808179,43.6408057],[-79.380635,43.6403621],[-79.3808016,43.6403037],[-79.380878,43.6402324],[-79.3809242,43.6401431],[-79.3809479,43.6399957],[-79.3817575,43.63986],[-79.3817636,43.6398772],[-79.3818436,43.6398758],[-79.3820579,43.6398406],[-79.3821287,43.6398157],[-79.3821233,43.639798],[-79.3826676,43.6397101],[-79.3827146,43.639733],[-79.382816,43.6399256],[-79.3826369,43.6399959],[-79.382565,43.6399724],[-79.3824932,43.6400134],[-79.3824016,43.6399938],[-79.3823721,43.6400301],[-79.3821988,43.6400606],[-79.3821872,43.6400233],[-79.3818733,43.640073],[-79.3818999,43.6401548],[-79.3818759,43.6401793],[-79.3816365,43.6402178],[-79.3815573,43.6401828],[-79.381302,43.6402296],[-79.3812567,43.6403314],[-79.3811947,43.6403941],[-79.3811947,43.6404141],[-79.3812302,43.6404141],[-79.3812889,43.6404754],[-79.3812302,43.6405541],[-79.3811343,43.6405763],[-79.3811419,43.6406674]]]}},{"type":"Feature","properties":{"form":"apartments"},"geometry":{"type":"Polygon","coordinates":[[[-79.380503,43.639482],[-79.3812284,43.6393328],[-79.3807675,43.6382147],[-79.3800011,43.6382722],[-79.380503,43.639482]]]}},{"type":"Feature","properties":{"form":"apartments"},"geometry":{"type":"Polygon","coordinates":[[[-79.3774463,43.6427221],[-79.377256,43.6427569],[-79.3771759,43.6426378],[-79.3770974,43.6426592],[-79.376986,43.6424888],[-79.3772172,43.6424118],[-79.377197,43.6423795],[-79.377321,43.6423379],[-79.3774463,43.6427221]]]}},{"type":"Feature","properties":{"form":"apartments"},"geometry":{"type":"Polygon","coordinates":[[[-79.3760973,43.6430219],[-79.3761378,43.6430292],[-79.376439,43.6429285],[-79.3764264,43.6429102],[-79.3764517,43.6428986],[-79.3763724,43.6427874],[-79.3763631,43.6427129],[-79.3762035,43.642723],[-79.3762131,43.6427435],[-79.3760872,43.6427833],[-79.3760744,43.642769],[-79.3759671,43.642831],[-79.375953,43.6428552],[-79.3760264,43.6429016],[-79.3760973,43.6430219]]]}},{"type":"Feature","properties":{"form":"apartments"},"geometry":{"type":"Polygon","coordinates":[[[-79.3768856,43.6432381],[-79.3772257,43.6430982],[-79.37711,43.6429596],[-79.3771235,43.6429504],[-79.3770459,43.6428387],[-79.376878,43.6429376],[-79.3767177,43.6429883],[-79.3768856,43.6432381]]]}},{"type":"Feature","properties":{"form":"apartments"},"geometry":{"type":"Polygon","coordinates":[[[-79.3760066,43.6436685],[-79.3758458,43.6432985],[-79.3758655,43.6432923],[-79.3758535,43.6432683],[-79.375893,43.6432547],[-79.3758824,43.6432325],[-79.3760291,43.6431966],[-79.3760671,43.6432008],[-79.3762196,43.6434248],[-79.3762522,43.6434148],[-79.3763533,43.6435453],[-79.3760066,43.6436685]]]}},{"type":"Feature","properties":{"form":"apartments"},"geometry":{"type":"Polygon","coordinates":[[[-79.3759012,43.642483],[-79.3754615,43.6426297],[-79.375411,43.6425654],[-79.3753833,43.6425613],[-79.3753801,43.6425176],[-79.37531,43.6424475],[-79.3752302,43.6423078],[-79.3752489,43.6422701],[-79.3753955,43.6422406],[-79.3755039,43.6423567],[-79.3756318,43.6423667],[-79.3756774,43.6424003],[-79.3758352,43.6423582],[-79.3758727,43.6423741],[-79.375912,43.6424379],[-79.3759012,43.642483]]]}},{"type":"Feature","properties":{"form":"apartments"},"geometry":{"type":"Polygon","coordinates":[[[-79.3761252,43.6420326],[-79.3759739,43.6417667],[-79.3759437,43.6417608],[-79.3759063,43.6417018],[-79.3754412,43.6418651],[-79.375429,43.6419044],[-79.3755039,43.6419801],[-79.3756725,43.6419447],[-79.3757189,43.6419718],[-79.3758672,43.6419901],[-79.3759771,43.642098],[-79.37611,43.6420672],[-79.3761252,43.6420326]]]}},{"type":"Feature","properties":{"form":"apartments"},"geometry":{"type":"Polygon","coordinates":[[[-79.3788381,43.6402875],[-79.3786589,43.6400212],[-79.378681,43.6400028],[-79.3786029,43.6399513],[-79.3785788,43.6399698],[-79.3782769,43.6398958],[-79.3778769,43.6397658],[-79.3777007,43.6395338],[-79.3777125,43.6395118],[-79.3776801,43.6394602],[-79.3774164,43.6395591],[-79.3775998,43.6398033],[-79.3776448,43.6398788],[-79.3776261,43.6398963],[-79.3777104,43.6399518],[-79.3777311,43.6399333],[-79.3780772,43.6400122],[-79.3784296,43.6401367],[-79.3785677,43.6403042],[-79.3785588,43.6403277],[-79.3785892,43.6403748],[-79.3788381,43.6402875]]]}},{"type":"Feature","properties":{"form":"apartments"},"geometry":{"type":"Polygon","coordinates":[[[-79.3772638,43.6408223],[-79.3771264,43.6405889],[-79.3773645,43.6400933],[-79.3773852,43.6400918],[-79.3773799,43.6400168],[-79.3773583,43.6400188],[-79.3772091,43.6398298],[-79.377188,43.6397643],[-79.3769788,43.6398362],[-79.3770916,43.6400473],[-79.3770819,43.6400828],[-79.3771007,43.6400848],[-79.3768907,43.6405271],[-79.3768274,43.6405753],[-79.3768364,43.6406555],[-79.3768589,43.6406519],[-79.3769031,43.6406986],[-79.3770568,43.6408937],[-79.3772638,43.6408223]]]}},{"type":"Feature","properties":{"form":"apartments"},"geometry":{"type":"Polygon","coordinates":[[[-79.413119,43.685965],[-79.412897,43.685367],[-79.4130196,43.6853431],[-79.4130092,43.6853176],[-79.4128785,43.6852896],[-79.4128281,43.6852148],[-79.4128622,43.6851354],[-79.4129246,43.6851018],[-79.4130396,43.6851008],[-79.4131242,43.6851571],[-79.4131327,43.6852399],[-79.4130433,43.6853106],[-79.4130541,43.6853365],[-79.413119,43.685324],[-79.413341,43.685915],[-79.413119,43.685965]]]}},{"type":"Feature","properties":{"form":"apartments"},"geometry":{"type":"Polygon","coordinates":[[[-79.4134028,43.6852818],[-79.4136194,43.6852336],[-79.4133701,43.6846466],[-79.4131534,43.6846947],[-79.4134028,43.6852818]]]}},{"type":"Feature","properties":{"form":"apartments"},"geometry":{"type":"Polygon","coordinates":[[[-79.4166635,43.685809],[-79.4166089,43.6856654],[-79.4171743,43.685553],[-79.4172289,43.6856966],[-79.4166635,43.685809]]]}},{"type":"Feature","properties":{"form":"apartments"},"geometry":{"type":"Polygon","coordinates":[[[-79.4000928,43.6355081],[-79.4004205,43.6355827],[-79.4011494,43.635183],[-79.4005935,43.6346448],[-79.4002622,43.6348278],[-79.4003763,43.6349353],[-79.4005272,43.6348686],[-79.4005015,43.6348367],[-79.4005493,43.6348127],[-79.4009175,43.6351751],[-79.4004057,43.6354548],[-79.400148,43.6353909],[-79.4000928,43.6355081]]]}},{"type":"Feature","properties":{"form":"apartments"},"geometry":{"type":"Polygon","coordinates":[[[-79.3999189,43.6360476],[-79.4002226,43.6360997],[-79.4010821,43.6358391],[-79.4008575,43.6356179],[-79.4006145,43.6357405],[-79.4006771,43.6357991],[-79.4008465,43.6357085],[-79.4009422,43.6358044],[-79.4001617,43.6360256],[-79.3999537,43.6359753],[-79.3999189,43.6360476]]]}},{"type":"Feature","properties":{"form":"apartments"},"geometry":{"type":"Polygon","coordinates":[[[-79.4000179,43.6357798],[-79.4003971,43.6358784],[-79.400618,43.6358171],[-79.4005796,43.6357436],[-79.4003934,43.6357905],[-79.4000621,43.6356999],[-79.4000179,43.6357798]]]}},{"type":"Feature","properties":{"form":"apartments"},"geometry":{"type":"Polygon","coordinates":[[[-79.4013795,43.6358231],[-79.4011415,43.6355832],[-79.4009555,43.6356799],[-79.40087,43.6355937],[-79.4012116,43.6354162],[-79.4012463,43.6354512],[-79.4013494,43.6353976],[-79.4016382,43.6356887],[-79.4013795,43.6358231]]]}},{"type":"Feature","properties":{"form":"apartments"},"geometry":{"type":"Polygon","coordinates":[[[-79.399888,43.6336251],[-79.3997829,43.6335201],[-79.4004247,43.6331833],[-79.4005299,43.6332883],[-79.399888,43.6336251]]]}},{"type":"Feature","properties":{"form":"apartments"},"geometry":{"type":"Polygon","coordinates":[[[-79.3997172,43.6334528],[-79.3996121,43.6333525],[-79.4002398,43.633008],[-79.4003449,43.6331083],[-79.3997172,43.6334528]]]}},{"type":"Feature","properties":{"form":"apartments"},"geometry":{"type":"Polygon","coordinates":[[[-79.3996932,43.6360211],[-79.3998958,43.6359811],[-79.3998774,43.6359238],[-79.3999511,43.6359119],[-79.3998774,43.635768],[-79.3999216,43.6356854],[-79.3995472,43.6355872],[-79.3995107,43.6356403],[-79.3996932,43.6360211]]]}},{"type":"Feature","properties":{"form":"apartments"},"geometry":{"type":"Polygon","coordinates":[[[-79.4000794,43.636998],[-79.4004385,43.6369122],[-79.4004646,43.6368891],[-79.4003828,43.6367613],[-79.4006685,43.6366695],[-79.400704,43.6366815],[-79.4007923,43.6368855],[-79.4009707,43.6368693],[-79.4008499,43.6365061],[-79.4007506,43.6364709],[-79.40019,43.6366699],[-79.4002018,43.6366869],[-79.4001808,43.6366978],[-79.4000806,43.6367115],[-79.4000995,43.6367535],[-79.4000426,43.6368196],[-79.4000047,43.6368299],[-79.4000794,43.636998]]]}},{"type":"Feature","properties":{"form":"apartments"},"geometry":{"type":"Polygon","coordinates":[[[-79.4152579,43.6774218],[-79.4153599,43.6776757],[-79.4154521,43.6777226],[-79.4156335,43.6776851],[-79.4158009,43.6777454],[-79.4158568,43.6776722],[-79.4158057,43.6775665],[-79.4158498,43.6775584],[-79.415768,43.6773765],[-79.4154518,43.677447],[-79.4154279,43.6773865],[-79.4152579,43.6774218]]]}},{"type":"Feature","properties":{"form":"other"},"geometry":{"type":"Polygon","coordinates":[[[-79.4176486,43.6718919],[-79.4183433,43.6717438],[-79.4184416,43.6719806],[-79.4179762,43.6720798],[-79.4179299,43.6719661],[-79.4176997,43.6720152],[-79.4176486,43.6718919]]]}},{"type":"Feature","properties":{"form":"apartments"},"geometry":{"type":"Polygon","coordinates":[[[-79.4226351,43.6720789],[-79.4219105,43.6722175],[-79.4217081,43.6716864],[-79.4220696,43.671613],[-79.4221964,43.67194],[-79.4225556,43.6718682],[-79.4226351,43.6720789]]]}},{"type":"Feature","properties":{"form":"other"},"geometry":{"type":"Polygon","coordinates":[[[-79.3742038,43.6505143],[-79.3741778,43.6504486],[-79.3741287,43.6504581],[-79.3740772,43.6503281],[-79.3741133,43.6503196],[-79.3740763,43.6502254],[-79.3739407,43.6502513],[-79.3739167,43.6502166],[-79.3738691,43.6502262],[-79.3738216,43.6502362],[-79.3738265,43.6502754],[-79.3736969,43.6503026],[-79.3737371,43.6503945],[-79.3737638,43.6503889],[-79.3738167,43.6505221],[-79.3737845,43.6505288],[-79.3738114,43.6505966],[-79.3738491,43.6505888],[-79.3739079,43.6507369],[-79.3739597,43.6507262],[-79.3740353,43.650767],[-79.3741278,43.6507492],[-79.3741628,43.6507013],[-79.3742044,43.6507986],[-79.3742733,43.650784],[-79.3741509,43.6505253],[-79.3742038,43.6505143]]]}},{"type":"Feature","properties":{"form":"apartments"},"geometry":{"type":"Polygon","coordinates":[[[-79.399032,43.6868887],[-79.3999181,43.6867118],[-79.3997698,43.6863301],[-79.39968,43.6863476],[-79.3996706,43.686318],[-79.3994419,43.6863641],[-79.3994305,43.6863311],[-79.3993139,43.6863544],[-79.3993051,43.6863287],[-79.3991911,43.686351],[-79.3991811,43.6863263],[-79.3989886,43.6863651],[-79.3990175,43.6864431],[-79.3989524,43.6864562],[-79.3990141,43.6866245],[-79.3989343,43.6866392],[-79.399032,43.6868887]]]}},{"type":"Feature","properties":{"form":"apartments"},"geometry":{"type":"Polygon","coordinates":[[[-79.4134329,43.687461],[-79.4133376,43.6872372],[-79.412978,43.6873173],[-79.4130707,43.687535],[-79.4131991,43.6875064],[-79.4131773,43.6874553],[-79.4132822,43.6874319],[-79.4133065,43.6874892],[-79.4134329,43.687461]]]}},{"type":"Feature","properties":{"form":"apartments"},"geometry":{"type":"Polygon","coordinates":[[[-79.4214024,43.6870222],[-79.4213856,43.6869808],[-79.4213593,43.6869864],[-79.4213228,43.6868968],[-79.4213464,43.6868918],[-79.421327,43.6868442],[-79.4213035,43.6868492],[-79.4212753,43.6867286],[-79.4212508,43.6867338],[-79.4211986,43.6866062],[-79.4212203,43.6866015],[-79.4211472,43.6864776],[-79.4211694,43.6864729],[-79.4210945,43.6863427],[-79.4211149,43.6863384],[-79.4211003,43.6863027],[-79.4211631,43.6862762],[-79.4212707,43.6862644],[-79.421289,43.6863091],[-79.4213061,43.6863055],[-79.4213454,43.686445],[-79.4213679,43.6864401],[-79.4213908,43.6864961],[-79.4213712,43.6865003],[-79.4213972,43.686564],[-79.4214187,43.6865594],[-79.4214704,43.686686],[-79.4214524,43.6866899],[-79.4215192,43.6868066],[-79.4215002,43.6868107],[-79.4215729,43.6869447],[-79.421549,43.6869498],[-79.4215644,43.6869876],[-79.4214024,43.6870222]]]}},{"type":"Feature","properties":{"form":"other"},"geometry":{"type":"Polygon","coordinates":[[[-79.4494435,43.6578905],[-79.4499304,43.6577938],[-79.4499005,43.6577149],[-79.4494136,43.6578116],[-79.4494435,43.6578905]]]}},{"type":"Feature","properties":{"form":"apartments"},"geometry":{"type":"Polygon","coordinates":[[[-79.4499204,43.6585625],[-79.4496721,43.6579472],[-79.449497,43.6579842],[-79.4497453,43.6585995],[-79.4499204,43.6585625]]]}},{"type":"Feature","properties":{"form":"other"},"geometry":{"type":"Polygon","coordinates":[[[-79.3823551,43.6386686],[-79.3819144,43.6387606],[-79.3818358,43.6385781],[-79.3818873,43.6385649],[-79.3816982,43.6381182],[-79.3821594,43.6380678],[-79.3822689,43.6383326],[-79.3821627,43.638351],[-79.3822182,43.6384954],[-79.3822677,43.6384832],[-79.3823551,43.6386686]]]}},{"type":"Feature","properties":{"form":"other"},"geometry":{"type":"Polygon","coordinates":[[[-79.3852462,43.6387959],[-79.3849921,43.6382268],[-79.3847523,43.6382808],[-79.3849943,43.6388502],[-79.3852462,43.6387959]]]}},{"type":"Feature","properties":{"form":"apartments"},"geometry":{"type":"Polygon","coordinates":[[[-79.3856065,43.6388706],[-79.3855684,43.6388546],[-79.385401,43.6384116],[-79.3855,43.6383858],[-79.3855112,43.6383558],[-79.385577,43.6383693],[-79.3861847,43.6382372],[-79.3863909,43.6387386],[-79.3861351,43.6387913],[-79.3861213,43.6387618],[-79.3856065,43.6388706]]]}},{"type":"Feature","properties":{"form":"apartments"},"geometry":{"type":"Polygon","coordinates":[[[-79.389112,43.6389326],[-79.389335,43.6388973],[-79.3893468,43.6388377],[-79.3892067,43.638507],[-79.3891764,43.6385121],[-79.3891211,43.6384618],[-79.3890742,43.6384523],[-79.3889225,43.6384781],[-79.389112,43.6389326]]]}},{"type":"Feature","properties":{"form":"apartments"},"geometry":{"type":"Polygon","coordinates":[[[-79.3912951,43.6384383],[-79.3917729,43.6383315],[-79.3916754,43.6381239],[-79.3915563,43.6381523],[-79.3915658,43.6381865],[-79.3915238,43.6381934],[-79.391448,43.6381591],[-79.3914386,43.6381317],[-79.3914792,43.6381229],[-79.3914047,43.6379448],[-79.3910626,43.6380126],[-79.3912031,43.6383678],[-79.3912423,43.6383638],[-79.3912301,43.6383873],[-79.3912883,43.6384099],[-79.3912951,43.6384383]]]}},{"type":"Feature","properties":{"form":"apartments"},"geometry":{"type":"Polygon","coordinates":[[[-79.3912033,43.6376781],[-79.390858,43.6377661],[-79.3908248,43.6377144],[-79.3906885,43.6376606],[-79.3908336,43.6374713],[-79.3906854,43.6371225],[-79.3909479,43.6370652],[-79.3912033,43.6376781]]]}},{"type":"Feature","properties":{"form":"other"},"geometry":{"type":"Polygon","coordinates":[[[-79.3803728,43.6397747],[-79.3804332,43.6397615],[-79.3803615,43.6395898],[-79.3803011,43.639603],[-79.3803728,43.6397747]]]}},{"type":"Feature","properties":{"form":"other"},"geometry":{"type":"Polygon","coordinates":[[[-79.3801702,43.6397781],[-79.3800895,43.639654],[-79.3799455,43.639703],[-79.3800261,43.6398271],[-79.3801702,43.6397781]]]}},{"type":"Feature","properties":{"form":"apartments"},"geometry":{"type":"Polygon","coordinates":[[[-79.3797511,43.6399527],[-79.3796213,43.6400016],[-79.3796055,43.6399791],[-79.3794793,43.640018],[-79.379488,43.6400393],[-79.3793264,43.640059],[-79.3792312,43.6396752],[-79.3793509,43.6396613],[-79.3793349,43.6396374],[-79.3794833,43.6395926],[-79.3795238,43.6396759],[-79.3795472,43.6396751],[-79.3795798,43.6397419],[-79.379602,43.6397406],[-79.3796334,43.6398074],[-79.3796568,43.6398048],[-79.3796888,43.6398725],[-79.3797098,43.6398672],[-79.3797511,43.6399527]]]}},{"type":"Feature","properties":{"form":"apartments"},"geometry":{"type":"Polygon","coordinates":[[[-79.3793453,43.6393609],[-79.3792123,43.639409],[-79.379198,43.6393821],[-79.3791314,43.6394207],[-79.3790685,43.6394263],[-79.3790731,43.6394462],[-79.3789172,43.639465],[-79.3788441,43.63922],[-79.3788398,43.6391043],[-79.3789498,43.6390884],[-79.3789418,43.639066],[-79.3790815,43.6390285],[-79.3791669,43.6391489],[-79.3791932,43.639147],[-79.3792205,43.6392134],[-79.3792441,43.6392121],[-79.3792769,43.6392799],[-79.3793005,43.6392759],[-79.3793453,43.6393609]]]}},{"type":"Feature","properties":{"form":"apartments"},"geometry":{"type":"Polygon","coordinates":[[[-79.3828298,43.6424661],[-79.3829009,43.6424813],[-79.3837487,43.6422967],[-79.3835655,43.6418344],[-79.3834883,43.641715],[-79.3832632,43.6417615],[-79.3834497,43.6421393],[-79.3831153,43.6422137],[-79.3830518,43.6421798],[-79.3829545,43.6420508],[-79.3828845,43.6420204],[-79.3828677,43.6419779],[-79.3829331,43.6419616],[-79.382888,43.641846],[-79.3826415,43.6419089],[-79.3826233,43.6419492],[-79.3828298,43.6424661]]]}},{"type":"Feature","properties":{"form":"apartments"},"geometry":{"type":"Polygon","coordinates":[[[-79.3893468,43.6388377],[-79.3894754,43.6388157],[-79.3894628,43.6387793],[-79.3895086,43.6387715],[-79.3894981,43.638744],[-79.3897047,43.6387107],[-79.389712,43.6387271],[-79.3902722,43.6386081],[-79.3903281,43.6387647],[-79.3893661,43.6389095],[-79.3893468,43.6388377]]]}},{"type":"Feature","properties":{"form":"apartments"},"geometry":{"type":"Polygon","coordinates":[[[-79.3903281,43.6387647],[-79.3905441,43.6387165],[-79.3903251,43.638162],[-79.3901825,43.6382012],[-79.3901391,43.6382761],[-79.3903281,43.6387647]]]}},{"type":"Feature","properties":{"form":"apartments"},"geometry":{"type":"Polygon","coordinates":[[[-79.4109287,43.6647918],[-79.4106125,43.6648588],[-79.4105519,43.6647089],[-79.4104932,43.6647213],[-79.410454,43.664624],[-79.4105186,43.6646107],[-79.4104692,43.664483],[-79.4103266,43.6645135],[-79.4102006,43.6642022],[-79.4103453,43.664171],[-79.4103349,43.6641456],[-79.4106408,43.6640808],[-79.4109287,43.6647918]]]}},{"type":"Feature","properties":{"form":"apartments"},"geometry":{"type":"Polygon","coordinates":[[[-79.3938629,43.6401086],[-79.3941768,43.6400429],[-79.3940103,43.639614],[-79.3938719,43.6396428],[-79.3939383,43.63981],[-79.3938168,43.6398352],[-79.3938089,43.6398153],[-79.3937067,43.6398507],[-79.3938306,43.6400959],[-79.3934404,43.6401843],[-79.3932724,43.639775],[-79.3930765,43.6398157],[-79.3932941,43.6403638],[-79.3938768,43.6402426],[-79.3938547,43.640187],[-79.393891,43.6401794],[-79.3938629,43.6401086]]]}},{"type":"Feature","properties":{"form":"apartments"},"geometry":{"type":"Polygon","coordinates":[[[-79.3939348,43.6394862],[-79.3937613,43.6391192],[-79.3936901,43.6391345],[-79.393682,43.6391145],[-79.3933875,43.6391776],[-79.3934022,43.6392136],[-79.3929694,43.6393062],[-79.3929847,43.6393432],[-79.3929265,43.6393547],[-79.3929349,43.6393768],[-79.392898,43.6393914],[-79.3929278,43.6394254],[-79.3929044,43.6394307],[-79.3929937,43.6396588],[-79.393353,43.6395629],[-79.3933409,43.639529],[-79.3933682,43.639523],[-79.3933345,43.6394402],[-79.393408,43.6394219],[-79.3933926,43.6393779],[-79.3937224,43.6393072],[-79.3938069,43.6395136],[-79.3939348,43.6394862]]]}},{"type":"Feature","properties":{"form":"apartments"},"geometry":{"type":"Polygon","coordinates":[[[-79.3942269,43.6411682],[-79.3946777,43.641084],[-79.3946481,43.6410134],[-79.3945822,43.640889],[-79.3945407,43.640897],[-79.3945197,43.6408474],[-79.3941895,43.6409188],[-79.3942098,43.6409683],[-79.3941501,43.6409808],[-79.3942269,43.6411682]]]}},{"type":"Feature","properties":{"form":"apartments"},"geometry":{"type":"Polygon","coordinates":[[[-79.4003259,43.6421202],[-79.4005001,43.6420606],[-79.4004029,43.641856],[-79.400561,43.6418164],[-79.4003123,43.6413405],[-79.4002627,43.6413531],[-79.4002426,43.6413075],[-79.4003324,43.6412842],[-79.4002615,43.6411417],[-79.3998703,43.6412527],[-79.3999368,43.6413827],[-79.4000079,43.6413618],[-79.4000494,43.6413788],[-79.4000816,43.6414424],[-79.4000612,43.6414484],[-79.4003259,43.641939],[-79.4002628,43.6419743],[-79.4003259,43.6421202]]]}},{"type":"Feature","properties":{"form":"other"},"geometry":{"type":"Polygon","coordinates":[[[-79.3862394,43.6526936],[-79.3861805,43.6526409],[-79.3861658,43.6525207],[-79.3862266,43.6524771],[-79.3863127,43.6524564],[-79.386409,43.6524702],[-79.3864676,43.6525191],[-79.3864879,43.652576],[-79.3864737,43.6526418],[-79.3864132,43.6526887],[-79.3863268,43.6527087],[-79.3862394,43.6526936]]]}},{"type":"Feature","properties":{"form":"apartments"},"geometry":{"type":"Polygon","coordinates":[[[-79.3766967,43.6444206],[-79.3766958,43.6445186],[-79.3766648,43.6445654],[-79.3764725,43.6446327],[-79.3763475,43.644357],[-79.376357,43.6442571],[-79.376444,43.6441935],[-79.3765777,43.644153],[-79.3766967,43.6444206]]]}},{"type":"Feature","properties":{"form":"apartments"},"geometry":{"type":"Polygon","coordinates":[[[-79.3759567,43.6471335],[-79.3764677,43.6468889],[-79.3764465,43.6468388],[-79.3765336,43.6468278],[-79.3763337,43.6463395],[-79.3761719,43.6463754],[-79.376106,43.6461962],[-79.3755294,43.6463525],[-79.3757997,43.6469908],[-79.3758758,43.6469633],[-79.3759567,43.6471335]]]}},{"type":"Feature","properties":{"form":"other"},"geometry":{"type":"Polygon","coordinates":[[[-79.3400591,43.6774306],[-79.3399986,43.6772879],[-79.3397961,43.6773328],[-79.3397846,43.6773057],[-79.3397123,43.6773218],[-79.3396333,43.6771353],[-79.339907,43.6770746],[-79.3398468,43.6769327],[-79.3395927,43.676989],[-79.3396069,43.6770225],[-79.3393118,43.677088],[-79.3393453,43.6771671],[-79.3393054,43.6771759],[-79.3393218,43.6772144],[-79.3393587,43.6772062],[-79.3394473,43.6774153],[-79.3394108,43.6774234],[-79.3394279,43.6774637],[-79.3394667,43.6774551],[-79.3394923,43.6775155],[-79.3397917,43.6774491],[-79.3398075,43.6774864],[-79.3400591,43.6774306]]]}},{"type":"Feature","properties":{"form":"other"},"geometry":{"type":"Polygon","coordinates":[[[-79.3792442,43.6224904],[-79.3793631,43.6223178],[-79.378918,43.622157],[-79.3788051,43.622324],[-79.3792442,43.6224904]]]}},{"type":"Feature","properties":{"form":"other"},"geometry":{"type":"Polygon","coordinates":[[[-79.3725457,43.616851],[-79.3728213,43.6167189],[-79.3726367,43.616517],[-79.3723614,43.6166489],[-79.3724369,43.6167315],[-79.3724608,43.61672],[-79.3724397,43.616697],[-79.3724868,43.6166744],[-79.3725622,43.6167568],[-79.372516,43.616779],[-79.3724947,43.6167557],[-79.3724696,43.6167677],[-79.3725457,43.616851]]]}},{"type":"Feature","properties":{"form":"other"},"geometry":{"type":"Polygon","coordinates":[[[-79.443655,43.6351065],[-79.4442655,43.635362],[-79.4441805,43.6354644],[-79.4450874,43.635837],[-79.4449525,43.6360118],[-79.4445387,43.6358372],[-79.444483,43.6358905],[-79.4443186,43.6358245],[-79.444257,43.6358948],[-79.4440604,43.6358139],[-79.4441044,43.6357585],[-79.4433735,43.6354539],[-79.443655,43.6351065]]]}},{"type":"Feature","properties":{"form":"other"},"geometry":{"type":"Polygon","coordinates":[[[-79.3968391,43.6342722],[-79.3969192,43.6343646],[-79.3965361,43.6345384],[-79.396456,43.6344459],[-79.3968391,43.6342722]]]}},{"type":"Feature","properties":{"form":"other"},"geometry":{"type":"Polygon","coordinates":[[[-79.4209142,43.639602],[-79.4210363,43.6399381],[-79.4202659,43.6400847],[-79.4201438,43.6397486],[-79.4209142,43.639602]]]}},{"type":"Feature","properties":{"form":"apartments"},"geometry":{"type":"Polygon","coordinates":[[[-79.3846732,43.644356],[-79.3848098,43.644679],[-79.3836783,43.6449281],[-79.3835396,43.6445958],[-79.3846732,43.644356]]]}},{"type":"Feature","properties":{"form":"other"},"geometry":{"type":"Polygon","coordinates":[[[-79.460343,43.671437],[-79.460097,43.670917],[-79.460117,43.670913],[-79.460086,43.670782],[-79.460153,43.670757],[-79.460291,43.670784],[-79.460299,43.670768],[-79.460505,43.670832],[-79.460466,43.670902],[-79.460483,43.670942],[-79.460897,43.670848],[-79.460919,43.670899],[-79.460896,43.670904],[-79.460984,43.671105],[-79.460818,43.671144],[-79.460862,43.671247],[-79.460727,43.671278],[-79.460681,43.671175],[-79.460524,43.671211],[-79.460597,43.671379],[-79.460343,43.671437]]]}},{"type":"Feature","properties":{"form":"other"},"geometry":{"type":"Polygon","coordinates":[[[-79.3836041,43.6142396],[-79.3836634,43.6144649],[-79.3831023,43.6145424],[-79.383043,43.6143171],[-79.3836041,43.6142396]]]}},{"type":"Feature","properties":{"form":"apartments"},"geometry":{"type":"Polygon","coordinates":[[[-79.3745967,43.6421341],[-79.3747647,43.642461],[-79.3744825,43.642537],[-79.374503,43.6425769],[-79.3746192,43.6425456],[-79.3747632,43.6428456],[-79.3735218,43.6431878],[-79.3732257,43.6426015],[-79.3740373,43.642383],[-79.3740253,43.6423595],[-79.3740841,43.6423437],[-79.3741189,43.6424114],[-79.3742055,43.6423881],[-79.3741383,43.6422575],[-79.3745967,43.6421341]]]}},{"type":"Feature","properties":{"form":"other"},"geometry":{"type":"Polygon","coordinates":[[[-79.340165,43.6615998],[-79.340319,43.6619817],[-79.33935,43.6621862],[-79.3391961,43.6618043],[-79.340165,43.6615998]]]}},{"type":"Feature","properties":{"form":"other"},"geometry":{"type":"Polygon","coordinates":[[[-79.3835441,43.6140697],[-79.3835815,43.6142],[-79.3834216,43.6142048],[-79.3832964,43.6141455],[-79.3832459,43.6140435],[-79.3832907,43.6139401],[-79.3833446,43.6139015],[-79.3834864,43.6138683],[-79.3835211,43.6139894],[-79.3835585,43.6140351],[-79.3835441,43.6140697]]]}},{"type":"Feature","properties":{"form":"other"},"geometry":{"type":"Polygon","coordinates":[[[-79.4227168,43.6329142],[-79.4228196,43.633109],[-79.4225705,43.6331779],[-79.4225506,43.6331401],[-79.4224012,43.6331997],[-79.4223099,43.6330267],[-79.4227168,43.6329142]]]}},{"type":"Feature","properties":{"form":"other"},"geometry":{"type":"Polygon","coordinates":[[[-79.3672045,43.6447466],[-79.3673266,43.6449308],[-79.3669266,43.6450697],[-79.3668045,43.6448854],[-79.3672045,43.6447466]]]}},{"type":"Feature","properties":{"form":"other"},"geometry":{"type":"Polygon","coordinates":[[[-79.4083303,43.6437498],[-79.4085602,43.6440344],[-79.4081336,43.6441253],[-79.4081254,43.6441031],[-79.40797,43.6441305],[-79.4078613,43.6438635],[-79.4080794,43.6438189],[-79.4081039,43.6437878],[-79.408166,43.6438286],[-79.4083303,43.6437498]]]}},{"type":"Feature","properties":{"form":"other"},"geometry":{"type":"Polygon","coordinates":[[[-79.3899108,43.6687196],[-79.3899596,43.6687098],[-79.3899838,43.6687294],[-79.39016,43.668668],[-79.3901686,43.6686896],[-79.3903258,43.6686562],[-79.3903077,43.6686092],[-79.3903298,43.6686044],[-79.3903477,43.6686516],[-79.3905653,43.6685962],[-79.3905011,43.6684365],[-79.3904602,43.6684457],[-79.3904956,43.668423],[-79.390476,43.6683865],[-79.3901158,43.6684575],[-79.3900831,43.668426],[-79.3898141,43.6684828],[-79.3899108,43.6687196]]]}},{"type":"Feature","properties":{"form":"other"},"geometry":{"type":"Polygon","coordinates":[[[-79.3475563,43.6357699],[-79.3483563,43.6365229],[-79.3473019,43.6371188],[-79.3464991,43.6363743],[-79.3475563,43.6357699]]]}},{"type":"Feature","properties":{"form":"other"},"geometry":{"type":"Polygon","coordinates":[[[-79.3392355,43.6514131],[-79.3394041,43.6516294],[-79.3393409,43.6516551],[-79.339431,43.6517707],[-79.3389287,43.6519758],[-79.3388596,43.6518871],[-79.3387724,43.6519227],[-79.3385827,43.6516795],[-79.3392355,43.6514131]]]}},{"type":"Feature","properties":{"form":"other"},"geometry":{"type":"Polygon","coordinates":[[[-79.3269589,43.6615298],[-79.3271504,43.6619845],[-79.3268912,43.6620417],[-79.3266996,43.6615869],[-79.3269589,43.6615298]]]}},{"type":"Feature","properties":{"form":"other"},"geometry":{"type":"Polygon","coordinates":[[[-79.4255237,43.6346192],[-79.4257722,43.6352525],[-79.425295,43.6353514],[-79.4250606,43.6347402],[-79.4255237,43.6346192]]]}},{"type":"Feature","properties":{"form":"other"},"geometry":{"type":"Polygon","coordinates":[[[-79.3531489,43.6420737],[-79.3533463,43.6423169],[-79.3532528,43.6423566],[-79.3532318,43.6423308],[-79.3529177,43.6424644],[-79.3527596,43.6422697],[-79.3530777,43.6421344],[-79.3530593,43.6421117],[-79.3531489,43.6420737]]]}},{"type":"Feature","properties":{"form":"other"},"geometry":{"type":"Polygon","coordinates":[[[-79.3406627,43.6628115],[-79.3399448,43.6629684],[-79.339898,43.6628565],[-79.3403988,43.662747],[-79.3403369,43.6625989],[-79.3398406,43.6627074],[-79.3397261,43.6624335],[-79.3402222,43.662325],[-79.3401761,43.6622147],[-79.3396683,43.6623257],[-79.339621,43.6622123],[-79.3403461,43.6620537],[-79.3406627,43.6628115]]]}},{"type":"Feature","properties":{"form":"other"},"geometry":{"type":"Polygon","coordinates":[[[-79.4432851,43.634804],[-79.4436755,43.6349743],[-79.4435641,43.6351172],[-79.4431737,43.6349468],[-79.4432851,43.634804]]]}},{"type":"Feature","properties":{"form":"other"},"geometry":{"type":"Polygon","coordinates":[[[-79.4112488,43.6367632],[-79.4112885,43.6368209],[-79.4111733,43.6368623],[-79.4112391,43.6369581],[-79.4115244,43.6368554],[-79.4115623,43.6369106],[-79.4111301,43.637066],[-79.4109869,43.6368574],[-79.4112488,43.6367632]]]}},{"type":"Feature","properties":{"form":"other"},"geometry":{"type":"Polygon","coordinates":[[[-79.358105,43.6300508],[-79.3584411,43.6302409],[-79.3583359,43.6303383],[-79.3581129,43.6302122],[-79.3580745,43.6302477],[-79.3579614,43.6301838],[-79.358105,43.6300508]]]}},{"type":"Feature","properties":{"form":"other"},"geometry":{"type":"Polygon","coordinates":[[[-79.3644137,43.646104],[-79.3645538,43.6463855],[-79.3645221,43.6463982],[-79.3645864,43.6465339],[-79.3641027,43.6466524],[-79.3641153,43.6466824],[-79.3636674,43.6467941],[-79.3634709,43.6464395],[-79.3644137,43.646104]]]}},{"type":"Feature","properties":{"form":"other"},"geometry":{"type":"Polygon","coordinates":[[[-79.3529735,43.6463028],[-79.3532642,43.6466524],[-79.3530355,43.646752],[-79.3527434,43.6464007],[-79.3529735,43.6463028]]]}},{"type":"Feature","properties":{"form":"other"},"geometry":{"type":"Polygon","coordinates":[[[-79.4636766,43.6511075],[-79.4636877,43.6511735],[-79.4637354,43.6511693],[-79.4637435,43.6512175],[-79.4639511,43.651203],[-79.4639648,43.6512846],[-79.4636401,43.6513299],[-79.4636353,43.6513013],[-79.4635933,43.651305],[-79.4635969,43.6513261],[-79.4634964,43.651335],[-79.4634927,43.6513134],[-79.463447,43.6513174],[-79.4634512,43.6513425],[-79.4631268,43.6513551],[-79.4631131,43.6512732],[-79.4633158,43.651252],[-79.4633085,43.6512086],[-79.4633563,43.6512043],[-79.4633449,43.6511368],[-79.4636766,43.6511075]]]}},{"type":"Feature","properties":{"form":"other"},"geometry":{"type":"Polygon","coordinates":[[[-79.3953104,43.6323932],[-79.3954543,43.6325339],[-79.3952999,43.6326105],[-79.3951648,43.6324785],[-79.3953104,43.6323932]]]}},{"type":"Feature","properties":{"form":"other"},"geometry":{"type":"Polygon","coordinates":[[[-79.3369713,43.6529437],[-79.3372759,43.6533255],[-79.337085,43.6534084],[-79.3371582,43.6534852],[-79.3368204,43.653632],[-79.3371983,43.6540906],[-79.3369926,43.6541799],[-79.3365474,43.6536275],[-79.3366326,43.6535977],[-79.336328,43.6532159],[-79.3369713,43.6529437]]]}},{"type":"Feature","properties":{"form":"other"},"geometry":{"type":"Polygon","coordinates":[[[-79.3513107,43.6469518],[-79.3514865,43.647165],[-79.3515716,43.6471353],[-79.351847,43.6474935],[-79.3514564,43.6476488],[-79.3510199,43.6470709],[-79.3513107,43.6469518]]]}},{"type":"Feature","properties":{"form":"apartments"},"geometry":{"type":"Polygon","coordinates":[[[-79.3412128,43.664172],[-79.3413657,43.6645446],[-79.3412961,43.6645411],[-79.3412924,43.6645601],[-79.3409718,43.6644966],[-79.3405379,43.6643159],[-79.3412128,43.664172]]]}},{"type":"Feature","properties":{"form":"other"},"geometry":{"type":"Polygon","coordinates":[[[-79.4614425,43.6434185],[-79.4616348,43.6438722],[-79.4611168,43.6439915],[-79.4609177,43.6435418],[-79.4614425,43.6434185]]]}},{"type":"Feature","properties":{"form":"other"},"geometry":{"type":"Polygon","coordinates":[[[-79.4786351,43.6895393],[-79.4790945,43.6898037],[-79.4789936,43.6898899],[-79.478775,43.6897562],[-79.4786944,43.6898216],[-79.4787661,43.6898678],[-79.4787378,43.6898907],[-79.4786661,43.6898445],[-79.4783743,43.6900813],[-79.4785792,43.690203],[-79.4784041,43.6903399],[-79.4781824,43.6902063],[-79.4782422,43.6901508],[-79.4780813,43.6900645],[-79.4781547,43.6900004],[-79.4780924,43.6900053],[-79.4780874,43.6899409],[-79.4780224,43.6899451],[-79.477943,43.6898855],[-79.4779333,43.6897961],[-79.4779967,43.6897318],[-79.4780969,43.6897302],[-79.4781798,43.6897731],[-79.4781884,43.6898601],[-79.4782275,43.6898868],[-79.4786351,43.6895393]]]}},{"type":"Feature","properties":{"form":"other"},"geometry":{"type":"Polygon","coordinates":[[[-79.4212301,43.6375847],[-79.4212811,43.637721],[-79.4208618,43.6377817],[-79.4208183,43.6376654],[-79.4212301,43.6375847]]]}},{"type":"Feature","properties":{"form":"other"},"geometry":{"type":"Polygon","coordinates":[[[-79.4391177,43.6340863],[-79.4392647,43.634156],[-79.4391735,43.6342569],[-79.4393259,43.6343291],[-79.4392529,43.6344098],[-79.4389882,43.6342844],[-79.4390984,43.6341626],[-79.4390637,43.6341461],[-79.4391177,43.6340863]]]}},{"type":"Feature","properties":{"form":"other"},"geometry":{"type":"Polygon","coordinates":[[[-79.4250091,43.6357781],[-79.4251183,43.6358018],[-79.4251418,43.6358504],[-79.42538,43.635802],[-79.4254225,43.6358131],[-79.4254728,43.6359478],[-79.4256714,43.6359069],[-79.4256404,43.6358226],[-79.4257216,43.6358056],[-79.4256928,43.6357299],[-79.4259204,43.6356853],[-79.426075,43.6360583],[-79.4250361,43.6362778],[-79.4248531,43.6358084],[-79.4250091,43.6357781]]]}},{"type":"Feature","properties":{"form":"apartments"},"geometry":{"type":"Polygon","coordinates":[[[-79.4201656,43.6387821],[-79.4202618,43.639026],[-79.4203126,43.6390162],[-79.4203267,43.6390543],[-79.4202809,43.6390632],[-79.4204434,43.6395023],[-79.4200782,43.6395778],[-79.4198002,43.6388556],[-79.4201656,43.6387821]]]}},{"type":"Feature","properties":{"form":"other"},"geometry":{"type":"Polygon","coordinates":[[[-79.334518,43.6576206],[-79.3347016,43.6580637],[-79.3344749,43.6581129],[-79.3342913,43.6576697],[-79.334518,43.6576206]]]}},{"type":"Feature","properties":{"form":"other"},"geometry":{"type":"Polygon","coordinates":[[[-79.3863269,43.6234045],[-79.3865031,43.6233601],[-79.3864835,43.6233195],[-79.3866359,43.6232811],[-79.3867815,43.6235835],[-79.3866287,43.6236221],[-79.3865662,43.6234923],[-79.3864261,43.6235277],[-79.3865286,43.6237433],[-79.3863815,43.6237804],[-79.3862972,43.6236054],[-79.3864099,43.623577],[-79.3863269,43.6234045]]]}},{"type":"Feature","properties":{"form":"other"},"geometry":{"type":"Polygon","coordinates":[[[-79.404616,43.6769245],[-79.4046755,43.6769721],[-79.4046332,43.6769998],[-79.4050419,43.6773263],[-79.405113,43.6772797],[-79.4052056,43.6773537],[-79.4051171,43.6774117],[-79.4050645,43.6773697],[-79.4048612,43.6775028],[-79.4043529,43.6770968],[-79.404616,43.6769245]]]}},{"type":"Feature","properties":{"form":"other"},"geometry":{"type":"Polygon","coordinates":[[[-79.4659449,43.6493264],[-79.4659108,43.6497111],[-79.465649,43.6496989],[-79.4656831,43.6493143],[-79.4659449,43.6493264]]]}},{"type":"Feature","properties":{"form":"other"},"geometry":{"type":"Polygon","coordinates":[[[-79.3837151,43.6129934],[-79.3838247,43.612996],[-79.3838197,43.6130739],[-79.3839281,43.6130775],[-79.3839429,43.6128177],[-79.3840379,43.6128185],[-79.3840359,43.6127927],[-79.3838116,43.6127884],[-79.3838108,43.612681],[-79.3845637,43.6127054],[-79.3845602,43.612787],[-79.3845058,43.6127867],[-79.3844879,43.612833],[-79.3842287,43.6128285],[-79.3842304,43.6127961],[-79.3841061,43.6127929],[-79.3841068,43.6128172],[-79.3841982,43.6128192],[-79.3841947,43.6130615],[-79.3842272,43.6130618],[-79.3842286,43.613008],[-79.3844936,43.613015],[-79.3844903,43.6131873],[-79.3842279,43.6131821],[-79.3842258,43.613132],[-79.3841902,43.61313],[-79.3841895,43.6131821],[-79.3840252,43.6131947],[-79.3839377,43.6131797],[-79.383938,43.6131567],[-79.3838666,43.6131545],[-79.3838652,43.6131907],[-79.3834802,43.6131796],[-79.3834824,43.6130722],[-79.3836097,43.6130701],[-79.383628,43.6128873],[-79.3837171,43.6128882],[-79.3837151,43.6129934]]]}},{"type":"Feature","properties":{"form":"other"},"geometry":{"type":"Polygon","coordinates":[[[-79.4176917,43.6383059],[-79.417732,43.6384163],[-79.4171201,43.6385175],[-79.4170852,43.6384218],[-79.4176917,43.6383059]]]}},{"type":"Feature","properties":{"form":"other"},"geometry":{"type":"Polygon","coordinates":[[[-79.3388305,43.6520625],[-79.3389709,43.6522396],[-79.33888,43.6522773],[-79.3389034,43.6523068],[-79.3388568,43.6523262],[-79.3389912,43.6524956],[-79.3387456,43.6525976],[-79.3384474,43.6522216],[-79.3388305,43.6520625]]]}},{"type":"Feature","properties":{"form":"other"},"geometry":{"type":"Polygon","coordinates":[[[-79.3521865,43.6378157],[-79.3526584,43.6382551],[-79.3506965,43.6393832],[-79.3502247,43.6389438],[-79.3521865,43.6378157]]]}},{"type":"Feature","properties":{"form":"other"},"geometry":{"type":"Polygon","coordinates":[[[-79.4247614,43.6370063],[-79.4248101,43.6371326],[-79.4247347,43.6371478],[-79.4247751,43.6372527],[-79.4251107,43.6371659],[-79.4251571,43.6372861],[-79.4251117,43.6373451],[-79.4242068,43.6375279],[-79.4240045,43.6370035],[-79.4241019,43.6369838],[-79.4241532,43.6371168],[-79.4245122,43.6370442],[-79.4244791,43.6369584],[-79.4247686,43.6368999],[-79.4248061,43.6369972],[-79.4247614,43.6370063]]]}},{"type":"Feature","properties":{"form":"other"},"geometry":{"type":"Polygon","coordinates":[[[-79.4214682,43.6382223],[-79.4215698,43.6384833],[-79.4213083,43.6385366],[-79.42127,43.6384383],[-79.4211151,43.6384699],[-79.4210936,43.6384147],[-79.4207814,43.6384783],[-79.4207395,43.6383709],[-79.4214682,43.6382223]]]}},{"type":"Feature","properties":{"form":"other"},"geometry":{"type":"Polygon","coordinates":[[[-79.4209653,43.6390657],[-79.4209028,43.6388944],[-79.4212631,43.6388255],[-79.4213353,43.6390231],[-79.4211342,43.6390616],[-79.4211246,43.6390352],[-79.4209653,43.6390657]]]}},{"type":"Feature","properties":{"form":"other"},"geometry":{"type":"Polygon","coordinates":[[[-79.3355591,43.6572386],[-79.3359157,43.6571591],[-79.336433,43.6583747],[-79.3362645,43.6584122],[-79.336288,43.6584674],[-79.3359475,43.6585432],[-79.3358544,43.6583245],[-79.3350003,43.6585148],[-79.3345548,43.6574677],[-79.3347478,43.6574247],[-79.334734,43.6573922],[-79.3349814,43.6573371],[-79.3349133,43.6571769],[-79.3346384,43.6572382],[-79.3345301,43.6569836],[-79.3348158,43.65692],[-79.3347785,43.6568324],[-79.3349882,43.6567857],[-79.3355481,43.6581015],[-79.3356494,43.6580789],[-79.3356189,43.6580071],[-79.3357967,43.6579675],[-79.3356389,43.6575968],[-79.3355001,43.6576277],[-79.3352627,43.6570699],[-79.3354679,43.6570242],[-79.3355591,43.6572386]]]}},{"type":"Feature","properties":{"form":"other"},"geometry":{"type":"Polygon","coordinates":[[[-79.3289949,43.6778127],[-79.32903,43.6778916],[-79.3289712,43.6779171],[-79.3290735,43.6781624],[-79.3286798,43.6782536],[-79.328598,43.6780212],[-79.328407,43.6780679],[-79.3282361,43.6783449],[-79.3274428,43.6785082],[-79.3272732,43.6780966],[-79.328566,43.6778251],[-79.3285924,43.6778933],[-79.3289949,43.6778127]]]}},{"type":"Feature","properties":{"form":"apartments"},"geometry":{"type":"Polygon","coordinates":[[[-79.3195843,43.6617026],[-79.3198822,43.6623919],[-79.3194326,43.6624935],[-79.3191349,43.6618042],[-79.3195843,43.6617026]]]}},{"type":"Feature","properties":{"form":"other"},"geometry":{"type":"Polygon","coordinates":[[[-79.4618035,43.6438789],[-79.4619685,43.6442462],[-79.4618962,43.6442633],[-79.4619347,43.644349],[-79.4613623,43.6444836],[-79.4613336,43.6444197],[-79.4612032,43.6444504],[-79.4611648,43.6443649],[-79.4612236,43.6443511],[-79.461107,43.6440915],[-79.4612143,43.6440663],[-79.4611945,43.6440221],[-79.4618035,43.6438789]]]}},{"type":"Feature","properties":{"form":"other"},"geometry":{"type":"Polygon","coordinates":[[[-79.424725,43.6399361],[-79.4247547,43.6400184],[-79.4245596,43.6400593],[-79.4245451,43.6400117],[-79.4244179,43.6400371],[-79.4238786,43.6397795],[-79.4244197,43.639678],[-79.4245108,43.6399444],[-79.4245388,43.6399424],[-79.4245496,43.6399784],[-79.424725,43.6399361]]]}},{"type":"Feature","properties":{"form":"other"},"geometry":{"type":"Polygon","coordinates":[[[-79.3947991,43.6328293],[-79.3951636,43.633184],[-79.3949829,43.6332813],[-79.395038,43.6333349],[-79.3949289,43.6333936],[-79.3949096,43.6333749],[-79.3948658,43.6333984],[-79.3948326,43.6333661],[-79.394785,43.6333917],[-79.3946361,43.6332467],[-79.3946101,43.6332607],[-79.3945203,43.6331733],[-79.3945453,43.6331599],[-79.394417,43.633035],[-79.3947991,43.6328293]]]}},{"type":"Feature","properties":{"form":"other"},"geometry":{"type":"Polygon","coordinates":[[[-79.4175811,43.6420833],[-79.4176101,43.6421581],[-79.4171296,43.6422557],[-79.4170989,43.6421805],[-79.4175811,43.6420833]]]}},{"type":"Feature","properties":{"form":"other"},"geometry":{"type":"Polygon","coordinates":[[[-79.3979533,43.6316778],[-79.3976197,43.6313578],[-79.3975654,43.6313862],[-79.3975398,43.6313631],[-79.3986331,43.6307361],[-79.3986702,43.6305643],[-79.399175,43.6310493],[-79.3986259,43.6313465],[-79.3986034,43.6313262],[-79.3982634,43.6315108],[-79.3982435,43.6314887],[-79.398189,43.6315189],[-79.3982153,43.6315666],[-79.3981682,43.6315922],[-79.3981249,43.6315709],[-79.3980751,43.631599],[-79.3980682,43.6316411],[-79.3979533,43.6316778]]]}},{"type":"Feature","properties":{"form":"other"},"geometry":{"type":"Polygon","coordinates":[[[-79.3624905,43.6470414],[-79.3624228,43.6470649],[-79.3623124,43.6468983],[-79.3628075,43.6467265],[-79.3629175,43.6468925],[-79.3628456,43.6469175],[-79.3629366,43.6470547],[-79.3625812,43.6471781],[-79.3624905,43.6470414]]]}},{"type":"Feature","properties":{"form":"other"},"geometry":{"type":"Polygon","coordinates":[[[-79.3550716,43.6404353],[-79.355351,43.6407665],[-79.3539528,43.6413636],[-79.3539692,43.6413836],[-79.3537509,43.6414726],[-79.353656,43.6413564],[-79.3538112,43.6412872],[-79.3537494,43.6412089],[-79.3530769,43.6414959],[-79.3532363,43.6416972],[-79.3531304,43.6417474],[-79.3529766,43.6415617],[-79.3527589,43.6416326],[-79.352933,43.6418521],[-79.3525331,43.6420274],[-79.3522709,43.6417079],[-79.3534704,43.6411852],[-79.3533642,43.6410567],[-79.3535796,43.6409661],[-79.3536844,43.6410918],[-79.354351,43.6408053],[-79.3543156,43.6407687],[-79.3546271,43.6406288],[-79.3546095,43.6406065],[-79.3547439,43.6405485],[-79.3547619,43.6405717],[-79.3550716,43.6404353]]]}},{"type":"Feature","properties":{"form":"other"},"geometry":{"type":"Polygon","coordinates":[[[-79.3320903,43.6655919],[-79.3322261,43.6659099],[-79.3320768,43.6659298],[-79.3320597,43.6658897],[-79.3317576,43.6659573],[-79.3317876,43.6660276],[-79.3316309,43.6660626],[-79.3314868,43.6657258],[-79.3319466,43.6656229],[-79.3319385,43.6656039],[-79.3319953,43.6655912],[-79.3320039,43.6656113],[-79.3320903,43.6655919]]]}},{"type":"Feature","properties":{"form":"other"},"geometry":{"type":"Polygon","coordinates":[[[-79.4229758,43.6307932],[-79.4230297,43.630897],[-79.4226739,43.6309938],[-79.42262,43.63089],[-79.4229758,43.6307932]]]}},{"type":"Feature","properties":{"form":"other"},"geometry":{"type":"Polygon","coordinates":[[[-79.3827063,43.6145944],[-79.3826297,43.6145792],[-79.3825469,43.6142693],[-79.3826079,43.6142385],[-79.3825774,43.6141281],[-79.3825063,43.6141405],[-79.3824838,43.6140539],[-79.3825836,43.6140223],[-79.3826131,43.614082],[-79.3826402,43.614078],[-79.3826324,43.6140497],[-79.382874,43.6140147],[-79.3829226,43.6141905],[-79.3826581,43.6142163],[-79.382951,43.6152757],[-79.3829838,43.6152709],[-79.3829975,43.6153203],[-79.3831864,43.6152929],[-79.3833274,43.6158029],[-79.3828308,43.6158749],[-79.3826838,43.6153435],[-79.3829045,43.6153115],[-79.3827063,43.6145944]]]}},{"type":"Feature","properties":{"form":"other"},"geometry":{"type":"Polygon","coordinates":[[[-79.3665717,43.644908],[-79.3667259,43.6451404],[-79.3665253,43.6452097],[-79.3663693,43.6449798],[-79.3665717,43.644908]]]}},{"type":"Feature","properties":{"form":"other"},"geometry":{"type":"Polygon","coordinates":[[[-79.4105546,43.6366076],[-79.4107939,43.6369112],[-79.4108289,43.6368967],[-79.4109075,43.6369963],[-79.4108702,43.6370117],[-79.4109337,43.6370922],[-79.4109694,43.6370774],[-79.4110482,43.6371773],[-79.4107865,43.6372853],[-79.410431,43.6368345],[-79.4103206,43.6368801],[-79.4102243,43.636758],[-79.4102454,43.6367493],[-79.4102159,43.6367119],[-79.4103835,43.6366427],[-79.4104046,43.6366696],[-79.4105546,43.6366076]]]}},{"type":"Feature","properties":{"form":"other"},"geometry":{"type":"Polygon","coordinates":[[[-79.3836423,43.6146769],[-79.3838552,43.6154362],[-79.383379,43.6155062],[-79.3831661,43.6147469],[-79.3836423,43.6146769]]]}},{"type":"Feature","properties":{"form":"other"},"geometry":{"type":"Polygon","coordinates":[[[-79.3425001,43.6649392],[-79.3427373,43.6650508],[-79.3430729,43.6658895],[-79.3430998,43.6660728],[-79.3430133,43.6660907],[-79.3430646,43.6662127],[-79.3430613,43.6663352],[-79.3429904,43.6663479],[-79.3430215,43.666444],[-79.3427851,43.6667829],[-79.342578,43.6668365],[-79.3418508,43.665081],[-79.3425001,43.6649392]]]}},{"type":"Feature","properties":{"form":"other"},"geometry":{"type":"Polygon","coordinates":[[[-79.3709327,43.6236893],[-79.3708781,43.6239157],[-79.3709353,43.6239229],[-79.3709027,43.6240578],[-79.3706247,43.6240226],[-79.3705948,43.6241463],[-79.3703638,43.624117],[-79.3704728,43.6236658],[-79.3705468,43.6236752],[-79.3705549,43.6236415],[-79.3709327,43.6236893]]]}},{"type":"Feature","properties":{"form":"other"},"geometry":{"type":"Polygon","coordinates":[[[-79.4211738,43.637742],[-79.4211974,43.6378048],[-79.421305,43.6377836],[-79.4214032,43.6380453],[-79.4207951,43.6381648],[-79.4207205,43.6379661],[-79.4207808,43.6379543],[-79.4207637,43.6379087],[-79.4208145,43.6378987],[-79.4208586,43.6380163],[-79.4209014,43.6380078],[-79.4208197,43.6377901],[-79.4211738,43.637742]]]}},{"type":"Feature","properties":{"form":"other"},"geometry":{"type":"Polygon","coordinates":[[[-79.4216883,43.638837],[-79.4217889,43.6391161],[-79.4216041,43.639151],[-79.4215039,43.638873],[-79.4214539,43.6388825],[-79.4214284,43.6388117],[-79.4216852,43.6387766],[-79.4217058,43.6388337],[-79.4216883,43.638837]]]}},{"type":"Feature","properties":{"form":"other"},"geometry":{"type":"Polygon","coordinates":[[[-79.3620853,43.6470178],[-79.3621441,43.6471687],[-79.362081,43.6471918],[-79.3621595,43.647311],[-79.36164,43.647484],[-79.361567,43.6473892],[-79.3617169,43.6472809],[-79.3617014,43.6472628],[-79.3619444,43.6471235],[-79.3619085,43.6470748],[-79.3620853,43.6470178]]]}},{"type":"Feature","properties":{"form":"other"},"geometry":{"type":"Polygon","coordinates":[[[-79.3372998,43.6533411],[-79.3378266,43.6540104],[-79.3377445,43.6540442],[-79.3372178,43.6533749],[-79.3372998,43.6533411]]]}},{"type":"Feature","properties":{"form":"other"},"geometry":{"type":"Polygon","coordinates":[[[-79.3360599,43.6820126],[-79.3360821,43.6820678],[-79.3356133,43.6821663],[-79.335596,43.6821234],[-79.3356299,43.6821162],[-79.3356163,43.6820824],[-79.3356802,43.6820689],[-79.3356552,43.6820073],[-79.33592,43.6819514],[-79.3359452,43.6820153],[-79.3360599,43.6820126]]]}},{"type":"Feature","properties":{"form":"apartments"},"geometry":{"type":"Polygon","coordinates":[[[-79.3828739,43.6690987],[-79.3828563,43.6691019],[-79.3828767,43.6691559],[-79.3828341,43.6691643],[-79.3828408,43.6691819],[-79.3826394,43.6692054],[-79.3826172,43.6691466],[-79.3825877,43.6691524],[-79.3825414,43.6690301],[-79.3825665,43.6690247],[-79.3824698,43.6687771],[-79.3827362,43.6687203],[-79.3828739,43.6690987]]]}},{"type":"Feature","properties":{"form":"other"},"geometry":{"type":"Polygon","coordinates":[[[-79.3839538,43.6548856],[-79.38358,43.6549636],[-79.3834261,43.6545763],[-79.3837994,43.6544986],[-79.3839538,43.6548856]]]}},{"type":"Feature","properties":{"form":"other"},"geometry":{"type":"Polygon","coordinates":[[[-79.3886108,43.6378711],[-79.388804,43.6378299],[-79.3888427,43.6378439],[-79.3888908,43.637808],[-79.3888,43.6376125],[-79.3887803,43.6376158],[-79.3886459,43.6374493],[-79.3885244,43.6374752],[-79.3885234,43.6375746],[-79.3884975,43.6375784],[-79.3885036,43.6376027],[-79.3885277,43.6376006],[-79.3886108,43.6378711]]]}},{"type":"Feature","properties":{"form":"other"},"geometry":{"type":"Polygon","coordinates":[[[-79.403318,43.6392934],[-79.4027886,43.6392016],[-79.4027607,43.6392859],[-79.4027973,43.6392923],[-79.4027826,43.6393366],[-79.4028486,43.6393481],[-79.4028647,43.6392997],[-79.4029284,43.6393107],[-79.4029128,43.6393578],[-79.4029791,43.6393692],[-79.4029942,43.6393234],[-79.403291,43.6393749],[-79.403318,43.6392934]]]}},{"type":"Feature","properties":{"form":"apartments"},"geometry":{"type":"Polygon","coordinates":[[[-79.4153965,43.6391715],[-79.4150782,43.6391934],[-79.4147285,43.639225],[-79.414785,43.6393786],[-79.4149811,43.6393611],[-79.4150873,43.6396274],[-79.4153423,43.6395773],[-79.4152673,43.6393502],[-79.4154519,43.6393377],[-79.4153965,43.6391715]]]}},{"type":"Feature","properties":{"form":"other"},"geometry":{"type":"Polygon","coordinates":[[[-79.4020003,43.6392377],[-79.4019244,43.6391335],[-79.4017746,43.6391906],[-79.4018505,43.6392948],[-79.4020003,43.6392377]]]}},{"type":"Feature","properties":{"form":"other"},"geometry":{"type":"Polygon","coordinates":[[[-79.4044482,43.6392324],[-79.4040244,43.6391666],[-79.4039831,43.6393059],[-79.4041238,43.6393277],[-79.4041372,43.6392825],[-79.4041701,43.6392876],[-79.4041587,43.6393258],[-79.4042451,43.6393392],[-79.4042577,43.6392966],[-79.404306,43.6393041],[-79.4042931,43.6393476],[-79.4043658,43.6393589],[-79.4043766,43.6393226],[-79.4044195,43.6393292],[-79.4044482,43.6392324]]]}},{"type":"Feature","properties":{"form":"other"},"geometry":{"type":"Polygon","coordinates":[[[-79.403019,43.639078],[-79.4028016,43.6391514],[-79.4027312,43.6390421],[-79.4029486,43.6389687],[-79.403019,43.639078]]]}},{"type":"Feature","properties":{"form":"other"},"geometry":{"type":"Polygon","coordinates":[[[-79.4038813,43.6387887],[-79.4038027,43.6386801],[-79.4036913,43.6387223],[-79.4037699,43.6388309],[-79.4038813,43.6387887]]]}},{"type":"Feature","properties":{"form":"other"},"geometry":{"type":"Polygon","coordinates":[[[-79.4022897,43.6393294],[-79.4021526,43.6393968],[-79.4020803,43.6393199],[-79.4022174,43.6392524],[-79.4022897,43.6393294]]]}},{"type":"Feature","properties":{"form":"apartments"},"geometry":{"type":"Polygon","coordinates":[[[-79.4474489,43.6408442],[-79.4473625,43.6405969],[-79.4473881,43.6405922],[-79.4473712,43.6405439],[-79.4474303,43.6403371],[-79.4476401,43.6403707],[-79.4477401,43.6406565],[-79.4479644,43.6406131],[-79.4478314,43.6402574],[-79.4470655,43.6401322],[-79.4469061,43.6401569],[-79.4469591,43.640295],[-79.4470832,43.6402701],[-79.4472127,43.6402918],[-79.447131,43.6405421],[-79.4472474,43.6408811],[-79.4474489,43.6408442]]]}},{"type":"Feature","properties":{"form":"apartments"},"geometry":{"type":"Polygon","coordinates":[[[-79.4481746,43.6407121],[-79.4476344,43.6408159],[-79.4475866,43.6406857],[-79.4481268,43.6405819],[-79.4481746,43.6407121]]]}},{"type":"Feature","properties":{"form":"apartments"},"geometry":{"type":"Polygon","coordinates":[[[-79.4201424,43.6415221],[-79.4201507,43.6413685],[-79.4199431,43.6413627],[-79.4199348,43.6415163],[-79.4201424,43.6415221]]]}},{"type":"Feature","properties":{"form":"apartments"},"geometry":{"type":"Polygon","coordinates":[[[-79.4184628,43.6418279],[-79.4183034,43.6418587],[-79.4181053,43.6413232],[-79.4182647,43.6412923],[-79.4184628,43.6418279]]]}},{"type":"Feature","properties":{"form":"apartments"},"geometry":{"type":"Polygon","coordinates":[[[-79.4190482,43.6409338],[-79.4194285,43.6410051],[-79.4203696,43.6410446],[-79.4203598,43.6411675],[-79.4194059,43.6411275],[-79.4190057,43.6410519],[-79.4190482,43.6409338]]]}},{"type":"Feature","properties":{"form":"apartments"},"geometry":{"type":"Polygon","coordinates":[[[-79.4198536,43.6416011],[-79.4198689,43.6413505],[-79.4196671,43.641344],[-79.4196518,43.6415947],[-79.4198536,43.6416011]]]}},{"type":"Feature","properties":{"form":"apartments"},"geometry":{"type":"Polygon","coordinates":[[[-79.4192969,43.6416073],[-79.4193155,43.6413343],[-79.4190869,43.6413378],[-79.4191067,43.6414164],[-79.4190811,43.6414155],[-79.4190783,43.6414577],[-79.4191055,43.6414586],[-79.419103,43.6414938],[-79.4190774,43.6414929],[-79.4190944,43.6415692],[-79.4190726,43.6415684],[-79.419065,43.6416806],[-79.4192507,43.6416872],[-79.4192562,43.6416059],[-79.4192969,43.6416073]]]}},{"type":"Feature","properties":{"form":"apartments"},"geometry":{"type":"Polygon","coordinates":[[[-79.419012,43.6417296],[-79.4189975,43.6416912],[-79.4189756,43.6416955],[-79.4189689,43.6416162],[-79.4189458,43.6416207],[-79.4189407,43.6415422],[-79.4189175,43.6415468],[-79.4189049,43.6415134],[-79.4189276,43.6415089],[-79.4189121,43.6414675],[-79.4188912,43.6414716],[-79.418883,43.6413914],[-79.4188615,43.6413956],[-79.418853,43.6413128],[-79.4186369,43.6413554],[-79.4187938,43.6417726],[-79.419012,43.6417296]]]}},{"type":"Feature","properties":{"form":"apartments"},"geometry":{"type":"Polygon","coordinates":[[[-79.4195539,43.6416176],[-79.4195565,43.6415786],[-79.4195288,43.6415776],[-79.4195612,43.6415072],[-79.4195327,43.6415062],[-79.4195666,43.6414243],[-79.4195379,43.6414233],[-79.4195401,43.6413895],[-79.4195687,43.6413905],[-79.4195716,43.6413471],[-79.4193874,43.6413304],[-79.4193686,43.6416111],[-79.4195539,43.6416176]]]}},{"type":"Feature","properties":{"form":"apartments"},"geometry":{"type":"Polygon","coordinates":[[[-79.421519,43.6412001],[-79.4204643,43.6411683],[-79.4204699,43.6410468],[-79.4215273,43.6410806],[-79.421519,43.6412001]]]}},{"type":"Feature","properties":{"form":"apartments"},"geometry":{"type":"Polygon","coordinates":[[[-79.4204669,43.6414798],[-79.4204725,43.6413684],[-79.4202678,43.641363],[-79.4202622,43.6414745],[-79.4204669,43.6414798]]]}},{"type":"Feature","properties":{"form":"apartments"},"geometry":{"type":"Polygon","coordinates":[[[-79.4187191,43.6417894],[-79.418558,43.6418206],[-79.4183789,43.641336],[-79.4185401,43.6413048],[-79.4187191,43.6417894]]]}},{"type":"Feature","properties":{"form":"apartments"},"geometry":{"type":"Polygon","coordinates":[[[-79.4176771,43.642025],[-79.4175238,43.6420566],[-79.4174068,43.6417596],[-79.4175601,43.641728],[-79.4176771,43.642025]]]}},{"type":"Feature","properties":{"form":"apartments"},"geometry":{"type":"Polygon","coordinates":[[[-79.4175448,43.6416009],[-79.4170871,43.6416871],[-79.417037,43.641548],[-79.4174947,43.6414617],[-79.4175448,43.6416009]]]}},{"type":"Feature","properties":{"form":"apartments"},"geometry":{"type":"Polygon","coordinates":[[[-79.4129278,43.641733],[-79.4128236,43.6414457],[-79.412844,43.6414419],[-79.4128178,43.6413696],[-79.412723,43.6413876],[-79.4127352,43.6414211],[-79.4126083,43.6414452],[-79.4126183,43.6414727],[-79.4125975,43.6414767],[-79.4127058,43.6417751],[-79.4129278,43.641733]]]}},{"type":"Feature","properties":{"form":"apartments"},"geometry":{"type":"Polygon","coordinates":[[[-79.4170366,43.6416443],[-79.4167337,43.6416728],[-79.4166835,43.6415266],[-79.4169863,43.6414977],[-79.4170366,43.6416443]]]}},{"type":"Feature","properties":{"form":"apartments"},"geometry":{"type":"Polygon","coordinates":[[[-79.417794,43.6415544],[-79.4176896,43.64128],[-79.4175297,43.6413119],[-79.4176341,43.6415863],[-79.417794,43.6415544]]]}},{"type":"Feature","properties":{"form":"apartments"},"geometry":{"type":"Polygon","coordinates":[[[-79.4179495,43.6419911],[-79.4177991,43.642022],[-79.4176732,43.6417009],[-79.4178236,43.64167],[-79.4179495,43.6419911]]]}},{"type":"Feature","properties":{"form":"apartments"},"geometry":{"type":"Polygon","coordinates":[[[-79.417889,43.6415486],[-79.4180496,43.6415159],[-79.4179643,43.6412967],[-79.4178037,43.6413294],[-79.417889,43.6415486]]]}},{"type":"Feature","properties":{"form":"apartments"},"geometry":{"type":"Polygon","coordinates":[[[-79.4182066,43.6419394],[-79.4180828,43.6416204],[-79.4179323,43.641651],[-79.4180562,43.64197],[-79.4182066,43.6419394]]]}},{"type":"Feature","properties":{"form":"other"},"geometry":{"type":"Polygon","coordinates":[[[-79.4081014,43.6435317],[-79.4079348,43.6435503],[-79.4079245,43.6435144],[-79.4078853,43.6435208],[-79.4078622,43.6434565],[-79.4078262,43.6434632],[-79.4077973,43.6433828],[-79.4077395,43.6433937],[-79.4077141,43.643323],[-79.4078869,43.6432906],[-79.4079041,43.6433386],[-79.4079512,43.6433297],[-79.407977,43.6434018],[-79.408009,43.6433967],[-79.4080363,43.6434814],[-79.4080804,43.643474],[-79.4081014,43.6435317]]]}},{"type":"Feature","properties":{"form":"other"},"geometry":{"type":"Polygon","coordinates":[[[-79.4075186,43.6442135],[-79.4071536,43.644288],[-79.4071105,43.6441774],[-79.4074755,43.6441028],[-79.4075186,43.6442135]]]}},{"type":"Feature","properties":{"form":"other"},"geometry":{"type":"Polygon","coordinates":[[[-79.407941,43.6441291],[-79.4075812,43.6442011],[-79.4075383,43.6440888],[-79.4078982,43.6440169],[-79.407941,43.6441291]]]}},{"type":"Feature","properties":{"form":"other"},"geometry":{"type":"Polygon","coordinates":[[[-79.4073097,43.6438094],[-79.4069927,43.6438689],[-79.406958,43.643772],[-79.4071716,43.6437318],[-79.4071602,43.6437001],[-79.4072635,43.6436807],[-79.4073097,43.6438094]]]}},{"type":"Feature","properties":{"form":"other"},"geometry":{"type":"Polygon","coordinates":[[[-79.4077804,43.6437189],[-79.4074068,43.64378],[-79.4073688,43.6436583],[-79.4077467,43.6436112],[-79.4077804,43.6437189]]]}},{"type":"Feature","properties":{"form":"other"},"geometry":{"type":"Polygon","coordinates":[[[-79.4078724,43.6439373],[-79.4075141,43.6440071],[-79.4074639,43.6438722],[-79.4078223,43.6438024],[-79.4078724,43.6439373]]]}},{"type":"Feature","properties":{"form":"other"},"geometry":{"type":"Polygon","coordinates":[[[-79.4072347,43.6436031],[-79.4071456,43.6436201],[-79.4071373,43.6435973],[-79.406851,43.6436517],[-79.4068098,43.6435384],[-79.4071853,43.643467],[-79.4072347,43.6436031]]]}},{"type":"Feature","properties":{"form":"other"},"geometry":{"type":"Polygon","coordinates":[[[-79.4077041,43.6434901],[-79.4073325,43.6435847],[-79.4072801,43.643447],[-79.4076398,43.6433754],[-79.4077041,43.6434901]]]}},{"type":"Feature","properties":{"form":"other"},"geometry":{"type":"Polygon","coordinates":[[[-79.4074345,43.644025],[-79.4070637,43.6440984],[-79.4070118,43.6439611],[-79.4073825,43.6438876],[-79.4074345,43.644025]]]}},{"type":"Feature","properties":{"form":"apartments"},"geometry":{"type":"Polygon","coordinates":[[[-79.4068257,43.6433633],[-79.4071731,43.6432931],[-79.4076024,43.6432064],[-79.40755,43.6430705],[-79.4067733,43.6432274],[-79.4068257,43.6433633]]]}},{"type":"Feature","properties":{"form":"apartments"},"geometry":{"type":"Polygon","coordinates":[[[-79.4084237,43.6426472],[-79.4082049,43.6426933],[-79.4081438,43.6426161],[-79.4080813,43.6426293],[-79.4080912,43.6426539],[-79.4080082,43.6426714],[-79.4080246,43.6427122],[-79.4077339,43.6427734],[-79.4077063,43.6427048],[-79.4076296,43.6427046],[-79.407598,43.6426259],[-79.4080698,43.6425266],[-79.4080996,43.6426007],[-79.408137,43.6425928],[-79.4080876,43.64247],[-79.4082319,43.6424396],[-79.4082705,43.6425355],[-79.4083362,43.6425216],[-79.4083618,43.6425851],[-79.4083958,43.6425779],[-79.4084237,43.6426472]]]}},{"type":"Feature","properties":{"form":"apartments"},"geometry":{"type":"Polygon","coordinates":[[[-79.4033148,43.6426319],[-79.4044476,43.6424028],[-79.404405,43.6422924],[-79.4032722,43.6425215],[-79.4033148,43.6426319]]]}},{"type":"Feature","properties":{"form":"apartments"},"geometry":{"type":"Polygon","coordinates":[[[-79.4038344,43.6427199],[-79.403659,43.6427293],[-79.4036403,43.6427608],[-79.4035722,43.6427745],[-79.4035752,43.6428195],[-79.4036215,43.6428554],[-79.4035987,43.6428865],[-79.4036141,43.6429282],[-79.403657,43.6429438],[-79.4036872,43.6430282],[-79.4036644,43.6430539],[-79.4036832,43.6431024],[-79.4037214,43.643118],[-79.4037542,43.6432087],[-79.4037315,43.6432339],[-79.4037526,43.6432843],[-79.4037898,43.6432999],[-79.4038614,43.6434857],[-79.4039018,43.6435134],[-79.4040064,43.6435145],[-79.4040792,43.6434997],[-79.4041003,43.6434736],[-79.4041401,43.6434873],[-79.4042495,43.6434651],[-79.4042706,43.6434377],[-79.4043037,43.6434541],[-79.4044429,43.6434436],[-79.4044925,43.6434047],[-79.4045395,43.6433941],[-79.404573,43.643413],[-79.404638,43.6434009],[-79.4046548,43.6433751],[-79.4047393,43.643378],[-79.404799,43.6433659],[-79.4048177,43.6433378],[-79.4049083,43.6433455],[-79.4050117,43.6433117],[-79.4049948,43.6432616],[-79.4050182,43.6432339],[-79.4049411,43.643118],[-79.4047963,43.6431393],[-79.4047782,43.6431665],[-79.4047172,43.6431801],[-79.4046816,43.6431626],[-79.4045904,43.6431801],[-79.404571,43.6432102],[-79.4045113,43.6432208],[-79.4044684,43.6432038],[-79.4043115,43.6432451],[-79.4042464,43.6432349],[-79.4041385,43.6432582],[-79.4040723,43.6432911],[-79.4040272,43.6432771],[-79.4040178,43.6432547],[-79.4040447,43.6432233],[-79.4040265,43.6431738],[-79.4039903,43.6431577],[-79.4039547,43.6430685],[-79.4039735,43.6430466],[-79.4039541,43.6429942],[-79.4039192,43.6429821],[-79.4038897,43.642888],[-79.4039045,43.64287],[-79.4038857,43.6428215],[-79.4038488,43.6428079],[-79.4038434,43.642788],[-79.4038736,43.6427822],[-79.4038344,43.6427199]]]}},{"type":"Feature","properties":{"form":"apartments"},"geometry":{"type":"Polygon","coordinates":[[[-79.4065725,43.6430178],[-79.4066069,43.6430108],[-79.4074588,43.6428388],[-79.4068797,43.6424161],[-79.4067124,43.6425333],[-79.4069722,43.6427322],[-79.4069562,43.64276],[-79.4065093,43.6428546],[-79.4065725,43.6430178]]]}},{"type":"Feature","properties":{"form":"other"},"geometry":{"type":"Polygon","coordinates":[[[-79.4032891,43.6430744],[-79.4030989,43.64255],[-79.4028623,43.6425949],[-79.4030524,43.6431194],[-79.4032891,43.6430744]]]}},{"type":"Feature","properties":{"form":"apartments"},"geometry":{"type":"Polygon","coordinates":[[[-79.4101048,43.6440877],[-79.4103374,43.6440067],[-79.4106369,43.6439449],[-79.41059,43.6438173],[-79.4102583,43.6438818],[-79.4100282,43.6439713],[-79.4101048,43.6440877]]]}},{"type":"Feature","properties":{"form":"apartments"},"geometry":{"type":"Polygon","coordinates":[[[-79.3942691,43.6695521],[-79.3942217,43.6695618],[-79.3942329,43.6695916],[-79.3934843,43.6697435],[-79.3932068,43.6690379],[-79.3935954,43.6689559],[-79.3937276,43.6693075],[-79.393975,43.6694037],[-79.3941441,43.6693679],[-79.3941536,43.6693918],[-79.394202,43.6693805],[-79.3942691,43.6695521]]]}},{"type":"Feature","properties":{"form":"other"},"geometry":{"type":"Polygon","coordinates":[[[-79.3969442,43.6678737],[-79.3964054,43.6665597],[-79.3962254,43.6665947],[-79.3967537,43.6679125],[-79.3969442,43.6678737]]]}},{"type":"Feature","properties":{"form":"other"},"geometry":{"type":"Polygon","coordinates":[[[-79.423924,43.6428253],[-79.4240011,43.6430266],[-79.423704,43.6430862],[-79.4236269,43.6428849],[-79.423924,43.6428253]]]}},{"type":"Feature","properties":{"form":"other"},"geometry":{"type":"Polygon","coordinates":[[[-79.4181828,43.6377507],[-79.4179632,43.6371516],[-79.4156981,43.6375864],[-79.4159177,43.6381856],[-79.4181828,43.6377507]]]}},{"type":"Feature","properties":{"form":"apartments"},"geometry":{"type":"Polygon","coordinates":[[[-79.376494,43.6637606],[-79.3763207,43.6637971],[-79.3762113,43.6635254],[-79.3763846,43.6634888],[-79.376494,43.6637606]]]}},{"type":"Feature","properties":{"form":"apartments"},"geometry":{"type":"Polygon","coordinates":[[[-79.3761869,43.6634467],[-79.3763486,43.6634095],[-79.376206,43.6630856],[-79.3760443,43.6631229],[-79.3761869,43.6634467]]]}},{"type":"Feature","properties":{"form":"apartments"},"geometry":{"type":"Polygon","coordinates":[[[-79.3767368,43.6633371],[-79.37691,43.6632973],[-79.3767882,43.6630205],[-79.376615,43.6630603],[-79.3767368,43.6633371]]]}},{"type":"Feature","properties":{"form":"apartments"},"geometry":{"type":"Polygon","coordinates":[[[-79.3767684,43.6637078],[-79.3766015,43.6637425],[-79.3764911,43.6634649],[-79.3766581,43.6634302],[-79.3767684,43.6637078]]]}},{"type":"Feature","properties":{"form":"apartments"},"geometry":{"type":"Polygon","coordinates":[[[-79.3764523,43.6633842],[-79.3766126,43.6633502],[-79.3764777,43.6630175],[-79.3763174,43.6630515],[-79.3764523,43.6633842]]]}},{"type":"Feature","properties":{"form":"apartments"},"geometry":{"type":"Polygon","coordinates":[[[-79.3770507,43.6636434],[-79.3769366,43.6633727],[-79.3767595,43.6634118],[-79.3768736,43.6636825],[-79.3770507,43.6636434]]]}},{"type":"Feature","properties":{"form":"apartments"},"geometry":{"type":"Polygon","coordinates":[[[-79.3760787,43.6634687],[-79.3759124,43.6635045],[-79.3757796,43.6631824],[-79.3759458,43.6631465],[-79.3760787,43.6634687]]]}},{"type":"Feature","properties":{"form":"apartments"},"geometry":{"type":"Polygon","coordinates":[[[-79.3762185,43.6638216],[-79.3760545,43.6638578],[-79.3759393,43.6635848],[-79.3761032,43.6635485],[-79.3762185,43.6638216]]]}},{"type":"Feature","properties":{"form":"apartments"},"geometry":{"type":"Polygon","coordinates":[[[-79.4263344,43.6813771],[-79.4262754,43.6812311],[-79.4264714,43.6811791],[-79.4264494,43.6811241],[-79.4269704,43.6810111],[-79.4270264,43.6811491],[-79.4266584,43.6812281],[-79.4266194,43.6812461],[-79.4266454,43.6813101],[-79.4263344,43.6813771]]]}},{"type":"Feature","properties":{"form":"other"},"geometry":{"type":"Polygon","coordinates":[[[-79.382474,43.6659141],[-79.3821008,43.6659953],[-79.3820471,43.6658756],[-79.3820805,43.6658546],[-79.3821083,43.6658857],[-79.3821505,43.6658756],[-79.3821224,43.6658596],[-79.3821174,43.6658015],[-79.3821626,43.665792],[-79.3821575,43.6657768],[-79.3822781,43.6657644],[-79.3823082,43.6658407],[-79.3823825,43.6658262],[-79.3823869,43.66579],[-79.3824247,43.6657886],[-79.382474,43.6659141]]]}},{"type":"Feature","properties":{"form":"apartments"},"geometry":{"type":"Polygon","coordinates":[[[-79.3819764,43.6435442],[-79.3828493,43.6433604],[-79.3828597,43.6433841],[-79.3830131,43.6433689],[-79.3837023,43.6432276],[-79.3837364,43.6433073],[-79.3839722,43.643275],[-79.3839866,43.6433054],[-79.3841937,43.6432912],[-79.3838936,43.6426065],[-79.3834926,43.6426909],[-79.3836099,43.643001],[-79.3833598,43.6430513],[-79.3832346,43.642742],[-79.3817486,43.6430607],[-79.3819083,43.6434766],[-79.3819484,43.6434681],[-79.3819764,43.6435442]]]}},{"type":"Feature","properties":{"form":"apartments"},"geometry":{"type":"Polygon","coordinates":[[[-79.389629,43.6472313],[-79.3898454,43.6471848],[-79.389654,43.6467185],[-79.3894376,43.646765],[-79.389629,43.6472313]]]}},{"type":"Feature","properties":{"form":"apartments"},"geometry":{"type":"Polygon","coordinates":[[[-79.3890586,43.6473539],[-79.3888672,43.6468876],[-79.3894376,43.646765],[-79.389629,43.6472313],[-79.3890586,43.6473539]]]}},{"type":"Feature","properties":{"form":"apartments"},"geometry":{"type":"Polygon","coordinates":[[[-79.3884842,43.6474773],[-79.3888794,43.6473928],[-79.3886903,43.6469251],[-79.3882928,43.647011],[-79.3884842,43.6474773]]]}},{"type":"Feature","properties":{"form":"other"},"geometry":{"type":"Polygon","coordinates":[[[-79.3872342,43.6469794],[-79.3872975,43.6469508],[-79.3872833,43.6469165],[-79.3872506,43.6469016],[-79.3871884,43.6469343],[-79.3872342,43.6469794]]]}},{"type":"Feature","properties":{"form":"other"},"geometry":{"type":"Polygon","coordinates":[[[-79.3878853,43.6476112],[-79.3876757,43.6471842],[-79.3876167,43.647197],[-79.387602,43.6471599],[-79.3874176,43.6472002],[-79.387431,43.6472349],[-79.3873753,43.647248],[-79.3874883,43.6475218],[-79.3874558,43.6475289],[-79.3875228,43.6476899],[-79.3878853,43.6476112]]]}},{"type":"Feature","properties":{"form":"other"},"geometry":{"type":"Polygon","coordinates":[[[-79.3875696,43.6469069],[-79.387629,43.646873],[-79.3875814,43.6468272],[-79.3875206,43.6468669],[-79.3875696,43.6469069]]]}},{"type":"Feature","properties":{"form":"other"},"geometry":{"type":"Polygon","coordinates":[[[-79.3870155,43.6460221],[-79.3870817,43.645988],[-79.3870654,43.6459581],[-79.3869845,43.645956],[-79.386981,43.6460057],[-79.3870155,43.6460221]]]}},{"type":"Feature","properties":{"form":"other"},"geometry":{"type":"Polygon","coordinates":[[[-79.3866407,43.6460837],[-79.3867236,43.646087],[-79.3867283,43.6460309],[-79.3866898,43.6460179],[-79.3866263,43.6460518],[-79.3866407,43.6460837]]]}},{"type":"Feature","properties":{"form":"apartments"},"geometry":{"type":"Polygon","coordinates":[[[-79.3918138,43.6397365],[-79.3917487,43.6395803],[-79.3905764,43.6398362],[-79.3906415,43.6399924],[-79.3918138,43.6397365]]]}},{"type":"Feature","properties":{"form":"apartments"},"geometry":{"type":"Polygon","coordinates":[[[-79.3866966,43.6640011],[-79.3866862,43.6639772],[-79.3867531,43.6639635],[-79.3867041,43.6638446],[-79.3866359,43.6638609],[-79.3866241,43.6638336],[-79.3863388,43.6638959],[-79.386412,43.664066],[-79.3866966,43.6640011]]]}},{"type":"Feature","properties":{"form":"apartments"},"geometry":{"type":"Polygon","coordinates":[[[-79.3925437,43.6486384],[-79.3931104,43.6483564],[-79.3930085,43.6481021],[-79.3927208,43.6481614],[-79.3927389,43.6482089],[-79.392396,43.6482834],[-79.3925437,43.6486384]]]}},{"type":"Feature","properties":{"form":"apartments"},"geometry":{"type":"Polygon","coordinates":[[[-79.3923774,43.6477467],[-79.3927141,43.64766],[-79.3927207,43.6476766],[-79.3928047,43.6476591],[-79.3927915,43.647626],[-79.39282,43.6476201],[-79.3927529,43.6474519],[-79.3922977,43.6475469],[-79.3923774,43.6477467]]]}},{"type":"Feature","properties":{"form":"apartments"},"geometry":{"type":"Polygon","coordinates":[[[-79.3927757,43.6468982],[-79.3929444,43.6468623],[-79.3929226,43.6468087],[-79.3932601,43.646737],[-79.3932028,43.6465957],[-79.3926966,43.6467033],[-79.3927757,43.6468982]]]}},{"type":"Feature","properties":{"form":"apartments"},"geometry":{"type":"Polygon","coordinates":[[[-79.3930197,43.6507372],[-79.3928071,43.6502319],[-79.3930966,43.6501681],[-79.3930304,43.6500146],[-79.3924604,43.6501391],[-79.3927385,43.6507991],[-79.3930197,43.6507372]]]}},{"type":"Feature","properties":{"form":"other"},"geometry":{"type":"Polygon","coordinates":[[[-79.3907589,43.6564857],[-79.3912215,43.6563834],[-79.391111,43.6561109],[-79.3910674,43.6561207],[-79.3910594,43.6561018],[-79.3906381,43.6561902],[-79.3907589,43.6564857]]]}},{"type":"Feature","properties":{"form":"apartments"},"geometry":{"type":"Polygon","coordinates":[[[-79.3960709,43.6703046],[-79.3958661,43.6698285],[-79.3957574,43.669853],[-79.3957444,43.6698229],[-79.3955551,43.6698655],[-79.3957605,43.6703426],[-79.3958873,43.670314],[-79.3958998,43.6703431],[-79.3960709,43.6703046]]]}},{"type":"Feature","properties":{"form":"apartments"},"geometry":{"type":"Polygon","coordinates":[[[-79.3997747,43.6591992],[-79.3997058,43.6590093],[-79.3998798,43.6589662],[-79.3998257,43.6588295],[-79.3999879,43.6587982],[-79.4000055,43.65884],[-79.400102,43.6588228],[-79.4001526,43.6589682],[-79.3999836,43.6590006],[-79.4000237,43.659154],[-79.3997747,43.6591992]]]}},{"type":"Feature","properties":{"form":"other"},"geometry":{"type":"Polygon","coordinates":[[[-79.399679,43.65937],[-79.399877,43.6593315],[-79.3998467,43.65925],[-79.3997971,43.6592597],[-79.3997577,43.6591533],[-79.3996093,43.6591822],[-79.399679,43.65937]]]}},{"type":"Feature","properties":{"form":"other"},"geometry":{"type":"Polygon","coordinates":[[[-79.3788468,43.6542152],[-79.3786821,43.6538086],[-79.3791156,43.6537167],[-79.3792808,43.6541246],[-79.3788468,43.6542152]]]}},{"type":"Feature","properties":{"form":"other"},"geometry":{"type":"Polygon","coordinates":[[[-79.3923153,43.6572571],[-79.392495,43.6572183],[-79.3924668,43.6571499],[-79.3922871,43.6571887],[-79.3923153,43.6572571]]]}},{"type":"Feature","properties":{"form":"apartments"},"geometry":{"type":"Polygon","coordinates":[[[-79.3913759,43.6562069],[-79.3917806,43.6561205],[-79.3917277,43.6559907],[-79.391166,43.6561106],[-79.3912292,43.6562655],[-79.3913861,43.656232],[-79.3913759,43.6562069]]]}},{"type":"Feature","properties":{"form":"apartments"},"geometry":{"type":"Polygon","coordinates":[[[-79.3910703,43.6559421],[-79.3909471,43.6556511],[-79.3910225,43.6556351],[-79.3910124,43.6556132],[-79.391372,43.655556],[-79.3913255,43.6554422],[-79.3917338,43.6553549],[-79.3917803,43.6554686],[-79.3914255,43.6555445],[-79.3915416,43.6558425],[-79.3910703,43.6559421]]]}},{"type":"Feature","properties":{"form":"other"},"geometry":{"type":"Polygon","coordinates":[[[-79.3739702,43.651261],[-79.3745865,43.6511291],[-79.3745961,43.651154],[-79.3746991,43.6511332],[-79.3745653,43.6507864],[-79.3743054,43.6508566],[-79.374315,43.6508804],[-79.3742432,43.650896],[-79.3743009,43.6510381],[-79.3739144,43.6511227],[-79.3739702,43.651261]]]}},{"type":"Feature","properties":{"form":"other"},"geometry":{"type":"Polygon","coordinates":[[[-79.3789773,43.6509118],[-79.3788157,43.6509464],[-79.3787644,43.6509264],[-79.378587,43.6504924],[-79.3791617,43.6503683],[-79.3792475,43.6505815],[-79.3788748,43.6506612],[-79.3789773,43.6509118]]]}},{"type":"Feature","properties":{"form":"other"},"geometry":{"type":"Polygon","coordinates":[[[-79.3791528,43.6401137],[-79.3791354,43.6400735],[-79.3790841,43.6400748],[-79.379023,43.6399801],[-79.3792836,43.6399116],[-79.3793264,43.640059],[-79.3791528,43.6401137]]]}},{"type":"Feature","properties":{"form":"other"},"geometry":{"type":"Polygon","coordinates":[[[-79.3914064,43.6452204],[-79.3914963,43.6454352],[-79.3912107,43.6454941],[-79.3911257,43.6452783],[-79.3914064,43.6452204]]]}},{"type":"Feature","properties":{"form":"apartments"},"geometry":{"type":"Polygon","coordinates":[[[-79.3914335,43.6510821],[-79.3910397,43.6511706],[-79.3909382,43.6509341],[-79.3913319,43.6508456],[-79.3914335,43.6510821]]]}},{"type":"Feature","properties":{"form":"apartments"},"geometry":{"type":"Polygon","coordinates":[[[-79.3909038,43.650877],[-79.39131,43.6507896],[-79.391236,43.6506097],[-79.3908298,43.6506972],[-79.3909038,43.650877]]]}},{"type":"Feature","properties":{"form":"apartments"},"geometry":{"type":"Polygon","coordinates":[[[-79.391969,43.650744],[-79.3916068,43.6508185],[-79.3914879,43.6505158],[-79.3918501,43.6504413],[-79.391969,43.650744]]]}},{"type":"Feature","properties":{"form":"houses"},"geometry":{"type":"Polygon","coordinates":[[[-79.3990862,43.6521751],[-79.3994497,43.6520964],[-79.3994383,43.6520728],[-79.3995469,43.6520494],[-79.3995302,43.6520076],[-79.39955,43.6520035],[-79.3994788,43.6518247],[-79.3993737,43.651846],[-79.3994233,43.6519946],[-79.399053,43.652076],[-79.3990862,43.6521751]]]}},{"type":"Feature","properties":{"form":"other"},"geometry":{"type":"Polygon","coordinates":[[[-79.3986529,43.6507571],[-79.3984763,43.6507912],[-79.3984415,43.6506969],[-79.3986182,43.6506628],[-79.3986529,43.6507571]]]}},{"type":"Feature","properties":{"form":"houses"},"geometry":{"type":"Polygon","coordinates":[[[-79.3991965,43.6505832],[-79.3991226,43.6504261],[-79.399188,43.65041],[-79.3990742,43.6501681],[-79.3989989,43.6501866],[-79.3989862,43.6501596],[-79.3987913,43.6502076],[-79.3988087,43.6502446],[-79.3986585,43.6502816],[-79.3987116,43.6503945],[-79.398856,43.650359],[-79.3988235,43.6502897],[-79.3989949,43.6502475],[-79.3990694,43.6504058],[-79.3990256,43.6504166],[-79.3991136,43.6506036],[-79.3991965,43.6505832]]]}},{"type":"Feature","properties":{"form":"houses"},"geometry":{"type":"Polygon","coordinates":[[[-79.4009066,43.6521662],[-79.4007506,43.6517758],[-79.4006405,43.6517988],[-79.4007967,43.6521892],[-79.4009066,43.6521662]]]}},{"type":"Feature","properties":{"form":"houses"},"geometry":{"type":"Polygon","coordinates":[[[-79.3995056,43.6510876],[-79.3994461,43.6509355],[-79.3995039,43.6509237],[-79.3994055,43.6506722],[-79.3989902,43.6507573],[-79.3990048,43.6507944],[-79.3988048,43.6508354],[-79.3987944,43.6508088],[-79.3986415,43.6508401],[-79.3986673,43.6509062],[-79.3987823,43.6508826],[-79.3987924,43.6509084],[-79.3991043,43.6508445],[-79.3990892,43.6508059],[-79.3993654,43.6507314],[-79.3993942,43.6508051],[-79.3993536,43.6508134],[-79.3993895,43.6509052],[-79.39935,43.6509132],[-79.3994247,43.6511042],[-79.3995056,43.6510876]]]}},{"type":"Feature","properties":{"form":"apartments"},"geometry":{"type":"Polygon","coordinates":[[[-79.4007152,43.6517276],[-79.3998732,43.6519063],[-79.3998583,43.6518695],[-79.3998231,43.6518769],[-79.3998094,43.6518431],[-79.3998447,43.6518356],[-79.3998201,43.6517748],[-79.4006621,43.6515953],[-79.4006858,43.651654],[-79.4007331,43.651644],[-79.4007486,43.6516823],[-79.4007009,43.6516924],[-79.4007152,43.6517276]]]}},{"type":"Feature","properties":{"form":"other"},"geometry":{"type":"Polygon","coordinates":[[[-79.3989786,43.6515396],[-79.3987873,43.6515745],[-79.3987341,43.6514219],[-79.3988954,43.6513925],[-79.3989198,43.6514625],[-79.3990622,43.6514365],[-79.3990841,43.6514993],[-79.3989717,43.6515198],[-79.3989786,43.6515396]]]}},{"type":"Feature","properties":{"form":"houses"},"geometry":{"type":"Polygon","coordinates":[[[-79.3993198,43.6516642],[-79.3993361,43.6517074],[-79.3996627,43.651643],[-79.399652,43.6516147],[-79.3999432,43.6515444],[-79.3999836,43.6516516],[-79.4000614,43.6516363],[-79.4000307,43.651555],[-79.4000047,43.6515601],[-79.3999816,43.6514988],[-79.3999398,43.651507],[-79.3999329,43.6514887],[-79.3998237,43.6515103],[-79.3998161,43.6514903],[-79.3991954,43.6516342],[-79.3992036,43.6516562],[-79.3991217,43.6516724],[-79.3991337,43.6517041],[-79.3991084,43.6517091],[-79.3991648,43.6518588],[-79.3992811,43.6518359],[-79.3992516,43.6517577],[-79.3992051,43.6517669],[-79.399177,43.6516923],[-79.3993198,43.6516642]]]}},{"type":"Feature","properties":{"form":"apartments"},"geometry":{"type":"Polygon","coordinates":[[[-79.4002339,43.6500718],[-79.3999136,43.6501372],[-79.3999312,43.6501825],[-79.3998291,43.6502034],[-79.3997644,43.6500371],[-79.4002479,43.6499384],[-79.4002796,43.6500198],[-79.4002185,43.6500322],[-79.4002339,43.6500718]]]}},{"type":"Feature","properties":{"form":"houses"},"geometry":{"type":"Polygon","coordinates":[[[-79.4004579,43.652072],[-79.4003909,43.6520859],[-79.4004029,43.6521166],[-79.3998718,43.6522261],[-79.3998389,43.6521424],[-79.4003938,43.6520279],[-79.4003725,43.6519739],[-79.4003231,43.6519841],[-79.4003053,43.6519387],[-79.400261,43.6519478],[-79.4002402,43.6518951],[-79.4003385,43.6518748],[-79.4003706,43.6519208],[-79.4004099,43.6519127],[-79.4004435,43.6519547],[-79.4004764,43.6520381],[-79.400447,43.6520442],[-79.4004579,43.652072]]]}},{"type":"Feature","properties":{"form":"houses"},"geometry":{"type":"Polygon","coordinates":[[[-79.3992014,43.6525243],[-79.3994271,43.6524782],[-79.3994069,43.6524265],[-79.3996061,43.6523858],[-79.3995855,43.652333],[-79.3998185,43.6522854],[-79.3997805,43.6521881],[-79.3995448,43.6522362],[-79.3995749,43.6523135],[-79.3993762,43.6523541],[-79.3993911,43.6523925],[-79.3991678,43.6524381],[-79.3992014,43.6525243]]]}},{"type":"Feature","properties":{"form":"other"},"geometry":{"type":"Polygon","coordinates":[[[-79.3994136,43.6505656],[-79.3995115,43.6505124],[-79.399637,43.6503463],[-79.3996186,43.6503397],[-79.3996493,43.6503042],[-79.399637,43.6502466],[-79.3995797,43.6500893],[-79.3994868,43.6501114],[-79.3995299,43.6502511],[-79.3995697,43.6502466],[-79.3995758,43.6502821],[-79.3994472,43.650477],[-79.3993524,43.6505346],[-79.3994136,43.6505656]]]}},{"type":"Feature","properties":{"form":"houses"},"geometry":{"type":"Polygon","coordinates":[[[-79.3990996,43.6519463],[-79.398987,43.6516334],[-79.3988782,43.6516571],[-79.3989182,43.651753],[-79.3988806,43.6517612],[-79.3989695,43.6519746],[-79.3990996,43.6519463]]]}},{"type":"Feature","properties":{"form":"apartments"},"geometry":{"type":"Polygon","coordinates":[[[-79.4000864,43.6504993],[-79.3999584,43.6501955],[-79.3997777,43.6502354],[-79.3999057,43.6505391],[-79.4000864,43.6504993]]]}},{"type":"Feature","properties":{"form":"other"},"geometry":{"type":"Polygon","coordinates":[[[-79.3986545,43.6504248],[-79.3984788,43.6504534],[-79.398449,43.6503781],[-79.3986218,43.6503423],[-79.3986545,43.6504248]]]}},{"type":"Feature","properties":{"form":"apartments"},"geometry":{"type":"Polygon","coordinates":[[[-79.4005932,43.6508401],[-79.3999703,43.6509677],[-79.399919,43.6508365],[-79.4004178,43.6507344],[-79.4002802,43.6503825],[-79.4004043,43.6503571],[-79.4005932,43.6508401]]]}},{"type":"Feature","properties":{"form":"houses"},"geometry":{"type":"Polygon","coordinates":[[[-79.3994061,43.6515332],[-79.3995398,43.6515046],[-79.3994908,43.6514247],[-79.3995863,43.6514043],[-79.3995593,43.651384],[-79.3995225,43.6512533],[-79.3994748,43.651216],[-79.3994741,43.6511715],[-79.3994547,43.6511756],[-79.3994363,43.6511305],[-79.3993989,43.6511385],[-79.3994109,43.6511677],[-79.3993458,43.6511817],[-79.3994467,43.6514282],[-79.3993699,43.6514447],[-79.3994061,43.6515332]]]}},{"type":"Feature","properties":{"form":"apartments"},"geometry":{"type":"Polygon","coordinates":[[[-79.450477,43.6584159],[-79.4503013,43.6584535],[-79.4502705,43.6584798],[-79.4502212,43.6584689],[-79.4500046,43.6585156],[-79.4499651,43.6584141],[-79.4500626,43.6583921],[-79.4500418,43.6583397],[-79.4500809,43.6583323],[-79.4499,43.6578835],[-79.4500186,43.6578603],[-79.4500431,43.6578817],[-79.4501089,43.6580404],[-79.4501826,43.6580258],[-79.4502262,43.6581277],[-79.4502604,43.6581189],[-79.4503275,43.6582786],[-79.4503623,43.6582708],[-79.4503837,43.6583266],[-79.450464,43.6583083],[-79.4504901,43.6583363],[-79.4505116,43.6583903],[-79.4504707,43.6583983],[-79.450477,43.6584159]]]}},{"type":"Feature","properties":{"form":"apartments"},"geometry":{"type":"Polygon","coordinates":[[[-79.3929628,43.6857447],[-79.3925576,43.6858379],[-79.3923249,43.6852514],[-79.3927237,43.6851663],[-79.3929628,43.6857447]]]}},{"type":"Feature","properties":{"form":"other"},"geometry":{"type":"Polygon","coordinates":[[[-79.3938164,43.6858423],[-79.3939817,43.6857911],[-79.3940867,43.6860417],[-79.3939156,43.6860792],[-79.3938164,43.6858423]]]}},{"type":"Feature","properties":{"form":"other"},"geometry":{"type":"Polygon","coordinates":[[[-79.3435125,43.6519119],[-79.3430926,43.6513855],[-79.3424466,43.6516553],[-79.3428318,43.6521383],[-79.3430115,43.6520632],[-79.3430462,43.6521067],[-79.3435125,43.6519119]]]}},{"type":"Feature","properties":{"form":"apartments"},"geometry":{"type":"Polygon","coordinates":[[[-79.3958307,43.6747612],[-79.3952134,43.6748881],[-79.3951309,43.6746736],[-79.3955564,43.6745903],[-79.3954919,43.6744938],[-79.3953854,43.6742319],[-79.3956997,43.6741667],[-79.3958049,43.6744286],[-79.3958165,43.6745179],[-79.3957635,43.6745295],[-79.3958625,43.6747269],[-79.3958307,43.6747612]]]}},{"type":"Feature","properties":{"form":"other"},"geometry":{"type":"Polygon","coordinates":[[[-79.381614,43.6730526],[-79.3813124,43.6723263],[-79.3808384,43.6724293],[-79.3811402,43.6731556],[-79.381614,43.6730526]]]}},{"type":"Feature","properties":{"form":"other"},"geometry":{"type":"Polygon","coordinates":[[[-79.3631861,43.6599152],[-79.3636544,43.6598227],[-79.3635976,43.6596878],[-79.3635105,43.6597063],[-79.3634358,43.659524],[-79.3635221,43.6595052],[-79.3634603,43.6593591],[-79.3629226,43.6594839],[-79.363089,43.6599108],[-79.3631753,43.6598907],[-79.3631861,43.6599152]]]}},{"type":"Feature","properties":{"form":"other"},"geometry":{"type":"Polygon","coordinates":[[[-79.4435449,43.6565946],[-79.4436659,43.6565736],[-79.4436534,43.656536],[-79.4442035,43.6564404],[-79.4441702,43.6563401],[-79.4434991,43.6564569],[-79.4435449,43.6565946]]]}},{"type":"Feature","properties":{"form":"apartments"},"geometry":{"type":"Polygon","coordinates":[[[-79.4524009,43.655654],[-79.4528161,43.6555676],[-79.4527804,43.6554319],[-79.452365,43.6555188],[-79.4524009,43.655654]]]}},{"type":"Feature","properties":{"form":"apartments"},"geometry":{"type":"Polygon","coordinates":[[[-79.4436614,43.6569661],[-79.4446591,43.6567677],[-79.444549,43.6564778],[-79.4443885,43.6565097],[-79.4444474,43.6566649],[-79.4436102,43.6568313],[-79.4436614,43.6569661]]]}},{"type":"Feature","properties":{"form":"other"},"geometry":{"type":"Polygon","coordinates":[[[-79.4372084,43.6573681],[-79.4369282,43.6566506],[-79.4370309,43.6566296],[-79.4373113,43.6573471],[-79.4372084,43.6573681]]]}},{"type":"Feature","properties":{"form":"houses"},"geometry":{"type":"Polygon","coordinates":[[[-79.4264362,43.6410451],[-79.4261357,43.640281],[-79.4263017,43.640249],[-79.4266248,43.6410705],[-79.4265706,43.6410934],[-79.4264867,43.6410672],[-79.4264768,43.6410359],[-79.4264362,43.6410451]]]}},{"type":"Feature","properties":{"form":"houses"},"geometry":{"type":"Polygon","coordinates":[[[-79.4263022,43.640987],[-79.4260352,43.6402952],[-79.4258554,43.6403316],[-79.4260872,43.6409316],[-79.426147,43.6409194],[-79.4261657,43.6409677],[-79.4263022,43.640987]]]}},{"type":"Feature","properties":{"form":"houses"},"geometry":{"type":"Polygon","coordinates":[[[-79.4259492,43.6408937],[-79.4257443,43.6403479],[-79.4255545,43.6403852],[-79.4257246,43.6408386],[-79.4257937,43.640825],[-79.4258089,43.6408655],[-79.4259492,43.6408937]]]}},{"type":"Feature","properties":{"form":"houses"},"geometry":{"type":"Polygon","coordinates":[[[-79.4255988,43.6408119],[-79.425449,43.6404247],[-79.4252712,43.6404619],[-79.4253831,43.640761],[-79.425449,43.6407486],[-79.4254634,43.6407904],[-79.4255988,43.6408119]]]}},{"type":"Feature","properties":{"form":"houses"},"geometry":{"type":"Polygon","coordinates":[[[-79.4262726,43.6402003],[-79.4261353,43.6398205],[-79.4259662,43.6398526],[-79.4261036,43.6402323],[-79.4262726,43.6402003]]]}},{"type":"Feature","properties":{"form":"apartments"},"geometry":{"type":"Polygon","coordinates":[[[-79.4057106,43.6367734],[-79.4054717,43.6368002],[-79.4054659,43.6367314],[-79.4054253,43.6367205],[-79.4054427,43.6366281],[-79.4054612,43.6366289],[-79.4054891,43.6365433],[-79.4055459,43.6364686],[-79.4056364,43.6364157],[-79.4057663,43.6363989],[-79.4057106,43.6367734]]]}},{"type":"Feature","properties":{"form":"apartments"},"geometry":{"type":"Polygon","coordinates":[[[-79.4153713,43.6420159],[-79.4166742,43.6417525],[-79.4164828,43.6412565],[-79.4159195,43.6413704],[-79.4159595,43.6414739],[-79.4157849,43.6415092],[-79.4157445,43.6414048],[-79.4151795,43.641519],[-79.4153713,43.6420159]]]}},{"type":"Feature","properties":{"form":"houses"},"geometry":{"type":"Polygon","coordinates":[[[-79.4264771,43.640104],[-79.4270388,43.639993],[-79.4269967,43.6398815],[-79.4264351,43.6399925],[-79.4264771,43.640104]]]}},{"type":"Feature","properties":{"form":"houses"},"geometry":{"type":"Polygon","coordinates":[[[-79.4265534,43.640322],[-79.4271205,43.6402067],[-79.427074,43.6400868],[-79.4265069,43.6402022],[-79.4265534,43.640322]]]}},{"type":"Feature","properties":{"form":"houses"},"geometry":{"type":"Polygon","coordinates":[[[-79.426639,43.6405373],[-79.4272035,43.6404226],[-79.4271573,43.6403034],[-79.4265928,43.6404181],[-79.426639,43.6405373]]]}},{"type":"Feature","properties":{"form":"houses"},"geometry":{"type":"Polygon","coordinates":[[[-79.426711,43.6407512],[-79.4272845,43.6406355],[-79.4272383,43.6405155],[-79.4266648,43.6406313],[-79.426711,43.6407512]]]}},{"type":"Feature","properties":{"form":"houses"},"geometry":{"type":"Polygon","coordinates":[[[-79.4263839,43.6398943],[-79.4269601,43.6397802],[-79.4269155,43.6396624],[-79.4263394,43.6397764],[-79.4263839,43.6398943]]]}},{"type":"Feature","properties":{"form":"apartments"},"geometry":{"type":"Polygon","coordinates":[[[-79.4039395,43.6457844],[-79.4039507,43.6457544],[-79.4038517,43.6455278],[-79.4035976,43.6455659],[-79.4035768,43.6455902],[-79.4036663,43.6458168],[-79.4037031,43.6458318],[-79.4039395,43.6457844]]]}},{"type":"Feature","properties":{"form":"apartments"},"geometry":{"type":"Polygon","coordinates":[[[-79.4058493,43.6435978],[-79.405779,43.6434186],[-79.4054235,43.6434916],[-79.4054938,43.6436708],[-79.4058493,43.6435978]]]}},{"type":"Feature","properties":{"form":"other"},"geometry":{"type":"Polygon","coordinates":[[[-79.4227864,43.6312338],[-79.423162,43.6311328],[-79.4231259,43.6310626],[-79.4230663,43.6310786],[-79.4229901,43.6310282],[-79.4229615,43.6310358],[-79.4229482,43.6310099],[-79.4228352,43.6310403],[-79.4228503,43.6310696],[-79.4228235,43.6310768],[-79.422811,43.6311493],[-79.4227513,43.6311654],[-79.4227864,43.6312338]]]}},{"type":"Feature","properties":{"form":"other"},"geometry":{"type":"Polygon","coordinates":[[[-79.4245427,43.6310592],[-79.4244656,43.6309059],[-79.4245699,43.6308784],[-79.4246471,43.6310317],[-79.4245427,43.6310592]]]}},{"type":"Feature","properties":{"form":"other"},"geometry":{"type":"Polygon","coordinates":[[[-79.4242337,43.6330388],[-79.4242339,43.6330755],[-79.4241993,43.6330991],[-79.424119,43.6330759],[-79.424116,43.6330386],[-79.4241517,43.6330153],[-79.4242337,43.6330388]]]}},{"type":"Feature","properties":{"form":"apartments"},"geometry":{"type":"Polygon","coordinates":[[[-79.3729831,43.6558777],[-79.3733431,43.6558032],[-79.3732639,43.6555919],[-79.3728968,43.6556695],[-79.3729831,43.6558777]]]}},{"type":"Feature","properties":{"form":"apartments"},"geometry":{"type":"Polygon","coordinates":[[[-79.3912982,43.641659],[-79.3914861,43.6416186],[-79.3914946,43.6416402],[-79.3916779,43.6415853],[-79.3915321,43.6412072],[-79.3914878,43.6412174],[-79.3914511,43.6411221],[-79.3913273,43.6411481],[-79.3913396,43.6411796],[-79.3912971,43.6411891],[-79.3913531,43.6414374],[-79.3911907,43.6415562],[-79.3912144,43.6415769],[-79.3912567,43.6415681],[-79.3912982,43.641659]]]}},{"type":"Feature","properties":{"form":"other"},"geometry":{"type":"Polygon","coordinates":[[[-79.4018987,43.6656398],[-79.4018349,43.6656639],[-79.4017827,43.6654986],[-79.4018069,43.6654936],[-79.4017996,43.6654751],[-79.4018308,43.6654687],[-79.4018987,43.6656398]]]}},{"type":"Feature","properties":{"form":"other"},"geometry":{"type":"Polygon","coordinates":[[[-79.4020517,43.6656125],[-79.402118,43.6655979],[-79.4020407,43.6654441],[-79.4019859,43.6654561],[-79.4020517,43.6656125]]]}},{"type":"Feature","properties":{"form":"other"},"geometry":{"type":"Polygon","coordinates":[[[-79.4023565,43.6655533],[-79.4024264,43.6655382],[-79.4023408,43.6653589],[-79.4022816,43.6653716],[-79.4023565,43.6655533]]]}},{"type":"Feature","properties":{"form":"other"},"geometry":{"type":"Polygon","coordinates":[[[-79.4015788,43.6657161],[-79.4015002,43.6655205],[-79.4015921,43.6655256],[-79.4016413,43.6656068],[-79.4016251,43.6656102],[-79.4016607,43.6656989],[-79.4015788,43.6657161]]]}},{"type":"Feature","properties":{"form":"other"},"geometry":{"type":"Polygon","coordinates":[[[-79.4011395,43.6652359],[-79.4009532,43.6652725],[-79.4009302,43.6652115],[-79.4011147,43.6651753],[-79.4011395,43.6652359]]]}},{"type":"Feature","properties":{"form":"other"},"geometry":{"type":"Polygon","coordinates":[[[-79.401978,43.664699],[-79.402054,43.6646992],[-79.4020119,43.6645946],[-79.4019419,43.6646093],[-79.401978,43.664699]]]}},{"type":"Feature","properties":{"form":"other"},"geometry":{"type":"Polygon","coordinates":[[[-79.3852892,43.6657617],[-79.3850553,43.6658139],[-79.3850263,43.6657465],[-79.3852599,43.6656937],[-79.3852892,43.6657617]]]}},{"type":"Feature","properties":{"form":"other"},"geometry":{"type":"Polygon","coordinates":[[[-79.3858443,43.6657924],[-79.385647,43.6653117],[-79.3856142,43.6652926],[-79.3853458,43.6653525],[-79.385354,43.6653733],[-79.3853272,43.6653792],[-79.3854099,43.6655878],[-79.3852329,43.6656277],[-79.3853493,43.6659018],[-79.3858443,43.6657924]]]}},{"type":"Feature","properties":{"form":"other"},"geometry":{"type":"Polygon","coordinates":[[[-79.3852599,43.6656937],[-79.3850263,43.6657465],[-79.384998,43.6656803],[-79.3852329,43.6656277],[-79.3852599,43.6656937]]]}},{"type":"Feature","properties":{"form":"apartments"},"geometry":{"type":"Polygon","coordinates":[[[-79.3850731,43.6664756],[-79.384745,43.6665698],[-79.3846764,43.6664106],[-79.3844578,43.6664572],[-79.384303,43.6661006],[-79.3848527,43.6659517],[-79.3848886,43.6660391],[-79.3848646,43.6660447],[-79.3848958,43.666055],[-79.3849811,43.666261],[-79.3849593,43.6662662],[-79.3849888,43.6662782],[-79.3850731,43.6664756]]]}},{"type":"Feature","properties":{"form":"other"},"geometry":{"type":"Polygon","coordinates":[[[-79.3846678,43.6665817],[-79.3844495,43.6666215],[-79.3843918,43.6664868],[-79.3844443,43.6664751],[-79.3844625,43.6665174],[-79.3844944,43.6665102],[-79.3844733,43.666461],[-79.3845383,43.6664464],[-79.3845613,43.6665],[-79.3846265,43.6664854],[-79.3846678,43.6665817]]]}},{"type":"Feature","properties":{"form":"apartments"},"geometry":{"type":"Polygon","coordinates":[[[-79.3792878,43.6535183],[-79.3795461,43.6534118],[-79.3795061,43.6533535],[-79.3795285,43.6533485],[-79.379481,43.6532367],[-79.3788882,43.6533616],[-79.3789727,43.653595],[-79.3790752,43.6535508],[-79.3792878,43.6535183]]]}},{"type":"Feature","properties":{"form":"apartments"},"geometry":{"type":"Polygon","coordinates":[[[-79.3989306,43.6439497],[-79.3988235,43.6436738],[-79.3988846,43.6436614],[-79.3987741,43.6433768],[-79.3986415,43.6434038],[-79.3986587,43.6434479],[-79.3986217,43.6434554],[-79.3987581,43.6438067],[-79.3987286,43.6438127],[-79.3987927,43.6439777],[-79.3989306,43.6439497]]]}},{"type":"Feature","properties":{"form":"other"},"geometry":{"type":"Polygon","coordinates":[[[-79.3965817,43.6440813],[-79.3965966,43.644077],[-79.3965778,43.6440303],[-79.3965962,43.6440265],[-79.3965494,43.6439079],[-79.3967403,43.6438685],[-79.3967956,43.6440089],[-79.3967678,43.6440147],[-79.3967997,43.6440955],[-79.3967456,43.6441067],[-79.3967746,43.644227],[-79.39665,43.6442527],[-79.3965817,43.6440813]]]}},{"type":"Feature","properties":{"form":"apartments"},"geometry":{"type":"Polygon","coordinates":[[[-79.3972345,43.6441494],[-79.3970704,43.643722],[-79.3967574,43.643785],[-79.396867,43.6440705],[-79.3969921,43.6440453],[-79.3970466,43.6441872],[-79.3972345,43.6441494]]]}},{"type":"Feature","properties":{"form":"other"},"geometry":{"type":"Polygon","coordinates":[[[-79.3995609,43.6435302],[-79.3993429,43.6435558],[-79.3993258,43.6435071],[-79.3994161,43.6434905],[-79.399402,43.6434503],[-79.3994614,43.6434393],[-79.3994768,43.6434832],[-79.3995402,43.6434715],[-79.3995609,43.6435302]]]}},{"type":"Feature","properties":{"form":"apartments"},"geometry":{"type":"Polygon","coordinates":[[[-79.3991049,43.6434952],[-79.3993061,43.6434644],[-79.3992952,43.643436],[-79.3995056,43.6434083],[-79.3994459,43.6432536],[-79.399324,43.6432776],[-79.3993105,43.6432398],[-79.3990277,43.6432987],[-79.3991049,43.6434952]]]}},{"type":"Feature","properties":{"form":"houses"},"geometry":{"type":"Polygon","coordinates":[[[-79.3975608,43.6419673],[-79.3973894,43.6420013],[-79.3973542,43.6419324],[-79.3975133,43.6418744],[-79.3975608,43.6419673]]]}},{"type":"Feature","properties":{"form":"other"},"geometry":{"type":"Polygon","coordinates":[[[-79.3977089,43.6419716],[-79.3976796,43.6419109],[-79.3978037,43.6418796],[-79.3977726,43.6418152],[-79.3979265,43.6417764],[-79.3979616,43.6418494],[-79.3979924,43.6418416],[-79.3980175,43.6418938],[-79.3977089,43.6419716]]]}},{"type":"Feature","properties":{"form":"apartments"},"geometry":{"type":"Polygon","coordinates":[[[-79.4224179,43.6821882],[-79.4223286,43.6819539],[-79.422195,43.6819805],[-79.4222344,43.682084],[-79.4223378,43.6820634],[-79.4223468,43.682087],[-79.4222511,43.682106],[-79.422292,43.6822133],[-79.4224179,43.6821882]]]}},{"type":"Feature","properties":{"form":"apartments"},"geometry":{"type":"Polygon","coordinates":[[[-79.4221282,43.6822505],[-79.4219924,43.6822792],[-79.4218943,43.6820367],[-79.4220301,43.682008],[-79.4221282,43.6822505]]]}},{"type":"Feature","properties":{"form":"apartments"},"geometry":{"type":"Polygon","coordinates":[[[-79.4222737,43.6822254],[-79.4222093,43.6820558],[-79.4220831,43.6820701],[-79.4221513,43.6822497],[-79.4222737,43.6822254]]]}},{"type":"Feature","properties":{"form":"apartments"},"geometry":{"type":"Polygon","coordinates":[[[-79.4219776,43.6822784],[-79.4218974,43.6821251],[-79.4219167,43.682121],[-79.4219009,43.6820825],[-79.4217816,43.682108],[-79.4217969,43.6821455],[-79.4218162,43.6821414],[-79.4218654,43.6823024],[-79.4219776,43.6822784]]]}},{"type":"Feature","properties":{"form":"apartments"},"geometry":{"type":"Polygon","coordinates":[[[-79.422609,43.6821585],[-79.422525,43.6819583],[-79.4226397,43.6819342],[-79.4226656,43.6819979],[-79.4226485,43.6820015],[-79.4227186,43.6821352],[-79.422609,43.6821585]]]}},{"type":"Feature","properties":{"form":"apartments"},"geometry":{"type":"Polygon","coordinates":[[[-79.4099101,43.6854181],[-79.4096601,43.6854741],[-79.4095217,43.6851365],[-79.4100427,43.6850204],[-79.4101404,43.6852485],[-79.4099461,43.6852915],[-79.4099676,43.685344],[-79.4098883,43.6853609],[-79.4099101,43.6854181]]]}},{"type":"Feature","properties":{"form":"apartments"},"geometry":{"type":"Polygon","coordinates":[[[-79.398313,43.6755839],[-79.3982428,43.6755977],[-79.3982533,43.6756256],[-79.3981034,43.675655],[-79.3980902,43.6756197],[-79.3980172,43.675634],[-79.3979597,43.6754806],[-79.3982527,43.6754231],[-79.398313,43.6755839]]]}},{"type":"Feature","properties":{"form":"other"},"geometry":{"type":"Polygon","coordinates":[[[-79.3900386,43.6694777],[-79.390202,43.6694446],[-79.3899884,43.6689259],[-79.389829,43.6689645],[-79.3900386,43.6694777]]]}},{"type":"Feature","properties":{"form":"apartments"},"geometry":{"type":"Polygon","coordinates":[[[-79.3907928,43.668583],[-79.3911287,43.6685123],[-79.391084,43.668401],[-79.3907481,43.6684717],[-79.3907928,43.668583]]]}},{"type":"Feature","properties":{"form":"apartments"},"geometry":{"type":"Polygon","coordinates":[[[-79.3951482,43.6686185],[-79.3954969,43.6685409],[-79.3956443,43.6688429],[-79.3956194,43.6688495],[-79.395697,43.6690587],[-79.3953589,43.6691293],[-79.3951482,43.6686185]]]}},{"type":"Feature","properties":{"form":"apartments"},"geometry":{"type":"Polygon","coordinates":[[[-79.3915963,43.6431868],[-79.3916478,43.6431691],[-79.3916294,43.6431521],[-79.3916765,43.6431218],[-79.3916478,43.6430286],[-79.3915963,43.6429845],[-79.3916176,43.642961],[-79.3914921,43.6429006],[-79.3913788,43.6428813],[-79.391294,43.6428812],[-79.3912143,43.6429243],[-79.3912227,43.6430043],[-79.3912985,43.6430976],[-79.3912786,43.6431149],[-79.391411,43.6431734],[-79.3915963,43.6431868]]]}},{"type":"Feature","properties":{"form":"apartments"},"geometry":{"type":"Polygon","coordinates":[[[-79.3920821,43.6430508],[-79.3921855,43.6429786],[-79.3922448,43.6428816],[-79.3922157,43.6428748],[-79.3922335,43.6427893],[-79.3921938,43.642725],[-79.392145,43.6426905],[-79.3920739,43.6426798],[-79.3919208,43.6427518],[-79.3918437,43.6428901],[-79.3918818,43.6428959],[-79.3918975,43.6430316],[-79.3919719,43.6430659],[-79.3920821,43.6430508]]]}},{"type":"Feature","properties":{"form":"other"},"geometry":{"type":"Polygon","coordinates":[[[-79.4143804,43.6845644],[-79.4143377,43.684406],[-79.4143091,43.6843872],[-79.4140811,43.6844443],[-79.4141189,43.6845457],[-79.4142701,43.6845162],[-79.4142943,43.6845812],[-79.4143804,43.6845644]]]}},{"type":"Feature","properties":{"form":"other"},"geometry":{"type":"Polygon","coordinates":[[[-79.4147153,43.6844071],[-79.4144497,43.6844389],[-79.4143933,43.684294],[-79.4143402,43.6843048],[-79.414322,43.684258],[-79.4143733,43.6842476],[-79.4143564,43.6842041],[-79.4146413,43.6841331],[-79.4147153,43.6844071]]]}},{"type":"Feature","properties":{"form":"apartments"},"geometry":{"type":"Polygon","coordinates":[[[-79.4189796,43.6863342],[-79.4188534,43.6860446],[-79.4192454,43.6859553],[-79.4192997,43.6860798],[-79.4191111,43.6861315],[-79.4191796,43.6862886],[-79.4189796,43.6863342]]]}},{"type":"Feature","properties":{"form":"apartments"},"geometry":{"type":"Polygon","coordinates":[[[-79.4227564,43.6826101],[-79.4226816,43.6824347],[-79.4225646,43.6824608],[-79.4226393,43.6826362],[-79.4227564,43.6826101]]]}},{"type":"Feature","properties":{"form":"other"},"geometry":{"type":"Polygon","coordinates":[[[-79.4194737,43.6827417],[-79.4196456,43.6826979],[-79.4196575,43.682684],[-79.4195032,43.6825733],[-79.4194737,43.6827417]]]}},{"type":"Feature","properties":{"form":"other"},"geometry":{"type":"Polygon","coordinates":[[[-79.3901057,43.6597614],[-79.3900507,43.6596411],[-79.3899885,43.659656],[-79.3900436,43.6597763],[-79.3901057,43.6597614]]]}},{"type":"Feature","properties":{"form":"other"},"geometry":{"type":"Polygon","coordinates":[[[-79.3901315,43.6601068],[-79.3899892,43.6601408],[-79.3899645,43.6600864],[-79.3901076,43.6600542],[-79.3901315,43.6601068]]]}},{"type":"Feature","properties":{"form":"other"},"geometry":{"type":"Polygon","coordinates":[[[-79.3991127,43.6305074],[-79.3992466,43.6304352],[-79.3992638,43.6303448],[-79.3991831,43.6302915],[-79.3991011,43.6302827],[-79.3989704,43.6303327],[-79.398966,43.6303601],[-79.3991127,43.6305074]]]}},{"type":"Feature","properties":{"form":"other"},"geometry":{"type":"Polygon","coordinates":[[[-79.4050967,43.6421581],[-79.4050612,43.6421441],[-79.4049087,43.6421827],[-79.4050126,43.6424451],[-79.4052055,43.6424051],[-79.4050967,43.6421581]]]}},{"type":"Feature","properties":{"form":"other"},"geometry":{"type":"Polygon","coordinates":[[[-79.4057545,43.6425806],[-79.4056598,43.6423444],[-79.4054926,43.6423795],[-79.4055873,43.6426157],[-79.4057545,43.6425806]]]}},{"type":"Feature","properties":{"form":"other"},"geometry":{"type":"Polygon","coordinates":[[[-79.4055529,43.6429009],[-79.405229,43.6429679],[-79.4051784,43.6428396],[-79.4055022,43.6427726],[-79.4055529,43.6429009]]]}},{"type":"Feature","properties":{"form":"other"},"geometry":{"type":"Polygon","coordinates":[[[-79.4054263,43.6426446],[-79.4051197,43.6427028],[-79.4050426,43.6424903],[-79.4053493,43.6424321],[-79.4054263,43.6426446]]]}},{"type":"Feature","properties":{"form":"other"},"geometry":{"type":"Polygon","coordinates":[[[-79.4028396,43.6434469],[-79.4028642,43.6435029],[-79.402721,43.6435343],[-79.402822,43.643773],[-79.4030045,43.6437216],[-79.4028875,43.6434367],[-79.4028396,43.6434469]]]}},{"type":"Feature","properties":{"form":"other"},"geometry":{"type":"Polygon","coordinates":[[[-79.4111174,43.6364992],[-79.4107305,43.6364028],[-79.410662,43.6365468],[-79.4110122,43.636634],[-79.4110244,43.6366084],[-79.4110611,43.6366176],[-79.4111174,43.6364992]]]}},{"type":"Feature","properties":{"form":"apartments"},"geometry":{"type":"Polygon","coordinates":[[[-79.4103038,43.64168],[-79.4101113,43.6411582],[-79.4097986,43.6412186],[-79.4099911,43.6417404],[-79.4103038,43.64168]]]}},{"type":"Feature","properties":{"form":"other"},"geometry":{"type":"Polygon","coordinates":[[[-79.4144045,43.6388714],[-79.414567,43.6388445],[-79.4145424,43.6386779],[-79.4143779,43.6386906],[-79.4144045,43.6388714]]]}},{"type":"Feature","properties":{"form":"other"},"geometry":{"type":"Polygon","coordinates":[[[-79.4022394,43.641289],[-79.4019086,43.6413537],[-79.4018984,43.6413264],[-79.4019257,43.641321],[-79.4019187,43.6413023],[-79.4018506,43.6413157],[-79.4018009,43.6411826],[-79.4020996,43.6411241],[-79.4021472,43.6412513],[-79.40222,43.6412371],[-79.4022394,43.641289]]]}},{"type":"Feature","properties":{"form":"other"},"geometry":{"type":"Polygon","coordinates":[[[-79.4193341,43.6417354],[-79.419667,43.6416665],[-79.4197005,43.6417502],[-79.4193679,43.6418199],[-79.4193341,43.6417354]]]}},{"type":"Feature","properties":{"form":"other"},"geometry":{"type":"Polygon","coordinates":[[[-79.4067663,43.6434761],[-79.4065836,43.6435138],[-79.4064854,43.6432648],[-79.4066681,43.6432271],[-79.4067663,43.6434761]]]}},{"type":"Feature","properties":{"form":"other"},"geometry":{"type":"Polygon","coordinates":[[[-79.4061364,43.6434284],[-79.4060994,43.6434361],[-79.4061648,43.6436015],[-79.4059032,43.6436556],[-79.405804,43.6434047],[-79.4061026,43.6433429],[-79.4061364,43.6434284]]]}},{"type":"Feature","properties":{"form":"other"},"geometry":{"type":"Polygon","coordinates":[[[-79.4083016,43.6431769],[-79.4082125,43.6429294],[-79.4079666,43.6429719],[-79.407947,43.6430016],[-79.4081537,43.6432066],[-79.4083016,43.6431769]]]}},{"type":"Feature","properties":{"form":"other"},"geometry":{"type":"Polygon","coordinates":[[[-79.4089947,43.6430067],[-79.4089163,43.6428984],[-79.4088325,43.6429165],[-79.4087933,43.6428082],[-79.4082125,43.6429294],[-79.4082731,43.6430841],[-79.4083283,43.6430751],[-79.4083105,43.6430067],[-79.4083354,43.6429977],[-79.4083622,43.6430712],[-79.4084513,43.6430506],[-79.4084441,43.6430312],[-79.4085617,43.6430261],[-79.4085564,43.6429964],[-79.4085831,43.6429874],[-79.408592,43.6430171],[-79.4087898,43.6429939],[-79.4088111,43.6430441],[-79.4089947,43.6430067]]]}},{"type":"Feature","properties":{"form":"other"},"geometry":{"type":"Polygon","coordinates":[[[-79.4087188,43.6433271],[-79.4083357,43.6434096],[-79.4083143,43.6433451],[-79.4082751,43.6433542],[-79.408252,43.6433065],[-79.4086297,43.6432265],[-79.4087188,43.6433271]]]}},{"type":"Feature","properties":{"form":"other"},"geometry":{"type":"Polygon","coordinates":[[[-79.4085964,43.6432336],[-79.408505,43.6431363],[-79.4081537,43.6432066],[-79.408252,43.6433065],[-79.4085964,43.6432336]]]}},{"type":"Feature","properties":{"form":"other"},"geometry":{"type":"Polygon","coordinates":[[[-79.4030716,43.6411127],[-79.402411,43.6412567],[-79.4023651,43.6410875],[-79.4030309,43.6409423],[-79.4030447,43.6409754],[-79.403017,43.6409814],[-79.4030716,43.6411127]]]}},{"type":"Feature","properties":{"form":"other"},"geometry":{"type":"Polygon","coordinates":[[[-79.4213449,43.639057],[-79.4213911,43.6391834],[-79.421165,43.6392267],[-79.4211761,43.639257],[-79.4210392,43.6392832],[-79.4209819,43.6391265],[-79.4213449,43.639057]]]}},{"type":"Feature","properties":{"form":"other"},"geometry":{"type":"Polygon","coordinates":[[[-79.4195684,43.6375096],[-79.4193301,43.6368891],[-79.4190767,43.6369401],[-79.419315,43.6375606],[-79.4195684,43.6375096]]]}},{"type":"Feature","properties":{"form":"apartments"},"geometry":{"type":"Polygon","coordinates":[[[-79.4190403,43.6391686],[-79.4191461,43.6394612],[-79.4197316,43.6393504],[-79.419463,43.6386234],[-79.419171,43.6386831],[-79.4192545,43.6389117],[-79.4189674,43.6389704],[-79.4188802,43.6387423],[-79.4181677,43.6388835],[-79.4181087,43.6389322],[-79.4186688,43.6392457],[-79.4190403,43.6391686]]]}},{"type":"Feature","properties":{"form":"other"},"geometry":{"type":"Polygon","coordinates":[[[-79.3983678,43.6341769],[-79.3985059,43.6341447],[-79.3984677,43.6340125],[-79.3984484,43.634017],[-79.3984219,43.6339576],[-79.3982847,43.6339896],[-79.3983106,43.6340478],[-79.3982894,43.6340528],[-79.3983678,43.6341769]]]}},{"type":"Feature","properties":{"form":"other"},"geometry":{"type":"Polygon","coordinates":[[[-79.404935,43.6392936],[-79.4050689,43.6392185],[-79.4050209,43.6391736],[-79.4048869,43.6392488],[-79.404935,43.6392936]]]}},{"type":"Feature","properties":{"form":"other"},"geometry":{"type":"Polygon","coordinates":[[[-79.40445,43.6389745],[-79.4042652,43.6387226],[-79.4041858,43.6387531],[-79.4043706,43.639005],[-79.40445,43.6389745]]]}},{"type":"Feature","properties":{"form":"other"},"geometry":{"type":"Polygon","coordinates":[[[-79.4046116,43.6392573],[-79.4048094,43.6390513],[-79.4047139,43.6390033],[-79.4045162,43.6392093],[-79.4046116,43.6392573]]]}},{"type":"Feature","properties":{"form":"other"},"geometry":{"type":"Polygon","coordinates":[[[-79.4042272,43.6386719],[-79.4040441,43.6384276],[-79.4039641,43.638459],[-79.4041472,43.6387033],[-79.4042272,43.6386719]]]}},{"type":"Feature","properties":{"form":"other"},"geometry":{"type":"Polygon","coordinates":[[[-79.3919431,43.6401159],[-79.3915588,43.640204],[-79.3915249,43.6401267],[-79.3916882,43.6401076],[-79.3918711,43.6400489],[-79.391916,43.6400541],[-79.3919431,43.6401159]]]}},{"type":"Feature","properties":{"form":"other"},"geometry":{"type":"Polygon","coordinates":[[[-79.4066221,43.6399587],[-79.4064632,43.639967],[-79.406457,43.6399051],[-79.406616,43.6398968],[-79.4066221,43.6399587]]]}},{"type":"Feature","properties":{"form":"other"},"geometry":{"type":"Polygon","coordinates":[[[-79.4064257,43.6399507],[-79.4063166,43.6399558],[-79.4063124,43.6399095],[-79.4064215,43.6399043],[-79.4064257,43.6399507]]]}},{"type":"Feature","properties":{"form":"apartments"},"geometry":{"type":"Polygon","coordinates":[[[-79.4025964,43.6424771],[-79.402372,43.6419157],[-79.402101,43.6419724],[-79.4023254,43.6425339],[-79.4025964,43.6424771]]]}},{"type":"Feature","properties":{"form":"other"},"geometry":{"type":"Polygon","coordinates":[[[-79.4052572,43.6436806],[-79.4047253,43.6437905],[-79.4046661,43.6436405],[-79.4051981,43.6435306],[-79.4052572,43.6436806]]]}},{"type":"Feature","properties":{"form":"other"},"geometry":{"type":"Polygon","coordinates":[[[-79.4042777,43.6445587],[-79.4040719,43.6446012],[-79.4040421,43.6445256],[-79.4041007,43.6445134],[-79.4039817,43.6442121],[-79.4040963,43.6441884],[-79.4042145,43.6444879],[-79.4042471,43.6444811],[-79.4042777,43.6445587]]]}},{"type":"Feature","properties":{"form":"apartments"},"geometry":{"type":"Polygon","coordinates":[[[-79.4037259,43.6442038],[-79.4030826,43.6443368],[-79.4029546,43.6440123],[-79.4036012,43.6438878],[-79.4037259,43.6442038]]]}},{"type":"Feature","properties":{"form":"other"},"geometry":{"type":"Polygon","coordinates":[[[-79.4043498,43.6445418],[-79.4045998,43.6444908],[-79.4045625,43.6443951],[-79.4044957,43.6444087],[-79.4043846,43.6441236],[-79.4042592,43.6441492],[-79.4043698,43.6444329],[-79.4043119,43.6444447],[-79.4043498,43.6445418]]]}},{"type":"Feature","properties":{"form":"other"},"geometry":{"type":"Polygon","coordinates":[[[-79.3960452,43.6371765],[-79.3959485,43.6372078],[-79.3959514,43.6372466],[-79.3959202,43.6372649],[-79.3958562,43.637267],[-79.3958026,43.6371733],[-79.3958279,43.6371647],[-79.395813,43.6371421],[-79.3959574,43.637099],[-79.3959738,43.6371195],[-79.396002,43.6371087],[-79.3960452,43.6371765]]]}},{"type":"Feature","properties":{"form":"other"},"geometry":{"type":"Polygon","coordinates":[[[-79.4101643,43.6447183],[-79.4095289,43.6449311],[-79.4093542,43.6446744],[-79.41009,43.6444094],[-79.4102464,43.6446592],[-79.4101457,43.6446901],[-79.4101643,43.6447183]]]}},{"type":"Feature","properties":{"form":"other"},"geometry":{"type":"Polygon","coordinates":[[[-79.4249764,43.6386349],[-79.4246701,43.6378213],[-79.4249565,43.6377648],[-79.4252629,43.6385784],[-79.4249764,43.6386349]]]}},{"type":"Feature","properties":{"form":"other"},"geometry":{"type":"Polygon","coordinates":[[[-79.4249286,43.6386867],[-79.4248292,43.6384245],[-79.4245725,43.6384754],[-79.4246718,43.6387377],[-79.4249286,43.6386867]]]}},{"type":"Feature","properties":{"form":"other"},"geometry":{"type":"Polygon","coordinates":[[[-79.4257457,43.6381345],[-79.4261059,43.6380598],[-79.4258405,43.6373852],[-79.4258792,43.6373775],[-79.4258637,43.637337],[-79.4254672,43.6374174],[-79.4257457,43.6381345]]]}},{"type":"Feature","properties":{"form":"other"},"geometry":{"type":"Polygon","coordinates":[[[-79.4250812,43.6390068],[-79.4249837,43.6387564],[-79.425029,43.6387471],[-79.4250138,43.638708],[-79.4251617,43.6386779],[-79.4251749,43.6387119],[-79.4253406,43.6386781],[-79.4253968,43.6388227],[-79.425224,43.6388579],[-79.4252672,43.6389689],[-79.4250812,43.6390068]]]}},{"type":"Feature","properties":{"form":"apartments"},"geometry":{"type":"Polygon","coordinates":[[[-79.4255266,43.6388357],[-79.4257481,43.6387894],[-79.4257277,43.6387174],[-79.4252457,43.6374885],[-79.4250517,43.637539],[-79.4250237,43.6375795],[-79.4250337,43.6376113],[-79.4250497,43.6376084],[-79.4251536,43.6378917],[-79.4251715,43.6378874],[-79.4254512,43.6386448],[-79.4254152,43.6386506],[-79.4254651,43.6387546],[-79.4254927,43.63875],[-79.4255266,43.6388357]]]}},{"type":"Feature","properties":{"form":"other"},"geometry":{"type":"Polygon","coordinates":[[[-79.4265085,43.6380909],[-79.4268637,43.6380337],[-79.426837,43.637964],[-79.4268154,43.6379683],[-79.4267219,43.6377246],[-79.4264853,43.6377721],[-79.4265655,43.6379812],[-79.4264736,43.6379997],[-79.4265085,43.6380909]]]}},{"type":"Feature","properties":{"form":"apartments"},"geometry":{"type":"Polygon","coordinates":[[[-79.4257511,43.6388081],[-79.4258825,43.6391442],[-79.4257205,43.6391772],[-79.4257322,43.6392072],[-79.4256853,43.6392168],[-79.4256735,43.6391868],[-79.4249141,43.6393425],[-79.4246927,43.6387767],[-79.424901,43.638761],[-79.4250577,43.6391613],[-79.4251154,43.6391495],[-79.4251291,43.6391844],[-79.4254764,43.6391136],[-79.4254434,43.6390305],[-79.4253894,43.6390415],[-79.4254103,43.6390949],[-79.4253341,43.6391105],[-79.4252865,43.6389887],[-79.4253631,43.6389731],[-79.4253321,43.6388939],[-79.4257511,43.6388081]]]}},{"type":"Feature","properties":{"form":"other"},"geometry":{"type":"Polygon","coordinates":[[[-79.4315607,43.6384671],[-79.4314101,43.6384975],[-79.4313786,43.6384158],[-79.4313243,43.6384268],[-79.431254,43.6382446],[-79.431729,43.6381486],[-79.4318126,43.6383649],[-79.4315423,43.6384196],[-79.4315607,43.6384671]]]}},{"type":"Feature","properties":{"form":"other"},"geometry":{"type":"Polygon","coordinates":[[[-79.4244772,43.6378831],[-79.4244372,43.637786],[-79.4244718,43.6377786],[-79.4244516,43.6377294],[-79.4242937,43.6377634],[-79.4243538,43.6379097],[-79.4244772,43.6378831]]]}},{"type":"Feature","properties":{"form":"houses"},"geometry":{"type":"Polygon","coordinates":[[[-79.4268703,43.641175],[-79.4274451,43.6410601],[-79.4273993,43.6409399],[-79.4268245,43.6410548],[-79.4268703,43.641175]]]}},{"type":"Feature","properties":{"form":"houses"},"geometry":{"type":"Polygon","coordinates":[[[-79.4267939,43.6409634],[-79.4273652,43.6408491],[-79.4273195,43.6407295],[-79.4267483,43.6408438],[-79.4267939,43.6409634]]]}},{"type":"Feature","properties":{"form":"other"},"geometry":{"type":"Polygon","coordinates":[[[-79.3746067,43.6451792],[-79.3745735,43.6450965],[-79.3743459,43.6451443],[-79.3743791,43.6452271],[-79.3746067,43.6451792]]]}},{"type":"Feature","properties":{"form":"other"},"geometry":{"type":"Polygon","coordinates":[[[-79.4455136,43.6587737],[-79.4451413,43.6588515],[-79.445004,43.6585073],[-79.4444917,43.6586143],[-79.4444456,43.6584986],[-79.4444954,43.6584881],[-79.4444866,43.658466],[-79.4449605,43.658367],[-79.4449696,43.6583897],[-79.4453303,43.6583144],[-79.4455136,43.6587737]]]}},{"type":"Feature","properties":{"form":"other"},"geometry":{"type":"Polygon","coordinates":[[[-79.4451873,43.6582565],[-79.4450679,43.6579622],[-79.4451587,43.6579429],[-79.4452781,43.6582372],[-79.4451873,43.6582565]]]}},{"type":"Feature","properties":{"form":"apartments"},"geometry":{"type":"Polygon","coordinates":[[[-79.447361,43.6663982],[-79.4479411,43.6662766],[-79.4478748,43.6660941],[-79.4472891,43.6662145],[-79.447361,43.6663982]]]}},{"type":"Feature","properties":{"form":"apartments"},"geometry":{"type":"Polygon","coordinates":[[[-79.4469244,43.6665478],[-79.4466103,43.6657528],[-79.4463054,43.6658158],[-79.4464089,43.6660779],[-79.4464604,43.6660673],[-79.446671,43.6666002],[-79.4469244,43.6665478]]]}},{"type":"Feature","properties":{"form":"other"},"geometry":{"type":"Polygon","coordinates":[[[-79.4087188,43.6749863],[-79.4085973,43.6746764],[-79.408438,43.674709],[-79.4085595,43.6750189],[-79.4087188,43.6749863]]]}},{"type":"Feature","properties":{"form":"apartments"},"geometry":{"type":"Polygon","coordinates":[[[-79.4083152,43.6747632],[-79.4083782,43.6748819],[-79.408475,43.6748624],[-79.408428,43.6747405],[-79.4083152,43.6747632]]]}},{"type":"Feature","properties":{"form":"other"},"geometry":{"type":"Polygon","coordinates":[[[-79.410464,43.6746194],[-79.4103467,43.6746434],[-79.4102481,43.6743913],[-79.4103655,43.6743673],[-79.410464,43.6746194]]]}},{"type":"Feature","properties":{"form":"apartments"},"geometry":{"type":"Polygon","coordinates":[[[-79.4119144,43.6742293],[-79.4118975,43.6741908],[-79.4116959,43.6742539],[-79.4117048,43.6742742],[-79.4119144,43.6742293]]]}},{"type":"Feature","properties":{"form":"apartments"},"geometry":{"type":"Polygon","coordinates":[[[-79.4100545,43.6746914],[-79.4096674,43.6747713],[-79.4096366,43.6746934],[-79.409601,43.6747007],[-79.4095565,43.6745881],[-79.4099748,43.6744895],[-79.4100545,43.6746914]]]}},{"type":"Feature","properties":{"form":"apartments"},"geometry":{"type":"Polygon","coordinates":[[[-79.4083152,43.6747632],[-79.4082024,43.6747864],[-79.4082601,43.6749044],[-79.4083416,43.6748877],[-79.4083152,43.6747632]]]}},{"type":"Feature","properties":{"form":"other"},"geometry":{"type":"Polygon","coordinates":[[[-79.4108829,43.6744348],[-79.4107507,43.6744597],[-79.4107804,43.6745421],[-79.4109126,43.6745173],[-79.4108829,43.6744348]]]}},{"type":"Feature","properties":{"form":"houses"},"geometry":{"type":"Polygon","coordinates":[[[-79.4120154,43.6863374],[-79.4121913,43.6863021],[-79.4121576,43.6862147],[-79.4119886,43.6862678],[-79.4120154,43.6863374]]]}},{"type":"Feature","properties":{"form":"apartments"},"geometry":{"type":"Polygon","coordinates":[[[-79.4191302,43.6834381],[-79.4190189,43.6831625],[-79.419319,43.683081],[-79.4193261,43.6830989],[-79.4194495,43.6830724],[-79.419569,43.6833581],[-79.4191302,43.6834381]]]}},{"type":"Feature","properties":{"form":"other"},"geometry":{"type":"Polygon","coordinates":[[[-79.3789901,43.6688613],[-79.3787715,43.6689023],[-79.3787132,43.6687606],[-79.3789625,43.6687056],[-79.3789577,43.6687852],[-79.3789933,43.6687782],[-79.379003,43.6688063],[-79.3789771,43.6688074],[-79.3789901,43.6688613]]]}},{"type":"Feature","properties":{"form":"other"},"geometry":{"type":"Polygon","coordinates":[[[-79.3534979,43.6626545],[-79.3534031,43.6622554],[-79.3533669,43.6622598],[-79.3533649,43.6622092],[-79.3542053,43.662104],[-79.3542426,43.6622721],[-79.354033,43.6622973],[-79.3540436,43.6623434],[-79.3539019,43.6623605],[-79.353912,43.6624046],[-79.3537962,43.6624185],[-79.3538053,43.6624582],[-79.3537196,43.6624685],[-79.3537553,43.662624],[-79.3534979,43.6626545]]]}},{"type":"Feature","properties":{"form":"houses"},"geometry":{"type":"Polygon","coordinates":[[[-79.3385995,43.6737477],[-79.338243,43.6738283],[-79.3382093,43.6737503],[-79.3383244,43.6737243],[-79.3382558,43.6735657],[-79.3381068,43.6735994],[-79.3379748,43.6732941],[-79.3381052,43.6732647],[-79.3380319,43.673095],[-79.3382058,43.6730557],[-79.3384096,43.6735272],[-79.3384558,43.6735168],[-79.3385262,43.6736796],[-79.3385662,43.6736706],[-79.3385995,43.6737477]]]}},{"type":"Feature","properties":{"form":"other"},"geometry":{"type":"Polygon","coordinates":[[[-79.3815229,43.6600354],[-79.381376,43.6596766],[-79.3811759,43.6597194],[-79.3811989,43.6597757],[-79.3811613,43.6597838],[-79.3812851,43.6600864],[-79.3815229,43.6600354]]]}},{"type":"Feature","properties":{"form":"other"},"geometry":{"type":"Polygon","coordinates":[[[-79.4042055,43.6394417],[-79.4042193,43.6393837],[-79.4039732,43.639353],[-79.4039594,43.639411],[-79.4042055,43.6394417]]]}},{"type":"Feature","properties":{"form":"apartments"},"geometry":{"type":"Polygon","coordinates":[[[-79.403614,43.6416672],[-79.4037179,43.6419372],[-79.4042614,43.6418276],[-79.4041574,43.6415576],[-79.403614,43.6416672]]]}},{"type":"Feature","properties":{"form":"other"},"geometry":{"type":"Polygon","coordinates":[[[-79.4042066,43.6416362],[-79.4041767,43.6415501],[-79.4043766,43.6415137],[-79.4044065,43.6415999],[-79.4042066,43.6416362]]]}},{"type":"Feature","properties":{"form":"other"},"geometry":{"type":"Polygon","coordinates":[[[-79.403694,43.642219],[-79.4034444,43.642274],[-79.4033778,43.6421158],[-79.4036275,43.6420608],[-79.403694,43.642219]]]}},{"type":"Feature","properties":{"form":"other"},"geometry":{"type":"Polygon","coordinates":[[[-79.4044065,43.6415999],[-79.404422,43.6416437],[-79.404227,43.641694],[-79.4042066,43.6416362],[-79.4044065,43.6415999]]]}},{"type":"Feature","properties":{"form":"other"},"geometry":{"type":"Polygon","coordinates":[[[-79.4034253,43.6422287],[-79.4033405,43.6420207],[-79.4027869,43.6421399],[-79.4028724,43.6423478],[-79.4034253,43.6422287]]]}},{"type":"Feature","properties":{"form":"other"},"geometry":{"type":"Polygon","coordinates":[[[-79.4041147,43.6421542],[-79.404058,43.6419973],[-79.4041947,43.6419714],[-79.4042514,43.6421284],[-79.4041147,43.6421542]]]}},{"type":"Feature","properties":{"form":"other"},"geometry":{"type":"Polygon","coordinates":[[[-79.4049708,43.6413634],[-79.4048964,43.6413469],[-79.4050015,43.6410988],[-79.4050852,43.6411174],[-79.4049708,43.6413634]]]}},{"type":"Feature","properties":{"form":"other"},"geometry":{"type":"Polygon","coordinates":[[[-79.4053188,43.6419046],[-79.4054746,43.6418727],[-79.4054387,43.6417809],[-79.4054024,43.6417883],[-79.4053855,43.6417449],[-79.4052909,43.6417643],[-79.4053188,43.6419046]]]}},{"type":"Feature","properties":{"form":"other"},"geometry":{"type":"Polygon","coordinates":[[[-79.4052108,43.6414221],[-79.405326,43.6411742],[-79.4050852,43.6411174],[-79.4049708,43.6413634],[-79.4052108,43.6414221]]]}},{"type":"Feature","properties":{"form":"other"},"geometry":{"type":"Polygon","coordinates":[[[-79.4053188,43.6419046],[-79.4052425,43.6417689],[-79.4051132,43.6417957],[-79.4051476,43.6419403],[-79.4053188,43.6419046]]]}},{"type":"Feature","properties":{"form":"other"},"geometry":{"type":"Polygon","coordinates":[[[-79.4061137,43.641731],[-79.4062792,43.6415333],[-79.4062214,43.6415135],[-79.406133,43.641631],[-79.4061105,43.641624],[-79.4061619,43.6415659],[-79.4060912,43.6415368],[-79.4060317,43.6415729],[-79.4060719,43.6415252],[-79.4058694,43.6414484],[-79.4058372,43.6414845],[-79.4058372,43.6414542],[-79.4057054,43.6414077],[-79.4056894,43.6414472],[-79.405662,43.6414449],[-79.4057135,43.6413786],[-79.4056122,43.6413414],[-79.4055784,43.6414065],[-79.405564,43.6413995],[-79.405601,43.6413042],[-79.4055109,43.6412739],[-79.4054611,43.6413693],[-79.405437,43.6413647],[-79.4054595,43.6413193],[-79.4053534,43.6412867],[-79.405257,43.6414135],[-79.4057681,43.6415717],[-79.4061137,43.641731]]]}},{"type":"Feature","properties":{"form":"other"},"geometry":{"type":"Polygon","coordinates":[[[-79.4063608,43.6416973],[-79.4061318,43.6417278],[-79.4062724,43.6415548],[-79.4063608,43.6416973]]]}},{"type":"Feature","properties":{"form":"other"},"geometry":{"type":"Polygon","coordinates":[[[-79.4057411,43.6420133],[-79.40606,43.6419507],[-79.4061802,43.6420185],[-79.4060748,43.642122],[-79.4059981,43.6420885],[-79.4057889,43.6421359],[-79.4057411,43.6420133]]]}},{"type":"Feature","properties":{"form":"apartments"},"geometry":{"type":"Polygon","coordinates":[[[-79.4062037,43.6420318],[-79.4067795,43.6423567],[-79.4066201,43.6424942],[-79.4063809,43.6423483],[-79.4063468,43.6423498],[-79.4060675,43.6421608],[-79.4062037,43.6420318]]]}},{"type":"Feature","properties":{"form":"other"},"geometry":{"type":"Polygon","coordinates":[[[-79.4054855,43.6420655],[-79.4057411,43.6420133],[-79.4057889,43.6421359],[-79.4055333,43.6421881],[-79.4054855,43.6420655]]]}},{"type":"Feature","properties":{"form":"other"},"geometry":{"type":"Polygon","coordinates":[[[-79.4054855,43.6420655],[-79.4055408,43.64221],[-79.4053943,43.6422389],[-79.4053403,43.6420901],[-79.4054855,43.6420655]]]}},{"type":"Feature","properties":{"form":"other"},"geometry":{"type":"Polygon","coordinates":[[[-79.4102025,43.6409084],[-79.4101026,43.6406328],[-79.4099661,43.6406587],[-79.410066,43.6409343],[-79.4102025,43.6409084]]]}},{"type":"Feature","properties":{"form":"apartments"},"geometry":{"type":"Polygon","coordinates":[[[-79.4020058,43.641789],[-79.4019527,43.6416511],[-79.4021043,43.6416205],[-79.402126,43.6416769],[-79.4021503,43.641672],[-79.4021312,43.6416044],[-79.4021936,43.6415918],[-79.4021733,43.6415392],[-79.402203,43.6415332],[-79.4022344,43.6416549],[-79.402258,43.6416502],[-79.4022424,43.6416097],[-79.4023279,43.6415925],[-79.4023432,43.6416322],[-79.4023637,43.6416281],[-79.4023478,43.641587],[-79.4024377,43.6415688],[-79.4024531,43.6416089],[-79.4024799,43.6416035],[-79.402464,43.6415623],[-79.4025511,43.6415447],[-79.4025662,43.641584],[-79.4025883,43.6415795],[-79.4025722,43.6415378],[-79.4026552,43.641521],[-79.4027223,43.6416444],[-79.4020058,43.641789]]]}},{"type":"Feature","properties":{"form":"other"},"geometry":{"type":"Polygon","coordinates":[[[-79.3891702,43.6376168],[-79.3891623,43.6375671],[-79.3890985,43.6375808],[-79.3891274,43.6376262],[-79.3891702,43.6376168]]]}},{"type":"Feature","properties":{"form":"other"},"geometry":{"type":"Polygon","coordinates":[[[-79.3904498,43.6376578],[-79.3906013,43.6376278],[-79.3905795,43.6375702],[-79.390428,43.6376002],[-79.3904498,43.6376578]]]}},{"type":"Feature","properties":{"form":"apartments"},"geometry":{"type":"Polygon","coordinates":[[[-79.3970173,43.6405668],[-79.3969194,43.640326],[-79.3965666,43.6404012],[-79.3965985,43.6404798],[-79.3963322,43.6405317],[-79.3962256,43.6402667],[-79.3968398,43.6401317],[-79.396741,43.6399432],[-79.3958698,43.6401197],[-79.3960916,43.6406733],[-79.3961658,43.6406577],[-79.3962105,43.6407693],[-79.3970173,43.6405668]]]}},{"type":"Feature","properties":{"form":"apartments"},"geometry":{"type":"Polygon","coordinates":[[[-79.3978111,43.638456],[-79.3978356,43.6384507],[-79.3977643,43.6382803],[-79.3980378,43.6382381],[-79.3986,43.6382433],[-79.3986017,43.6382595],[-79.3986924,43.6382636],[-79.3987097,43.6382905],[-79.3987931,43.6382721],[-79.3988575,43.6384332],[-79.3986477,43.6384771],[-79.3986071,43.6383813],[-79.3985783,43.6383886],[-79.3985843,43.6384109],[-79.3985186,43.6384094],[-79.3985206,43.6383677],[-79.3984247,43.638391],[-79.3981833,43.6383502],[-79.398129,43.6384914],[-79.3982138,43.6386778],[-79.3979302,43.6387646],[-79.3978111,43.638456]]]}},{"type":"Feature","properties":{"form":"apartments"},"geometry":{"type":"Polygon","coordinates":[[[-79.3957956,43.6408776],[-79.3954187,43.6409466],[-79.3953552,43.6408039],[-79.395378,43.6408004],[-79.3953438,43.6407055],[-79.395605,43.6406972],[-79.3957285,43.6406589],[-79.3957956,43.6408776]]]}},{"type":"Feature","properties":{"form":"apartments"},"geometry":{"type":"Polygon","coordinates":[[[-79.3981201,43.6402902],[-79.3976242,43.6403898],[-79.3975154,43.6404524],[-79.3973451,43.6404412],[-79.3972522,43.6403625],[-79.3971581,43.6400626],[-79.3971328,43.6400642],[-79.3971051,43.6398817],[-79.3975227,43.6397721],[-79.3979317,43.6396315],[-79.3981431,43.6401518],[-79.3980774,43.6401668],[-79.3981201,43.6402902]]]}},{"type":"Feature","properties":{"form":"apartments"},"geometry":{"type":"Polygon","coordinates":[[[-79.45012,43.66144],[-79.4501,43.661389],[-79.450071,43.661394],[-79.450047,43.661263],[-79.450327,43.661215],[-79.450316,43.661189],[-79.450397,43.661172],[-79.450458,43.6613878],[-79.45012,43.66144]]]}},{"type":"Feature","properties":{"form":"other"},"geometry":{"type":"Polygon","coordinates":[[[-79.3996175,43.6451113],[-79.399458,43.6451449],[-79.3993525,43.6448826],[-79.3989517,43.644967],[-79.3989046,43.6448499],[-79.3992817,43.6447705],[-79.3992663,43.6447321],[-79.3994486,43.6446928],[-79.3996175,43.6451113]]]}},{"type":"Feature","properties":{"form":"other"},"geometry":{"type":"Polygon","coordinates":[[[-79.3996988,43.6458095],[-79.3996464,43.6456868],[-79.3995734,43.6457014],[-79.399458,43.645433],[-79.3995292,43.6454174],[-79.3994961,43.6453384],[-79.399321,43.6453751],[-79.3995058,43.6458479],[-79.3996988,43.6458095]]]}},{"type":"Feature","properties":{"form":"other"},"geometry":{"type":"Polygon","coordinates":[[[-79.393721,43.6492056],[-79.3935633,43.6488265],[-79.3938795,43.6487576],[-79.3940372,43.6491367],[-79.393721,43.6492056]]]}},{"type":"Feature","properties":{"form":"other"},"geometry":{"type":"Polygon","coordinates":[[[-79.3944508,43.6485955],[-79.3943037,43.64825],[-79.3940754,43.6483009],[-79.394166,43.6483237],[-79.3942814,43.6485986],[-79.3942515,43.6486051],[-79.3942636,43.6486364],[-79.3944508,43.6485955]]]}},{"type":"Feature","properties":{"form":"other"},"geometry":{"type":"Polygon","coordinates":[[[-79.388391,43.6738584],[-79.3883511,43.6737554],[-79.3896061,43.6734751],[-79.3896198,43.6735105],[-79.3892382,43.6735878],[-79.3892737,43.6736796],[-79.388391,43.6738584]]]}},{"type":"Feature","properties":{"form":"apartments"},"geometry":{"type":"Polygon","coordinates":[[[-79.3943056,43.6860256],[-79.3941829,43.686053],[-79.3940741,43.6857977],[-79.3941967,43.6857703],[-79.3943056,43.6860256]]]}},{"type":"Feature","properties":{"form":"other"},"geometry":{"type":"Polygon","coordinates":[[[-79.3924867,43.6816868],[-79.392135,43.6817638],[-79.3919962,43.6814006],[-79.3921375,43.6813678],[-79.3921829,43.6814702],[-79.3922465,43.6814555],[-79.3922133,43.6813806],[-79.3924755,43.6813198],[-79.392542,43.6814697],[-79.3923472,43.6815148],[-79.3923792,43.6815869],[-79.3924365,43.6815736],[-79.3924867,43.6816868]]]}},{"type":"Feature","properties":{"form":"houses"},"geometry":{"type":"Polygon","coordinates":[[[-79.3926827,43.6818231],[-79.3926134,43.6818261],[-79.3925693,43.6817197],[-79.3926341,43.6817057],[-79.3926827,43.6818231]]]}},{"type":"Feature","properties":{"form":"other"},"geometry":{"type":"Polygon","coordinates":[[[-79.3936003,43.6746043],[-79.3934063,43.674698],[-79.3934257,43.67471],[-79.3933331,43.6747918],[-79.393301,43.6747684],[-79.3932772,43.6747793],[-79.3931778,43.6746677],[-79.3931817,43.674632],[-79.3932406,43.6746016],[-79.3933088,43.6746414],[-79.3935217,43.6745226],[-79.3936003,43.6746043]]]}},{"type":"Feature","properties":{"form":"other"},"geometry":{"type":"Polygon","coordinates":[[[-79.3938211,43.6747644],[-79.3936969,43.6746676],[-79.3937364,43.6746434],[-79.3935058,43.6744514],[-79.3936649,43.67437],[-79.393731,43.674429],[-79.3937686,43.6744116],[-79.3938834,43.674514],[-79.39395,43.6747014],[-79.3938211,43.6747644]]]}},{"type":"Feature","properties":{"form":"other"},"geometry":{"type":"Polygon","coordinates":[[[-79.3921025,43.6732887],[-79.3919805,43.6733142],[-79.3919581,43.6732583],[-79.3918103,43.6732892],[-79.3918336,43.6733474],[-79.3917436,43.6733662],[-79.3917186,43.6733038],[-79.3916368,43.6733209],[-79.3915928,43.6732109],[-79.391959,43.6731342],[-79.3920032,43.6732445],[-79.3920785,43.6732287],[-79.3921025,43.6732887]]]}},{"type":"Feature","properties":{"form":"apartments"},"geometry":{"type":"Polygon","coordinates":[[[-79.3914915,43.6736865],[-79.3917633,43.6736285],[-79.3917326,43.673547],[-79.3914247,43.6735968],[-79.3914915,43.6736865]]]}},{"type":"Feature","properties":{"form":"other"},"geometry":{"type":"Polygon","coordinates":[[[-79.3942594,43.6719122],[-79.3941677,43.6716801],[-79.3941301,43.6716692],[-79.393835,43.6717278],[-79.3938435,43.6717497],[-79.393711,43.6717785],[-79.3937205,43.6718017],[-79.3936717,43.671812],[-79.393683,43.6718396],[-79.3936456,43.6718484],[-79.3936912,43.6719604],[-79.3937861,43.6719591],[-79.3937978,43.6719893],[-79.3940571,43.6719216],[-79.3940698,43.67195],[-79.3942594,43.6719122]]]}},{"type":"Feature","properties":{"form":"other"},"geometry":{"type":"Polygon","coordinates":[[[-79.3929155,43.6748645],[-79.3931146,43.6749791],[-79.3931273,43.6750145],[-79.3928785,43.6750618],[-79.3928091,43.6748871],[-79.3929155,43.6748645]]]}},{"type":"Feature","properties":{"form":"other"},"geometry":{"type":"Polygon","coordinates":[[[-79.3931946,43.6744801],[-79.3930799,43.6743762],[-79.3931697,43.6743268],[-79.3932984,43.6744286],[-79.3931946,43.6744801]]]}},{"type":"Feature","properties":{"form":"other"},"geometry":{"type":"Polygon","coordinates":[[[-79.3933519,43.6743962],[-79.3930903,43.6742025],[-79.3930571,43.6741692],[-79.3932188,43.6741314],[-79.3935025,43.6743189],[-79.3933519,43.6743962]]]}},{"type":"Feature","properties":{"form":"other"},"geometry":{"type":"Polygon","coordinates":[[[-79.4662353,43.6454376],[-79.4658328,43.6453716],[-79.4657779,43.645546],[-79.4658019,43.64555],[-79.4657793,43.6456218],[-79.4659779,43.6456546],[-79.4659865,43.6456274],[-79.4661288,43.6456508],[-79.466181,43.6456099],[-79.4662353,43.6454376]]]}},{"type":"Feature","properties":{"form":"other"},"geometry":{"type":"Polygon","coordinates":[[[-79.465733,43.645366],[-79.4657535,43.6453092],[-79.4656776,43.6452948],[-79.4656571,43.6453516],[-79.465733,43.645366]]]}},{"type":"Feature","properties":{"form":"other"},"geometry":{"type":"Polygon","coordinates":[[[-79.4670736,43.6437185],[-79.4669688,43.6437443],[-79.466919,43.6436382],[-79.4670238,43.6436124],[-79.4670736,43.6437185]]]}},{"type":"Feature","properties":{"form":"other"},"geometry":{"type":"Polygon","coordinates":[[[-79.3924094,43.6491288],[-79.3929549,43.649012],[-79.3929423,43.6489805],[-79.3929671,43.6489753],[-79.3928797,43.6487584],[-79.3924011,43.64887],[-79.3924155,43.6489074],[-79.392329,43.6489261],[-79.3924094,43.6491288]]]}},{"type":"Feature","properties":{"form":"other"},"geometry":{"type":"Polygon","coordinates":[[[-79.3931887,43.6493231],[-79.3932779,43.6493038],[-79.3931714,43.6490461],[-79.3930822,43.6490654],[-79.3931887,43.6493231]]]}},{"type":"Feature","properties":{"form":"other"},"geometry":{"type":"Polygon","coordinates":[[[-79.3931092,43.6493409],[-79.3931887,43.6493231],[-79.3930714,43.6490368],[-79.3929923,43.6490536],[-79.3931092,43.6493409]]]}},{"type":"Feature","properties":{"form":"other"},"geometry":{"type":"Polygon","coordinates":[[[-79.4021904,43.6710306],[-79.4020896,43.6707941],[-79.4022586,43.6707565],[-79.402274,43.6707926],[-79.4022503,43.6707979],[-79.402282,43.6708724],[-79.4022998,43.6708684],[-79.4023241,43.6709702],[-79.4023475,43.670965],[-79.4023594,43.670993],[-79.4021904,43.6710306]]]}},{"type":"Feature","properties":{"form":"houses"},"geometry":{"type":"Polygon","coordinates":[[[-79.4009106,43.6661393],[-79.400567,43.6662025],[-79.40055,43.6661604],[-79.400887,43.6660812],[-79.4009106,43.6661393]]]}},{"type":"Feature","properties":{"form":"other"},"geometry":{"type":"Polygon","coordinates":[[[-79.400296,43.6663192],[-79.4003661,43.6663045],[-79.4003264,43.6662052],[-79.4002563,43.6662198],[-79.400296,43.6663192]]]}},{"type":"Feature","properties":{"form":"other"},"geometry":{"type":"Polygon","coordinates":[[[-79.4003831,43.6665085],[-79.4004564,43.6664932],[-79.40042,43.666402],[-79.4003467,43.6664173],[-79.4003831,43.6665085]]]}},{"type":"Feature","properties":{"form":"other"},"geometry":{"type":"Polygon","coordinates":[[[-79.4010633,43.6664979],[-79.4005402,43.6666054],[-79.4005037,43.6665125],[-79.4009928,43.666425],[-79.4010457,43.6664532],[-79.4010633,43.6664979]]]}},{"type":"Feature","properties":{"form":"other"},"geometry":{"type":"Polygon","coordinates":[[[-79.400328,43.6664018],[-79.4004197,43.6663826],[-79.4003943,43.6663187],[-79.4003026,43.6663379],[-79.400328,43.6664018]]]}},{"type":"Feature","properties":{"form":"other"},"geometry":{"type":"Polygon","coordinates":[[[-79.4005269,43.6668077],[-79.4006389,43.6667846],[-79.4006164,43.6667275],[-79.4005044,43.6667506],[-79.4005269,43.6668077]]]}},{"type":"Feature","properties":{"form":"other"},"geometry":{"type":"Polygon","coordinates":[[[-79.4010928,43.6666087],[-79.4007559,43.6666758],[-79.4007224,43.6665876],[-79.4010576,43.6665153],[-79.4010928,43.6666087]]]}},{"type":"Feature","properties":{"form":"houses"},"geometry":{"type":"Polygon","coordinates":[[[-79.4009642,43.6662619],[-79.4006735,43.666314],[-79.4006576,43.6662747],[-79.4009702,43.6661999],[-79.4009837,43.6662334],[-79.4009551,43.6662395],[-79.4009642,43.6662619]]]}},{"type":"Feature","properties":{"form":"houses"},"geometry":{"type":"Polygon","coordinates":[[[-79.401011,43.6663953],[-79.4007844,43.666442],[-79.4007773,43.6664241],[-79.4007106,43.6664378],[-79.4006924,43.6663914],[-79.4010209,43.6663247],[-79.4010277,43.6663444],[-79.4009973,43.6663605],[-79.401011,43.6663953]]]}},{"type":"Feature","properties":{"form":"other"},"geometry":{"type":"Polygon","coordinates":[[[-79.4002832,43.6654292],[-79.4002687,43.6653964],[-79.4002882,43.6653919],[-79.4002353,43.6652725],[-79.4000862,43.665307],[-79.4001536,43.6654592],[-79.4002832,43.6654292]]]}},{"type":"Feature","properties":{"form":"other"},"geometry":{"type":"Polygon","coordinates":[[[-79.4001169,43.6654625],[-79.4000126,43.665484],[-79.3999349,43.6653484],[-79.4000826,43.6653181],[-79.4001169,43.6654625]]]}},{"type":"Feature","properties":{"form":"other"},"geometry":{"type":"Polygon","coordinates":[[[-79.4004803,43.665658],[-79.4007292,43.6656035],[-79.4006876,43.6655043],[-79.4004077,43.6655831],[-79.4004338,43.6656456],[-79.4004716,43.6656373],[-79.4004803,43.665658]]]}},{"type":"Feature","properties":{"form":"other"},"geometry":{"type":"Polygon","coordinates":[[[-79.4005353,43.6657957],[-79.4007929,43.6657388],[-79.4007464,43.6656287],[-79.4004966,43.6656838],[-79.4005046,43.6657029],[-79.4004698,43.6657105],[-79.4004838,43.6657438],[-79.4005109,43.6657378],[-79.4005353,43.6657957]]]}},{"type":"Feature","properties":{"form":"other"},"geometry":{"type":"Polygon","coordinates":[[[-79.4003086,43.6653995],[-79.4006425,43.6653259],[-79.4005929,43.6652083],[-79.4004882,43.6652314],[-79.4004786,43.6652087],[-79.4002568,43.6652764],[-79.4003086,43.6653995]]]}},{"type":"Feature","properties":{"form":"apartments"},"geometry":{"type":"Polygon","coordinates":[[[-79.3799664,43.6558058],[-79.379535,43.6558995],[-79.3794652,43.655732],[-79.3798966,43.6556382],[-79.3799664,43.6558058]]]}},{"type":"Feature","properties":{"form":"other"},"geometry":{"type":"Polygon","coordinates":[[[-79.4023424,43.66433],[-79.4021035,43.6643774],[-79.4020645,43.6642744],[-79.4023095,43.6642258],[-79.4023204,43.6642546],[-79.4022986,43.6642589],[-79.4023424,43.66433]]]}},{"type":"Feature","properties":{"form":"other"},"geometry":{"type":"Polygon","coordinates":[[[-79.4022843,43.6642127],[-79.4020105,43.6642652],[-79.4019961,43.6642261],[-79.4020227,43.664221],[-79.4020056,43.6641744],[-79.4022483,43.6641146],[-79.4022843,43.6642127]]]}},{"type":"Feature","properties":{"form":"other"},"geometry":{"type":"Polygon","coordinates":[[[-79.4017678,43.6647286],[-79.4018411,43.6647262],[-79.4017584,43.664551],[-79.4017,43.6645635],[-79.4017678,43.6647286]]]}},{"type":"Feature","properties":{"form":"other"},"geometry":{"type":"Polygon","coordinates":[[[-79.4012418,43.6642298],[-79.4013033,43.6642301],[-79.4013282,43.6643471],[-79.4012914,43.6643544],[-79.4012418,43.6642298]]]}},{"type":"Feature","properties":{"form":"other"},"geometry":{"type":"Polygon","coordinates":[[[-79.4015782,43.6643315],[-79.4015002,43.6643471],[-79.401455,43.6642289],[-79.401533,43.6642133],[-79.4015782,43.6643315]]]}},{"type":"Feature","properties":{"form":"other"},"geometry":{"type":"Polygon","coordinates":[[[-79.401667,43.6643068],[-79.4016015,43.6641355],[-79.4015226,43.6641513],[-79.4015881,43.6643226],[-79.401667,43.6643068]]]}},{"type":"Feature","properties":{"form":"other"},"geometry":{"type":"Polygon","coordinates":[[[-79.4016175,43.6647686],[-79.401687,43.6647542],[-79.4016011,43.6645746],[-79.4015454,43.6645862],[-79.4016175,43.6647686]]]}},{"type":"Feature","properties":{"form":"other"},"geometry":{"type":"Polygon","coordinates":[[[-79.4015949,43.6644371],[-79.4015258,43.664451],[-79.401505,43.6643963],[-79.4015741,43.6643825],[-79.4015949,43.6644371]]]}},{"type":"Feature","properties":{"form":"other"},"geometry":{"type":"Polygon","coordinates":[[[-79.4014272,43.6647723],[-79.4013578,43.6648121],[-79.4013036,43.6646805],[-79.4013825,43.6646635],[-79.4014272,43.6647723]]]}},{"type":"Feature","properties":{"form":"other"},"geometry":{"type":"Polygon","coordinates":[[[-79.4014793,43.6643334],[-79.4014256,43.6641937],[-79.401332,43.6642125],[-79.4013857,43.6643522],[-79.4014793,43.6643334]]]}},{"type":"Feature","properties":{"form":"other"},"geometry":{"type":"Polygon","coordinates":[[[-79.401337,43.6647892],[-79.4012667,43.6648307],[-79.4012163,43.6647051],[-79.4012965,43.6646882],[-79.401337,43.6647892]]]}},{"type":"Feature","properties":{"form":"other"},"geometry":{"type":"Polygon","coordinates":[[[-79.4015372,43.6647947],[-79.4014457,43.6647924],[-79.4013955,43.664664],[-79.4014794,43.6646468],[-79.4015372,43.6647947]]]}},{"type":"Feature","properties":{"form":"other"},"geometry":{"type":"Polygon","coordinates":[[[-79.4007358,43.6643894],[-79.4005814,43.6644213],[-79.400551,43.6643444],[-79.4007054,43.6643125],[-79.4007358,43.6643894]]]}},{"type":"Feature","properties":{"form":"other"},"geometry":{"type":"Polygon","coordinates":[[[-79.4021826,43.6646732],[-79.4020948,43.6646922],[-79.4020689,43.6646297],[-79.4021567,43.6646107],[-79.4021826,43.6646732]]]}},{"type":"Feature","properties":{"form":"other"},"geometry":{"type":"Polygon","coordinates":[[[-79.4012429,43.6655084],[-79.4010504,43.665546],[-79.4009707,43.6653039],[-79.4011325,43.6652478],[-79.4011499,43.6652945],[-79.401101,43.665304],[-79.4011649,43.6654754],[-79.4012261,43.6654634],[-79.4012429,43.6655084]]]}},{"type":"Feature","properties":{"form":"other"},"geometry":{"type":"Polygon","coordinates":[[[-79.4013373,43.6656826],[-79.4011277,43.6657229],[-79.4010898,43.6656197],[-79.4012995,43.6655795],[-79.4013373,43.6656826]]]}},{"type":"Feature","properties":{"form":"other"},"geometry":{"type":"Polygon","coordinates":[[[-79.4012137,43.6655928],[-79.4010876,43.665617],[-79.4010656,43.6655567],[-79.4012364,43.665524],[-79.4012531,43.6655696],[-79.4012083,43.6655782],[-79.4012137,43.6655928]]]}},{"type":"Feature","properties":{"form":"houses"},"geometry":{"type":"Polygon","coordinates":[[[-79.4021101,43.6658311],[-79.4021867,43.6658151],[-79.4022258,43.665913],[-79.4021978,43.6659189],[-79.4022294,43.6659979],[-79.4021808,43.6660081],[-79.4021101,43.6658311]]]}},{"type":"Feature","properties":{"form":"houses"},"geometry":{"type":"Polygon","coordinates":[[[-79.4022878,43.6658033],[-79.4023043,43.6657999],[-79.402295,43.6657759],[-79.4023658,43.6657851],[-79.4024009,43.665875],[-79.402378,43.6658796],[-79.4023949,43.6659229],[-79.402339,43.6659344],[-79.4022878,43.6658033]]]}},{"type":"Feature","properties":{"form":"houses"},"geometry":{"type":"Polygon","coordinates":[[[-79.401876,43.6659821],[-79.401851,43.6659873],[-79.4018808,43.6660633],[-79.4018272,43.6660743],[-79.4017612,43.6659058],[-79.4018398,43.6658897],[-79.401876,43.6659821]]]}},{"type":"Feature","properties":{"form":"houses"},"geometry":{"type":"Polygon","coordinates":[[[-79.4019255,43.6658509],[-79.4020111,43.6660577],[-79.4019568,43.6660695],[-79.40185,43.6658673],[-79.4019255,43.6658509]]]}},{"type":"Feature","properties":{"form":"houses"},"geometry":{"type":"Polygon","coordinates":[[[-79.4025091,43.6657487],[-79.4025596,43.6659118],[-79.4025051,43.6659234],[-79.4024348,43.6657498],[-79.4025091,43.6657487]]]}},{"type":"Feature","properties":{"form":"other"},"geometry":{"type":"Polygon","coordinates":[[[-79.4024427,43.6660569],[-79.4023036,43.666088],[-79.4022891,43.6660533],[-79.4024284,43.6660213],[-79.4024427,43.6660569]]]}},{"type":"Feature","properties":{"form":"houses"},"geometry":{"type":"Polygon","coordinates":[[[-79.4027154,43.6659517],[-79.4027003,43.6659135],[-79.4029387,43.6658531],[-79.4029578,43.6659016],[-79.4027154,43.6659517]]]}},{"type":"Feature","properties":{"form":"houses"},"geometry":{"type":"Polygon","coordinates":[[[-79.4029153,43.6657882],[-79.4029347,43.6658404],[-79.4026813,43.665878],[-79.4026662,43.6658413],[-79.4029153,43.6657882]]]}},{"type":"Feature","properties":{"form":"other"},"geometry":{"type":"Polygon","coordinates":[[[-79.4006448,43.6639771],[-79.4004294,43.6640216],[-79.4004033,43.6639555],[-79.4006187,43.663911],[-79.4006448,43.6639771]]]}},{"type":"Feature","properties":{"form":"other"},"geometry":{"type":"Polygon","coordinates":[[[-79.4006238,43.6640213],[-79.4006323,43.6640424],[-79.4005768,43.6640676],[-79.4004599,43.6640922],[-79.4004464,43.6640585],[-79.4006238,43.6640213]]]}},{"type":"Feature","properties":{"form":"other"},"geometry":{"type":"Polygon","coordinates":[[[-79.4007076,43.6647439],[-79.4007238,43.6647836],[-79.4009702,43.6647265],[-79.4009386,43.6646945],[-79.4007076,43.6647439]]]}},{"type":"Feature","properties":{"form":"other"},"geometry":{"type":"Polygon","coordinates":[[[-79.4006977,43.6646267],[-79.4006702,43.6645569],[-79.4008792,43.6645037],[-79.4009051,43.6645693],[-79.4006977,43.6646267]]]}},{"type":"Feature","properties":{"form":"houses"},"geometry":{"type":"Polygon","coordinates":[[[-79.4007269,43.6646992],[-79.4006983,43.6646291],[-79.4008935,43.6645877],[-79.4009329,43.6646348],[-79.4007269,43.6646992]]]}},{"type":"Feature","properties":{"form":"apartments"},"geometry":{"type":"Polygon","coordinates":[[[-79.3203182,43.6738679],[-79.3200086,43.6739339],[-79.3200297,43.6739856],[-79.3198795,43.6740176],[-79.3197692,43.6737468],[-79.3199191,43.6737149],[-79.3199398,43.6737658],[-79.3202497,43.6736997],[-79.3203182,43.6738679]]]}},{"type":"Feature","properties":{"form":"houses"},"geometry":{"type":"Polygon","coordinates":[[[-79.312028,43.681496],[-79.311938,43.681373],[-79.312022,43.681341],[-79.312062,43.681396],[-79.312109,43.681378],[-79.312159,43.681446],[-79.312028,43.681496]]]}},{"type":"Feature","properties":{"form":"other"},"geometry":{"type":"Polygon","coordinates":[[[-79.397013,43.6321891],[-79.3966932,43.6318774],[-79.3976318,43.6313694],[-79.3979533,43.6316778],[-79.397013,43.6321891]]]}},{"type":"Feature","properties":{"form":"other"},"geometry":{"type":"Polygon","coordinates":[[[-79.3965302,43.6323602],[-79.3965188,43.6324389],[-79.3964473,43.6324765],[-79.396553,43.6325831],[-79.3965312,43.6325953],[-79.3965475,43.6326116],[-79.3966,43.6325841],[-79.396658,43.6326418],[-79.3966815,43.6325789],[-79.3966571,43.6325078],[-79.3965972,43.6324573],[-79.3966144,43.6323655],[-79.3965712,43.6323633],[-79.3965542,43.6324514],[-79.3965323,43.6324637],[-79.3965569,43.6323623],[-79.3965302,43.6323602]]]}},{"type":"Feature","properties":{"form":"other"},"geometry":{"type":"Polygon","coordinates":[[[-79.3994641,43.6304223],[-79.3992128,43.6305579],[-79.399555,43.6308887],[-79.3998058,43.6307548],[-79.3994641,43.6304223]]]}},{"type":"Feature","properties":{"form":"other"},"geometry":{"type":"Polygon","coordinates":[[[-79.3827797,43.6392085],[-79.3827277,43.6392196],[-79.3825281,43.638743],[-79.3826399,43.6387161],[-79.3826218,43.6386734],[-79.3825661,43.6386841],[-79.3824597,43.6384722],[-79.3828722,43.6383796],[-79.3831801,43.6391179],[-79.3834512,43.6390622],[-79.3835165,43.639221],[-79.3828582,43.6393627],[-79.3828337,43.6393539],[-79.3827797,43.6392085]]]}},{"type":"Feature","properties":{"form":"other"},"geometry":{"type":"Polygon","coordinates":[[[-79.4619954,43.6437664],[-79.46192,43.6435998],[-79.4618422,43.6434369],[-79.4619372,43.6434182],[-79.4619745,43.6434993],[-79.462038,43.643484],[-79.4621171,43.643655],[-79.4620678,43.6436643],[-79.4621004,43.6437418],[-79.4619954,43.6437664]]]}},{"type":"Feature","properties":{"form":"other"},"geometry":{"type":"Polygon","coordinates":[[[-79.4547085,43.6623522],[-79.4545735,43.6622155],[-79.4546578,43.6621748],[-79.454392,43.6619107],[-79.45421,43.6620392],[-79.4542374,43.6620674],[-79.4541782,43.6620984],[-79.4543912,43.6623075],[-79.4544702,43.6622689],[-79.4546053,43.6624056],[-79.4547085,43.6623522]]]}},{"type":"Feature","properties":{"form":"other"},"geometry":{"type":"Polygon","coordinates":[[[-79.3850706,43.6669987],[-79.385275,43.6669532],[-79.3851599,43.666675],[-79.3849574,43.6667178],[-79.3850706,43.6669987]]]}},{"type":"Feature","properties":{"form":"apartments"},"geometry":{"type":"Polygon","coordinates":[[[-79.4151942,43.629652],[-79.4152904,43.6294734],[-79.4154204,43.6294592],[-79.4154418,43.6295265],[-79.415554,43.6295078],[-79.4155326,43.6294406],[-79.4155835,43.6294309],[-79.4156183,43.6295383],[-79.4157689,43.6295128],[-79.4157342,43.6294053],[-79.4157611,43.6293991],[-79.4157406,43.6293124],[-79.4157017,43.6292323],[-79.4155282,43.6290628],[-79.4152654,43.6289412],[-79.4149324,43.6289036],[-79.4147208,43.6289402],[-79.4144276,43.6290788],[-79.4145241,43.6291785],[-79.4146357,43.6291283],[-79.4146685,43.6291648],[-79.4145629,43.629214],[-79.4146237,43.6292823],[-79.4147293,43.6292331],[-79.4148475,43.6293451],[-79.4147962,43.6294413],[-79.414697,43.6294076],[-79.4146093,43.629573],[-79.4147471,43.6296209],[-79.4147296,43.6296539],[-79.414798,43.6296947],[-79.414939,43.6297377],[-79.4150284,43.629747],[-79.4150493,43.6297082],[-79.4151184,43.6297282],[-79.4151656,43.6296426],[-79.4151942,43.629652]]]}},{"type":"Feature","properties":{"form":"other"},"geometry":{"type":"Polygon","coordinates":[[[-79.417734,43.6345303],[-79.4177443,43.6345583],[-79.4178688,43.6345207],[-79.4178825,43.6345458],[-79.417906,43.6345372],[-79.4180235,43.6347492],[-79.4180992,43.6348008],[-79.4181915,43.6348128],[-79.4182406,43.6349325],[-79.418189,43.6349858],[-79.4181889,43.6350729],[-79.4182947,43.6352923],[-79.4181528,43.6353264],[-79.4181683,43.6353535],[-79.4171808,43.6356267],[-79.4171097,43.6354922],[-79.4170813,43.6354992],[-79.4171472,43.6356379],[-79.416475,43.6358231],[-79.4160389,43.6349873],[-79.417734,43.6345303]]]}},{"type":"Feature","properties":{"form":"other"},"geometry":{"type":"Polygon","coordinates":[[[-79.421678,43.6319729],[-79.4219782,43.6318805],[-79.421987,43.6318461],[-79.4218953,43.6316522],[-79.421835,43.6316345],[-79.4215433,43.6317132],[-79.4214782,43.6315833],[-79.4217723,43.6315029],[-79.4217927,43.6314564],[-79.4216231,43.6311435],[-79.4215772,43.6311348],[-79.4212867,43.6312112],[-79.4211643,43.6309753],[-79.4206428,43.6311108],[-79.4205659,43.630959],[-79.4205073,43.630939],[-79.4202414,43.6310139],[-79.420218,43.6310445],[-79.4202664,43.6311505],[-79.4201396,43.6311849],[-79.4200752,43.6310753],[-79.4199206,43.6310982],[-79.4198974,43.6311422],[-79.4199695,43.6312829],[-79.4195729,43.6313871],[-79.4195857,43.6314124],[-79.4194666,43.6314653],[-79.419629,43.6317935],[-79.4196722,43.6318123],[-79.4197786,43.6317883],[-79.4201005,43.6324264],[-79.4201318,43.6324176],[-79.420156,43.6324637],[-79.4202056,43.6324901],[-79.4205387,43.632408],[-79.420573,43.6323649],[-79.4205433,43.6323089],[-79.4206602,43.6322779],[-79.4207011,43.6323438],[-79.4207488,43.6323516],[-79.4211792,43.6322373],[-79.4212081,43.6321921],[-79.42118,43.6321362],[-79.4214583,43.632062],[-79.4214966,43.6320974],[-79.421535,43.6320973],[-79.4215692,43.6320811],[-79.4215702,43.6320326],[-79.4216919,43.6320003],[-79.421678,43.6319729]]]}},{"type":"Feature","properties":{"form":"apartments"},"geometry":{"type":"Polygon","coordinates":[[[-79.4189662,43.6285608],[-79.4189186,43.6285686],[-79.4187793,43.6287383],[-79.4187906,43.628772],[-79.4187403,43.6287804],[-79.4187264,43.6287453],[-79.4185005,43.6286388],[-79.4183994,43.6286556],[-79.4182529,43.6288355],[-79.4185227,43.6297319],[-79.418472,43.6297403],[-79.4182018,43.6288437],[-79.4179763,43.6287264],[-79.4179295,43.6287355],[-79.4179154,43.6287012],[-79.4179643,43.6286918],[-79.4181,43.6285274],[-79.4180837,43.6284688],[-79.4178624,43.6283567],[-79.4177712,43.6283717],[-79.4176233,43.6285424],[-79.417633,43.6285726],[-79.4175878,43.6285815],[-79.4175754,43.6285505],[-79.4173462,43.6284429],[-79.4172573,43.6284568],[-79.4171001,43.6286288],[-79.4171089,43.6286595],[-79.4170635,43.6286659],[-79.4170534,43.6286346],[-79.416823,43.6285272],[-79.4167774,43.628533],[-79.4167647,43.6284995],[-79.4168104,43.6284927],[-79.4169584,43.6283223],[-79.416948,43.6282881],[-79.4169969,43.6282816],[-79.4170061,43.6283146],[-79.4172464,43.6284205],[-79.4173353,43.6284066],[-79.4174755,43.6282394],[-79.4174642,43.6282055],[-79.4175136,43.6281962],[-79.4175239,43.6282307],[-79.4177598,43.6283352],[-79.4178509,43.6283203],[-79.417985,43.6281526],[-79.4178696,43.6278357],[-79.4179209,43.6278272],[-79.4180363,43.6281442],[-79.4182775,43.628249],[-79.4183264,43.6282441],[-79.4183377,43.628277],[-79.4182906,43.6282849],[-79.4181347,43.62846],[-79.4181511,43.6285186],[-79.418389,43.6286225],[-79.41849,43.6286058],[-79.418629,43.628436],[-79.4186188,43.6284059],[-79.4186645,43.6283966],[-79.4186791,43.6284284],[-79.4189068,43.6285373],[-79.418956,43.6285284],[-79.4189662,43.6285608]]]}},{"type":"Feature","properties":{"form":"apartments"},"geometry":{"type":"Polygon","coordinates":[[[-79.3983176,43.6372509],[-79.3983812,43.637319],[-79.398444,43.6374625],[-79.3984499,43.63756],[-79.3984237,43.6376772],[-79.3982754,43.6376692],[-79.3982741,43.6376281],[-79.3981443,43.6375922],[-79.3980068,43.6374783],[-79.397964,43.6373995],[-79.3979645,43.6373356],[-79.3980493,43.6372653],[-79.3981955,43.6372291],[-79.3983176,43.6372509]]]}},{"type":"Feature","properties":{"form":"other"},"geometry":{"type":"Polygon","coordinates":[[[-79.4260062,43.6381327],[-79.4257605,43.6381803],[-79.4259284,43.6386344],[-79.4261363,43.6385942],[-79.4261521,43.6386357],[-79.4261918,43.6386278],[-79.4262851,43.6388777],[-79.4260645,43.6389212],[-79.4261297,43.6390925],[-79.4271215,43.6388947],[-79.4271685,43.6388435],[-79.4269056,43.6381519],[-79.4260755,43.638316],[-79.4260062,43.6381327]]]}},{"type":"Feature","properties":{"form":"apartments"},"geometry":{"type":"Polygon","coordinates":[[[-79.3771757,43.6420131],[-79.3771262,43.6420925],[-79.3766518,43.6422592],[-79.3765997,43.642246],[-79.3761484,43.6415784],[-79.3761779,43.6415201],[-79.3764877,43.6414126],[-79.376515,43.6414221],[-79.3766473,43.6413765],[-79.3767785,43.6414088],[-79.3771757,43.6420131]]]}},{"type":"Feature","properties":{"form":"apartments"},"geometry":{"type":"Polygon","coordinates":[[[-79.3892379,43.6430139],[-79.3894573,43.643562],[-79.3894247,43.6435658],[-79.3894747,43.6436857],[-79.3893417,43.643685],[-79.3891503,43.6435806],[-79.3890408,43.6435666],[-79.3888609,43.6430945],[-79.3892379,43.6430139]]]}},{"type":"Feature","properties":{"form":"apartments"},"geometry":{"type":"Polygon","coordinates":[[[-79.4019892,43.6346531],[-79.4017902,43.6347728],[-79.4014431,43.6344277],[-79.4016518,43.6343177],[-79.4019892,43.6346531]]]}},{"type":"Feature","properties":{"form":"apartments"},"geometry":{"type":"Polygon","coordinates":[[[-79.3994119,43.6343984],[-79.3998098,43.6348074],[-79.3999607,43.6347306],[-79.3995628,43.6343215],[-79.3994119,43.6343984]]]}},{"type":"Feature","properties":{"form":"apartments"},"geometry":{"type":"Polygon","coordinates":[[[-79.400874,43.6336436],[-79.4002582,43.6339816],[-79.4001423,43.633871],[-79.4007581,43.633533],[-79.400874,43.6336436]]]}},{"type":"Feature","properties":{"form":"apartments"},"geometry":{"type":"Polygon","coordinates":[[[-79.4006982,43.6334735],[-79.4000708,43.6338015],[-79.3999624,43.6336928],[-79.4005898,43.6333648],[-79.4006982,43.6334735]]]}},{"type":"Feature","properties":{"form":"apartments"},"geometry":{"type":"Polygon","coordinates":[[[-79.4003889,43.6344777],[-79.3999898,43.6346986],[-79.3998852,43.6345995],[-79.4002843,43.6343787],[-79.4003889,43.6344777]]]}},{"type":"Feature","properties":{"form":"apartments"},"geometry":{"type":"Polygon","coordinates":[[[-79.4010584,43.6338226],[-79.4004304,43.6341565],[-79.4003163,43.6340441],[-79.4009443,43.6337102],[-79.4010584,43.6338226]]]}},{"type":"Feature","properties":{"form":"apartments"},"geometry":{"type":"Polygon","coordinates":[[[-79.4002536,43.6343452],[-79.4001247,43.6344107],[-79.3997964,43.6340717],[-79.3999254,43.6340063],[-79.4002536,43.6343452]]]}},{"type":"Feature","properties":{"form":"apartments"},"geometry":{"type":"Polygon","coordinates":[[[-79.3990972,43.633792],[-79.3991777,43.6338703],[-79.3994917,43.6337013],[-79.3995478,43.633756],[-79.3994661,43.6337999],[-79.3996301,43.6339596],[-79.399821,43.6338568],[-79.3995204,43.6335642],[-79.3990972,43.633792]]]}},{"type":"Feature","properties":{"form":"apartments"},"geometry":{"type":"Polygon","coordinates":[[[-79.4003659,43.6350056],[-79.399832,43.6353096],[-79.39995,43.63536],[-79.3999153,43.6354404],[-79.3994675,43.6353433],[-79.3994326,43.6353065],[-79.3994541,43.6352637],[-79.4002157,43.634858],[-79.4003659,43.6350056]]]}},{"type":"Feature","properties":{"form":"apartments"},"geometry":{"type":"Polygon","coordinates":[[[-79.4004646,43.6368891],[-79.4002666,43.6369646],[-79.4000794,43.636998],[-79.4000047,43.6368299],[-79.4000426,43.6368196],[-79.4000995,43.6367535],[-79.4000806,43.6367115],[-79.4001808,43.6366978],[-79.4003828,43.6367613],[-79.4004646,43.6368891]]]}},{"type":"Feature","properties":{"form":"apartments"},"geometry":{"type":"Polygon","coordinates":[[[-79.4021333,43.6364879],[-79.4021008,43.6364948],[-79.4021132,43.6365252],[-79.4020351,43.6365649],[-79.4018632,43.6365791],[-79.4018503,43.6365471],[-79.4018186,43.6365545],[-79.4017502,43.6363858],[-79.4016647,43.6364039],[-79.4016784,43.6364379],[-79.401208,43.6365378],[-79.4012007,43.6365199],[-79.4011602,43.6365285],[-79.4011095,43.6364035],[-79.4011419,43.6363966],[-79.4011346,43.6363788],[-79.4016027,43.6362794],[-79.4016163,43.636313],[-79.4017141,43.6362921],[-79.4017222,43.6363139],[-79.401752,43.6363066],[-79.401739,43.6362697],[-79.4017754,43.6362615],[-79.4017676,43.6362423],[-79.4019327,43.6362072],[-79.4019395,43.6362238],[-79.4019852,43.6362144],[-79.4019991,43.6362511],[-79.4020342,43.6362437],[-79.4021333,43.6364879]]]}},{"type":"Feature","properties":{"form":"apartments"},"geometry":{"type":"Polygon","coordinates":[[[-79.4035527,43.6366176],[-79.4032582,43.6366459],[-79.4032081,43.6363617],[-79.4031712,43.6363646],[-79.4031572,43.6362811],[-79.4030769,43.6362877],[-79.4030758,43.6363275],[-79.4023676,43.6363777],[-79.4022878,43.6361829],[-79.4023344,43.6361615],[-79.4030238,43.6361134],[-79.4030319,43.6361673],[-79.4031709,43.6361552],[-79.4031643,43.6361183],[-79.4032429,43.6360977],[-79.4034176,43.6360946],[-79.4034243,43.6361324],[-79.4034582,43.6361296],[-79.4035527,43.6366176]]]}},{"type":"Feature","properties":{"form":"apartments"},"geometry":{"type":"Polygon","coordinates":[[[-79.4050366,43.6373308],[-79.4043417,43.6373678],[-79.4043858,43.6372242],[-79.4044021,43.6367767],[-79.4047118,43.6368229],[-79.404677,43.6370739],[-79.404655,43.6370739],[-79.4046457,43.6371344],[-79.4050622,43.6371772],[-79.4050366,43.6373308]]]}},{"type":"Feature","properties":{"form":"other"},"geometry":{"type":"Polygon","coordinates":[[[-79.4054945,43.646405],[-79.4052673,43.6464496],[-79.4052002,43.6462706],[-79.4054274,43.646226],[-79.4054945,43.646405]]]}},{"type":"Feature","properties":{"form":"apartments"},"geometry":{"type":"Polygon","coordinates":[[[-79.4061247,43.6463424],[-79.4055574,43.646458],[-79.4054562,43.6461981],[-79.4060235,43.6460824],[-79.4061247,43.6463424]]]}},{"type":"Feature","properties":{"form":"other"},"geometry":{"type":"Polygon","coordinates":[[[-79.4048095,43.6466168],[-79.4047028,43.6463643],[-79.4044363,43.6464232],[-79.4044733,43.6465109],[-79.4045303,43.6464983],[-79.4045689,43.6465897],[-79.4046482,43.6465722],[-79.4046792,43.6466456],[-79.4048095,43.6466168]]]}},{"type":"Feature","properties":{"form":"other"},"geometry":{"type":"Polygon","coordinates":[[[-79.3897489,43.6644735],[-79.3898099,43.6645948],[-79.389976,43.6645553],[-79.3899203,43.6644328],[-79.389828,43.6644548],[-79.3898176,43.6644321],[-79.3897489,43.6644735]]]}},{"type":"Feature","properties":{"form":"apartments"},"geometry":{"type":"Polygon","coordinates":[[[-79.392178,43.6564784],[-79.3919467,43.6565278],[-79.3917256,43.6559857],[-79.3919569,43.6559363],[-79.392178,43.6564784]]]}},{"type":"Feature","properties":{"form":"apartments"},"geometry":{"type":"Polygon","coordinates":[[[-79.3503405,43.6576046],[-79.3495114,43.6577915],[-79.349294,43.6572868],[-79.3493704,43.6572696],[-79.3493105,43.6571306],[-79.3495715,43.6570718],[-79.3496518,43.6572188],[-79.3495421,43.6572436],[-79.3495795,43.6573303],[-79.3495261,43.6573423],[-79.34963,43.6575836],[-79.3500374,43.6574917],[-79.3499243,43.657229],[-79.3501563,43.6571767],[-79.3503405,43.6576046]]]}},{"type":"Feature","properties":{"form":"apartments"},"geometry":{"type":"Polygon","coordinates":[[[-79.3606205,43.6575259],[-79.3605961,43.6574694],[-79.360739,43.6574371],[-79.360633,43.6571914],[-79.3604681,43.6572286],[-79.3604159,43.6571078],[-79.3596297,43.6572855],[-79.3597853,43.657646],[-79.3604746,43.6574903],[-79.3605016,43.6575528],[-79.3606205,43.6575259]]]}},{"type":"Feature","properties":{"form":"other"},"geometry":{"type":"Polygon","coordinates":[[[-79.356615,43.6578685],[-79.3564643,43.6575059],[-79.3555501,43.6577047],[-79.3556341,43.6579068],[-79.3557787,43.6578754],[-79.3558056,43.65794],[-79.3558534,43.6579296],[-79.3558932,43.6580255],[-79.356615,43.6578685]]]}},{"type":"Feature","properties":{"form":"apartments"},"geometry":{"type":"Polygon","coordinates":[[[-79.3837703,43.6690324],[-79.3838559,43.6690147],[-79.3838448,43.6689879],[-79.3841419,43.6689239],[-79.3841176,43.6688587],[-79.3841315,43.6688402],[-79.3840809,43.6688206],[-79.3840343,43.6686998],[-79.3840595,43.6686659],[-79.384032,43.6686551],[-79.3839784,43.6685344],[-79.3835957,43.6686166],[-79.3837703,43.6690324]]]}},{"type":"Feature","properties":{"form":"apartments"},"geometry":{"type":"Polygon","coordinates":[[[-79.386212,43.6674161],[-79.3862912,43.6676344],[-79.386336,43.6676257],[-79.3863959,43.6677842],[-79.3866264,43.6677391],[-79.3864867,43.6673585],[-79.386212,43.6674161]]]}},{"type":"Feature","properties":{"form":"other"},"geometry":{"type":"Polygon","coordinates":[[[-79.4213475,43.6339515],[-79.421188,43.6338628],[-79.4210764,43.6339681],[-79.4212359,43.6340567],[-79.4213475,43.6339515]]]}},{"type":"Feature","properties":{"form":"other"},"geometry":{"type":"Polygon","coordinates":[[[-79.4282706,43.6615266],[-79.4283242,43.6616671],[-79.4282506,43.6616815],[-79.4281997,43.6615458],[-79.4282706,43.6615266]]]}},{"type":"Feature","properties":{"form":"apartments"},"geometry":{"type":"Polygon","coordinates":[[[-79.3995236,43.6342416],[-79.399479,43.6341991],[-79.3995078,43.6341832],[-79.3994377,43.6341166],[-79.399415,43.6341291],[-79.3993322,43.6340502],[-79.399357,43.6340366],[-79.3992313,43.6339464],[-79.3992581,43.6339342],[-79.3992502,43.6339032],[-79.3992105,43.6339123],[-79.3991134,43.6338077],[-79.3989217,43.6338733],[-79.398936,43.6338905],[-79.3988964,43.6339135],[-79.3989646,43.6340122],[-79.3989884,43.6340019],[-79.3991153,43.6341581],[-79.3991391,43.6341489],[-79.3992756,43.6343097],[-79.3993263,43.6343395],[-79.3995236,43.6342416]]]}},{"type":"Feature","properties":{"form":"other"},"geometry":{"type":"Polygon","coordinates":[[[-79.3732888,43.654983],[-79.3726127,43.6551172],[-79.3723062,43.6543266],[-79.3729821,43.6541893],[-79.3732888,43.654983]]]}},{"type":"Feature","properties":{"form":"other"},"geometry":{"type":"Polygon","coordinates":[[[-79.4600422,43.6407703],[-79.4599816,43.6405966],[-79.4601235,43.6405707],[-79.4601321,43.6405953],[-79.4601069,43.6405999],[-79.4601589,43.640749],[-79.4600422,43.6407703]]]}},{"type":"Feature","properties":{"form":"other"},"geometry":{"type":"Polygon","coordinates":[[[-79.4599975,43.6405005],[-79.4601222,43.6404859],[-79.4600539,43.6403288],[-79.4599928,43.640303],[-79.4599222,43.6403168],[-79.4598899,43.6403658],[-79.4599193,43.6404439],[-79.4599669,43.6404341],[-79.4599975,43.6405005]]]}},{"type":"Feature","properties":{"form":"other"},"geometry":{"type":"Polygon","coordinates":[[[-79.4029817,43.6342286],[-79.4023454,43.6345163],[-79.4021369,43.6342656],[-79.4021,43.6342825],[-79.4020166,43.6341823],[-79.4026893,43.6338848],[-79.4027452,43.6339511],[-79.4027997,43.633927],[-79.402821,43.6339521],[-79.4029885,43.633878],[-79.4031308,43.6340465],[-79.4029575,43.6341232],[-79.4029402,43.6341026],[-79.4028929,43.6341235],[-79.4029817,43.6342286]]]}},{"type":"Feature","properties":{"form":"other"},"geometry":{"type":"Polygon","coordinates":[[[-79.4050491,43.6344969],[-79.4046347,43.6341206],[-79.4044669,43.6341969],[-79.4048152,43.6346011],[-79.4050491,43.6344969]]]}},{"type":"Feature","properties":{"form":"other"},"geometry":{"type":"Polygon","coordinates":[[[-79.451708,43.676575],[-79.451678,43.676564],[-79.451699,43.676524],[-79.451626,43.676464],[-79.45146,43.6765],[-79.451401,43.676459],[-79.451374,43.676414],[-79.451389,43.676405],[-79.451365,43.676408],[-79.451342,43.676323],[-79.451296,43.676333],[-79.451285,43.676307],[-79.451556,43.676249],[-79.451586,43.676324],[-79.451657,43.676295],[-79.451725,43.676474],[-79.451742,43.676473],[-79.451708,43.676575]]]}},{"type":"Feature","properties":{"form":"other"},"geometry":{"type":"Polygon","coordinates":[[[-79.3894114,43.66375],[-79.3892923,43.6637766],[-79.3891502,43.6634432],[-79.3892693,43.6634166],[-79.3894114,43.66375]]]}},{"type":"Feature","properties":{"form":"other"},"geometry":{"type":"Polygon","coordinates":[[[-79.3428497,43.6512278],[-79.3430417,43.651144],[-79.3428445,43.6509073],[-79.3427808,43.6509351],[-79.3427583,43.6509081],[-79.3425408,43.651003],[-79.3425757,43.6510449],[-79.3422822,43.651173],[-79.3425156,43.6514531],[-79.3428983,43.6512862],[-79.3428497,43.6512278]]]}},{"type":"Feature","properties":{"form":"other"},"geometry":{"type":"Polygon","coordinates":[[[-79.3423897,43.6526687],[-79.3421778,43.6524127],[-79.3423536,43.6523365],[-79.3425655,43.6525925],[-79.3423897,43.6526687]]]}},{"type":"Feature","properties":{"form":"other"},"geometry":{"type":"Polygon","coordinates":[[[-79.3494843,43.6352304],[-79.349334,43.6351132],[-79.3492714,43.6351551],[-79.3489057,43.6348699],[-79.3489544,43.6348372],[-79.3487316,43.6346633],[-79.348657,43.6347134],[-79.3485919,43.6346627],[-79.3490144,43.6343789],[-79.3498684,43.6350451],[-79.349811,43.6350836],[-79.349761,43.6350446],[-79.3494843,43.6352304]]]}},{"type":"Feature","properties":{"form":"other"},"geometry":{"type":"Polygon","coordinates":[[[-79.4728739,43.6699859],[-79.4727412,43.6697009],[-79.4726725,43.6694554],[-79.4728935,43.6694135],[-79.4728701,43.6693559],[-79.473078,43.6693119],[-79.4730649,43.6692797],[-79.4732458,43.6692413],[-79.4732765,43.6693171],[-79.4734931,43.6692712],[-79.4737257,43.6698451],[-79.4730343,43.6699917],[-79.4730213,43.6699595],[-79.4728739,43.6699859]]]}},{"type":"Feature","properties":{"form":"other"},"geometry":{"type":"Polygon","coordinates":[[[-79.4739339,43.6692898],[-79.4742717,43.6692287],[-79.4742136,43.6690604],[-79.4738757,43.6691215],[-79.4739339,43.6692898]]]}},{"type":"Feature","properties":{"form":"other"},"geometry":{"type":"Polygon","coordinates":[[[-79.3749237,43.6403981],[-79.3747691,43.6404512],[-79.3754172,43.6414772],[-79.3764596,43.6411035],[-79.3762799,43.6408219],[-79.3756269,43.6406682],[-79.3754982,43.6404423],[-79.3751607,43.6405577],[-79.3751435,43.6405305],[-79.3749982,43.6404966],[-79.3749237,43.6403981]]]}},{"type":"Feature","properties":{"form":"other"},"geometry":{"type":"Polygon","coordinates":[[[-79.3703527,43.6426732],[-79.3703681,43.6426094],[-79.3703319,43.6425739],[-79.3702331,43.6425721],[-79.3701838,43.6426099],[-79.3701807,43.642652],[-79.3702603,43.6426987],[-79.3702677,43.6427816],[-79.370315,43.6428138],[-79.3703807,43.6428111],[-79.3704486,43.6427611],[-79.37043,43.642705],[-79.3703527,43.6426732]]]}},{"type":"Feature","properties":{"form":"other"},"geometry":{"type":"Polygon","coordinates":[[[-79.465302,43.671473],[-79.4657155,43.6713771],[-79.4656031,43.6711238],[-79.4651897,43.6712197],[-79.465302,43.671473]]]}},{"type":"Feature","properties":{"form":"other"},"geometry":{"type":"Polygon","coordinates":[[[-79.4467186,43.6670083],[-79.4466277,43.6667943],[-79.4477888,43.6665468],[-79.4478725,43.6667644],[-79.4467186,43.6670083]]]}},{"type":"Feature","properties":{"form":"apartments"},"geometry":{"type":"Polygon","coordinates":[[[-79.4011651,43.6372854],[-79.4010502,43.6369991],[-79.4004636,43.6370639],[-79.4004586,43.6371032],[-79.4003113,43.6370856],[-79.4002349,43.637107],[-79.4002495,43.6371846],[-79.4011651,43.6372854]]]}},{"type":"Feature","properties":{"form":"apartments"},"geometry":{"type":"Polygon","coordinates":[[[-79.4015201,43.6349252],[-79.4011982,43.6345935],[-79.4014648,43.6344494],[-79.4014431,43.6344277],[-79.4016518,43.6343177],[-79.4015696,43.6342339],[-79.4009001,43.6345809],[-79.4013354,43.6350209],[-79.4015201,43.6349252]]]}},{"type":"Feature","properties":{"form":"apartments"},"geometry":{"type":"Polygon","coordinates":[[[-79.4133337,43.6381633],[-79.4135245,43.6386631],[-79.4138183,43.6386044],[-79.4136275,43.6381046],[-79.4133337,43.6381633]]]}},{"type":"Feature","properties":{"form":"apartments"},"geometry":{"type":"Polygon","coordinates":[[[-79.4128611,43.6384352],[-79.4129814,43.6387656],[-79.4127233,43.6388147],[-79.4125703,43.6383937],[-79.4127318,43.6383631],[-79.4127203,43.6383315],[-79.413212,43.6382379],[-79.4132564,43.63836],[-79.4128611,43.6384352]]]}},{"type":"Feature","properties":{"form":"apartments"},"geometry":{"type":"Polygon","coordinates":[[[-79.3996069,43.6436378],[-79.3997759,43.6440667],[-79.3990648,43.644185],[-79.3990126,43.6440525],[-79.3994105,43.6439704],[-79.3993834,43.6439015],[-79.3989839,43.6439839],[-79.3989171,43.6438603],[-79.3990166,43.6438398],[-79.3989973,43.6437909],[-79.3993582,43.6437165],[-79.3993482,43.6436911],[-79.3996069,43.6436378]]]}},{"type":"Feature","properties":{"form":"apartments"},"geometry":{"type":"Polygon","coordinates":[[[-79.3956947,43.6443212],[-79.3961698,43.6442158],[-79.3960505,43.6439342],[-79.3958485,43.643979],[-79.3958925,43.6440829],[-79.3957029,43.6441249],[-79.3957137,43.6441504],[-79.3956301,43.644169],[-79.3956947,43.6443212]]]}},{"type":"Feature","properties":{"form":"other"},"geometry":{"type":"Polygon","coordinates":[[[-79.4089229,43.6358283],[-79.4087739,43.6358586],[-79.4087358,43.6357603],[-79.4088847,43.63573],[-79.4089229,43.6358283]]]}},{"type":"Feature","properties":{"form":"apartments"},"geometry":{"type":"Polygon","coordinates":[[[-79.476624,43.630273],[-79.4761602,43.630567],[-79.4760199,43.6304939],[-79.4758842,43.6303871],[-79.4759902,43.6303182],[-79.4759285,43.630258],[-79.4761222,43.6301358],[-79.4762547,43.6301721],[-79.4762822,43.6301357],[-79.476624,43.630273]]]}},{"type":"Feature","properties":{"form":"apartments"},"geometry":{"type":"Polygon","coordinates":[[[-79.4791701,43.6264949],[-79.4789017,43.6270502],[-79.4780036,43.6268915],[-79.4780789,43.6267367],[-79.4783075,43.6267776],[-79.4783354,43.6266938],[-79.4785,43.6267221],[-79.4785476,43.6265717],[-79.4782085,43.6264732],[-79.4783214,43.6262415],[-79.4791701,43.6264949]]]}},{"type":"Feature","properties":{"form":"other"},"geometry":{"type":"Polygon","coordinates":[[[-79.3510701,43.6572568],[-79.350847,43.6573031],[-79.3508262,43.6572505],[-79.3504566,43.6573273],[-79.3504318,43.6572648],[-79.3504805,43.6572546],[-79.350469,43.6572254],[-79.3505209,43.6572147],[-79.3505293,43.6572359],[-79.350664,43.6571859],[-79.3506731,43.6572087],[-79.350763,43.65719],[-79.3507544,43.6571683],[-79.3507846,43.657162],[-79.350805,43.6572136],[-79.3508414,43.657206],[-79.3508509,43.6572301],[-79.3509374,43.6572121],[-79.3509264,43.6571842],[-79.3509878,43.6571714],[-79.350999,43.6571997],[-79.3510437,43.6571904],[-79.3510701,43.6572568]]]}},{"type":"Feature","properties":{"form":"houses"},"geometry":{"type":"Polygon","coordinates":[[[-79.4706556,43.6367909],[-79.4707151,43.6368806],[-79.4703161,43.6369649],[-79.4700633,43.6369542],[-79.4697981,43.6368537],[-79.4694412,43.6364717],[-79.4695453,43.6364214],[-79.4699195,43.6367892],[-79.4700881,43.6368412],[-79.4703285,43.636877],[-79.4706556,43.6367909]]]}},{"type":"Feature","properties":{"form":"houses"},"geometry":{"type":"Polygon","coordinates":[[[-79.471668,43.6364806],[-79.471274,43.6366421],[-79.4712122,43.6365632],[-79.4716061,43.6364016],[-79.471668,43.6364806]]]}},{"type":"Feature","properties":{"form":"apartments"},"geometry":{"type":"Polygon","coordinates":[[[-79.472256,43.6359123],[-79.4720278,43.6356784],[-79.4721434,43.6356194],[-79.4723716,43.6358532],[-79.472256,43.6359123]]]}},{"type":"Feature","properties":{"form":"houses"},"geometry":{"type":"Polygon","coordinates":[[[-79.4724215,43.6359452],[-79.4721501,43.6361416],[-79.4722381,43.6362053],[-79.4725095,43.6360089],[-79.4724215,43.6359452]]]}},{"type":"Feature","properties":{"form":"houses"},"geometry":{"type":"Polygon","coordinates":[[[-79.4720767,43.6362842],[-79.4716928,43.636462],[-79.4716213,43.6363811],[-79.4720052,43.6362033],[-79.4720767,43.6362842]]]}},{"type":"Feature","properties":{"form":"houses"},"geometry":{"type":"Polygon","coordinates":[[[-79.4719467,43.6361363],[-79.4713956,43.6363812],[-79.4713399,43.6363155],[-79.471891,43.6360706],[-79.4719467,43.6361363]]]}},{"type":"Feature","properties":{"form":"houses"},"geometry":{"type":"Polygon","coordinates":[[[-79.4707914,43.6367242],[-79.4708551,43.6368098],[-79.4712411,43.6366595],[-79.4711774,43.6365739],[-79.4707914,43.6367242]]]}},{"type":"Feature","properties":{"form":"houses"},"geometry":{"type":"Polygon","coordinates":[[[-79.4712916,43.6364311],[-79.4707471,43.6366527],[-79.4706839,43.6365714],[-79.4712284,43.6363498],[-79.4712916,43.6364311]]]}},{"type":"Feature","properties":{"form":"houses"},"geometry":{"type":"Polygon","coordinates":[[[-79.4725369,43.6359608],[-79.4727581,43.6358144],[-79.4726952,43.6357646],[-79.472474,43.635911],[-79.4725369,43.6359608]]]}},{"type":"Feature","properties":{"form":"apartments"},"geometry":{"type":"Polygon","coordinates":[[[-79.4720834,43.6360664],[-79.4717996,43.6357603],[-79.4719194,43.6357021],[-79.4722033,43.6360081],[-79.4720834,43.6360664]]]}},{"type":"Feature","properties":{"form":"apartments"},"geometry":{"type":"Polygon","coordinates":[[[-79.4706409,43.6363992],[-79.4702021,43.6358853],[-79.46995,43.6359981],[-79.4703889,43.636512],[-79.4706409,43.6363992]]]}},{"type":"Feature","properties":{"form":"houses"},"geometry":{"type":"Polygon","coordinates":[[[-79.4705887,43.6366959],[-79.4703881,43.6367547],[-79.4702565,43.6367647],[-79.4700162,43.6367008],[-79.4701035,43.6366183],[-79.4702016,43.6366543],[-79.4703106,43.6366593],[-79.4705332,43.6365991],[-79.4705887,43.6366959]]]}},{"type":"Feature","properties":{"form":"apartments"},"geometry":{"type":"Polygon","coordinates":[[[-79.4046642,43.6365886],[-79.4047037,43.6365097],[-79.4047397,43.6365114],[-79.4047466,43.6363939],[-79.40488,43.6364048],[-79.4050424,43.6364543],[-79.4051805,43.6364426],[-79.4051677,43.6362646],[-79.4046666,43.6362108],[-79.4045123,43.636147],[-79.4044125,43.636482],[-79.4044392,43.6364871],[-79.4044287,43.6365164],[-79.4046642,43.6365886]]]}},{"type":"Feature","properties":{"form":"other"},"geometry":{"type":"Polygon","coordinates":[[[-79.4216461,43.6379974],[-79.4226835,43.6377885],[-79.4222833,43.6367476],[-79.4219288,43.636819],[-79.422251,43.6376571],[-79.4215681,43.6377946],[-79.4216461,43.6379974]]]}},{"type":"Feature","properties":{"form":"apartments"},"geometry":{"type":"Polygon","coordinates":[[[-79.4256707,43.6418126],[-79.4261761,43.6419941],[-79.4261022,43.6420973],[-79.4260408,43.642061],[-79.4260251,43.6420836],[-79.4260961,43.6422726],[-79.4257956,43.6423318],[-79.425661,43.6419738],[-79.4257037,43.6419654],[-79.4257116,43.6419411],[-79.4256056,43.6418997],[-79.4256707,43.6418126]]]}},{"type":"Feature","properties":{"form":"apartments"},"geometry":{"type":"Polygon","coordinates":[[[-79.4241239,43.6420462],[-79.4239968,43.6417248],[-79.424281,43.6416669],[-79.4243083,43.6418345],[-79.4243695,43.6420004],[-79.4241239,43.6420462]]]}},{"type":"Feature","properties":{"form":"apartments"},"geometry":{"type":"Polygon","coordinates":[[[-79.4243121,43.6414172],[-79.4238371,43.6412993],[-79.4239073,43.641548],[-79.4239326,43.6415426],[-79.4239968,43.6417248],[-79.424281,43.6416669],[-79.4242812,43.6415374],[-79.4243121,43.6414172]]]}},{"type":"Feature","properties":{"form":"apartments"},"geometry":{"type":"Polygon","coordinates":[[[-79.4250464,43.6404789],[-79.4246423,43.6404013],[-79.4247466,43.6401562],[-79.4246017,43.6401246],[-79.4245792,43.6401734],[-79.4245242,43.6401643],[-79.4242619,43.6404853],[-79.4244218,43.640526],[-79.4244168,43.6405458],[-79.4250776,43.6406842],[-79.4250564,43.6406001],[-79.4249889,43.6405874],[-79.4250464,43.6404789]]]}},{"type":"Feature","properties":{"form":"apartments"},"geometry":{"type":"Polygon","coordinates":[[[-79.4100545,43.6420053],[-79.4104174,43.6419402],[-79.4103405,43.6417158],[-79.4099776,43.6417809],[-79.4100545,43.6420053]]]}},{"type":"Feature","properties":{"form":"other"},"geometry":{"type":"Polygon","coordinates":[[[-79.3910834,43.6462083],[-79.3909939,43.6462282],[-79.3908846,43.6459632],[-79.3909741,43.6459433],[-79.3910834,43.6462083]]]}},{"type":"Feature","properties":{"form":"other"},"geometry":{"type":"Polygon","coordinates":[[[-79.3911806,43.6461873],[-79.3910834,43.6462083],[-79.3909741,43.6459433],[-79.3910713,43.6459223],[-79.3911806,43.6461873]]]}},{"type":"Feature","properties":{"form":"other"},"geometry":{"type":"Polygon","coordinates":[[[-79.3909939,43.6462282],[-79.3909021,43.6462487],[-79.3907966,43.6459825],[-79.3908846,43.6459632],[-79.3909939,43.6462282]]]}},{"type":"Feature","properties":{"form":"other"},"geometry":{"type":"Polygon","coordinates":[[[-79.3909021,43.6462487],[-79.3908068,43.6462718],[-79.3907035,43.6460079],[-79.3907966,43.6459825],[-79.3909021,43.6462487]]]}},{"type":"Feature","properties":{"form":"other"},"geometry":{"type":"Polygon","coordinates":[[[-79.3912778,43.6461663],[-79.3911806,43.6461873],[-79.3910713,43.6459223],[-79.3911685,43.6459013],[-79.3912778,43.6461663]]]}},{"type":"Feature","properties":{"form":"apartments"},"geometry":{"type":"Polygon","coordinates":[[[-79.3936915,43.640614],[-79.3939382,43.6412419],[-79.3936631,43.6413006],[-79.3934181,43.6406716],[-79.3936915,43.640614]]]}},{"type":"Feature","properties":{"form":"apartments"},"geometry":{"type":"Polygon","coordinates":[[[-79.3843701,43.6396861],[-79.3841567,43.6397167],[-79.3841009,43.6397961],[-79.3836202,43.639885],[-79.3836332,43.6399291],[-79.3834181,43.6400085],[-79.3830447,43.6397237],[-79.3830259,43.6396709],[-79.3834794,43.639583],[-79.3835814,43.6396022],[-79.3835768,43.6396589],[-79.3836576,43.6396984],[-79.3837713,43.6396527],[-79.383895,43.6396533],[-79.383955,43.6395825],[-79.3839187,43.6395412],[-79.3839449,43.6395072],[-79.3841885,43.6394449],[-79.3841961,43.6394646],[-79.384295,43.6394776],[-79.3842895,43.6395284],[-79.3843424,43.6395535],[-79.3843449,43.6396117],[-79.3843763,43.6396264],[-79.3843701,43.6396861]]]}},{"type":"Feature","properties":{"form":"apartments"},"geometry":{"type":"Polygon","coordinates":[[[-79.4032254,43.6418044],[-79.4025436,43.6419384],[-79.4025955,43.642077],[-79.403098,43.6419782],[-79.403077,43.6419222],[-79.4032564,43.641887],[-79.4032254,43.6418044]]]}},{"type":"Feature","properties":{"form":"other"},"geometry":{"type":"Polygon","coordinates":[[[-79.3808728,43.6420679],[-79.3805627,43.6421549],[-79.3797906,43.6425424],[-79.3800994,43.6429387],[-79.3804465,43.6429937],[-79.3811981,43.6428306],[-79.3808728,43.6420679]]]}},{"type":"Feature","properties":{"form":"other"},"geometry":{"type":"Polygon","coordinates":[[[-79.4666046,43.6513941],[-79.4664736,43.6515179],[-79.4665738,43.65157],[-79.4666295,43.6514957],[-79.4666046,43.6513941]]]}},{"type":"Feature","properties":{"form":"other"},"geometry":{"type":"Polygon","coordinates":[[[-79.4393198,43.6337703],[-79.439224,43.6338689],[-79.4389683,43.6337387],[-79.4391143,43.6335884],[-79.4392496,43.6336573],[-79.4391994,43.633709],[-79.4393198,43.6337703]]]}},{"type":"Feature","properties":{"form":"other"},"geometry":{"type":"Polygon","coordinates":[[[-79.3779803,43.6424356],[-79.3779727,43.6424234],[-79.3780114,43.6424253],[-79.3779803,43.6424356]]]}},{"type":"Feature","properties":{"form":"other"},"geometry":{"type":"Polygon","coordinates":[[[-79.4240373,43.6307195],[-79.4239677,43.6307304],[-79.4239449,43.630654],[-79.4240145,43.6306431],[-79.4240373,43.6307195]]]}},{"type":"Feature","properties":{"form":"other"},"geometry":{"type":"Polygon","coordinates":[[[-79.3531805,43.6467775],[-79.3533309,43.646711],[-79.3534019,43.64679],[-79.3533841,43.6468362],[-79.3532668,43.6468837],[-79.3531805,43.6467775]]]}},{"type":"Feature","properties":{"form":"other"},"geometry":{"type":"Polygon","coordinates":[[[-79.3543853,43.640082],[-79.3544158,43.640118],[-79.3545047,43.6400785],[-79.3544742,43.6400425],[-79.3543853,43.640082]]]}},{"type":"Feature","properties":{"form":"other"},"geometry":{"type":"Polygon","coordinates":[[[-79.3543071,43.6394946],[-79.3531278,43.6401204],[-79.352864,43.6398734],[-79.3540533,43.6392355],[-79.3543071,43.6394946]]]}},{"type":"Feature","properties":{"form":"other"},"geometry":{"type":"Polygon","coordinates":[[[-79.3766136,43.615981],[-79.3765666,43.6159646],[-79.3765897,43.61593],[-79.3766367,43.6159463],[-79.3766136,43.615981]]]}},{"type":"Feature","properties":{"form":"other"},"geometry":{"type":"Polygon","coordinates":[[[-79.3736916,43.619464],[-79.3737312,43.6193552],[-79.3738716,43.6193355],[-79.3739767,43.6194009],[-79.3739428,43.6195131],[-79.3738024,43.6195394],[-79.3736916,43.619464]]]}},{"type":"Feature","properties":{"form":"other"},"geometry":{"type":"Polygon","coordinates":[[[-79.3889543,43.6120538],[-79.388989,43.6121522],[-79.3888338,43.6121808],[-79.3887955,43.6120878],[-79.3889543,43.6120538]]]}},{"type":"Feature","properties":{"form":"other"},"geometry":{"type":"Polygon","coordinates":[[[-79.3801032,43.617126],[-79.3801346,43.6171627],[-79.3803106,43.6170837],[-79.3803529,43.617133],[-79.3801342,43.6172312],[-79.3800605,43.6171451],[-79.3801032,43.617126]]]}},{"type":"Feature","properties":{"form":"other"},"geometry":{"type":"Polygon","coordinates":[[[-79.3828147,43.6519055],[-79.3828576,43.6520117],[-79.3827539,43.6520336],[-79.382711,43.6519274],[-79.3828147,43.6519055]]]}},{"type":"Feature","properties":{"form":"other"},"geometry":{"type":"Polygon","coordinates":[[[-79.3868401,43.6513283],[-79.3867837,43.6513391],[-79.3867691,43.651299],[-79.3868254,43.6512882],[-79.3868401,43.6513283]]]}},{"type":"Feature","properties":{"form":"other"},"geometry":{"type":"Polygon","coordinates":[[[-79.3868513,43.6512581],[-79.3867271,43.6512845],[-79.3867644,43.6513764],[-79.3868886,43.65135],[-79.3868513,43.6512581]]]}},{"type":"Feature","properties":{"form":"other"},"geometry":{"type":"Polygon","coordinates":[[[-79.3862093,43.6378873],[-79.3860805,43.6379145],[-79.3859317,43.6375582],[-79.3857127,43.6375819],[-79.3857842,43.6381037],[-79.3862602,43.6380018],[-79.3862093,43.6378873]]]}},{"type":"Feature","properties":{"form":"other"},"geometry":{"type":"Polygon","coordinates":[[[-79.3772515,43.6406463],[-79.3769384,43.640752],[-79.3768589,43.6406519],[-79.3768364,43.6406555],[-79.3768274,43.6405753],[-79.3768907,43.6405271],[-79.3770587,43.6401733],[-79.3781836,43.6398518],[-79.3782341,43.6398848],[-79.3785788,43.6399698],[-79.3786029,43.6399513],[-79.378681,43.6400028],[-79.3786589,43.6400212],[-79.3788381,43.6402875],[-79.3785892,43.6403748],[-79.3784421,43.6401882],[-79.3782999,43.6404537],[-79.3775286,43.6407245],[-79.3772515,43.6406463]]]}},{"type":"Feature","properties":{"form":"apartments"},"geometry":{"type":"Polygon","coordinates":[[[-79.3852282,43.6396091],[-79.3851154,43.6392555],[-79.3855524,43.6391802],[-79.3856521,43.6394948],[-79.3857149,43.6395085],[-79.385722,43.6395307],[-79.3852282,43.6396091]]]}},{"type":"Feature","properties":{"form":"apartments"},"geometry":{"type":"Polygon","coordinates":[[[-79.3863703,43.6394208],[-79.3858971,43.6394969],[-79.3857856,43.639142],[-79.3862589,43.6390662],[-79.3863703,43.6394208]]]}},{"type":"Feature","properties":{"form":"other"},"geometry":{"type":"Polygon","coordinates":[[[-79.3903821,43.6383022],[-79.3909353,43.6381897],[-79.3911249,43.6386333],[-79.3905552,43.6387471],[-79.3903821,43.6383022]]]}},{"type":"Feature","properties":{"form":"apartments"},"geometry":{"type":"Polygon","coordinates":[[[-79.4107367,43.6443214],[-79.410636,43.644052],[-79.4105113,43.6440765],[-79.4106127,43.6443437],[-79.4107367,43.6443214]]]}},{"type":"Feature","properties":{"form":"apartments"},"geometry":{"type":"Polygon","coordinates":[[[-79.4104194,43.6443568],[-79.4103127,43.6441949],[-79.4102798,43.6442063],[-79.410242,43.6441488],[-79.4101875,43.6441676],[-79.410332,43.6443869],[-79.4104194,43.6443568]]]}},{"type":"Feature","properties":{"form":"other"},"geometry":{"type":"Polygon","coordinates":[[[-79.3306236,43.659521],[-79.3301017,43.6596311],[-79.3298952,43.6590862],[-79.3301911,43.6589449],[-79.3303721,43.6589028],[-79.3306236,43.659521]]]}},{"type":"Feature","properties":{"form":"other"},"geometry":{"type":"Polygon","coordinates":[[[-79.3849174,43.6418218],[-79.3850067,43.6417717],[-79.385024,43.641762],[-79.3849825,43.6417232],[-79.3848758,43.641783],[-79.3849174,43.6418218]]]}},{"type":"Feature","properties":{"form":"other"},"geometry":{"type":"Polygon","coordinates":[[[-79.3850553,43.6417441],[-79.3851227,43.6417029],[-79.3850951,43.6416793],[-79.3850278,43.6417205],[-79.3850553,43.6417441]]]}},{"type":"Feature","properties":{"form":"other"},"geometry":{"type":"Polygon","coordinates":[[[-79.3852656,43.6415785],[-79.3852988,43.6415584],[-79.3852795,43.6415417],[-79.3852463,43.641562],[-79.3852656,43.6415785]]]}},{"type":"Feature","properties":{"form":"other"},"geometry":{"type":"Polygon","coordinates":[[[-79.3503228,43.6528422],[-79.3501749,43.6528015],[-79.350351,43.6524661],[-79.350499,43.6525068],[-79.3503228,43.6528422]]]}},{"type":"Feature","properties":{"form":"other"},"geometry":{"type":"Polygon","coordinates":[[[-79.3492625,43.6555711],[-79.3491904,43.655506],[-79.3492722,43.6554586],[-79.3493442,43.6555238],[-79.3492625,43.6555711]]]}},{"type":"Feature","properties":{"form":"other"},"geometry":{"type":"Polygon","coordinates":[[[-79.3488234,43.6554151],[-79.3487171,43.6553167],[-79.3489657,43.655176],[-79.3490721,43.6552743],[-79.3488234,43.6554151]]]}},{"type":"Feature","properties":{"form":"other"},"geometry":{"type":"Polygon","coordinates":[[[-79.3913055,43.6405711],[-79.3904632,43.6404313],[-79.3904359,43.6403613],[-79.3908565,43.6402752],[-79.3908487,43.6402589],[-79.3911571,43.6402278],[-79.3913055,43.6405711]]]}},{"type":"Feature","properties":{"form":"other"},"geometry":{"type":"Polygon","coordinates":[[[-79.4179054,43.6729841],[-79.4177742,43.6726492],[-79.4179898,43.6726051],[-79.4179362,43.6724682],[-79.4182975,43.6723942],[-79.4184823,43.6728659],[-79.4179054,43.6729841]]]}},{"type":"Feature","properties":{"form":"apartments"},"geometry":{"type":"Polygon","coordinates":[[[-79.4331495,43.649825],[-79.4335345,43.6498475],[-79.4336271,43.6500968],[-79.433097,43.6501854],[-79.4331495,43.649825]]]}},{"type":"Feature","properties":{"form":"other"},"geometry":{"type":"Polygon","coordinates":[[[-79.3735149,43.6549541],[-79.3735256,43.6549836],[-79.3734185,43.655004],[-79.3734078,43.6549744],[-79.3735149,43.6549541]]]}},{"type":"Feature","properties":{"form":"apartments"},"geometry":{"type":"Polygon","coordinates":[[[-79.4157369,43.6399698],[-79.415693,43.6398328],[-79.4158534,43.6398011],[-79.4157253,43.6394922],[-79.4158095,43.6394763],[-79.4157957,43.6394254],[-79.4159318,43.6393978],[-79.4161245,43.6399005],[-79.4157369,43.6399698]]]}},{"type":"Feature","properties":{"form":"houses"},"geometry":{"type":"Polygon","coordinates":[[[-79.4623339,43.6596822],[-79.4622925,43.6595681],[-79.4627126,43.6594772],[-79.4627189,43.6594923],[-79.4630347,43.659424],[-79.4630426,43.6594432],[-79.4630938,43.6594321],[-79.4631086,43.659468],[-79.4631678,43.6594552],[-79.4631966,43.6595251],[-79.4623339,43.6596822]]]}},{"type":"Feature","properties":{"form":"other"},"geometry":{"type":"Polygon","coordinates":[[[-79.3341281,43.6572285],[-79.3343545,43.6571826],[-79.3345171,43.6576023],[-79.3342907,43.6576483],[-79.3341281,43.6572285]]]}},{"type":"Feature","properties":{"form":"other"},"geometry":{"type":"Polygon","coordinates":[[[-79.3338288,43.6584443],[-79.3337076,43.6581647],[-79.3340746,43.6580814],[-79.3341959,43.6583611],[-79.3338288,43.6584443]]]}},{"type":"Feature","properties":{"form":"other"},"geometry":{"type":"Polygon","coordinates":[[[-79.4142824,43.630425],[-79.4142765,43.6303988],[-79.4141878,43.6303574],[-79.4141482,43.6303625],[-79.4140887,43.6304292],[-79.4140968,43.6304588],[-79.4141774,43.630493],[-79.4142227,43.6304855],[-79.4142824,43.630425]]]}},{"type":"Feature","properties":{"form":"other"},"geometry":{"type":"Polygon","coordinates":[[[-79.4113682,43.6284528],[-79.4113542,43.6284097],[-79.4114514,43.6283932],[-79.4114732,43.6284605],[-79.4115466,43.6284481],[-79.411581,43.6285541],[-79.4115081,43.6285665],[-79.411576,43.628776],[-79.4114834,43.6287917],[-79.4114559,43.6287067],[-79.4110088,43.6287826],[-79.4109262,43.6285279],[-79.4113682,43.6284528]]]}},{"type":"Feature","properties":{"form":"other"},"geometry":{"type":"Polygon","coordinates":[[[-79.417944,43.6277765],[-79.4179825,43.6276618],[-79.4181368,43.627591],[-79.4183155,43.6276245],[-79.4183777,43.6276786],[-79.4184036,43.6277464],[-79.4183887,43.6278159],[-79.4183355,43.6278749],[-79.4181719,43.6279232],[-79.4180091,43.6278736],[-79.417944,43.6277765]]]}},{"type":"Feature","properties":{"form":"other"},"geometry":{"type":"Polygon","coordinates":[[[-79.4108884,43.6285301],[-79.4110619,43.6290658],[-79.4109125,43.6290912],[-79.410739,43.6285555],[-79.4108884,43.6285301]]]}},{"type":"Feature","properties":{"form":"other"},"geometry":{"type":"Polygon","coordinates":[[[-79.3257186,43.642546],[-79.325623,43.6427523],[-79.3254272,43.6427047],[-79.3255228,43.6424985],[-79.3257186,43.642546]]]}},{"type":"Feature","properties":{"form":"other"},"geometry":{"type":"Polygon","coordinates":[[[-79.3435055,43.6135307],[-79.3434713,43.6135293],[-79.343473,43.6135075],[-79.3435072,43.6135088],[-79.3435055,43.6135307]]]}},{"type":"Feature","properties":{"form":"apartments"},"geometry":{"type":"Polygon","coordinates":[[[-79.4065775,43.6365129],[-79.4065698,43.636573],[-79.4065876,43.6365755],[-79.4065525,43.6367613],[-79.406453,43.6369346],[-79.4063189,43.6370595],[-79.4061582,43.6371668],[-79.4060116,43.6372075],[-79.4054217,43.6372704],[-79.4053734,43.6371325],[-79.4058569,43.6370485],[-79.4060322,43.636918],[-79.4062854,43.6368102],[-79.4062794,43.6367238],[-79.4062997,43.6367231],[-79.4063057,43.6366711],[-79.4062904,43.6366502],[-79.4060762,43.6366447],[-79.4057529,43.6365781],[-79.4057617,43.6364291],[-79.4065775,43.6365129]]]}},{"type":"Feature","properties":{"form":"other"},"geometry":{"type":"Polygon","coordinates":[[[-79.3766133,43.6167229],[-79.376655,43.6167006],[-79.3766584,43.6166749],[-79.3766231,43.6166473],[-79.3765729,43.6166535],[-79.3765565,43.6166995],[-79.3766133,43.6167229]]]}},{"type":"Feature","properties":{"form":"other"},"geometry":{"type":"Polygon","coordinates":[[[-79.3717171,43.6193424],[-79.3717337,43.6193405],[-79.3717787,43.619541],[-79.3716946,43.6195509],[-79.3716516,43.6193044],[-79.3716294,43.619307],[-79.3716121,43.6192302],[-79.3717094,43.6192187],[-79.3717171,43.6193424]]]}},{"type":"Feature","properties":{"form":"other"},"geometry":{"type":"Polygon","coordinates":[[[-79.3749177,43.6209683],[-79.374919,43.6209871],[-79.3748243,43.6209905],[-79.374823,43.620971],[-79.3747313,43.6209616],[-79.3747289,43.6209278],[-79.3749147,43.6209032],[-79.3749158,43.620919],[-79.3750074,43.6209245],[-79.3750094,43.6209531],[-79.3749177,43.6209683]]]}},{"type":"Feature","properties":{"form":"other"},"geometry":{"type":"Polygon","coordinates":[[[-79.3739155,43.6203124],[-79.3741085,43.6203295],[-79.3740946,43.6204116],[-79.3739016,43.6203945],[-79.3739155,43.6203124]]]}},{"type":"Feature","properties":{"form":"other"},"geometry":{"type":"Polygon","coordinates":[[[-79.3713281,43.6197043],[-79.3713067,43.6196181],[-79.3715182,43.6195905],[-79.3715341,43.6196544],[-79.3714646,43.6196634],[-79.3714702,43.6196857],[-79.3713281,43.6197043]]]}},{"type":"Feature","properties":{"form":"other"},"geometry":{"type":"Polygon","coordinates":[[[-79.373243,43.6201588],[-79.3734247,43.6201752],[-79.3734082,43.6202712],[-79.3732265,43.6202548],[-79.373243,43.6201588]]]}},{"type":"Feature","properties":{"form":"other"},"geometry":{"type":"Polygon","coordinates":[[[-79.3710873,43.6196678],[-79.3711005,43.6197175],[-79.3709591,43.6197373],[-79.3709458,43.6196876],[-79.3710873,43.6196678]]]}},{"type":"Feature","properties":{"form":"other"},"geometry":{"type":"Polygon","coordinates":[[[-79.3708127,43.6194346],[-79.3709248,43.6194571],[-79.3709026,43.6195148],[-79.3707905,43.6194923],[-79.3708127,43.6194346]]]}},{"type":"Feature","properties":{"form":"other"},"geometry":{"type":"Polygon","coordinates":[[[-79.3727728,43.6201427],[-79.3728614,43.6201492],[-79.3728484,43.620242],[-79.3727599,43.6202355],[-79.3727728,43.6201427]]]}},{"type":"Feature","properties":{"form":"other"},"geometry":{"type":"Polygon","coordinates":[[[-79.3716441,43.6205967],[-79.371591,43.6204765],[-79.3719245,43.6203992],[-79.3719776,43.6205195],[-79.3716441,43.6205967]]]}},{"type":"Feature","properties":{"form":"other"},"geometry":{"type":"Polygon","coordinates":[[[-79.3708404,43.6196534],[-79.3708711,43.6197424],[-79.3707294,43.6197681],[-79.3706987,43.619679],[-79.3708404,43.6196534]]]}},{"type":"Feature","properties":{"form":"other"},"geometry":{"type":"Polygon","coordinates":[[[-79.3731997,43.6204639],[-79.3730899,43.620456],[-79.3730996,43.6203845],[-79.3729667,43.620375],[-79.3729768,43.6203013],[-79.3732195,43.6203186],[-79.3731997,43.6204639]]]}},{"type":"Feature","properties":{"form":"other"},"geometry":{"type":"Polygon","coordinates":[[[-79.3716768,43.6198845],[-79.3716883,43.6199167],[-79.3716058,43.6199321],[-79.3715828,43.6198673],[-79.3717276,43.6198174],[-79.3717469,43.6198715],[-79.3716768,43.6198845]]]}},{"type":"Feature","properties":{"form":"other"},"geometry":{"type":"Polygon","coordinates":[[[-79.3735955,43.6203609],[-79.373397,43.6203415],[-79.3733829,43.6204012],[-79.3734399,43.6204065],[-79.3734372,43.6204298],[-79.373344,43.6205007],[-79.3731663,43.6205094],[-79.3731717,43.6205993],[-79.3733383,43.6205942],[-79.3733125,43.6206291],[-79.3733601,43.620659],[-79.3733983,43.6206286],[-79.3734195,43.6206412],[-79.3734916,43.6205857],[-79.3734104,43.6205366],[-79.3734446,43.620509],[-79.3734922,43.6205371],[-79.3735667,43.6205085],[-79.3735955,43.6203609]]]}},{"type":"Feature","properties":{"form":"other"},"geometry":{"type":"Polygon","coordinates":[[[-79.3786906,43.6232795],[-79.3789783,43.6233599],[-79.3789166,43.6234755],[-79.3786338,43.6233964],[-79.3786167,43.6234326],[-79.3786638,43.6234851],[-79.3786457,43.6235289],[-79.3785683,43.6235525],[-79.3784933,43.6235333],[-79.3784643,43.6234843],[-79.3784824,43.6234414],[-79.3785755,43.623409],[-79.3785526,43.6233809],[-79.3784413,43.6233556],[-79.3784005,43.6232821],[-79.3784304,43.6232058],[-79.378537,43.6231693],[-79.3786434,43.6231968],[-79.3786906,43.6232795]]]}},{"type":"Feature","properties":{"form":"other"},"geometry":{"type":"Polygon","coordinates":[[[-79.3738766,43.620755],[-79.3737365,43.6206609],[-79.3737961,43.6206144],[-79.3739362,43.6207084],[-79.3738766,43.620755]]]}},{"type":"Feature","properties":{"form":"other"},"geometry":{"type":"Polygon","coordinates":[[[-79.3724113,43.6193779],[-79.3724065,43.6192912],[-79.3725505,43.619287],[-79.3725553,43.6193737],[-79.3724113,43.6193779]]]}},{"type":"Feature","properties":{"form":"other"},"geometry":{"type":"Polygon","coordinates":[[[-79.3710443,43.6198462],[-79.3710592,43.619895],[-79.3710126,43.6199025],[-79.3709977,43.6198537],[-79.3710443,43.6198462]]]}},{"type":"Feature","properties":{"form":"other"},"geometry":{"type":"Polygon","coordinates":[[[-79.3819445,43.621096],[-79.3819737,43.6210076],[-79.3820741,43.6210249],[-79.382045,43.6211134],[-79.3819445,43.621096]]]}},{"type":"Feature","properties":{"form":"other"},"geometry":{"type":"Polygon","coordinates":[[[-79.3715511,43.6195087],[-79.3715233,43.6195126],[-79.3715151,43.6194826],[-79.371543,43.6194786],[-79.3715511,43.6195087]]]}},{"type":"Feature","properties":{"form":"other"},"geometry":{"type":"Polygon","coordinates":[[[-79.3762661,43.6202139],[-79.3764554,43.6202839],[-79.376403,43.6203582],[-79.3762136,43.6202883],[-79.3762661,43.6202139]]]}},{"type":"Feature","properties":{"form":"other"},"geometry":{"type":"Polygon","coordinates":[[[-79.3768204,43.6176163],[-79.3768101,43.6175606],[-79.3769773,43.6175445],[-79.3769875,43.6176002],[-79.3768204,43.6176163]]]}},{"type":"Feature","properties":{"form":"other"},"geometry":{"type":"Polygon","coordinates":[[[-79.3818204,43.623546],[-79.3817768,43.6236097],[-79.3816867,43.6235775],[-79.3817303,43.6235137],[-79.3818204,43.623546]]]}},{"type":"Feature","properties":{"form":"other"},"geometry":{"type":"Polygon","coordinates":[[[-79.3715665,43.6204339],[-79.3715465,43.6203826],[-79.3716419,43.6203632],[-79.3716618,43.6204144],[-79.3715665,43.6204339]]]}},{"type":"Feature","properties":{"form":"other"},"geometry":{"type":"Polygon","coordinates":[[[-79.3715021,43.6202722],[-79.3714888,43.6202416],[-79.371553,43.620227],[-79.3715663,43.6202576],[-79.3715021,43.6202722]]]}},{"type":"Feature","properties":{"form":"other"},"geometry":{"type":"Polygon","coordinates":[[[-79.371556,43.6198663],[-79.3715662,43.619901],[-79.3715239,43.6199076],[-79.3715136,43.6198728],[-79.371556,43.6198663]]]}},{"type":"Feature","properties":{"form":"other"},"geometry":{"type":"Polygon","coordinates":[[[-79.3812768,43.6235909],[-79.3812657,43.623651],[-79.3811615,43.6236409],[-79.381173,43.6235787],[-79.3812146,43.6235827],[-79.3812272,43.6235147],[-79.3813222,43.6235239],[-79.3813093,43.623594],[-79.3812768,43.6235909]]]}},{"type":"Feature","properties":{"form":"other"},"geometry":{"type":"Polygon","coordinates":[[[-79.3816881,43.6237202],[-79.3816068,43.6236897],[-79.3815821,43.6237244],[-79.3814995,43.6236934],[-79.3815398,43.6236372],[-79.3814529,43.6236046],[-79.3815018,43.6235362],[-79.3817525,43.6236301],[-79.3816881,43.6237202]]]}},{"type":"Feature","properties":{"form":"other"},"geometry":{"type":"Polygon","coordinates":[[[-79.3748774,43.6205159],[-79.3746748,43.6205098],[-79.374673,43.6204732],[-79.3747785,43.6204706],[-79.3747771,43.6204414],[-79.3748737,43.6204389],[-79.3748774,43.6205159]]]}},{"type":"Feature","properties":{"form":"other"},"geometry":{"type":"Polygon","coordinates":[[[-79.3737263,43.6205226],[-79.373681,43.6204903],[-79.3736971,43.6204121],[-79.3737175,43.6203711],[-79.3737847,43.6203757],[-79.3737785,43.6204146],[-79.3738239,43.6204492],[-79.3737263,43.6205226]]]}},{"type":"Feature","properties":{"form":"other"},"geometry":{"type":"Polygon","coordinates":[[[-79.3681939,43.6236505],[-79.3684063,43.6238877],[-79.3682786,43.6239476],[-79.3680663,43.6237103],[-79.3681939,43.6236505]]]}},{"type":"Feature","properties":{"form":"other"},"geometry":{"type":"Polygon","coordinates":[[[-79.3689658,43.6239659],[-79.3688497,43.6239596],[-79.3688715,43.6237476],[-79.3689876,43.6237538],[-79.3689658,43.6239659]]]}},{"type":"Feature","properties":{"form":"other"},"geometry":{"type":"Polygon","coordinates":[[[-79.3699095,43.6220028],[-79.3698994,43.6221992],[-79.3698039,43.6221966],[-79.3698141,43.6220002],[-79.3699095,43.6220028]]]}},{"type":"Feature","properties":{"form":"other"},"geometry":{"type":"Polygon","coordinates":[[[-79.3708767,43.6234774],[-79.3708578,43.6235496],[-79.3706685,43.6235236],[-79.3706874,43.6234514],[-79.3708767,43.6234774]]]}},{"type":"Feature","properties":{"form":"other"},"geometry":{"type":"Polygon","coordinates":[[[-79.3698503,43.6219088],[-79.3697584,43.6219063],[-79.369769,43.6217083],[-79.3698609,43.6217109],[-79.3698503,43.6219088]]]}},{"type":"Feature","properties":{"form":"other"},"geometry":{"type":"Polygon","coordinates":[[[-79.3680885,43.6219051],[-79.3680826,43.621837],[-79.3683526,43.6218249],[-79.3683585,43.621893],[-79.3680885,43.6219051]]]}},{"type":"Feature","properties":{"form":"other"},"geometry":{"type":"Polygon","coordinates":[[[-79.3676484,43.6219243],[-79.3676418,43.6218548],[-79.3679114,43.6218413],[-79.3679181,43.6219108],[-79.3676484,43.6219243]]]}},{"type":"Feature","properties":{"form":"other"},"geometry":{"type":"Polygon","coordinates":[[[-79.3679699,43.6233826],[-79.3678395,43.6233899],[-79.3678351,43.6233479],[-79.3679654,43.6233407],[-79.3679699,43.6233826]]]}},{"type":"Feature","properties":{"form":"other"},"geometry":{"type":"Polygon","coordinates":[[[-79.3691133,43.6236952],[-79.368967,43.6236803],[-79.3690176,43.6234189],[-79.3691639,43.6234337],[-79.3691133,43.6236952]]]}},{"type":"Feature","properties":{"form":"other"},"geometry":{"type":"Polygon","coordinates":[[[-79.3691493,43.6225411],[-79.3688919,43.6225898],[-79.3688704,43.6225305],[-79.3691279,43.6224817],[-79.3691493,43.6225411]]]}},{"type":"Feature","properties":{"form":"other"},"geometry":{"type":"Polygon","coordinates":[[[-79.3684294,43.6236229],[-79.3683223,43.6236293],[-79.3682983,43.6234209],[-79.3684054,43.6234144],[-79.3684294,43.6236229]]]}},{"type":"Feature","properties":{"form":"other"},"geometry":{"type":"Polygon","coordinates":[[[-79.3680536,43.6235622],[-79.367953,43.6235689],[-79.3679319,43.6234038],[-79.3680325,43.6233971],[-79.3680536,43.6235622]]]}},{"type":"Feature","properties":{"form":"other"},"geometry":{"type":"Polygon","coordinates":[[[-79.3680618,43.6233073],[-79.3677386,43.6233279],[-79.3677189,43.6231663],[-79.3680421,43.6231457],[-79.3680618,43.6233073]]]}},{"type":"Feature","properties":{"form":"other"},"geometry":{"type":"Polygon","coordinates":[[[-79.3682964,43.6236067],[-79.3681992,43.6236113],[-79.3681808,43.6234044],[-79.3682781,43.6233999],[-79.3682964,43.6236067]]]}},{"type":"Feature","properties":{"form":"other"},"geometry":{"type":"Polygon","coordinates":[[[-79.3693257,43.6222389],[-79.369313,43.6221767],[-79.3694637,43.6221606],[-79.3694764,43.6222227],[-79.3693257,43.6222389]]]}},{"type":"Feature","properties":{"form":"other"},"geometry":{"type":"Polygon","coordinates":[[[-79.3710885,43.6224357],[-79.3709368,43.6224177],[-79.370957,43.6223284],[-79.3709098,43.6223228],[-79.3709524,43.6221346],[-79.3711931,43.6221632],[-79.3711497,43.622355],[-79.3711079,43.62235],[-79.3710885,43.6224357]]]}},{"type":"Feature","properties":{"form":"other"},"geometry":{"type":"Polygon","coordinates":[[[-79.3623376,43.6264563],[-79.3621751,43.6266742],[-79.3619902,43.6266019],[-79.3621527,43.626384],[-79.3623376,43.6264563]]]}},{"type":"Feature","properties":{"form":"other"},"geometry":{"type":"Polygon","coordinates":[[[-79.3577743,43.6296656],[-79.3579056,43.6297399],[-79.3578078,43.6298306],[-79.3576765,43.6297563],[-79.3577743,43.6296656]]]}},{"type":"Feature","properties":{"form":"other"},"geometry":{"type":"Polygon","coordinates":[[[-79.3560687,43.6284402],[-79.3561305,43.6283429],[-79.3561007,43.628333],[-79.3561453,43.6282626],[-79.3563157,43.6283061],[-79.3562024,43.6284847],[-79.3560687,43.6284402]]]}},{"type":"Feature","properties":{"form":"other"},"geometry":{"type":"Polygon","coordinates":[[[-79.3812224,43.6148483],[-79.3810982,43.6148663],[-79.3810564,43.6147151],[-79.3811806,43.6146971],[-79.3812224,43.6148483]]]}},{"type":"Feature","properties":{"form":"other"},"geometry":{"type":"Polygon","coordinates":[[[-79.3861568,43.613823],[-79.3861568,43.6137694],[-79.3863162,43.6137694],[-79.3863162,43.613823],[-79.3861568,43.613823]]]}},{"type":"Feature","properties":{"form":"other"},"geometry":{"type":"Polygon","coordinates":[[[-79.3823642,43.616639],[-79.3822199,43.6166583],[-79.3822106,43.6166217],[-79.3823548,43.6166024],[-79.3823642,43.616639]]]}},{"type":"Feature","properties":{"form":"other"},"geometry":{"type":"Polygon","coordinates":[[[-79.3822896,43.61642],[-79.3822807,43.6163853],[-79.3823532,43.6163756],[-79.3823621,43.6164103],[-79.3822896,43.61642]]]}},{"type":"Feature","properties":{"form":"other"},"geometry":{"type":"Polygon","coordinates":[[[-79.3822508,43.616017],[-79.3821767,43.6160288],[-79.382167,43.6159964],[-79.3822411,43.6159847],[-79.3822508,43.616017]]]}},{"type":"Feature","properties":{"form":"other"},"geometry":{"type":"Polygon","coordinates":[[[-79.3819908,43.6166932],[-79.3818273,43.6167155],[-79.3818178,43.6166791],[-79.3819814,43.6166568],[-79.3819908,43.6166932]]]}},{"type":"Feature","properties":{"form":"other"},"geometry":{"type":"Polygon","coordinates":[[[-79.3817056,43.6137356],[-79.3817332,43.6138374],[-79.3815228,43.6138673],[-79.3814952,43.6137655],[-79.3817056,43.6137356]]]}},{"type":"Feature","properties":{"form":"other"},"geometry":{"type":"Polygon","coordinates":[[[-79.3827675,43.613781],[-79.3827946,43.6138774],[-79.3826648,43.6138965],[-79.3826377,43.6138001],[-79.3827675,43.613781]]]}},{"type":"Feature","properties":{"form":"apartments"},"geometry":{"type":"Polygon","coordinates":[[[-79.356785,43.6269149],[-79.3568283,43.6269368],[-79.3569152,43.6269249],[-79.3569217,43.6269647],[-79.3570536,43.6270337],[-79.3570305,43.627065],[-79.3568963,43.6271038],[-79.3567007,43.6269995],[-79.356785,43.6269149]]]}},{"type":"Feature","properties":{"form":"other"},"geometry":{"type":"Polygon","coordinates":[[[-79.359205,43.625015],[-79.3593803,43.62513],[-79.3593471,43.6251566],[-79.3594093,43.6251974],[-79.3592813,43.625323],[-79.3590387,43.6251478],[-79.359205,43.625015]]]}},{"type":"Feature","properties":{"form":"other"},"geometry":{"type":"Polygon","coordinates":[[[-79.3763091,43.6195221],[-79.3762768,43.6195978],[-79.3759557,43.619526],[-79.375988,43.6194503],[-79.3763091,43.6195221]]]}},{"type":"Feature","properties":{"form":"other"},"geometry":{"type":"Polygon","coordinates":[[[-79.3859127,43.6167435],[-79.3859437,43.6169805],[-79.3857751,43.6169921],[-79.3857441,43.6167551],[-79.3859127,43.6167435]]]}},{"type":"Feature","properties":{"form":"other"},"geometry":{"type":"Polygon","coordinates":[[[-79.3674085,43.6221009],[-79.3672967,43.6221228],[-79.3672552,43.6220114],[-79.367367,43.6219896],[-79.3674085,43.6221009]]]}},{"type":"Feature","properties":{"form":"other"},"geometry":{"type":"Polygon","coordinates":[[[-79.385382,43.6165469],[-79.3854058,43.6167387],[-79.3852478,43.6167489],[-79.385224,43.6165572],[-79.385382,43.6165469]]]}},{"type":"Feature","properties":{"form":"other"},"geometry":{"type":"Polygon","coordinates":[[[-79.384285,43.6169992],[-79.3842312,43.6168022],[-79.3843839,43.6167804],[-79.3844377,43.6169774],[-79.384285,43.6169992]]]}},{"type":"Feature","properties":{"form":"other"},"geometry":{"type":"Polygon","coordinates":[[[-79.3854968,43.616847],[-79.3854901,43.6167792],[-79.3856739,43.6167696],[-79.3856807,43.6168374],[-79.3854968,43.616847]]]}},{"type":"Feature","properties":{"form":"other"},"geometry":{"type":"Polygon","coordinates":[[[-79.3912615,43.6279267],[-79.3912531,43.6279962],[-79.3911519,43.6279898],[-79.3911603,43.6279203],[-79.3912615,43.6279267]]]}},{"type":"Feature","properties":{"form":"other"},"geometry":{"type":"Polygon","coordinates":[[[-79.3997316,43.6442148],[-79.3997022,43.6441347],[-79.399814,43.6441132],[-79.3998433,43.6441934],[-79.3997316,43.6442148]]]}},{"type":"Feature","properties":{"form":"other"},"geometry":{"type":"Polygon","coordinates":[[[-79.3636511,43.6594775],[-79.3636308,43.6594216],[-79.3637888,43.6593914],[-79.3638091,43.6594473],[-79.3636511,43.6594775]]]}},{"type":"Feature","properties":{"form":"apartments"},"geometry":{"type":"Polygon","coordinates":[[[-79.3637311,43.6603005],[-79.3633228,43.6603842],[-79.3632409,43.6601749],[-79.3636492,43.6600913],[-79.3637311,43.6603005]]]}},{"type":"Feature","properties":{"form":"apartments"},"geometry":{"type":"Polygon","coordinates":[[[-79.3656645,43.6597555],[-79.3659079,43.6596864],[-79.3660559,43.6600493],[-79.3657994,43.6600865],[-79.3656645,43.6597555]]]}},{"type":"Feature","properties":{"form":"apartments"},"geometry":{"type":"Polygon","coordinates":[[[-79.3647453,43.6606988],[-79.3646622,43.6607176],[-79.3646533,43.6606968],[-79.3639936,43.6608457],[-79.3639524,43.6607502],[-79.3646953,43.6605827],[-79.3647453,43.6606988]]]}},{"type":"Feature","properties":{"form":"apartments"},"geometry":{"type":"Polygon","coordinates":[[[-79.3649877,43.660639],[-79.36494,43.6605253],[-79.3656858,43.6603616],[-79.3657252,43.6604554],[-79.3650672,43.6605998],[-79.3650756,43.6606197],[-79.3649877,43.660639]]]}},{"type":"Feature","properties":{"form":"apartments"},"geometry":{"type":"Polygon","coordinates":[[[-79.3658506,43.6607548],[-79.3651785,43.6609083],[-79.3651641,43.6608752],[-79.3650853,43.6608932],[-79.3650195,43.6607425],[-79.3651087,43.6607222],[-79.3651447,43.6608046],[-79.3658064,43.6606535],[-79.3658506,43.6607548]]]}},{"type":"Feature","properties":{"form":"other"},"geometry":{"type":"Polygon","coordinates":[[[-79.3640508,43.6602115],[-79.3639457,43.6599683],[-79.3641708,43.6599174],[-79.3641823,43.6599441],[-79.3642748,43.6599232],[-79.3643471,43.6600906],[-79.3642181,43.6601198],[-79.3642393,43.6601689],[-79.3640508,43.6602115]]]}},{"type":"Feature","properties":{"form":"other"},"geometry":{"type":"Polygon","coordinates":[[[-79.3658755,43.6601179],[-79.3651313,43.660282],[-79.3651136,43.66024],[-79.3649122,43.6602707],[-79.36474,43.6598604],[-79.3649666,43.6598105],[-79.3650498,43.6600111],[-79.3651334,43.659993],[-79.3652056,43.6601671],[-79.3657813,43.6600421],[-79.3657994,43.6600865],[-79.3658572,43.6600741],[-79.3658755,43.6601179]]]}},{"type":"Feature","properties":{"form":"apartments"},"geometry":{"type":"Polygon","coordinates":[[[-79.3575171,43.6617475],[-79.3574021,43.661483],[-79.3575963,43.6614396],[-79.3577113,43.661704],[-79.3575171,43.6617475]]]}},{"type":"Feature","properties":{"form":"apartments"},"geometry":{"type":"Polygon","coordinates":[[[-79.3638374,43.6605704],[-79.3634309,43.660658],[-79.3633617,43.6604902],[-79.3637683,43.6604026],[-79.3638374,43.6605704]]]}},{"type":"Feature","properties":{"form":"other"},"geometry":{"type":"Polygon","coordinates":[[[-79.362681,43.661985],[-79.3625419,43.661658],[-79.3627773,43.6616056],[-79.3629164,43.6619325],[-79.362681,43.661985]]]}},{"type":"Feature","properties":{"form":"other"},"geometry":{"type":"Polygon","coordinates":[[[-79.3624781,43.6621879],[-79.3624275,43.6620652],[-79.3629093,43.6619611],[-79.36296,43.6620838],[-79.3624781,43.6621879]]]}},{"type":"Feature","properties":{"form":"other"},"geometry":{"type":"Polygon","coordinates":[[[-79.3659081,43.6602949],[-79.3659679,43.660442],[-79.3658615,43.6604648],[-79.3659512,43.6606833],[-79.3659797,43.6606772],[-79.3659915,43.6607063],[-79.366309,43.6606383],[-79.3661551,43.6602421],[-79.3659081,43.6602949]]]}},{"type":"Feature","properties":{"form":"apartments"},"geometry":{"type":"Polygon","coordinates":[[[-79.364801,43.6591924],[-79.3646389,43.6587778],[-79.3645991,43.6587859],[-79.3645714,43.6587151],[-79.3647615,43.6586763],[-79.3649513,43.6591617],[-79.364801,43.6591924]]]}},{"type":"Feature","properties":{"form":"other"},"geometry":{"type":"Polygon","coordinates":[[[-79.3644714,43.658501],[-79.3645429,43.6586899],[-79.3642667,43.6587446],[-79.3641953,43.6585557],[-79.3644714,43.658501]]]}},{"type":"Feature","properties":{"form":"apartments"},"geometry":{"type":"Polygon","coordinates":[[[-79.3646368,43.6592249],[-79.3644727,43.6592607],[-79.3642775,43.6587925],[-79.3644731,43.6587498],[-79.3644977,43.6588088],[-79.3644662,43.6588157],[-79.3646368,43.6592249]]]}},{"type":"Feature","properties":{"form":"other"},"geometry":{"type":"Polygon","coordinates":[[[-79.3597479,43.6633993],[-79.3594627,43.6634656],[-79.3594297,43.6633869],[-79.3593015,43.663415],[-79.3592779,43.6633586],[-79.3592965,43.6633546],[-79.3592194,43.6632025],[-79.3593419,43.6631756],[-79.3594262,43.663377],[-79.3597123,43.6633143],[-79.3597479,43.6633993]]]}},{"type":"Feature","properties":{"form":"other"},"geometry":{"type":"Polygon","coordinates":[[[-79.3560344,43.6596756],[-79.3557583,43.6597242],[-79.3555256,43.6589187],[-79.3556613,43.6587146],[-79.3557745,43.6587614],[-79.3559374,43.6591357],[-79.3560269,43.6591519],[-79.3560791,43.6593301],[-79.3559821,43.6593409],[-79.3559523,43.6593841],[-79.3560344,43.6596756]]]}},{"type":"Feature","properties":{"form":"other"},"geometry":{"type":"Polygon","coordinates":[[[-79.3562651,43.6582029],[-79.3566818,43.65811],[-79.3566158,43.6579445],[-79.3563922,43.6579969],[-79.3563798,43.657964],[-79.3562085,43.6580017],[-79.35619,43.6580277],[-79.3562651,43.6582029]]]}},{"type":"Feature","properties":{"form":"houses"},"geometry":{"type":"Polygon","coordinates":[[[-79.3560394,43.6589005],[-79.3559954,43.6587968],[-79.3564233,43.6587018],[-79.3564673,43.6588055],[-79.3560394,43.6589005]]]}},{"type":"Feature","properties":{"form":"houses"},"geometry":{"type":"Polygon","coordinates":[[[-79.3559702,43.6587349],[-79.3559272,43.6586333],[-79.3563513,43.6585395],[-79.3563942,43.6586411],[-79.3559702,43.6587349]]]}},{"type":"Feature","properties":{"form":"houses"},"geometry":{"type":"Polygon","coordinates":[[[-79.3557934,43.6584321],[-79.3557523,43.6583362],[-79.3562237,43.6582304],[-79.3562648,43.6583263],[-79.3557934,43.6584321]]]}},{"type":"Feature","properties":{"form":"houses"},"geometry":{"type":"Polygon","coordinates":[[[-79.3558985,43.6585622],[-79.355863,43.6584774],[-79.356285,43.658385],[-79.3563205,43.6584698],[-79.3558985,43.6585622]]]}},{"type":"Feature","properties":{"form":"other"},"geometry":{"type":"Polygon","coordinates":[[[-79.3557934,43.6582697],[-79.355752,43.6581728],[-79.3560389,43.6581087],[-79.3560198,43.6580639],[-79.3561528,43.6580341],[-79.3562133,43.6581759],[-79.3557934,43.6582697]]]}},{"type":"Feature","properties":{"form":"other"},"geometry":{"type":"Polygon","coordinates":[[[-79.3541926,43.6599235],[-79.3542987,43.6601885],[-79.3540762,43.6602352],[-79.35397,43.6599701],[-79.3541926,43.6599235]]]}},{"type":"Feature","properties":{"form":"other"},"geometry":{"type":"Polygon","coordinates":[[[-79.3910317,43.6737433],[-79.3908995,43.673723],[-79.3909066,43.6737508],[-79.390821,43.6737379],[-79.3908357,43.6736879],[-79.3907516,43.673675],[-79.3907661,43.6736257],[-79.3908188,43.6736337],[-79.3908293,43.673598],[-79.3910638,43.6736339],[-79.3910317,43.6737433]]]}},{"type":"Feature","properties":{"form":"other"},"geometry":{"type":"Polygon","coordinates":[[[-79.3793509,43.6396613],[-79.3792958,43.6395386],[-79.3791813,43.6393902],[-79.3790685,43.6394263],[-79.3790731,43.6394462],[-79.3789172,43.639465],[-79.3788648,43.6392864],[-79.3788329,43.6392986],[-79.3787249,43.6391441],[-79.3777059,43.6395013],[-79.3777007,43.6395338],[-79.3778769,43.6397658],[-79.3785788,43.6399698],[-79.3792418,43.6397216],[-79.3792312,43.6396752],[-79.3793509,43.6396613]]]}},{"type":"Feature","properties":{"form":"other"},"geometry":{"type":"Polygon","coordinates":[[[-79.3858557,43.6428313],[-79.3859052,43.642956],[-79.3861595,43.6429039],[-79.3861206,43.6428112],[-79.3865883,43.6427133],[-79.3867142,43.6423038],[-79.3868024,43.6421822],[-79.3866043,43.6420288],[-79.385549,43.6422784],[-79.3856213,43.6426062],[-79.385698,43.6427614],[-79.3858557,43.6428313]]]}},{"type":"Feature","properties":{"form":"houses"},"geometry":{"type":"Polygon","coordinates":[[[-79.4030538,43.6365564],[-79.4025523,43.6365634],[-79.4025148,43.6364389],[-79.4024915,43.6364394],[-79.4024896,43.6363803],[-79.4023786,43.6363896],[-79.4023854,43.636453],[-79.4024279,43.6365096],[-79.4024712,43.6366442],[-79.403067,43.6366422],[-79.4030538,43.6365564]]]}},{"type":"Feature","properties":{"form":"other"},"geometry":{"type":"Polygon","coordinates":[[[-79.4039706,43.6456111],[-79.4039291,43.6455058],[-79.4041484,43.6454606],[-79.4041899,43.6455659],[-79.4039706,43.6456111]]]}},{"type":"Feature","properties":{"form":"other"},"geometry":{"type":"Polygon","coordinates":[[[-79.4060539,43.645594],[-79.4055226,43.6457079],[-79.4054842,43.6456143],[-79.4056321,43.6455826],[-79.4056446,43.6456132],[-79.406028,43.6455309],[-79.4060539,43.645594]]]}},{"type":"Feature","properties":{"form":"other"},"geometry":{"type":"Polygon","coordinates":[[[-79.3553486,43.6640538],[-79.3553307,43.6640019],[-79.3554156,43.6639865],[-79.3554336,43.6640384],[-79.3553486,43.6640538]]]}},{"type":"Feature","properties":{"form":"other"},"geometry":{"type":"Polygon","coordinates":[[[-79.3545934,43.6637885],[-79.3545552,43.6636668],[-79.3546079,43.6636581],[-79.354646,43.6637799],[-79.3545934,43.6637885]]]}},{"type":"Feature","properties":{"form":"other"},"geometry":{"type":"Polygon","coordinates":[[[-79.3551602,43.6638039],[-79.3551288,43.6636984],[-79.3552216,43.6636839],[-79.355253,43.6637894],[-79.3551602,43.6638039]]]}},{"type":"Feature","properties":{"form":"other"},"geometry":{"type":"Polygon","coordinates":[[[-79.4665041,43.6529014],[-79.4664536,43.6527849],[-79.4662619,43.6528278],[-79.4663123,43.6529444],[-79.4665041,43.6529014]]]}},{"type":"Feature","properties":{"form":"other"},"geometry":{"type":"Polygon","coordinates":[[[-79.3925853,43.6405151],[-79.3925894,43.6405402],[-79.392115,43.6406262],[-79.3921052,43.640605],[-79.3920678,43.6406121],[-79.3920538,43.6405573],[-79.3921374,43.640537],[-79.3921143,43.6404872],[-79.3923921,43.6404181],[-79.392443,43.640545],[-79.3925853,43.6405151]]]}},{"type":"Feature","properties":{"form":"other"},"geometry":{"type":"Polygon","coordinates":[[[-79.3892315,43.6661863],[-79.3892333,43.666256],[-79.389284,43.6662551],[-79.3892826,43.6661855],[-79.3892315,43.6661863]]]}},{"type":"Feature","properties":{"form":"apartments"},"geometry":{"type":"Polygon","coordinates":[[[-79.4564304,43.6559284],[-79.4563104,43.6556394],[-79.4567064,43.6555454],[-79.4567184,43.6555744],[-79.4567594,43.6555664],[-79.4568364,43.6558414],[-79.4564304,43.6559284]]]}},{"type":"Feature","properties":{"form":"apartments"},"geometry":{"type":"Polygon","coordinates":[[[-79.3850553,43.6658139],[-79.3851158,43.6659532],[-79.3853493,43.6659018],[-79.3852892,43.6657617],[-79.3850553,43.6658139]]]}},{"type":"Feature","properties":{"form":"other"},"geometry":{"type":"Polygon","coordinates":[[[-79.3930425,43.6588903],[-79.3929857,43.6587444],[-79.3929496,43.6587526],[-79.3930085,43.6588975],[-79.3930425,43.6588903]]]}},{"type":"Feature","properties":{"form":"other"},"geometry":{"type":"Polygon","coordinates":[[[-79.3927025,43.6587966],[-79.392676,43.6588026],[-79.392742,43.6589571],[-79.3927719,43.6589505],[-79.3927025,43.6587966]]]}},{"type":"Feature","properties":{"form":"other"},"geometry":{"type":"Polygon","coordinates":[[[-79.4011147,43.6651753],[-79.4010839,43.6650918],[-79.4008768,43.6651318],[-79.400895,43.6651812],[-79.4009968,43.6651784],[-79.4009904,43.6651609],[-79.4010169,43.6651558],[-79.4010301,43.6651917],[-79.4011147,43.6651753]]]}},{"type":"Feature","properties":{"form":"other"},"geometry":{"type":"Polygon","coordinates":[[[-79.3974307,43.6663271],[-79.3973521,43.6663007],[-79.3973479,43.6662124],[-79.3968477,43.6663149],[-79.3966027,43.6665147],[-79.3965501,43.6664771],[-79.3964946,43.6665233],[-79.396444,43.666496],[-79.3962049,43.6665556],[-79.3961503,43.6664135],[-79.3967312,43.6662931],[-79.3967383,43.6663149],[-79.3967811,43.6662799],[-79.3975271,43.6661255],[-79.3975667,43.6662186],[-79.3974664,43.6662789],[-79.3974307,43.6663271]]]}},{"type":"Feature","properties":{"form":"other"},"geometry":{"type":"Polygon","coordinates":[[[-79.3855484,43.6634862],[-79.3855948,43.6634776],[-79.3856121,43.6635258],[-79.3855656,43.6635345],[-79.3855484,43.6634862]]]}},{"type":"Feature","properties":{"form":"other"},"geometry":{"type":"Polygon","coordinates":[[[-79.4011905,43.6651607],[-79.4011722,43.6651088],[-79.4012152,43.6651009],[-79.4012013,43.6650615],[-79.4012707,43.6650486],[-79.4013029,43.6651399],[-79.4011905,43.6651607]]]}},{"type":"Feature","properties":{"form":"other"},"geometry":{"type":"Polygon","coordinates":[[[-79.4014212,43.6637342],[-79.4013242,43.6637543],[-79.4013012,43.6636958],[-79.4013982,43.6636758],[-79.4014212,43.6637342]]]}},{"type":"Feature","properties":{"form":"other"},"geometry":{"type":"Polygon","coordinates":[[[-79.4015285,43.6639555],[-79.4014238,43.6639787],[-79.4013834,43.6638831],[-79.4014455,43.6638693],[-79.4014204,43.66381],[-79.401463,43.6638005],[-79.4015285,43.6639555]]]}},{"type":"Feature","properties":{"form":"other"},"geometry":{"type":"Polygon","coordinates":[[[-79.3986197,43.6580237],[-79.3984691,43.6576662],[-79.3986169,43.6576336],[-79.3987674,43.6579912],[-79.3986197,43.6580237]]]}},{"type":"Feature","properties":{"form":"apartments"},"geometry":{"type":"Polygon","coordinates":[[[-79.3751014,43.6496676],[-79.3746379,43.6497673],[-79.3745327,43.6495111],[-79.3749962,43.6494114],[-79.3751014,43.6496676]]]}},{"type":"Feature","properties":{"form":"other"},"geometry":{"type":"Polygon","coordinates":[[[-79.430426,43.6330642],[-79.4303078,43.6330738],[-79.4303007,43.6330285],[-79.4304189,43.6330189],[-79.430426,43.6330642]]]}},{"type":"Feature","properties":{"form":"apartments"},"geometry":{"type":"Polygon","coordinates":[[[-79.4238921,43.6373883],[-79.4239473,43.6375442],[-79.4235771,43.6376143],[-79.4235672,43.6375881],[-79.4230621,43.6376923],[-79.4230458,43.6376497],[-79.4230676,43.6375508],[-79.4231155,43.6375423],[-79.4230857,43.637463],[-79.42333,43.6374159],[-79.4233192,43.6373877],[-79.4230748,43.6374381],[-79.4230341,43.6373346],[-79.4232794,43.6372829],[-79.4232685,43.6372567],[-79.4230232,43.6373058],[-79.4229816,43.6372017],[-79.4232278,43.6371538],[-79.4232178,43.637127],[-79.4229734,43.6371761],[-79.4229345,43.6370726],[-79.4231816,43.6370228],[-79.4231707,43.636994],[-79.4229218,43.6370451],[-79.4228847,43.6369409],[-79.4232079,43.6368761],[-79.4232278,43.6369324],[-79.4231852,43.6369423],[-79.423369,43.6374191],[-79.4234459,43.637406],[-79.4234549,43.6374368],[-79.423378,43.6374525],[-79.4233925,43.6374886],[-79.4238921,43.6373883]]]}},{"type":"Feature","properties":{"form":"apartments"},"geometry":{"type":"Polygon","coordinates":[[[-79.3766017,43.6713381],[-79.3765682,43.6712586],[-79.3766046,43.6712506],[-79.3765796,43.6711792],[-79.3767135,43.6711496],[-79.376726,43.6711792],[-79.3767585,43.671172],[-79.3767984,43.6712667],[-79.376775,43.6712719],[-79.3767858,43.6712975],[-79.3766017,43.6713381]]]}},{"type":"Feature","properties":{"form":"other"},"geometry":{"type":"Polygon","coordinates":[[[-79.4054742,43.6340323],[-79.4054644,43.6341109],[-79.4056092,43.6341203],[-79.405619,43.6340417],[-79.4054742,43.6340323]]]}},{"type":"Feature","properties":{"form":"other"},"geometry":{"type":"Polygon","coordinates":[[[-79.3592951,43.6758536],[-79.3593168,43.675915],[-79.3593461,43.6759327],[-79.3594071,43.6759215],[-79.3593984,43.675897],[-79.3595929,43.6758842],[-79.3595847,43.6758609],[-79.3596081,43.6758565],[-79.3595879,43.6757993],[-79.3592951,43.6758536]]]}},{"type":"Feature","properties":{"form":"other"},"geometry":{"type":"Polygon","coordinates":[[[-79.3484826,43.6571995],[-79.3484506,43.6571239],[-79.348937,43.6570162],[-79.348969,43.6570917],[-79.3484826,43.6571995]]]}},{"type":"Feature","properties":{"form":"other"},"geometry":{"type":"Polygon","coordinates":[[[-79.3798057,43.6554199],[-79.3793797,43.6555129],[-79.3794852,43.655728],[-79.3798966,43.6556382],[-79.3798057,43.6554199]]]}},{"type":"Feature","properties":{"form":"other"},"geometry":{"type":"Polygon","coordinates":[[[-79.3577688,43.6525452],[-79.3577797,43.6526254],[-79.3573865,43.6527204],[-79.3573037,43.6525137],[-79.3576733,43.6524261],[-79.3577302,43.6525527],[-79.3577688,43.6525452]]]}},{"type":"Feature","properties":{"form":"other"},"geometry":{"type":"Polygon","coordinates":[[[-79.3535639,43.6671392],[-79.3534678,43.6669016],[-79.3536526,43.6668625],[-79.3537487,43.6671001],[-79.3535639,43.6671392]]]}},{"type":"Feature","properties":{"form":"other"},"geometry":{"type":"Polygon","coordinates":[[[-79.3997574,43.6340176],[-79.3996846,43.6340564],[-79.3996179,43.6339908],[-79.3996907,43.6339521],[-79.3997574,43.6340176]]]}},{"type":"Feature","properties":{"form":"other"},"geometry":{"type":"Polygon","coordinates":[[[-79.3596209,43.6748288],[-79.3595808,43.6749969],[-79.3594729,43.6749834],[-79.359513,43.6748153],[-79.3596209,43.6748288]]]}},{"type":"Feature","properties":{"form":"other"},"geometry":{"type":"Polygon","coordinates":[[[-79.3865043,43.6643482],[-79.3863639,43.6643823],[-79.3862808,43.6641894],[-79.3863713,43.6640673],[-79.3864089,43.6640588],[-79.3864339,43.6641167],[-79.3864108,43.6641223],[-79.3864339,43.6641783],[-79.3864111,43.6641832],[-79.3864587,43.6643025],[-79.3864828,43.6642967],[-79.3865043,43.6643482]]]}},{"type":"Feature","properties":{"form":"apartments"},"geometry":{"type":"Polygon","coordinates":[[[-79.3524833,43.6604591],[-79.3524069,43.6602809],[-79.3531159,43.6601219],[-79.3531923,43.6603001],[-79.3524833,43.6604591]]]}},{"type":"Feature","properties":{"form":"apartments"},"geometry":{"type":"Polygon","coordinates":[[[-79.352219,43.6600169],[-79.3521006,43.6600449],[-79.3517682,43.659308],[-79.3518866,43.65928],[-79.352219,43.6600169]]]}},{"type":"Feature","properties":{"form":"other"},"geometry":{"type":"Polygon","coordinates":[[[-79.3900118,43.6674592],[-79.3900274,43.6674995],[-79.3900647,43.667492],[-79.3900641,43.6675433],[-79.3899504,43.6675663],[-79.3899384,43.6675351],[-79.3898527,43.6675525],[-79.3898308,43.6674958],[-79.3900118,43.6674592]]]}},{"type":"Feature","properties":{"form":"other"},"geometry":{"type":"Polygon","coordinates":[[[-79.3904118,43.6289119],[-79.3903053,43.6287848],[-79.390442,43.6287241],[-79.3905463,43.6288557],[-79.3904118,43.6289119]]]}},{"type":"Feature","properties":{"form":"other"},"geometry":{"type":"Polygon","coordinates":[[[-79.4020525,43.6318986],[-79.401918,43.6317682],[-79.4022875,43.6315686],[-79.402422,43.631699],[-79.4020525,43.6318986]]]}},{"type":"Feature","properties":{"form":"other"},"geometry":{"type":"Polygon","coordinates":[[[-79.395794,43.6331125],[-79.3957399,43.6330601],[-79.3958105,43.633022],[-79.3958646,43.6330744],[-79.395794,43.6331125]]]}},{"type":"Feature","properties":{"form":"other"},"geometry":{"type":"Polygon","coordinates":[[[-79.4047834,43.6342416],[-79.4048328,43.6342209],[-79.4047725,43.6341798],[-79.404742,43.634218],[-79.4047834,43.6342416]]]}},{"type":"Feature","properties":{"form":"other"},"geometry":{"type":"Polygon","coordinates":[[[-79.3673818,43.6479915],[-79.3670245,43.6480746],[-79.3669312,43.6478646],[-79.3672885,43.6477815],[-79.3673818,43.6479915]]]}},{"type":"Feature","properties":{"form":"other"},"geometry":{"type":"Polygon","coordinates":[[[-79.4337415,43.6454065],[-79.4331736,43.6455224],[-79.4331201,43.6453852],[-79.433688,43.6452693],[-79.4337415,43.6454065]]]}},{"type":"Feature","properties":{"form":"other"},"geometry":{"type":"Polygon","coordinates":[[[-79.415213,43.6323434],[-79.4150188,43.6322097],[-79.4151098,43.6321405],[-79.415304,43.6322742],[-79.415213,43.6323434]]]}},{"type":"Feature","properties":{"form":"other"},"geometry":{"type":"Polygon","coordinates":[[[-79.4186732,43.6315184],[-79.418798,43.6316252],[-79.4187212,43.6316722],[-79.4185965,43.6315653],[-79.4186732,43.6315184]]]}},{"type":"Feature","properties":{"form":"other"},"geometry":{"type":"Polygon","coordinates":[[[-79.4235107,43.6341401],[-79.4224509,43.6344357],[-79.4223674,43.6342788],[-79.4234272,43.6339832],[-79.4235107,43.6341401]]]}},{"type":"Feature","properties":{"form":"other"},"geometry":{"type":"Polygon","coordinates":[[[-79.3696435,43.6689909],[-79.3696034,43.6689988],[-79.3696108,43.6690186],[-79.3694909,43.6690255],[-79.3694727,43.6689769],[-79.3694434,43.668979],[-79.3694271,43.6688964],[-79.3695933,43.6688618],[-79.3696435,43.6689909]]]}},{"type":"Feature","properties":{"form":"other"},"geometry":{"type":"Polygon","coordinates":[[[-79.3693777,43.6690377],[-79.3692682,43.6688221],[-79.3691918,43.6688382],[-79.3693,43.6690541],[-79.3693777,43.6690377]]]}},{"type":"Feature","properties":{"form":"other"},"geometry":{"type":"Polygon","coordinates":[[[-79.3906243,43.6538187],[-79.3905452,43.6536324],[-79.3901228,43.6537178],[-79.3901992,43.653909],[-79.3906243,43.6538187]]]}},{"type":"Feature","properties":{"form":"other"},"geometry":{"type":"Polygon","coordinates":[[[-79.4645178,43.6432093],[-79.4645953,43.6432703],[-79.4644373,43.6433562],[-79.464349,43.6432712],[-79.4644448,43.6432191],[-79.4644646,43.6432383],[-79.4645178,43.6432093]]]}},{"type":"Feature","properties":{"form":"other"},"geometry":{"type":"Polygon","coordinates":[[[-79.4650279,43.6434192],[-79.4649114,43.643296],[-79.4648724,43.6433153],[-79.4648245,43.6432646],[-79.4647466,43.6433032],[-79.4648503,43.6434331],[-79.4648913,43.6434498],[-79.4649468,43.6434223],[-79.4649706,43.6434476],[-79.4650279,43.6434192]]]}},{"type":"Feature","properties":{"form":"other"},"geometry":{"type":"Polygon","coordinates":[[[-79.4609375,43.6445238],[-79.4608346,43.6442817],[-79.460989,43.6442474],[-79.4610919,43.6444895],[-79.4609375,43.6445238]]]}},{"type":"Feature","properties":{"form":"other"},"geometry":{"type":"Polygon","coordinates":[[[-79.460926,43.6440317],[-79.4608171,43.6437763],[-79.460904,43.6437569],[-79.4610129,43.6440123],[-79.460926,43.6440317]]]}},{"type":"Feature","properties":{"form":"other"},"geometry":{"type":"Polygon","coordinates":[[[-79.4616751,43.6438523],[-79.4614972,43.6434643],[-79.4615748,43.6434456],[-79.4617528,43.6438337],[-79.4616751,43.6438523]]]}},{"type":"Feature","properties":{"form":"other"},"geometry":{"type":"Polygon","coordinates":[[[-79.456511,43.643616],[-79.4565264,43.6435748],[-79.4565678,43.6435829],[-79.4565525,43.6436241],[-79.456511,43.643616]]]}},{"type":"Feature","properties":{"form":"other"},"geometry":{"type":"Polygon","coordinates":[[[-79.4571484,43.6444408],[-79.457253,43.6443715],[-79.4572931,43.6444031],[-79.4572413,43.6444619],[-79.4572261,43.6444499],[-79.4571902,43.6444738],[-79.4571484,43.6444408]]]}},{"type":"Feature","properties":{"form":"other"},"geometry":{"type":"Polygon","coordinates":[[[-79.4611196,43.6425883],[-79.461117,43.6425087],[-79.4612711,43.6425062],[-79.4612736,43.6425858],[-79.4611196,43.6425883]]]}},{"type":"Feature","properties":{"form":"other"},"geometry":{"type":"Polygon","coordinates":[[[-79.4620957,43.6426698],[-79.4621169,43.6425921],[-79.4622599,43.6426125],[-79.4622387,43.6426903],[-79.4620957,43.6426698]]]}},{"type":"Feature","properties":{"form":"other"},"geometry":{"type":"Polygon","coordinates":[[[-79.4632013,43.6430275],[-79.463142,43.6429812],[-79.4631977,43.642944],[-79.4632569,43.6429902],[-79.4632013,43.6430275]]]}},{"type":"Feature","properties":{"form":"other"},"geometry":{"type":"Polygon","coordinates":[[[-79.463262,43.6435565],[-79.4631935,43.6436054],[-79.4630842,43.6435253],[-79.4631527,43.6434764],[-79.463262,43.6435565]]]}},{"type":"Feature","properties":{"form":"other"},"geometry":{"type":"Polygon","coordinates":[[[-79.4637888,43.6441454],[-79.4637949,43.6440978],[-79.463756,43.644064],[-79.4636681,43.6440385],[-79.4636238,43.6440647],[-79.4636737,43.6441728],[-79.4637433,43.6441771],[-79.4637888,43.6441454]]]}},{"type":"Feature","properties":{"form":"other"},"geometry":{"type":"Polygon","coordinates":[[[-79.4640952,43.6447365],[-79.4640348,43.6446605],[-79.4641077,43.6446302],[-79.4641681,43.6447063],[-79.4640952,43.6447365]]]}},{"type":"Feature","properties":{"form":"other"},"geometry":{"type":"Polygon","coordinates":[[[-79.4614173,43.6417891],[-79.4612901,43.641741],[-79.4613192,43.6417008],[-79.4613638,43.6417035],[-79.4614448,43.6417511],[-79.4614173,43.6417891]]]}},{"type":"Feature","properties":{"form":"other"},"geometry":{"type":"Polygon","coordinates":[[[-79.4619178,43.641873],[-79.4618561,43.6417659],[-79.4619651,43.641733],[-79.4620268,43.6418401],[-79.4619178,43.641873]]]}},{"type":"Feature","properties":{"form":"other"},"geometry":{"type":"Polygon","coordinates":[[[-79.4596201,43.6505318],[-79.4594909,43.6503649],[-79.4593648,43.650416],[-79.45941,43.6504744],[-79.4594459,43.6504598],[-79.459472,43.6504935],[-79.4594934,43.6504848],[-79.4595514,43.6505597],[-79.4596201,43.6505318]]]}},{"type":"Feature","properties":{"form":"other"},"geometry":{"type":"Polygon","coordinates":[[[-79.4589988,43.651112],[-79.4589306,43.6509997],[-79.459143,43.6509797],[-79.459178,43.6510595],[-79.45904,43.6510761],[-79.4590506,43.6511001],[-79.4589988,43.651112]]]}},{"type":"Feature","properties":{"form":"apartments"},"geometry":{"type":"Polygon","coordinates":[[[-79.468583,43.6534339],[-79.468557,43.65344],[-79.468565,43.653458],[-79.468369,43.653485],[-79.468377,43.653503],[-79.468274,43.653528],[-79.468265,43.65351],[-79.468085,43.653573],[-79.468077,43.653555],[-79.467957,43.653604],[-79.468013,43.653727],[-79.467983,43.653734],[-79.468,43.65377],[-79.467817,43.653814],[-79.4678,43.653778],[-79.46777,43.653786],[-79.46771,43.653653],[-79.46774,43.653646],[-79.467698,43.653554],[-79.467852,43.653517],[-79.467835,43.653481],[-79.467872,43.653472],[-79.467857,43.653438],[-79.468073,43.653386],[-79.468083,43.653408],[-79.46813,43.653396],[-79.46812,43.653375],[-79.468261,43.653341],[-79.468271,43.653363],[-79.468318,43.653351],[-79.468308,43.653329],[-79.468449,43.653296],[-79.468459,43.653317],[-79.468507,43.653306],[-79.468497,43.653284],[-79.468638,43.65325],[-79.468648,43.653272],[-79.468712,43.653257],[-79.4687571,43.6533539],[-79.4685651,43.6533932],[-79.468583,43.6534339]]]}},{"type":"Feature","properties":{"form":"other"},"geometry":{"type":"Polygon","coordinates":[[[-79.4774732,43.6293823],[-79.47745,43.6294089],[-79.4775222,43.6294456],[-79.4773048,43.6296805],[-79.4772733,43.6296623],[-79.4772726,43.6297164],[-79.4772079,43.6297365],[-79.4772366,43.629753],[-79.4769061,43.6300828],[-79.4768334,43.6300563],[-79.4769618,43.6298923],[-79.4769792,43.6299013],[-79.4770653,43.6298079],[-79.4770433,43.6297967],[-79.4771248,43.6297438],[-79.4770902,43.6296744],[-79.4771097,43.6296352],[-79.4771535,43.6296083],[-79.4772541,43.6296045],[-79.4772877,43.6295278],[-79.4773181,43.6295416],[-79.4774516,43.6293715],[-79.4774732,43.6293823]]]}},{"type":"Feature","properties":{"form":"other"},"geometry":{"type":"Polygon","coordinates":[[[-79.4141126,43.6364177],[-79.4141006,43.6363955],[-79.4139517,43.6364377],[-79.4138595,43.6362673],[-79.4138142,43.6362801],[-79.4139237,43.636505],[-79.4128744,43.6367934],[-79.4127986,43.6366532],[-79.4127291,43.6366744],[-79.4128059,43.6368106],[-79.412677,43.6368496],[-79.4123745,43.6367682],[-79.4120217,43.6365381],[-79.4118213,43.6361583],[-79.4123551,43.6360105],[-79.4122866,43.6358758],[-79.4122324,43.6358907],[-79.4119325,43.6357944],[-79.4119092,43.6357476],[-79.4109066,43.6360203],[-79.4108567,43.6359399],[-79.4108039,43.6359538],[-79.4105913,43.6355731],[-79.4105266,43.6355937],[-79.4104801,43.6355133],[-79.4105098,43.6355058],[-79.410348,43.6351943],[-79.4103067,43.6352057],[-79.4101442,43.634885],[-79.4108215,43.6347132],[-79.4108108,43.6346682],[-79.4110216,43.6346094],[-79.4110698,43.6345964],[-79.4110993,43.6346376],[-79.4117697,43.6344376],[-79.4118015,43.6345023],[-79.4118348,43.6345162],[-79.4121505,43.6343762],[-79.4121928,43.6343795],[-79.4127769,43.6341624],[-79.4134247,43.6339849],[-79.4140863,43.6338462],[-79.4146589,43.6337765],[-79.4146759,43.6338645],[-79.4151529,43.6338066],[-79.41528,43.6340582],[-79.4148012,43.6341928],[-79.4151095,43.6347925],[-79.4152786,43.6347511],[-79.4153908,43.6349633],[-79.4153385,43.6349775],[-79.4153812,43.6350496],[-79.4158414,43.6349169],[-79.4159622,43.6351574],[-79.4159388,43.635164],[-79.4162828,43.6358002],[-79.4156786,43.6359651],[-79.4157191,43.6360434],[-79.4156109,43.6360726],[-79.4155995,43.6360499],[-79.4149317,43.6362342],[-79.4149427,43.6362561],[-79.4148345,43.6362844],[-79.4147953,43.6362068],[-79.414178,43.6363765],[-79.4141901,43.6363979],[-79.4141126,43.6364177]]]}},{"type":"Feature","properties":{"form":"other"},"geometry":{"type":"Polygon","coordinates":[[[-79.4162828,43.6358002],[-79.4156786,43.6359651],[-79.4157191,43.6360434],[-79.4156109,43.6360726],[-79.4155995,43.6360499],[-79.4149317,43.6362342],[-79.4149427,43.6362561],[-79.4148345,43.6362844],[-79.4147953,43.6362068],[-79.414178,43.6363765],[-79.4141901,43.6363979],[-79.4141126,43.6364177],[-79.4141006,43.6363955],[-79.4139517,43.6364377],[-79.4138595,43.6362673],[-79.4138142,43.6362801],[-79.4134229,43.6355568],[-79.4134713,43.6355406],[-79.4134101,43.6354162],[-79.4135506,43.6353782],[-79.4135893,43.6354518],[-79.4153385,43.6349775],[-79.4153812,43.6350496],[-79.4158414,43.6349169],[-79.4159622,43.6351574],[-79.4159388,43.635164],[-79.4162828,43.6358002]]]}},{"type":"Feature","properties":{"form":"other"},"geometry":{"type":"Polygon","coordinates":[[[-79.3554681,43.664528],[-79.3553915,43.6644368],[-79.3554446,43.6644121],[-79.3554426,43.6643855],[-79.3553656,43.6644052],[-79.3552858,43.6643125],[-79.3551345,43.6643855],[-79.3551563,43.6644082],[-79.3551297,43.6644215],[-79.3551433,43.6644461],[-79.3551726,43.6644728],[-79.355206,43.664458],[-79.3553233,43.6645965],[-79.3554681,43.664528]]]}},{"type":"Feature","properties":{"form":"apartments"},"geometry":{"type":"Polygon","coordinates":[[[-79.3909071,43.673447],[-79.3906711,43.6734979],[-79.3906262,43.6734659],[-79.3905647,43.6735166],[-79.3903857,43.6734224],[-79.3901348,43.6733481],[-79.3900238,43.673072],[-79.3903627,43.6731084],[-79.3905634,43.6731773],[-79.3907398,43.6732889],[-79.3909071,43.673447]]]}},{"type":"Feature","properties":{"form":"apartments"},"geometry":{"type":"Polygon","coordinates":[[[-79.3869759,43.6732361],[-79.3869067,43.6730756],[-79.3865032,43.6730463],[-79.3865371,43.6728389],[-79.3869569,43.6728703],[-79.3872234,43.6729219],[-79.3873174,43.6731662],[-79.3869759,43.6732361]]]}},{"type":"Feature","properties":{"form":"apartments"},"geometry":{"type":"Polygon","coordinates":[[[-79.3829827,43.6410374],[-79.3831973,43.6415305],[-79.3833895,43.6414924],[-79.3832011,43.6409942],[-79.3829827,43.6410374]]]}},{"type":"Feature","properties":{"form":"apartments"},"geometry":{"type":"Polygon","coordinates":[[[-79.3829232,43.641626],[-79.3825717,43.6417057],[-79.3824207,43.6413412],[-79.3825182,43.64132],[-79.3825077,43.6412873],[-79.3826294,43.6413215],[-79.3828781,43.6415508],[-79.3829232,43.641626]]]}},{"type":"Feature","properties":{"form":"apartments"},"geometry":{"type":"Polygon","coordinates":[[[-79.4129968,43.6387367],[-79.4133697,43.6386623],[-79.4133251,43.6385453],[-79.4129523,43.6386196],[-79.4129968,43.6387367]]]}},{"type":"Feature","properties":{"form":"apartments"},"geometry":{"type":"Polygon","coordinates":[[[-79.4149215,43.6398145],[-79.4149411,43.6398128],[-79.4149814,43.6399222],[-79.4147749,43.6399155],[-79.4145624,43.6399529],[-79.4143095,43.6392539],[-79.4145771,43.6392302],[-79.4146264,43.6393507],[-79.4145738,43.6393601],[-79.4147141,43.6397604],[-79.4148857,43.6397285],[-79.4149215,43.6398145]]]}},{"type":"Feature","properties":{"form":"apartments"},"geometry":{"type":"Polygon","coordinates":[[[-79.4157336,43.6389416],[-79.4155866,43.6385216],[-79.4155193,43.638534],[-79.4155073,43.6384997],[-79.4153311,43.638532],[-79.4154685,43.6389248],[-79.4155058,43.638918],[-79.4155217,43.6389635],[-79.4157336,43.6389416]]]}},{"type":"Feature","properties":{"form":"apartments"},"geometry":{"type":"Polygon","coordinates":[[[-79.4170265,43.640073],[-79.4165044,43.6400537],[-79.4165061,43.6400288],[-79.416457,43.6400269],[-79.4164609,43.6399722],[-79.4163987,43.6399699],[-79.4164064,43.6398616],[-79.4163678,43.6398602],[-79.4163725,43.6397937],[-79.4164128,43.6397952],[-79.4164344,43.6396682],[-79.4170535,43.6396911],[-79.4170265,43.640073]]]}},{"type":"Feature","properties":{"form":"apartments"},"geometry":{"type":"Polygon","coordinates":[[[-79.4246319,43.6420126],[-79.4245481,43.6417627],[-79.4245569,43.6416346],[-79.4246079,43.6414922],[-79.4248264,43.6415429],[-79.4247631,43.6417543],[-79.4248442,43.6419709],[-79.4246319,43.6420126]]]}},{"type":"Feature","properties":{"form":"apartments"},"geometry":{"type":"Polygon","coordinates":[[[-79.4230952,43.6424059],[-79.4227365,43.6414568],[-79.4226647,43.641471],[-79.4226537,43.641442],[-79.4225447,43.6414636],[-79.4225334,43.6414337],[-79.4223311,43.6414737],[-79.4223929,43.6416372],[-79.4224813,43.6416197],[-79.4225491,43.6417993],[-79.4225951,43.6417902],[-79.4227487,43.6421966],[-79.4226017,43.6422257],[-79.422689,43.6424567],[-79.4227418,43.6424463],[-79.4227522,43.6424738],[-79.4230952,43.6424059]]]}},{"type":"Feature","properties":{"form":"apartments"},"geometry":{"type":"Polygon","coordinates":[[[-79.4219313,43.6419758],[-79.422353,43.6418874],[-79.4222005,43.6415066],[-79.4217789,43.641595],[-79.4219313,43.6419758]]]}},{"type":"Feature","properties":{"form":"apartments"},"geometry":{"type":"Polygon","coordinates":[[[-79.4197976,43.6438125],[-79.4196971,43.6435677],[-79.4196594,43.6435758],[-79.4196467,43.6435447],[-79.4195043,43.6435753],[-79.4195163,43.6436046],[-79.4194694,43.6436147],[-79.4195309,43.6437646],[-79.4191309,43.6438506],[-79.4190899,43.6437036],[-79.4190398,43.6437144],[-79.4190281,43.643686],[-79.4188783,43.6437182],[-79.4188924,43.6437525],[-79.4188394,43.6437639],[-79.4189308,43.6439864],[-79.4190052,43.6439704],[-79.4190238,43.6440157],[-79.419754,43.6438587],[-79.4197401,43.6438248],[-79.4197976,43.6438125]]]}},{"type":"Feature","properties":{"form":"other"},"geometry":{"type":"Polygon","coordinates":[[[-79.3610191,43.6616273],[-79.3607349,43.6609244],[-79.361231,43.6608608],[-79.3614274,43.6615263],[-79.3610191,43.6616273]]]}},{"type":"Feature","properties":{"form":"apartments"},"geometry":{"type":"Polygon","coordinates":[[[-79.3987701,43.6398853],[-79.3984207,43.6399426],[-79.398323,43.6397022],[-79.3986737,43.6396481],[-79.3987701,43.6398853]]]}},{"type":"Feature","properties":{"form":"apartments"},"geometry":{"type":"Polygon","coordinates":[[[-79.3985422,43.639557],[-79.3991634,43.639428],[-79.3992029,43.6394198],[-79.3991535,43.639305],[-79.398508,43.6394562],[-79.3985422,43.639557]]]}},{"type":"Feature","properties":{"form":"other"},"geometry":{"type":"Polygon","coordinates":[[[-79.4001119,43.6391405],[-79.4002583,43.6394034],[-79.4005719,43.6392519],[-79.4004552,43.639065],[-79.4001756,43.6391431],[-79.4001119,43.6391405]]]}},{"type":"Feature","properties":{"form":"apartments"},"geometry":{"type":"Polygon","coordinates":[[[-79.3994367,43.6399773],[-79.3992444,43.6395328],[-79.3990978,43.6395588],[-79.3992208,43.6398919],[-79.3986376,43.6400096],[-79.3985948,43.6399056],[-79.3984207,43.6399426],[-79.3985276,43.640176],[-79.3994367,43.6399773]]]}},{"type":"Feature","properties":{"form":"apartments"},"geometry":{"type":"Polygon","coordinates":[[[-79.3655483,43.661374],[-79.3653604,43.661414],[-79.3653755,43.6614506],[-79.3648563,43.6615622],[-79.3648412,43.6615255],[-79.3648119,43.6615316],[-79.3647488,43.6613774],[-79.3654852,43.6612197],[-79.3655483,43.661374]]]}},{"type":"Feature","properties":{"form":"apartments"},"geometry":{"type":"Polygon","coordinates":[[[-79.3645406,43.6602686],[-79.3644371,43.6602914],[-79.3644458,43.6603121],[-79.3639194,43.6604149],[-79.3639735,43.6605436],[-79.3645984,43.6604062],[-79.3645406,43.6602686]]]}},{"type":"Feature","properties":{"form":"apartments"},"geometry":{"type":"Polygon","coordinates":[[[-79.3628039,43.6600159],[-79.3619077,43.6602173],[-79.3618052,43.6599785],[-79.361757,43.6599894],[-79.3617392,43.6599479],[-79.3617964,43.659935],[-79.3617208,43.6597538],[-79.362608,43.6595545],[-79.3628039,43.6600159]]]}},{"type":"Feature","properties":{"form":"apartments"},"geometry":{"type":"Polygon","coordinates":[[[-79.3808278,43.6707669],[-79.3807494,43.6705858],[-79.3807209,43.670592],[-79.3806803,43.6704929],[-79.3807098,43.6704866],[-79.3806618,43.6703674],[-79.3803698,43.6704302],[-79.380381,43.6704573],[-79.3803037,43.6704753],[-79.3804576,43.670849],[-79.3808278,43.6707669]]]}},{"type":"Feature","properties":{"form":"apartments"},"geometry":{"type":"Polygon","coordinates":[[[-79.4015974,43.6382893],[-79.4007497,43.6386342],[-79.4005793,43.6382162],[-79.4006001,43.638212],[-79.4005943,43.6381869],[-79.4008769,43.6381939],[-79.4009306,43.6383455],[-79.4009805,43.6383522],[-79.4012941,43.6382188],[-79.4015634,43.6382283],[-79.4015974,43.6382893]]]}},{"type":"Feature","properties":{"form":"apartments"},"geometry":{"type":"Polygon","coordinates":[[[-79.3834518,43.6432788],[-79.3830131,43.6433689],[-79.3828007,43.6428332],[-79.3832346,43.642742],[-79.3834518,43.6432788]]]}},{"type":"Feature","properties":{"form":"other"},"geometry":{"type":"Polygon","coordinates":[[[-79.381369,43.6435449],[-79.3813809,43.6435673],[-79.3814515,43.6435524],[-79.3814818,43.6436237],[-79.3800576,43.6439477],[-79.3799848,43.6438545],[-79.3800171,43.6438369],[-79.3800006,43.6438193],[-79.3804955,43.6437129],[-79.3804862,43.6436921],[-79.3805824,43.6436699],[-79.3805989,43.6437102],[-79.381369,43.6435449]]]}},{"type":"Feature","properties":{"form":"other"},"geometry":{"type":"Polygon","coordinates":[[[-79.3644498,43.6444813],[-79.3643187,43.6444397],[-79.3643985,43.6446071],[-79.3644574,43.6445932],[-79.3644498,43.6444813]]]}},{"type":"Feature","properties":{"form":"apartments"},"geometry":{"type":"Polygon","coordinates":[[[-79.3742433,43.6480907],[-79.3738876,43.6482587],[-79.373846,43.6482564],[-79.3737856,43.6481225],[-79.373822,43.6481051],[-79.3738045,43.6480595],[-79.3737622,43.6480717],[-79.3736061,43.6477084],[-79.3736536,43.6476994],[-79.3736226,43.647623],[-79.3735794,43.6476317],[-79.3735158,43.6474885],[-79.3738018,43.6474386],[-79.3738518,43.6475576],[-79.3738191,43.6475646],[-79.3739224,43.6477577],[-79.3739998,43.6477402],[-79.3740233,43.6477956],[-79.3741075,43.6477767],[-79.3742433,43.6480907]]]}},{"type":"Feature","properties":{"form":"other"},"geometry":{"type":"Polygon","coordinates":[[[-79.4407255,43.6491902],[-79.4406061,43.6492125],[-79.4405977,43.6491889],[-79.440717,43.6491665],[-79.4407255,43.6491902]]]}},{"type":"Feature","properties":{"form":"other"},"geometry":{"type":"Polygon","coordinates":[[[-79.4398765,43.6487292],[-79.4398184,43.648741],[-79.439809,43.6487168],[-79.4398672,43.648705],[-79.4398765,43.6487292]]]}},{"type":"Feature","properties":{"form":"apartments"},"geometry":{"type":"Polygon","coordinates":[[[-79.3980068,43.6374783],[-79.3977483,43.6375986],[-79.3977376,43.6375801],[-79.3976588,43.6376094],[-79.39766,43.6376302],[-79.3975919,43.6376287],[-79.3975194,43.6374884],[-79.3977964,43.6373404],[-79.3979735,43.6372798],[-79.3979948,43.6373003],[-79.3979566,43.6373687],[-79.3980068,43.6374783]]]}},{"type":"Feature","properties":{"form":"apartments"},"geometry":{"type":"Polygon","coordinates":[[[-79.3562193,43.6561738],[-79.3561582,43.65612],[-79.3556967,43.6557115],[-79.355921,43.655619],[-79.3564148,43.6560601],[-79.3562193,43.6561738]]]}},{"type":"Feature","properties":{"form":"apartments"},"geometry":{"type":"Polygon","coordinates":[[[-79.355846,43.6563812],[-79.3560428,43.6562758],[-79.3555315,43.6557797],[-79.3553215,43.6558667],[-79.355846,43.6563812]]]}},{"type":"Feature","properties":{"form":"apartments"},"geometry":{"type":"Polygon","coordinates":[[[-79.356196,43.6567024],[-79.3562516,43.6566698],[-79.356749,43.6563782],[-79.3565742,43.6562153],[-79.356384,43.6563284],[-79.3564157,43.6563505],[-79.3560474,43.6565577],[-79.356196,43.6567024]]]}},{"type":"Feature","properties":{"form":"apartments"},"geometry":{"type":"Polygon","coordinates":[[[-79.3559158,43.6568651],[-79.3555615,43.6570725],[-79.3550543,43.6571645],[-79.3549974,43.6571269],[-79.3557317,43.6566831],[-79.3559158,43.6568651]]]}},{"type":"Feature","properties":{"form":"other"},"geometry":{"type":"Polygon","coordinates":[[[-79.3328605,43.6473079],[-79.3341342,43.6465745],[-79.3342237,43.6466559],[-79.3353513,43.6460065],[-79.3360282,43.646622],[-79.3333816,43.6481461],[-79.3331292,43.6479166],[-79.3333746,43.6477753],[-79.3328605,43.6473079]]]}},{"type":"Feature","properties":{"form":"other"},"geometry":{"type":"Polygon","coordinates":[[[-79.3443666,43.636839],[-79.3442995,43.6369614],[-79.3442255,43.6369554],[-79.3443039,43.636806],[-79.3443666,43.636839]]]}},{"type":"Feature","properties":{"form":"other"},"geometry":{"type":"Polygon","coordinates":[[[-79.3207567,43.6459252],[-79.3207027,43.6459142],[-79.3207117,43.6457632],[-79.3207557,43.6456892],[-79.3208287,43.6456672],[-79.3208457,43.6456892],[-79.3208207,43.6458002],[-79.3207567,43.6459252]]]}},{"type":"Feature","properties":{"form":"apartments"},"geometry":{"type":"Polygon","coordinates":[[[-79.4190043,43.6375539],[-79.4182885,43.6376866],[-79.4180804,43.6370989],[-79.4182273,43.6370717],[-79.4182542,43.6371477],[-79.4184089,43.637119],[-79.4185256,43.6374488],[-79.4186083,43.6374339],[-79.4185984,43.6374068],[-79.41893,43.6373439],[-79.4190043,43.6375539]]]}},{"type":"Feature","properties":{"form":"other"},"geometry":{"type":"Polygon","coordinates":[[[-79.4219376,43.6361399],[-79.4213186,43.6362613],[-79.4212392,43.6360491],[-79.4218582,43.6359277],[-79.4219376,43.6361399]]]}},{"type":"Feature","properties":{"form":"other"},"geometry":{"type":"Polygon","coordinates":[[[-79.4130313,43.637954],[-79.41284,43.6379298],[-79.4128547,43.6378688],[-79.413046,43.6378929],[-79.4130313,43.637954]]]}},{"type":"Feature","properties":{"form":"apartments"},"geometry":{"type":"Polygon","coordinates":[[[-79.3752773,43.6568114],[-79.375196,43.656612],[-79.3746149,43.6567486],[-79.3746414,43.6568148],[-79.3746127,43.6568212],[-79.3746613,43.6569404],[-79.3752773,43.6568114]]]}},{"type":"Feature","properties":{"form":"other"},"geometry":{"type":"Polygon","coordinates":[[[-79.4774692,43.6549471],[-79.4774551,43.6549125],[-79.4774145,43.6549212],[-79.4774286,43.6549557],[-79.4774692,43.6549471]]]}},{"type":"Feature","properties":{"form":"other"},"geometry":{"type":"Polygon","coordinates":[[[-79.3699961,43.6452542],[-79.3699393,43.6451148],[-79.3698407,43.6451367],[-79.3698905,43.6452584],[-79.3699961,43.6452542]]]}},{"type":"Feature","properties":{"form":"other"},"geometry":{"type":"Polygon","coordinates":[[[-79.3933747,43.6699255],[-79.3934452,43.6700978],[-79.3936402,43.670084],[-79.3936592,43.6701303],[-79.393698,43.670122],[-79.3937392,43.670223],[-79.3937712,43.6702162],[-79.3937121,43.6700714],[-79.39391,43.6700016],[-79.3938383,43.6698262],[-79.3933747,43.6699255]]]}},{"type":"Feature","properties":{"form":"apartments"},"geometry":{"type":"Polygon","coordinates":[[[-79.4566499,43.6757535],[-79.4565375,43.6754992],[-79.4566852,43.675465],[-79.4567977,43.6757193],[-79.4566499,43.6757535]]]}},{"type":"Feature","properties":{"form":"apartments"},"geometry":{"type":"Polygon","coordinates":[[[-79.4253979,43.6420607],[-79.4254926,43.6423123],[-79.4246054,43.6424965],[-79.4246157,43.6425208],[-79.4242705,43.642593],[-79.424115,43.6421788],[-79.4244183,43.6421214],[-79.4244795,43.6422921],[-79.4251716,43.6421585],[-79.4251525,43.6421112],[-79.4253979,43.6420607]]]}},{"type":"Feature","properties":{"form":"other"},"geometry":{"type":"Polygon","coordinates":[[[-79.400718,43.6326162],[-79.400595,43.6324982],[-79.4007594,43.6324084],[-79.4008825,43.6325264],[-79.400718,43.6326162]]]}},{"type":"Feature","properties":{"form":"other"},"geometry":{"type":"Polygon","coordinates":[[[-79.3985603,43.6595687],[-79.3984237,43.6592467],[-79.3979858,43.6593379],[-79.3981207,43.6596644],[-79.3985603,43.6595687]]]}},{"type":"Feature","properties":{"form":"apartments"},"geometry":{"type":"Polygon","coordinates":[[[-79.3919163,43.643378],[-79.3924742,43.6432336],[-79.3926102,43.6435591],[-79.3924827,43.6436673],[-79.3924201,43.6434752],[-79.3923367,43.6434937],[-79.3924387,43.6437285],[-79.3922764,43.6438653],[-79.3921466,43.6439005],[-79.3919163,43.643378]]]}},{"type":"Feature","properties":{"form":"other"},"geometry":{"type":"Polygon","coordinates":[[[-79.3876397,43.6426596],[-79.387655,43.6426021],[-79.3875505,43.6426147],[-79.387478,43.642665],[-79.387547,43.6426959],[-79.3876397,43.6426596]]]}},{"type":"Feature","properties":{"form":"other"},"geometry":{"type":"Polygon","coordinates":[[[-79.3880562,43.6427499],[-79.3880282,43.6426916],[-79.3879002,43.6426085],[-79.3878373,43.6426601],[-79.3877905,43.6426305],[-79.3875819,43.6426688],[-79.3875426,43.6427009],[-79.3874466,43.6426851],[-79.3873345,43.6428],[-79.3871596,43.6428617],[-79.3869826,43.6428592],[-79.3868404,43.6428059],[-79.3868541,43.6427948],[-79.3868371,43.6427852],[-79.3867667,43.6427796],[-79.386678,43.6428266],[-79.3866672,43.6428704],[-79.3867015,43.6429232],[-79.3865986,43.6429541],[-79.3865609,43.6430664],[-79.3880562,43.6427499]]]}},{"type":"Feature","properties":{"form":"apartments"},"geometry":{"type":"Polygon","coordinates":[[[-79.3976369,43.6402469],[-79.3976555,43.6403195],[-79.3976399,43.6403677],[-79.3975154,43.6404524],[-79.3973451,43.6404412],[-79.3972889,43.6404077],[-79.3972433,43.6403399],[-79.3972438,43.6402778],[-79.3972742,43.6402261],[-79.3973774,43.6401678],[-79.3975439,43.6401761],[-79.3976369,43.6402469]]]}},{"type":"Feature","properties":{"form":"apartments"},"geometry":{"type":"Polygon","coordinates":[[[-79.3910636,43.668151],[-79.3910124,43.6681622],[-79.3911244,43.6683862],[-79.3907938,43.6684546],[-79.3905661,43.6679745],[-79.3908708,43.6679101],[-79.3908778,43.6679302],[-79.3909645,43.6679115],[-79.3910636,43.668151]]]}},{"type":"Feature","properties":{"form":"other"},"geometry":{"type":"Polygon","coordinates":[[[-79.3814057,43.6551517],[-79.3815564,43.6551178],[-79.3815016,43.6549745],[-79.3813475,43.6550069],[-79.3814057,43.6551517]]]}},{"type":"Feature","properties":{"form":"other"},"geometry":{"type":"Polygon","coordinates":[[[-79.3814888,43.6549513],[-79.3814448,43.6548506],[-79.3812961,43.6548846],[-79.3813299,43.654962],[-79.3813837,43.6549497],[-79.3813939,43.654973],[-79.3814888,43.6549513]]]}},{"type":"Feature","properties":{"form":"other"},"geometry":{"type":"Polygon","coordinates":[[[-79.3850604,43.653461],[-79.3850218,43.6534697],[-79.385009,43.6534402],[-79.3850475,43.6534314],[-79.3850604,43.653461]]]}},{"type":"Feature","properties":{"form":"apartments"},"geometry":{"type":"Polygon","coordinates":[[[-79.3761719,43.6463754],[-79.3760748,43.6461181],[-79.3764177,43.6459751],[-79.3765485,43.646292],[-79.3761719,43.6463754]]]}},{"type":"Feature","properties":{"form":"other"},"geometry":{"type":"Polygon","coordinates":[[[-79.4533444,43.6578112],[-79.4529722,43.6578792],[-79.452928,43.6577276],[-79.4532807,43.6576616],[-79.4533444,43.6578112]]]}},{"type":"Feature","properties":{"form":"other"},"geometry":{"type":"Polygon","coordinates":[[[-79.4256418,43.6513757],[-79.4255954,43.651259],[-79.4256805,43.6512414],[-79.4255467,43.6509041],[-79.4261214,43.6507847],[-79.4262544,43.6511199],[-79.4260469,43.651163],[-79.426094,43.6512817],[-79.4256418,43.6513757]]]}},{"type":"Feature","properties":{"form":"houses"},"geometry":{"type":"Polygon","coordinates":[[[-79.4119239,43.6528272],[-79.41183,43.6525913],[-79.4119794,43.6525602],[-79.4120733,43.6527961],[-79.4119239,43.6528272]]]}},{"type":"Feature","properties":{"form":"apartments"},"geometry":{"type":"Polygon","coordinates":[[[-79.3926757,43.681618],[-79.3925419,43.6812972],[-79.3926412,43.6812755],[-79.392775,43.6815963],[-79.3926757,43.681618]]]}},{"type":"Feature","properties":{"form":"apartments"},"geometry":{"type":"Polygon","coordinates":[[[-79.3154409,43.6669738],[-79.3153446,43.6667582],[-79.3154705,43.6667288],[-79.3155668,43.6669444],[-79.3154409,43.6669738]]]}},{"type":"Feature","properties":{"form":"apartments"},"geometry":{"type":"Polygon","coordinates":[[[-79.3155906,43.666943],[-79.3154804,43.666688],[-79.3156147,43.6666576],[-79.315712,43.6669155],[-79.3155906,43.666943]]]}},{"type":"Feature","properties":{"form":"other"},"geometry":{"type":"Polygon","coordinates":[[[-79.315276,43.6669289],[-79.3152663,43.6669081],[-79.3153065,43.6668984],[-79.3152525,43.6667822],[-79.3151028,43.6668187],[-79.3151564,43.6669341],[-79.315276,43.6669289]]]}},{"type":"Feature","properties":{"form":"apartments"},"geometry":{"type":"Polygon","coordinates":[[[-79.380524,43.6702507],[-79.3803993,43.6699406],[-79.3801366,43.6699958],[-79.3802612,43.6703059],[-79.380524,43.6702507]]]}},{"type":"Feature","properties":{"form":"apartments"},"geometry":{"type":"Polygon","coordinates":[[[-79.3807815,43.6696756],[-79.3804316,43.6697522],[-79.3804222,43.6697283],[-79.3803506,43.6697437],[-79.38036,43.6697676],[-79.38006,43.6698332],[-79.379957,43.6695753],[-79.3802564,43.6695113],[-79.3802651,43.6695346],[-79.3803382,43.6695193],[-79.3803309,43.6694992],[-79.3806798,43.6694253],[-79.3807815,43.6696756]]]}},{"type":"Feature","properties":{"form":"other"},"geometry":{"type":"Polygon","coordinates":[[[-79.3912988,43.6585033],[-79.3913878,43.6587267],[-79.3915104,43.6587034],[-79.3914129,43.6584775],[-79.3912988,43.6585033]]]}},{"type":"Feature","properties":{"form":"other"},"geometry":{"type":"Polygon","coordinates":[[[-79.386441,43.6527516],[-79.3864132,43.6526887],[-79.3863268,43.6527087],[-79.3863546,43.6527716],[-79.386441,43.6527516]]]}},{"type":"Feature","properties":{"form":"other"},"geometry":{"type":"Polygon","coordinates":[[[-79.3944371,43.6423968],[-79.3943029,43.6424285],[-79.3942718,43.6423597],[-79.3944061,43.642328],[-79.3944371,43.6423968]]]}},{"type":"Feature","properties":{"form":"other"},"geometry":{"type":"Polygon","coordinates":[[[-79.3946028,43.6423844],[-79.3948119,43.6423237],[-79.3948005,43.6423032],[-79.3948314,43.6422942],[-79.3948132,43.6422614],[-79.3947622,43.6422762],[-79.3947492,43.6422529],[-79.3945603,43.6423078],[-79.3946028,43.6423844]]]}},{"type":"Feature","properties":{"form":"other"},"geometry":{"type":"Polygon","coordinates":[[[-79.3933393,43.668072],[-79.3933601,43.6681214],[-79.3932173,43.6681526],[-79.3931971,43.6681015],[-79.3933393,43.668072]]]}},{"type":"Feature","properties":{"form":"apartments"},"geometry":{"type":"Polygon","coordinates":[[[-79.3711354,43.6470213],[-79.3708518,43.6470831],[-79.3706657,43.6466359],[-79.3708396,43.6466157],[-79.3708284,43.6465889],[-79.3709449,43.6465635],[-79.3711354,43.6470213]]]}},{"type":"Feature","properties":{"form":"other"},"geometry":{"type":"Polygon","coordinates":[[[-79.3963598,43.66553],[-79.3965119,43.6654961],[-79.3964793,43.6654197],[-79.3963272,43.6654536],[-79.3963598,43.66553]]]}},{"type":"Feature","properties":{"form":"apartments"},"geometry":{"type":"Polygon","coordinates":[[[-79.3902849,43.6881991],[-79.3903591,43.688184],[-79.391089,43.68803],[-79.3910308,43.6878949],[-79.3902271,43.6880596],[-79.3902849,43.6881991]]]}},{"type":"Feature","properties":{"form":"apartments"},"geometry":{"type":"Polygon","coordinates":[[[-79.3654625,43.6463717],[-79.3651489,43.6464344],[-79.365025,43.6463876],[-79.3645229,43.6456325],[-79.3648715,43.6455071],[-79.3654625,43.6463717]]]}},{"type":"Feature","properties":{"form":"other"},"geometry":{"type":"Polygon","coordinates":[[[-79.3389312,43.6398853],[-79.3391095,43.6398779],[-79.3390968,43.6397906],[-79.3389261,43.6397962],[-79.3389312,43.6398853]]]}},{"type":"Feature","properties":{"form":"apartments"},"geometry":{"type":"Polygon","coordinates":[[[-79.3960208,43.6744767],[-79.3958686,43.6740948],[-79.3958971,43.6740687],[-79.3961433,43.6740153],[-79.3963042,43.6744172],[-79.3960208,43.6744767]]]}},{"type":"Feature","properties":{"form":"apartments"},"geometry":{"type":"Polygon","coordinates":[[[-79.3513586,43.6593928],[-79.3514756,43.6593666],[-79.3517931,43.6601093],[-79.3516761,43.6601355],[-79.3513586,43.6593928]]]}},{"type":"Feature","properties":{"form":"other"},"geometry":{"type":"Polygon","coordinates":[[[-79.3908972,43.6412098],[-79.3910693,43.641625],[-79.3912637,43.6415839],[-79.3912982,43.641659],[-79.3908911,43.6417635],[-79.3906809,43.6412568],[-79.3908972,43.6412098]]]}},{"type":"Feature","properties":{"form":"apartments"},"geometry":{"type":"Polygon","coordinates":[[[-79.4011267,43.644119],[-79.4019776,43.6439443],[-79.4018673,43.6436632],[-79.4015239,43.6437337],[-79.401564,43.6438253],[-79.4013933,43.643857],[-79.401382,43.6438324],[-79.401039,43.6439031],[-79.4011267,43.644119]]]}},{"type":"Feature","properties":{"form":"other"},"geometry":{"type":"Polygon","coordinates":[[[-79.4231749,43.6719778],[-79.4230963,43.6717724],[-79.4232549,43.6717407],[-79.4233334,43.671946],[-79.4231749,43.6719778]]]}},{"type":"Feature","properties":{"form":"other"},"geometry":{"type":"Polygon","coordinates":[[[-79.3918724,43.6281333],[-79.3918869,43.6280426],[-79.391911,43.6280446],[-79.3919274,43.6278184],[-79.3917974,43.6277859],[-79.3917856,43.6278591],[-79.3917559,43.6278566],[-79.3917285,43.6280282],[-79.391751,43.6280301],[-79.3917401,43.6280987],[-79.3918724,43.6281333]]]}},{"type":"Feature","properties":{"form":"apartments"},"geometry":{"type":"Polygon","coordinates":[[[-79.431991,43.680213],[-79.4318853,43.6799597],[-79.4312191,43.6801043],[-79.431322,43.6803589],[-79.431991,43.680213]]]}},{"type":"Feature","properties":{"form":"other"},"geometry":{"type":"Polygon","coordinates":[[[-79.4168464,43.6800777],[-79.4168074,43.6799727],[-79.4169094,43.6799527],[-79.4169494,43.6800567],[-79.4168464,43.6800777]]]}},{"type":"Feature","properties":{"form":"other"},"geometry":{"type":"Polygon","coordinates":[[[-79.4140451,43.6845817],[-79.414177,43.6845597],[-79.4141794,43.6845339],[-79.4142123,43.6845275],[-79.4142223,43.6845541],[-79.4142006,43.6845825],[-79.4140875,43.6846159],[-79.414118,43.6847205],[-79.4141027,43.6847245],[-79.4140451,43.6845817]]]}},{"type":"Feature","properties":{"form":"other"},"geometry":{"type":"Polygon","coordinates":[[[-79.3412256,43.6497031],[-79.340724,43.6490887],[-79.3413677,43.6488135],[-79.3418695,43.6494278],[-79.3412256,43.6497031]]]}},{"type":"Feature","properties":{"form":"other"},"geometry":{"type":"Polygon","coordinates":[[[-79.3412482,43.6486622],[-79.3407439,43.6480445],[-79.3400761,43.6483287],[-79.3405779,43.6489512],[-79.3412482,43.6486622]]]}},{"type":"Feature","properties":{"form":"other"},"geometry":{"type":"Polygon","coordinates":[[[-79.3424134,43.6494252],[-79.3423304,43.6493192],[-79.3417709,43.6486349],[-79.3422786,43.6484163],[-79.3423341,43.6484839],[-79.3425029,43.6484122],[-79.3430913,43.6491369],[-79.3424134,43.6494252]]]}},{"type":"Feature","properties":{"form":"other"},"geometry":{"type":"Polygon","coordinates":[[[-79.4147518,43.6734019],[-79.4146855,43.6732406],[-79.4148445,43.6732064],[-79.4149108,43.6733677],[-79.4147518,43.6734019]]]}},{"type":"Feature","properties":{"form":"other"},"geometry":{"type":"Polygon","coordinates":[[[-79.4149428,43.6735038],[-79.4146922,43.6735575],[-79.4146566,43.6734704],[-79.4149072,43.6734167],[-79.4149428,43.6735038]]]}},{"type":"Feature","properties":{"form":"apartments"},"geometry":{"type":"Polygon","coordinates":[[[-79.402216,43.6446638],[-79.4027378,43.6445602],[-79.4026636,43.6443644],[-79.4021625,43.6444639],[-79.4021785,43.6445063],[-79.4021578,43.6445104],[-79.402216,43.6446638]]]}},{"type":"Feature","properties":{"form":"apartments"},"geometry":{"type":"Polygon","coordinates":[[[-79.4020811,43.6446694],[-79.4019634,43.6443823],[-79.4020474,43.6443643],[-79.4019768,43.6441921],[-79.4016332,43.6442659],[-79.4017035,43.6444343],[-79.4017674,43.6444204],[-79.4018846,43.6447116],[-79.4020811,43.6446694]]]}},{"type":"Feature","properties":{"form":"other"},"geometry":{"type":"Polygon","coordinates":[[[-79.4207951,43.6381648],[-79.4206353,43.6381961],[-79.4205349,43.6379279],[-79.4206946,43.6378966],[-79.4207951,43.6381648]]]}},{"type":"Feature","properties":{"form":"other"},"geometry":{"type":"Polygon","coordinates":[[[-79.4159318,43.6393978],[-79.4158257,43.6391348],[-79.415528,43.6391582],[-79.4155996,43.6393285],[-79.4156665,43.6393143],[-79.4157253,43.6394922],[-79.4158095,43.6394763],[-79.4157957,43.6394254],[-79.4159318,43.6393978]]]}},{"type":"Feature","properties":{"form":"apartments"},"geometry":{"type":"Polygon","coordinates":[[[-79.3639354,43.6611792],[-79.3637864,43.6607741],[-79.3634762,43.6608406],[-79.3635122,43.6609259],[-79.3634907,43.6609305],[-79.3636194,43.6612469],[-79.3639354,43.6611792]]]}},{"type":"Feature","properties":{"form":"apartments"},"geometry":{"type":"Polygon","coordinates":[[[-79.3606019,43.6604967],[-79.3605288,43.6603048],[-79.3604817,43.6603138],[-79.3603515,43.6599659],[-79.3612712,43.6597781],[-79.3613777,43.6600538],[-79.3613566,43.6600556],[-79.3613789,43.6601138],[-79.361405,43.6601103],[-79.3614816,43.6603121],[-79.3606019,43.6604967]]]}},{"type":"Feature","properties":{"form":"other"},"geometry":{"type":"Polygon","coordinates":[[[-79.3620426,43.6622133],[-79.3622697,43.6621666],[-79.3622343,43.6620763],[-79.3621821,43.662087],[-79.3621273,43.6619477],[-79.3621634,43.6619403],[-79.3621195,43.6618287],[-79.3618973,43.6618745],[-79.3619407,43.6619849],[-79.3619756,43.6619778],[-79.3620426,43.6622133]]]}},{"type":"Feature","properties":{"form":"other"},"geometry":{"type":"Polygon","coordinates":[[[-79.3602397,43.6624416],[-79.3601906,43.6623278],[-79.3602894,43.6623055],[-79.3603385,43.6624192],[-79.3602397,43.6624416]]]}},{"type":"Feature","properties":{"form":"houses"},"geometry":{"type":"Polygon","coordinates":[[[-79.3533419,43.6616766],[-79.3531869,43.6613014],[-79.3533453,43.6612672],[-79.3535003,43.6616423],[-79.3533419,43.6616766]]]}},{"type":"Feature","properties":{"form":"other"},"geometry":{"type":"Polygon","coordinates":[[[-79.3526554,43.6608424],[-79.352516,43.6605068],[-79.3527152,43.6604635],[-79.3528546,43.6607991],[-79.3526554,43.6608424]]]}},{"type":"Feature","properties":{"form":"houses"},"geometry":{"type":"Polygon","coordinates":[[[-79.3534485,43.6611668],[-79.353288,43.660788],[-79.3533799,43.6607676],[-79.3535404,43.6611464],[-79.3534485,43.6611668]]]}},{"type":"Feature","properties":{"form":"houses"},"geometry":{"type":"Polygon","coordinates":[[[-79.3528934,43.6619812],[-79.3527826,43.6620051],[-79.3524556,43.6612124],[-79.3525664,43.6611885],[-79.3528934,43.6619812]]]}},{"type":"Feature","properties":{"form":"houses"},"geometry":{"type":"Polygon","coordinates":[[[-79.3536314,43.6616104],[-79.3534744,43.6612229],[-79.3535611,43.6612046],[-79.353718,43.661592],[-79.3536314,43.6616104]]]}},{"type":"Feature","properties":{"form":"houses"},"geometry":{"type":"Polygon","coordinates":[[[-79.352859,43.6612798],[-79.352703,43.6609032],[-79.352858,43.6608696],[-79.353014,43.6612462],[-79.352859,43.6612798]]]}},{"type":"Feature","properties":{"form":"houses"},"geometry":{"type":"Polygon","coordinates":[[[-79.3531539,43.6612185],[-79.3529929,43.6608427],[-79.3531515,43.6608072],[-79.3533125,43.661183],[-79.3531539,43.6612185]]]}},{"type":"Feature","properties":{"form":"houses"},"geometry":{"type":"Polygon","coordinates":[[[-79.3530548,43.6617431],[-79.3528965,43.6613678],[-79.3530507,43.6613337],[-79.353209,43.661709],[-79.3530548,43.6617431]]]}},{"type":"Feature","properties":{"form":"houses"},"geometry":{"type":"Polygon","coordinates":[[[-79.3520198,43.6601973],[-79.3521481,43.6601686],[-79.352569,43.6611552],[-79.3524407,43.6611838],[-79.3520198,43.6601973]]]}},{"type":"Feature","properties":{"form":"other"},"geometry":{"type":"Polygon","coordinates":[[[-79.3531967,43.660707],[-79.3530626,43.660387],[-79.3531903,43.660359],[-79.3533243,43.660679],[-79.3531967,43.660707]]]}},{"type":"Feature","properties":{"form":"houses"},"geometry":{"type":"Polygon","coordinates":[[[-79.3531054,43.6619119],[-79.3530585,43.6618007],[-79.3536464,43.6616711],[-79.3536933,43.6617823],[-79.3531054,43.6619119]]]}},{"type":"Feature","properties":{"form":"other"},"geometry":{"type":"Polygon","coordinates":[[[-79.3575621,43.6312263],[-79.3575022,43.6314135],[-79.3576441,43.6315545],[-79.3578808,43.6316081],[-79.3579124,43.631547],[-79.357774,43.6314618],[-79.3577582,43.6314367],[-79.3577786,43.6313952],[-79.3581077,43.6314151],[-79.3581467,43.6313652],[-79.3581368,43.6313425],[-79.3575621,43.6312263]]]}},{"type":"Feature","properties":{"form":"apartments"},"geometry":{"type":"Polygon","coordinates":[[[-79.4587047,43.6548551],[-79.4586154,43.6546363],[-79.4588754,43.6545793],[-79.4588197,43.6544451],[-79.4586357,43.6544851],[-79.4585387,43.6542511],[-79.4588947,43.6541741],[-79.4591467,43.6547591],[-79.4587047,43.6548551]]]}},{"type":"Feature","properties":{"form":"other"},"geometry":{"type":"Polygon","coordinates":[[[-79.3346277,43.6584217],[-79.3345768,43.658306],[-79.3347566,43.6582646],[-79.3348076,43.6583803],[-79.3346277,43.6584217]]]}},{"type":"Feature","properties":{"form":"other"},"geometry":{"type":"Polygon","coordinates":[[[-79.3373719,43.6544226],[-79.3372812,43.6543196],[-79.3375641,43.6541893],[-79.3376548,43.6542924],[-79.3373719,43.6544226]]]}},{"type":"Feature","properties":{"form":"other"},"geometry":{"type":"Polygon","coordinates":[[[-79.3379508,43.6539635],[-79.3371943,43.6530478],[-79.3379981,43.652703],[-79.3382563,43.6530241],[-79.3385291,43.6529083],[-79.3389873,43.6534688],[-79.3383909,43.6537214],[-79.338369,43.653782],[-79.3383327,43.6538004],[-79.3383636,43.6538482],[-79.3382592,43.6538899],[-79.3382126,43.6538504],[-79.3379508,43.6539635]]]}},{"type":"Feature","properties":{"form":"houses"},"geometry":{"type":"Polygon","coordinates":[[[-79.3145009,43.6675387],[-79.3144412,43.6673985],[-79.3144104,43.6674053],[-79.3143902,43.6673578],[-79.3143381,43.6673694],[-79.3142455,43.6671521],[-79.3138014,43.667251],[-79.3137372,43.6671004],[-79.3143914,43.6669546],[-79.3144597,43.6671151],[-79.3143929,43.66713],[-79.3144839,43.6673436],[-79.3145047,43.667339],[-79.314522,43.6673795],[-79.3145609,43.6673708],[-79.314621,43.667512],[-79.3145009,43.6675387]]]}},{"type":"Feature","properties":{"form":"other"},"geometry":{"type":"Polygon","coordinates":[[[-79.3497917,43.6397343],[-79.3493322,43.6393052],[-79.3496108,43.639149],[-79.3500703,43.6395781],[-79.3497917,43.6397343]]]}},{"type":"Feature","properties":{"form":"apartments"},"geometry":{"type":"Polygon","coordinates":[[[-79.3899436,43.6730704],[-79.3896328,43.6730473],[-79.3899295,43.6736742],[-79.3901829,43.6736132],[-79.3899436,43.6730704]]]}},{"type":"Feature","properties":{"form":"other"},"geometry":{"type":"Polygon","coordinates":[[[-79.3534905,43.6596645],[-79.3534603,43.6595926],[-79.3538556,43.6595057],[-79.3538858,43.6595776],[-79.3534905,43.6596645]]]}},{"type":"Feature","properties":{"form":"other"},"geometry":{"type":"Polygon","coordinates":[[[-79.3533414,43.6593705],[-79.3531624,43.658939],[-79.3535764,43.6588491],[-79.3537552,43.6592806],[-79.3533414,43.6593705]]]}},{"type":"Feature","properties":{"form":"other"},"geometry":{"type":"Polygon","coordinates":[[[-79.3536267,43.659906],[-79.3535427,43.6597074],[-79.3539006,43.6596282],[-79.3539846,43.6598268],[-79.3536267,43.659906]]]}},{"type":"Feature","properties":{"form":"apartments"},"geometry":{"type":"Polygon","coordinates":[[[-79.3530073,43.6586057],[-79.3534311,43.6585117],[-79.3535311,43.6587477],[-79.3531074,43.6588418],[-79.3530073,43.6586057]]]}},{"type":"Feature","properties":{"form":"apartments"},"geometry":{"type":"Polygon","coordinates":[[[-79.3523948,43.6584245],[-79.3525527,43.6583888],[-79.3525434,43.6583665],[-79.3528517,43.6582993],[-79.3529478,43.6585315],[-79.3524828,43.6586322],[-79.3523948,43.6584245]]]}},{"type":"Feature","properties":{"form":"apartments"},"geometry":{"type":"Polygon","coordinates":[[[-79.4713914,43.6360705],[-79.4716349,43.6359616],[-79.4712287,43.6354859],[-79.4709853,43.6355948],[-79.4713914,43.6360705]]]}},{"type":"Feature","properties":{"form":"apartments"},"geometry":{"type":"Polygon","coordinates":[[[-79.3363472,43.6617821],[-79.3362574,43.6615681],[-79.3366506,43.6614817],[-79.3367404,43.6616958],[-79.3363472,43.6617821]]]}},{"type":"Feature","properties":{"form":"other"},"geometry":{"type":"Polygon","coordinates":[[[-79.3984765,43.6673972],[-79.3984529,43.6673389],[-79.3986897,43.6672887],[-79.3987133,43.667347],[-79.3984765,43.6673972]]]}},{"type":"Feature","properties":{"form":"other"},"geometry":{"type":"Polygon","coordinates":[[[-79.4439453,43.6589025],[-79.4438033,43.6589337],[-79.4436968,43.6586801],[-79.4438388,43.6586489],[-79.4439453,43.6589025]]]}},{"type":"Feature","properties":{"form":"apartments"},"geometry":{"type":"Polygon","coordinates":[[[-79.3640698,43.6611413],[-79.3640254,43.6610325],[-79.3643107,43.6609715],[-79.3642959,43.6609353],[-79.3647408,43.6608402],[-79.3647296,43.6608129],[-79.3648015,43.6607975],[-79.3648572,43.6609338],[-79.3643385,43.6610447],[-79.3643532,43.6610807],[-79.3640698,43.6611413]]]}},{"type":"Feature","properties":{"form":"apartments"},"geometry":{"type":"Polygon","coordinates":[[[-79.3830807,43.6595367],[-79.3829601,43.659565],[-79.3829077,43.659619],[-79.382851,43.6595889],[-79.3826517,43.6596482],[-79.3825525,43.6591089],[-79.3828942,43.6590437],[-79.3830807,43.6595367]]]}},{"type":"Feature","properties":{"form":"apartments"},"geometry":{"type":"Polygon","coordinates":[[[-79.411316,43.6434807],[-79.4112137,43.6432125],[-79.4113503,43.6431852],[-79.4113843,43.6432744],[-79.4116811,43.6432151],[-79.4117494,43.6433941],[-79.411316,43.6434807]]]}},{"type":"Feature","properties":{"form":"apartments"},"geometry":{"type":"Polygon","coordinates":[[[-79.4275254,43.6412711],[-79.4272366,43.641329],[-79.4272161,43.6412778],[-79.4271645,43.641288],[-79.4270635,43.6412337],[-79.4270663,43.6412131],[-79.4271872,43.6411882],[-79.4271947,43.6412089],[-79.4274797,43.6411517],[-79.4275254,43.6412711]]]}},{"type":"Feature","properties":{"form":"apartments"},"geometry":{"type":"Polygon","coordinates":[[[-79.4275928,43.6414502],[-79.4275521,43.6413415],[-79.4274022,43.6413736],[-79.4274111,43.6414025],[-79.4275476,43.6414581],[-79.4275928,43.6414502]]]}},{"type":"Feature","properties":{"form":"apartments"},"geometry":{"type":"Polygon","coordinates":[[[-79.4238281,43.6419676],[-79.4232711,43.6420781],[-79.422986,43.6413087],[-79.4235296,43.6411982],[-79.4238281,43.6419676]]]}},{"type":"Feature","properties":{"form":"other"},"geometry":{"type":"Polygon","coordinates":[[[-79.4123723,43.6447814],[-79.4124217,43.644816],[-79.4124698,43.6449451],[-79.4122525,43.6449875],[-79.412092,43.6445566],[-79.4122752,43.6445209],[-79.4123723,43.6447814]]]}},{"type":"Feature","properties":{"form":"other"},"geometry":{"type":"Polygon","coordinates":[[[-79.4233389,43.6371659],[-79.4232273,43.6368715],[-79.4236658,43.6367844],[-79.4237775,43.6370788],[-79.4233389,43.6371659]]]}},{"type":"Feature","properties":{"form":"other"},"geometry":{"type":"Polygon","coordinates":[[[-79.4247119,43.6368236],[-79.4246971,43.6367848],[-79.4249249,43.6367392],[-79.4249398,43.636778],[-79.4247119,43.6368236]]]}},{"type":"Feature","properties":{"form":"other"},"geometry":{"type":"Polygon","coordinates":[[[-79.423637,43.6367468],[-79.4230504,43.636861],[-79.4229461,43.6365805],[-79.4235328,43.6364663],[-79.423637,43.6367468]]]}},{"type":"Feature","properties":{"form":"other"},"geometry":{"type":"Polygon","coordinates":[[[-79.4212436,43.6369492],[-79.421038,43.6364149],[-79.4212997,43.6363622],[-79.4214359,43.636716],[-79.4219326,43.6366158],[-79.4218816,43.6364834],[-79.4218447,43.6364908],[-79.4218086,43.6363969],[-79.4218476,43.636389],[-79.4218001,43.6362657],[-79.4220319,43.636219],[-79.4221503,43.6365267],[-79.422194,43.6365178],[-79.4222797,43.6367403],[-79.4212436,43.6369492]]]}},{"type":"Feature","properties":{"form":"other"},"geometry":{"type":"Polygon","coordinates":[[[-79.4233094,43.6358658],[-79.4220061,43.636125],[-79.421925,43.6359226],[-79.4220223,43.6357642],[-79.4227639,43.6356173],[-79.4227486,43.6355729],[-79.4227884,43.6355383],[-79.4231599,43.6354669],[-79.4233094,43.6358658]]]}},{"type":"Feature","properties":{"form":"other"},"geometry":{"type":"Polygon","coordinates":[[[-79.4530255,43.6595828],[-79.4533338,43.6595126],[-79.4532456,43.6593147],[-79.4528549,43.6594042],[-79.4530255,43.6595828]]]}},{"type":"Feature","properties":{"form":"apartments"},"geometry":{"type":"Polygon","coordinates":[[[-79.4524508,43.6605426],[-79.4523448,43.6602796],[-79.4524628,43.6602546],[-79.4524338,43.6601846],[-79.4526248,43.6601436],[-79.4527228,43.6603836],[-79.4528368,43.6603596],[-79.4528748,43.6604526],[-79.4524508,43.6605426]]]}},{"type":"Feature","properties":{"form":"other"},"geometry":{"type":"Polygon","coordinates":[[[-79.4505094,43.659322],[-79.4503871,43.6590185],[-79.450479,43.6589991],[-79.4505467,43.6591672],[-79.4508491,43.6591035],[-79.4509037,43.6592388],[-79.4505094,43.659322]]]}},{"type":"Feature","properties":{"form":"other"},"geometry":{"type":"Polygon","coordinates":[[[-79.4235123,43.6364116],[-79.4229258,43.6365258],[-79.4230504,43.636861],[-79.4226126,43.6369463],[-79.422415,43.6364145],[-79.4226005,43.6363784],[-79.4225115,43.6361391],[-79.4222783,43.6361846],[-79.4222374,43.6360745],[-79.4233094,43.6358658],[-79.4235123,43.6364116]]]}},{"type":"Feature","properties":{"form":"other"},"geometry":{"type":"Polygon","coordinates":[[[-79.4236875,43.6373775],[-79.4236014,43.637147],[-79.4237675,43.6371145],[-79.4238536,43.637345],[-79.4236875,43.6373775]]]}},{"type":"Feature","properties":{"form":"other"},"geometry":{"type":"Polygon","coordinates":[[[-79.4236465,43.6373819],[-79.4234659,43.6374188],[-79.4233768,43.6371905],[-79.4235574,43.6371536],[-79.4236465,43.6373819]]]}},{"type":"Feature","properties":{"form":"other"},"geometry":{"type":"Polygon","coordinates":[[[-79.4228383,43.6376002],[-79.4227554,43.6373556],[-79.4228824,43.637329],[-79.4229479,43.6374957],[-79.4229469,43.6375787],[-79.4228383,43.6376002]]]}},{"type":"Feature","properties":{"form":"other"},"geometry":{"type":"Polygon","coordinates":[[[-79.3364707,43.6802797],[-79.3364429,43.6802142],[-79.3366713,43.6801635],[-79.3366991,43.680229],[-79.3364707,43.6802797]]]}},{"type":"Feature","properties":{"form":"other"},"geometry":{"type":"Polygon","coordinates":[[[-79.4049374,43.6766828],[-79.4048687,43.6765145],[-79.4049453,43.6764982],[-79.4049687,43.6765555],[-79.4050087,43.676547],[-79.405054,43.6766579],[-79.4049374,43.6766828]]]}},{"type":"Feature","properties":{"form":"other"},"geometry":{"type":"Polygon","coordinates":[[[-79.3916374,43.6551557],[-79.3913643,43.6552138],[-79.3913423,43.6551469],[-79.3913874,43.6551365],[-79.3913015,43.6548959],[-79.3915229,43.6548617],[-79.3916374,43.6551557]]]}},{"type":"Feature","properties":{"form":"houses"},"geometry":{"type":"Polygon","coordinates":[[[-79.3808536,43.6701408],[-79.380509,43.6702133],[-79.3804368,43.6700339],[-79.3807813,43.6699613],[-79.3808536,43.6701408]]]}},{"type":"Feature","properties":{"form":"other"},"geometry":{"type":"Polygon","coordinates":[[[-79.3174286,43.6564143],[-79.3175503,43.6563657],[-79.3175879,43.6563229],[-79.3175976,43.6562236],[-79.3175212,43.656141],[-79.3174595,43.6561174],[-79.3173212,43.6561185],[-79.3172597,43.6561434],[-79.3171861,43.6562279],[-79.3171994,43.6563264],[-79.3172928,43.6563985],[-79.3174286,43.6564143]]]}},{"type":"Feature","properties":{"form":"other"},"geometry":{"type":"Polygon","coordinates":[[[-79.3171279,43.6577441],[-79.3172495,43.6576955],[-79.3172871,43.6576528],[-79.3172968,43.6575535],[-79.3172681,43.6575076],[-79.3171588,43.6574473],[-79.3170205,43.6574484],[-79.316959,43.6574733],[-79.3168854,43.6575577],[-79.3168986,43.6576562],[-79.3169921,43.6577283],[-79.3171279,43.6577441]]]}},{"type":"Feature","properties":{"form":"other"},"geometry":{"type":"Polygon","coordinates":[[[-79.3171777,43.6569668],[-79.3172993,43.6569182],[-79.3173369,43.6568755],[-79.3173466,43.6567762],[-79.3173179,43.6567303],[-79.3172086,43.65667],[-79.3170703,43.6566711],[-79.3170088,43.656696],[-79.3169352,43.6567804],[-79.3169484,43.6568789],[-79.3170419,43.6569511],[-79.3171777,43.6569668]]]}},{"type":"Feature","properties":{"form":"other"},"geometry":{"type":"Polygon","coordinates":[[[-79.314586,43.6578859],[-79.3147077,43.6578373],[-79.3147453,43.6577945],[-79.314755,43.6576952],[-79.3146786,43.6576126],[-79.3146169,43.657589],[-79.3144786,43.6575901],[-79.3144171,43.657615],[-79.3143435,43.6576994],[-79.3143568,43.6577979],[-79.3144502,43.6578701],[-79.314586,43.6578859]]]}},{"type":"Feature","properties":{"form":"other"},"geometry":{"type":"Polygon","coordinates":[[[-79.317025,43.6581907],[-79.3170916,43.6581737],[-79.3171842,43.6580993],[-79.3172005,43.6580502],[-79.3171653,43.6579541],[-79.3170559,43.6578938],[-79.3169868,43.657886],[-79.3168561,43.6579198],[-79.3167825,43.6580042],[-79.3167957,43.6581027],[-79.3168892,43.6581749],[-79.317025,43.6581907]]]}},{"type":"Feature","properties":{"form":"other"},"geometry":{"type":"Polygon","coordinates":[[[-79.3148792,43.6581649],[-79.3150008,43.6581163],[-79.3150384,43.6580736],[-79.3150481,43.6579743],[-79.3149718,43.6578917],[-79.3149101,43.6578681],[-79.3147718,43.6578692],[-79.3147103,43.6578941],[-79.3146367,43.6579785],[-79.3146499,43.658077],[-79.3147434,43.6581491],[-79.3148792,43.6581649]]]}},{"type":"Feature","properties":{"form":"other"},"geometry":{"type":"Polygon","coordinates":[[[-79.3140408,43.6581742],[-79.3141625,43.6581256],[-79.3142001,43.6580829],[-79.3142098,43.6579836],[-79.3141334,43.657901],[-79.3140717,43.6578774],[-79.3139335,43.6578785],[-79.3138719,43.6579034],[-79.3137983,43.6579878],[-79.3138116,43.6580863],[-79.313905,43.6581584],[-79.3140408,43.6581742]]]}},{"type":"Feature","properties":{"form":"other"},"geometry":{"type":"Polygon","coordinates":[[[-79.3177087,43.6566906],[-79.3178303,43.656642],[-79.3178679,43.6565992],[-79.3178776,43.6564999],[-79.3178489,43.656454],[-79.3177396,43.6563937],[-79.3176013,43.6563948],[-79.3175397,43.6564197],[-79.3174662,43.6565041],[-79.3174794,43.6566027],[-79.3175729,43.6566748],[-79.3177087,43.6566906]]]}},{"type":"Feature","properties":{"form":"other"},"geometry":{"type":"Polygon","coordinates":[[[-79.3168722,43.6566827],[-79.3169938,43.6566341],[-79.3170314,43.6565913],[-79.3170411,43.656492],[-79.3170124,43.6564461],[-79.3169031,43.6563858],[-79.3167648,43.6563869],[-79.3167033,43.6564118],[-79.3166297,43.6564963],[-79.3166429,43.6565948],[-79.3167364,43.6566669],[-79.3168722,43.6566827]]]}},{"type":"Feature","properties":{"form":"other"},"geometry":{"type":"Polygon","coordinates":[[[-79.3174108,43.6580139],[-79.3175324,43.6579653],[-79.31757,43.6579226],[-79.3175797,43.6578233],[-79.317551,43.6577774],[-79.3174417,43.6577171],[-79.3173725,43.6577092],[-79.3172418,43.6577431],[-79.3171683,43.6578275],[-79.3171815,43.657926],[-79.317275,43.6579981],[-79.3174108,43.6580139]]]}},{"type":"Feature","properties":{"form":"other"},"geometry":{"type":"Polygon","coordinates":[[[-79.3167627,43.6579376],[-79.3168293,43.6579207],[-79.3169219,43.6578463],[-79.3169382,43.6577972],[-79.316903,43.6577011],[-79.3167936,43.6576408],[-79.3167245,43.657633],[-79.3165938,43.6576668],[-79.3165202,43.6577512],[-79.3165334,43.6578497],[-79.3166269,43.6579218],[-79.3167627,43.6579376]]]}},{"type":"Feature","properties":{"form":"other"},"geometry":{"type":"Polygon","coordinates":[[[-79.3143295,43.6584554],[-79.3144511,43.6584068],[-79.3144887,43.658364],[-79.3144984,43.6582647],[-79.314422,43.6581821],[-79.3143603,43.6581586],[-79.3142221,43.6581596],[-79.3141605,43.6581845],[-79.314087,43.658269],[-79.3141002,43.6583675],[-79.3141937,43.6584396],[-79.3143295,43.6584554]]]}},{"type":"Feature","properties":{"form":"other"},"geometry":{"type":"Polygon","coordinates":[[[-79.3188357,43.6591447],[-79.318718,43.6591383],[-79.3186193,43.6591831],[-79.3185762,43.6592608],[-79.3186043,43.6593421],[-79.3187518,43.6594056],[-79.3188141,43.6594008],[-79.3189148,43.6593504],[-79.3189426,43.6593107],[-79.3189395,43.6592229],[-79.3188357,43.6591447]]]}},{"type":"Feature","properties":{"form":"other"},"geometry":{"type":"Polygon","coordinates":[[[-79.3178855,43.6581849],[-79.3177679,43.6581784],[-79.3176691,43.6582233],[-79.317626,43.658301],[-79.3176542,43.6583822],[-79.3178017,43.6584458],[-79.317864,43.658441],[-79.3179646,43.6583906],[-79.318001,43.6583068],[-79.3179894,43.6582631],[-79.3178855,43.6581849]]]}},{"type":"Feature","properties":{"form":"other"},"geometry":{"type":"Polygon","coordinates":[[[-79.3175139,43.6583819],[-79.3173962,43.6583755],[-79.3172974,43.6584203],[-79.3172543,43.658498],[-79.3172825,43.6585793],[-79.31743,43.6586428],[-79.3174923,43.658638],[-79.3175929,43.6585876],[-79.3176208,43.6585479],[-79.3176177,43.6584601],[-79.3175139,43.6583819]]]}},{"type":"Feature","properties":{"form":"other"},"geometry":{"type":"Polygon","coordinates":[[[-79.3184679,43.659327],[-79.3183503,43.6593206],[-79.3182515,43.6593654],[-79.3182084,43.6594432],[-79.3182366,43.6595244],[-79.3183841,43.6595879],[-79.3184464,43.6595832],[-79.318547,43.6595328],[-79.3185834,43.6594489],[-79.3185718,43.6594052],[-79.3184679,43.659327]]]}},{"type":"Feature","properties":{"form":"other"},"geometry":{"type":"Polygon","coordinates":[[[-79.3182082,43.6590703],[-79.3180906,43.6590639],[-79.3179918,43.6591087],[-79.3179487,43.6591864],[-79.3179768,43.6592677],[-79.3181244,43.6593312],[-79.3181866,43.6593264],[-79.3182873,43.659276],[-79.3183151,43.6592362],[-79.318312,43.6591485],[-79.3182082,43.6590703]]]}},{"type":"Feature","properties":{"form":"other"},"geometry":{"type":"Polygon","coordinates":[[[-79.3181542,43.6584489],[-79.3180366,43.6584425],[-79.3179378,43.6584873],[-79.3178947,43.658565],[-79.3179228,43.6586463],[-79.3180704,43.6587098],[-79.3181326,43.658705],[-79.3182333,43.6586546],[-79.3182611,43.6586148],[-79.318258,43.6585271],[-79.3181542,43.6584489]]]}},{"type":"Feature","properties":{"form":"other"},"geometry":{"type":"Polygon","coordinates":[[[-79.3185811,43.6588749],[-79.3184635,43.6588685],[-79.3183647,43.6589133],[-79.3183216,43.6589911],[-79.3183497,43.6590723],[-79.3184973,43.6591358],[-79.3185595,43.6591311],[-79.3186602,43.6590807],[-79.318688,43.6590409],[-79.3186849,43.6589531],[-79.3185811,43.6588749]]]}},{"type":"Feature","properties":{"form":"other"},"geometry":{"type":"Polygon","coordinates":[[[-79.3177916,43.658648],[-79.317674,43.6586415],[-79.3175752,43.6586863],[-79.3175321,43.6587641],[-79.3175602,43.6588453],[-79.3177078,43.6589089],[-79.31777,43.6589041],[-79.3178707,43.6588537],[-79.3178985,43.6588139],[-79.3178954,43.6587262],[-79.3177916,43.658648]]]}},{"type":"Feature","properties":{"form":"apartments"},"geometry":{"type":"Polygon","coordinates":[[[-79.3970737,43.6754359],[-79.396946,43.6751224],[-79.3977393,43.6749726],[-79.3978281,43.6752053],[-79.3977446,43.6752226],[-79.3977715,43.6752908],[-79.3972444,43.6753836],[-79.3972506,43.6753994],[-79.3970737,43.6754359]]]}},{"type":"Feature","properties":{"form":"other"},"geometry":{"type":"Polygon","coordinates":[[[-79.4070728,43.641991],[-79.4073984,43.6418044],[-79.4074979,43.6418914],[-79.4072766,43.6420238],[-79.4072568,43.6420064],[-79.4071358,43.6420337],[-79.4070728,43.641991]]]}},{"type":"Feature","properties":{"form":"other"},"geometry":{"type":"Polygon","coordinates":[[[-79.4715714,43.6720861],[-79.4715915,43.672038],[-79.4715484,43.6720286],[-79.4715283,43.6720767],[-79.4715714,43.6720861]]]}},{"type":"Feature","properties":{"form":"apartments"},"geometry":{"type":"Polygon","coordinates":[[[-79.4436445,43.6498108],[-79.4439575,43.6497424],[-79.4443024,43.6500346],[-79.4443329,43.6501183],[-79.4440586,43.6501739],[-79.4436445,43.6498108]]]}},{"type":"Feature","properties":{"form":"apartments"},"geometry":{"type":"Polygon","coordinates":[[[-79.4504544,43.6523867],[-79.450288,43.6525848],[-79.4496146,43.6522899],[-79.449841,43.6520196],[-79.4499486,43.6520677],[-79.4498339,43.6522048],[-79.4502967,43.6524082],[-79.4503524,43.6523419],[-79.4504544,43.6523867]]]}},{"type":"Feature","properties":{"form":"other"},"geometry":{"type":"Polygon","coordinates":[[[-79.4669931,43.6451263],[-79.4668808,43.6450595],[-79.4668469,43.6450893],[-79.4669129,43.6451513],[-79.4669285,43.6451375],[-79.4669594,43.6451559],[-79.4669931,43.6451263]]]}},{"type":"Feature","properties":{"form":"other"},"geometry":{"type":"Polygon","coordinates":[[[-79.4640052,43.6736224],[-79.464053,43.6737463],[-79.4639565,43.6737658],[-79.4639086,43.6736419],[-79.4640052,43.6736224]]]}},{"type":"Feature","properties":{"form":"other"},"geometry":{"type":"Polygon","coordinates":[[[-79.4532662,43.6578272],[-79.4532969,43.657916],[-79.4531453,43.6579434],[-79.4531066,43.657928],[-79.4530832,43.6578603],[-79.4532662,43.6578272]]]}},{"type":"Feature","properties":{"form":"apartments"},"geometry":{"type":"Polygon","coordinates":[[[-79.4529613,43.6577215],[-79.4529221,43.6575848],[-79.4531269,43.6575502],[-79.4531309,43.657586],[-79.4531597,43.6575806],[-79.4531801,43.6576374],[-79.4531569,43.6576417],[-79.4531662,43.6576786],[-79.4529613,43.6577215]]]}},{"type":"Feature","properties":{"form":"apartments"},"geometry":{"type":"Polygon","coordinates":[[[-79.4462112,43.6664562],[-79.4457697,43.6665513],[-79.4457999,43.6667822],[-79.446297,43.6666732],[-79.4462112,43.6664562]]]}},{"type":"Feature","properties":{"form":"apartments"},"geometry":{"type":"Polygon","coordinates":[[[-79.3562615,43.6925012],[-79.3565071,43.6921582],[-79.3565896,43.692146],[-79.3568258,43.6922355],[-79.3569289,43.6922179],[-79.3571539,43.6919129],[-79.3573057,43.6918871],[-79.3572832,43.6918221],[-79.3572382,43.6918302],[-79.3572307,43.6918126],[-79.3570901,43.6918478],[-79.3569045,43.6920864],[-79.3568614,43.6921094],[-79.3565699,43.6920145],[-79.356508,43.6920267],[-79.3562306,43.6923968],[-79.3561324,43.6924301],[-79.3561641,43.6925266],[-79.3562615,43.6925012]]]}},{"type":"Feature","properties":{"form":"other"},"geometry":{"type":"Polygon","coordinates":[[[-79.4152541,43.6730455],[-79.4154453,43.6735107],[-79.4151753,43.6735688],[-79.4151133,43.6734181],[-79.4151588,43.6734083],[-79.4150294,43.6730938],[-79.4152541,43.6730455]]]}},{"type":"Feature","properties":{"form":"other"},"geometry":{"type":"Polygon","coordinates":[[[-79.3883906,43.6431418],[-79.3881392,43.6431927],[-79.3881183,43.6431384],[-79.3883696,43.6430875],[-79.3883906,43.6431418]]]}},{"type":"Feature","properties":{"form":"other"},"geometry":{"type":"Polygon","coordinates":[[[-79.4797089,43.6184607],[-79.4798934,43.6183253],[-79.4796928,43.618182],[-79.4795082,43.6183175],[-79.4797089,43.6184607]]]}},{"type":"Feature","properties":{"form":"other"},"geometry":{"type":"Polygon","coordinates":[[[-79.4799031,43.6150628],[-79.4796271,43.6150249],[-79.4796892,43.6147876],[-79.4799668,43.6148257],[-79.4799404,43.6149267],[-79.4799701,43.6149307],[-79.4799611,43.614965],[-79.4799298,43.6149607],[-79.4799031,43.6150628]]]}},{"type":"Feature","properties":{"form":"other"},"geometry":{"type":"Polygon","coordinates":[[[-79.4796317,43.6160602],[-79.4794799,43.6160431],[-79.479494,43.6159771],[-79.4796459,43.6159941],[-79.4796317,43.6160602]]]}},{"type":"Feature","properties":{"form":"other"},"geometry":{"type":"Polygon","coordinates":[[[-79.3848512,43.6406323],[-79.3847095,43.640663],[-79.3847313,43.6407157],[-79.384873,43.640685],[-79.3848512,43.6406323]]]}},{"type":"Feature","properties":{"form":"other"},"geometry":{"type":"Polygon","coordinates":[[[-79.3926687,43.6381424],[-79.3923724,43.6382071],[-79.3923316,43.6381092],[-79.3924113,43.6380918],[-79.3923965,43.6380562],[-79.3925591,43.6380207],[-79.3925749,43.6380588],[-79.392629,43.638047],[-79.3926687,43.6381424]]]}},{"type":"Feature","properties":{"form":"other"},"geometry":{"type":"Polygon","coordinates":[[[-79.4024079,43.6645142],[-79.4020858,43.6645861],[-79.402047,43.6644707],[-79.4021022,43.6644582],[-79.4020782,43.6644028],[-79.4023348,43.6643448],[-79.4024079,43.6645142]]]}},{"type":"Feature","properties":{"form":"apartments"},"geometry":{"type":"Polygon","coordinates":[[[-79.4558044,43.6554855],[-79.4557084,43.6552482],[-79.4554339,43.6553063],[-79.455523,43.6555265],[-79.4558044,43.6554855]]]}},{"type":"Feature","properties":{"form":"apartments"},"geometry":{"type":"Polygon","coordinates":[[[-79.4558627,43.6554752],[-79.4560598,43.6554337],[-79.4560184,43.6553309],[-79.4559823,43.6553385],[-79.4558792,43.6550821],[-79.4557455,43.6551102],[-79.4558535,43.6553791],[-79.4558264,43.6553849],[-79.4558627,43.6554752]]]}},{"type":"Feature","properties":{"form":"houses"},"geometry":{"type":"Polygon","coordinates":[[[-79.459116,43.655387],[-79.459101,43.655351],[-79.459134,43.655344],[-79.45911,43.655314],[-79.459335,43.655269],[-79.459355,43.655318],[-79.45933,43.655324],[-79.459338,43.655343],[-79.459116,43.655387]]]}},{"type":"Feature","properties":{"form":"apartments"},"geometry":{"type":"Polygon","coordinates":[[[-79.466999,43.6547768],[-79.4669863,43.6547472],[-79.466962,43.6547534],[-79.4668727,43.6545526],[-79.4667909,43.6545731],[-79.4668252,43.6546562],[-79.4666273,43.6547007],[-79.4665002,43.6544095],[-79.4665153,43.654388],[-79.4666671,43.654353],[-79.4667073,43.6543806],[-79.4668416,43.6543485],[-79.4668274,43.6543173],[-79.4671146,43.654255],[-79.4672683,43.6546221],[-79.4672653,43.6546572],[-79.4672314,43.654666],[-79.4672548,43.6547183],[-79.466999,43.6547768]]]}},{"type":"Feature","properties":{"form":"apartments"},"geometry":{"type":"Polygon","coordinates":[[[-79.4665012,43.6557987],[-79.4663435,43.6554329],[-79.4663609,43.6554297],[-79.4663481,43.6553993],[-79.4663811,43.6553925],[-79.4663558,43.6553328],[-79.4663801,43.6553282],[-79.4663704,43.6553061],[-79.4666272,43.6552489],[-79.4667394,43.6554968],[-79.4667977,43.655482],[-79.4667809,43.6554436],[-79.4670116,43.655392],[-79.4671023,43.6556089],[-79.4667687,43.6556836],[-79.4667906,43.6557377],[-79.4665012,43.6557987]]]}},{"type":"Feature","properties":{"form":"other"},"geometry":{"type":"Polygon","coordinates":[[[-79.3646543,43.6585777],[-79.3646071,43.6584668],[-79.3646899,43.6584483],[-79.3647371,43.6585593],[-79.3646543,43.6585777]]]}},{"type":"Feature","properties":{"form":"other"},"geometry":{"type":"Polygon","coordinates":[[[-79.3523718,43.6455169],[-79.3524241,43.6455815],[-79.3522718,43.6456461],[-79.3522195,43.6455815],[-79.3523718,43.6455169]]]}},{"type":"Feature","properties":{"form":"houses"},"geometry":{"type":"Polygon","coordinates":[[[-79.402231,43.6366911],[-79.4012863,43.6368254],[-79.4012279,43.6366826],[-79.4013218,43.6366611],[-79.4013502,43.6367393],[-79.4013819,43.6367486],[-79.4018498,43.6366743],[-79.4018593,43.6366939],[-79.4019801,43.6366792],[-79.4021982,43.6366303],[-79.402231,43.6366911]]]}},{"type":"Feature","properties":{"form":"apartments"},"geometry":{"type":"Polygon","coordinates":[[[-79.3970173,43.6405668],[-79.3966645,43.6406419],[-79.3965666,43.6404012],[-79.3969194,43.640326],[-79.3970173,43.6405668]]]}},{"type":"Feature","properties":{"form":"apartments"},"geometry":{"type":"Polygon","coordinates":[[[-79.4289805,43.6605896],[-79.4287181,43.6606436],[-79.4286962,43.6605879],[-79.4286299,43.6606015],[-79.4285114,43.6602999],[-79.4288399,43.6602323],[-79.4289805,43.6605896]]]}},{"type":"Feature","properties":{"form":"other"},"geometry":{"type":"Polygon","coordinates":[[[-79.4072113,43.6373698],[-79.4070033,43.6373281],[-79.4070225,43.637278],[-79.4072305,43.6373197],[-79.4072113,43.6373698]]]}},{"type":"Feature","properties":{"form":"other"},"geometry":{"type":"Polygon","coordinates":[[[-79.3724181,43.6424419],[-79.3723341,43.6423211],[-79.3726209,43.6422168],[-79.3727048,43.6423375],[-79.3724181,43.6424419]]]}},{"type":"Feature","properties":{"form":"apartments"},"geometry":{"type":"Polygon","coordinates":[[[-79.3420148,43.690659],[-79.3418863,43.6903417],[-79.341814,43.6903571],[-79.3417959,43.6903144],[-79.3416718,43.6903402],[-79.3416851,43.6903702],[-79.3415587,43.6903969],[-79.3416881,43.690726],[-79.3420148,43.690659]]]}},{"type":"Feature","properties":{"form":"apartments"},"geometry":{"type":"Polygon","coordinates":[[[-79.4686864,43.6632892],[-79.4686224,43.6631604],[-79.4689501,43.6630841],[-79.4689595,43.6631045],[-79.4690377,43.6630868],[-79.4690688,43.663159],[-79.4689953,43.6631747],[-79.469017,43.6632204],[-79.4686864,43.6632892]]]}},{"type":"Feature","properties":{"form":"apartments"},"geometry":{"type":"Polygon","coordinates":[[[-79.3572464,43.6529854],[-79.3574724,43.6534958],[-79.3573827,43.6535165],[-79.3574056,43.6535682],[-79.3581166,43.6534034],[-79.3581912,43.6535719],[-79.3573504,43.6537786],[-79.3570056,43.6530129],[-79.357198,43.6529679],[-79.3572095,43.6529939],[-79.3572464,43.6529854]]]}},{"type":"Feature","properties":{"form":"apartments"},"geometry":{"type":"Polygon","coordinates":[[[-79.3568743,43.6534497],[-79.3567105,43.6534858],[-79.356663,43.653373],[-79.3561285,43.6534908],[-79.3560606,43.6533296],[-79.3567589,43.6531757],[-79.3568743,43.6534497]]]}},{"type":"Feature","properties":{"form":"apartments"},"geometry":{"type":"Polygon","coordinates":[[[-79.3540571,43.6540667],[-79.3540578,43.6546252],[-79.3546147,43.6548146],[-79.3545012,43.6545876],[-79.3542906,43.6545292],[-79.3543387,43.6540788],[-79.3540571,43.6540667]]]}},{"type":"Feature","properties":{"form":"apartments"},"geometry":{"type":"Polygon","coordinates":[[[-79.3549211,43.6538359],[-79.3546317,43.6539028],[-79.3546194,43.6538762],[-79.3543331,43.6539284],[-79.354342,43.6539454],[-79.3540493,43.6540028],[-79.3540046,43.6538088],[-79.3548391,43.653619],[-79.3549211,43.6538359]]]}},{"type":"Feature","properties":{"form":"other"},"geometry":{"type":"Polygon","coordinates":[[[-79.3549706,43.6544072],[-79.3547431,43.6544571],[-79.3546235,43.6541713],[-79.3555784,43.6539621],[-79.3556734,43.654189],[-79.354946,43.6543485],[-79.3549706,43.6544072]]]}},{"type":"Feature","properties":{"form":"other"},"geometry":{"type":"Polygon","coordinates":[[[-79.3576951,43.6529547],[-79.3576438,43.6528396],[-79.3578836,43.6527837],[-79.3579349,43.6528988],[-79.3576951,43.6529547]]]}},{"type":"Feature","properties":{"form":"apartments"},"geometry":{"type":"Polygon","coordinates":[[[-79.35647,43.6525116],[-79.3562573,43.6525597],[-79.3560387,43.6520528],[-79.3562514,43.6520047],[-79.35647,43.6525116]]]}},{"type":"Feature","properties":{"form":"apartments"},"geometry":{"type":"Polygon","coordinates":[[[-79.3555763,43.6521666],[-79.3557808,43.6521184],[-79.3559918,43.652615],[-79.3557861,43.6526608],[-79.3555763,43.6521666]]]}},{"type":"Feature","properties":{"form":"apartments"},"geometry":{"type":"Polygon","coordinates":[[[-79.3569604,43.6536672],[-79.3570257,43.6538137],[-79.3563629,43.6539683],[-79.3562976,43.6538218],[-79.3569604,43.6536672]]]}},{"type":"Feature","properties":{"form":"apartments"},"geometry":{"type":"Polygon","coordinates":[[[-79.3565784,43.6527612],[-79.3559084,43.6529179],[-79.3558604,43.6527425],[-79.3565031,43.6525988],[-79.3565784,43.6527612]]]}},{"type":"Feature","properties":{"form":"apartments"},"geometry":{"type":"Polygon","coordinates":[[[-79.3561753,43.6519238],[-79.3555338,43.6520712],[-79.3554633,43.6519081],[-79.356135,43.651754],[-79.3561731,43.6518409],[-79.3561421,43.651848],[-79.3561753,43.6519238]]]}},{"type":"Feature","properties":{"form":"other"},"geometry":{"type":"Polygon","coordinates":[[[-79.3992438,43.6452639],[-79.399222,43.6452053],[-79.3990442,43.6452424],[-79.3990655,43.6452995],[-79.3988029,43.6453553],[-79.3987806,43.6452981],[-79.3987546,43.6453035],[-79.3986249,43.6449138],[-79.3986631,43.6449056],[-79.3986521,43.6448788],[-79.398859,43.6448344],[-79.3989489,43.6450082],[-79.3993444,43.6449234],[-79.3993887,43.6450314],[-79.3993083,43.6450506],[-79.399335,43.6451176],[-79.3994174,43.6450997],[-79.3994652,43.6452164],[-79.3992438,43.6452639]]]}},{"type":"Feature","properties":{"form":"apartments"},"geometry":{"type":"Polygon","coordinates":[[[-79.4026856,43.6452127],[-79.4030002,43.6451453],[-79.402777,43.6446003],[-79.4023698,43.6446876],[-79.4024437,43.6448682],[-79.4025364,43.6448483],[-79.4026856,43.6452127]]]}},{"type":"Feature","properties":{"form":"other"},"geometry":{"type":"Polygon","coordinates":[[[-79.3912703,43.6731616],[-79.3912637,43.6730947],[-79.3913799,43.6730888],[-79.3913865,43.6731557],[-79.3912703,43.6731616]]]}},{"type":"Feature","properties":{"form":"apartments"},"geometry":{"type":"Polygon","coordinates":[[[-79.3592512,43.6522284],[-79.3601331,43.6520265],[-79.3598287,43.6513302],[-79.3591376,43.6514884],[-79.359225,43.6516884],[-79.3596636,43.6515881],[-79.3597907,43.6518788],[-79.3591613,43.6520229],[-79.3592512,43.6522284]]]}},{"type":"Feature","properties":{"form":"apartments"},"geometry":{"type":"Polygon","coordinates":[[[-79.4159989,43.6389253],[-79.4162546,43.6388857],[-79.4162605,43.6389231],[-79.4164926,43.6388889],[-79.416537,43.6388504],[-79.4165857,43.638845],[-79.4165769,43.6387809],[-79.4165517,43.6387744],[-79.4165695,43.6387402],[-79.4165503,43.6387381],[-79.4165547,43.6387145],[-79.4162177,43.6386632],[-79.4159457,43.6386814],[-79.4159575,43.6388279],[-79.4159841,43.6388322],[-79.4159989,43.6389253]]]}},{"type":"Feature","properties":{"form":"other"},"geometry":{"type":"Polygon","coordinates":[[[-79.4244001,43.6429439],[-79.4243303,43.6427698],[-79.4244457,43.6427456],[-79.4245154,43.6429197],[-79.4244001,43.6429439]]]}},{"type":"Feature","properties":{"form":"apartments"},"geometry":{"type":"Polygon","coordinates":[[[-79.4263181,43.6423547],[-79.4255432,43.6425182],[-79.4255156,43.6424496],[-79.4251656,43.6425205],[-79.425267,43.6427889],[-79.4256066,43.6427175],[-79.4255975,43.6426873],[-79.4256383,43.6426791],[-79.4256495,43.6427085],[-79.425915,43.6426655],[-79.4263972,43.6425511],[-79.4263181,43.6423547]]]}},{"type":"Feature","properties":{"form":"apartments"},"geometry":{"type":"Polygon","coordinates":[[[-79.3611563,43.6596179],[-79.3610411,43.6593481],[-79.3607154,43.659421],[-79.3608199,43.6596656],[-79.3608469,43.6596595],[-79.3608577,43.6596847],[-79.3611563,43.6596179]]]}},{"type":"Feature","properties":{"form":"other"},"geometry":{"type":"Polygon","coordinates":[[[-79.3628966,43.6586427],[-79.362603,43.6586861],[-79.3624609,43.6583477],[-79.362789,43.658277],[-79.3628821,43.6585017],[-79.3628425,43.6585104],[-79.3628966,43.6586427]]]}},{"type":"Feature","properties":{"form":"other"},"geometry":{"type":"Polygon","coordinates":[[[-79.3918301,43.6492494],[-79.3924094,43.6491288],[-79.3923139,43.6488886],[-79.3917346,43.6490092],[-79.3918301,43.6492494]]]}},{"type":"Feature","properties":{"form":"other"},"geometry":{"type":"Polygon","coordinates":[[[-79.3903926,43.6477361],[-79.3902713,43.6474301],[-79.3904927,43.6473851],[-79.390375,43.647084],[-79.3905938,43.6470392],[-79.3908346,43.6476443],[-79.3903926,43.6477361]]]}},{"type":"Feature","properties":{"form":"apartments"},"geometry":{"type":"Polygon","coordinates":[[[-79.3981131,43.639152],[-79.398549,43.6390748],[-79.3990286,43.6389574],[-79.3989474,43.6387734],[-79.3984497,43.6388593],[-79.398032,43.6389758],[-79.3981131,43.639152]]]}},{"type":"Feature","properties":{"form":"other"},"geometry":{"type":"Polygon","coordinates":[[[-79.4076623,43.6376594],[-79.4076726,43.637723],[-79.4075371,43.6377345],[-79.4075522,43.637817],[-79.4061786,43.6379407],[-79.4061705,43.6378998],[-79.4060005,43.6379153],[-79.4059855,43.6378025],[-79.4076623,43.6376594]]]}},{"type":"Feature","properties":{"form":"apartments"},"geometry":{"type":"Polygon","coordinates":[[[-79.4034485,43.6374132],[-79.4036959,43.637386],[-79.4035805,43.6368376],[-79.4035456,43.6368414],[-79.4035392,43.6368109],[-79.403486,43.6368018],[-79.4033637,43.6368294],[-79.4033714,43.6368657],[-79.4033342,43.6368698],[-79.4034485,43.6374132]]]}},{"type":"Feature","properties":{"form":"apartments"},"geometry":{"type":"Polygon","coordinates":[[[-79.403097,43.6373758],[-79.4029072,43.6369047],[-79.4026284,43.6369635],[-79.4027018,43.6371458],[-79.4027642,43.6371327],[-79.402779,43.6371696],[-79.4027394,43.6371779],[-79.4028428,43.6374346],[-79.4029306,43.6374436],[-79.4029402,43.6374675],[-79.4030382,43.6374468],[-79.4030301,43.6374266],[-79.4030724,43.6374176],[-79.4030588,43.6373838],[-79.403097,43.6373758]]]}},{"type":"Feature","properties":{"form":"apartments"},"geometry":{"type":"Polygon","coordinates":[[[-79.4014097,43.6378045],[-79.4012695,43.6374651],[-79.400453,43.6373757],[-79.4002476,43.6374232],[-79.4003891,43.6377606],[-79.4006813,43.6377765],[-79.4006755,43.6376045],[-79.4010371,43.637653],[-79.4010957,43.6377969],[-79.4014097,43.6378045]]]}},{"type":"Feature","properties":{"form":"apartments"},"geometry":{"type":"Polygon","coordinates":[[[-79.3611211,43.662778],[-79.3612038,43.6629828],[-79.3610972,43.6630063],[-79.3611337,43.6630932],[-79.3608322,43.6631436],[-79.3607997,43.6630663],[-79.3610843,43.6630037],[-79.3610006,43.6628045],[-79.3611211,43.662778]]]}},{"type":"Feature","properties":{"form":"apartments"},"geometry":{"type":"Polygon","coordinates":[[[-79.3634128,43.6615838],[-79.363261,43.661622],[-79.3632054,43.661519],[-79.3630669,43.6615524],[-79.363097,43.6616438],[-79.3630848,43.6616622],[-79.3629349,43.661686],[-79.3629775,43.6618019],[-79.3631491,43.6617664],[-79.3632309,43.6619642],[-79.3630622,43.662005],[-79.3631081,43.6621234],[-79.3632544,43.6620774],[-79.3633148,43.6621831],[-79.3634543,43.6621511],[-79.3634147,43.6620618],[-79.3634298,43.6620413],[-79.3635843,43.6620181],[-79.36354,43.6619056],[-79.3633694,43.6619329],[-79.363294,43.6617365],[-79.3634621,43.6616968],[-79.3634128,43.6615838]]]}},{"type":"Feature","properties":{"form":"other"},"geometry":{"type":"Polygon","coordinates":[[[-79.360889,43.662145],[-79.3607372,43.6621832],[-79.3606816,43.6620802],[-79.3605431,43.6621136],[-79.3605732,43.662205],[-79.360561,43.6622234],[-79.3604111,43.6622473],[-79.3604537,43.6623631],[-79.3606253,43.6623276],[-79.3607071,43.6625255],[-79.3605383,43.6625662],[-79.3605843,43.6626846],[-79.3607306,43.6626387],[-79.3607909,43.6627443],[-79.3609304,43.6627123],[-79.3608909,43.662623],[-79.3609059,43.6626025],[-79.3610605,43.6625793],[-79.3610162,43.6624668],[-79.3608456,43.6624941],[-79.3607702,43.6622977],[-79.3609382,43.662258],[-79.360889,43.662145]]]}},{"type":"Feature","properties":{"form":"other"},"geometry":{"type":"Polygon","coordinates":[[[-79.3616988,43.6619612],[-79.3615482,43.6620006],[-79.3615245,43.6619907],[-79.3614855,43.6618967],[-79.3613433,43.6619276],[-79.3613823,43.6620216],[-79.3613704,43.6620372],[-79.361212,43.6620618],[-79.3612621,43.6621801],[-79.3614377,43.6621506],[-79.3615165,43.6623386],[-79.3615038,43.6623577],[-79.3613488,43.6623842],[-79.3613934,43.6624974],[-79.3615453,43.6624585],[-79.3616056,43.6625602],[-79.361747,43.6625298],[-79.3617091,43.6624375],[-79.3617209,43.6624201],[-79.3618779,43.6623939],[-79.3618313,43.6622792],[-79.3616558,43.6623086],[-79.3615779,43.662119],[-79.3617467,43.6620767],[-79.3616988,43.6619612]]]}},{"type":"Feature","properties":{"form":"other"},"geometry":{"type":"Polygon","coordinates":[[[-79.3594044,43.6624683],[-79.3592526,43.6625065],[-79.359197,43.6624035],[-79.3590584,43.6624369],[-79.3590886,43.6625283],[-79.3590763,43.6625467],[-79.3589265,43.6625706],[-79.3589691,43.6626864],[-79.3591407,43.6626509],[-79.3592224,43.6628488],[-79.3590537,43.6628895],[-79.3590997,43.6630079],[-79.359246,43.662962],[-79.3593063,43.6630676],[-79.3594458,43.6630356],[-79.3594062,43.6629463],[-79.3594213,43.6629258],[-79.3595759,43.6629026],[-79.3595316,43.6627901],[-79.359361,43.6628174],[-79.3592856,43.662621],[-79.3594536,43.6625813],[-79.3594044,43.6624683]]]}},{"type":"Feature","properties":{"form":"other"},"geometry":{"type":"Polygon","coordinates":[[[-79.3598009,43.6628559],[-79.359849,43.6629654],[-79.3597078,43.6630047],[-79.3597461,43.6631093],[-79.3599018,43.6630935],[-79.3599336,43.6632008],[-79.3600925,43.663173],[-79.3600641,43.6631407],[-79.3600469,43.6630486],[-79.3603217,43.6629927],[-79.3603468,43.6630087],[-79.3603762,43.6631142],[-79.3605341,43.6630819],[-79.3604785,43.6629775],[-79.3606226,43.6629344],[-79.3605826,43.6628354],[-79.3604314,43.6628501],[-79.3604012,43.6627386],[-79.3602473,43.6627687],[-79.3602933,43.6628696],[-79.3602806,43.662892],[-79.3600079,43.6629434],[-79.3599582,43.6628252],[-79.3598009,43.6628559]]]}},{"type":"Feature","properties":{"form":"apartments"},"geometry":{"type":"Polygon","coordinates":[[[-79.363653,43.6622183],[-79.3637331,43.6624237],[-79.3636262,43.6624464],[-79.3636616,43.6625336],[-79.3633595,43.662582],[-79.363328,43.6625044],[-79.3636133,43.6624438],[-79.3635321,43.662244],[-79.363653,43.6622183]]]}},{"type":"Feature","properties":{"form":"other"},"geometry":{"type":"Polygon","coordinates":[[[-79.3657499,43.6596382],[-79.36474,43.6598604],[-79.3649122,43.6602707],[-79.3651136,43.66024],[-79.3651313,43.660282],[-79.3658755,43.6601179],[-79.3658638,43.6600903],[-79.3660559,43.6600493],[-79.3659079,43.6596864],[-79.3657813,43.6597134],[-79.3657499,43.6596382]]]}},{"type":"Feature","properties":{"form":"apartments"},"geometry":{"type":"Polygon","coordinates":[[[-79.3620273,43.6628915],[-79.3617359,43.662955],[-79.3617039,43.6628785],[-79.3615858,43.6629044],[-79.3614958,43.6626904],[-79.361619,43.6626634],[-79.3617036,43.6628654],[-79.3619901,43.6628027],[-79.3620273,43.6628915]]]}},{"type":"Feature","properties":{"form":"other"},"geometry":{"type":"Polygon","coordinates":[[[-79.3636163,43.6580528],[-79.3629332,43.6581945],[-79.362969,43.6582848],[-79.3629952,43.6582793],[-79.3630149,43.6583292],[-79.3630784,43.658316],[-79.3630885,43.6583414],[-79.3631417,43.6583303],[-79.3631321,43.6583062],[-79.3632743,43.6582767],[-79.3632827,43.6582978],[-79.3633364,43.6582867],[-79.3633269,43.6582629],[-79.3634707,43.6582331],[-79.3634792,43.6582544],[-79.3635321,43.6582434],[-79.3635223,43.6582186],[-79.363664,43.6581892],[-79.3636722,43.65821],[-79.3637301,43.658198],[-79.3636665,43.658114],[-79.3636146,43.6581248],[-79.3636043,43.6580988],[-79.3636322,43.658093],[-79.3636163,43.6580528]]]}},{"type":"Feature","properties":{"form":"other"},"geometry":{"type":"Polygon","coordinates":[[[-79.363797,43.6583458],[-79.3637725,43.6582888],[-79.363696,43.6583061],[-79.3637066,43.6583308],[-79.3635867,43.6583579],[-79.3635763,43.6583339],[-79.3635259,43.6583452],[-79.3635355,43.6583677],[-79.3633883,43.6584008],[-79.3633786,43.6583784],[-79.3633257,43.6583903],[-79.3633351,43.6584123],[-79.3631913,43.6584447],[-79.36318,43.6584184],[-79.3631239,43.6584311],[-79.3631355,43.6584578],[-79.363071,43.6584724],[-79.3630896,43.6585158],[-79.3630682,43.6585206],[-79.3631081,43.6586134],[-79.3637885,43.6584601],[-79.3637717,43.658421],[-79.363741,43.658428],[-79.3637293,43.6584008],[-79.3637807,43.6583892],[-79.3637651,43.658353],[-79.363797,43.6583458]]]}},{"type":"Feature","properties":{"form":"other"},"geometry":{"type":"Polygon","coordinates":[[[-79.3621244,43.6583509],[-79.3617164,43.6584239],[-79.3617236,43.6584418],[-79.3616265,43.6584623],[-79.3615751,43.6583352],[-79.3616158,43.6583266],[-79.3616006,43.6582889],[-79.361035,43.6584427],[-79.3610098,43.6583831],[-79.3611964,43.6583018],[-79.3612176,43.658318],[-79.3614748,43.6581748],[-79.3613743,43.6579489],[-79.3614944,43.6579204],[-79.3614792,43.6578826],[-79.3615319,43.6578715],[-79.3615244,43.657853],[-79.361646,43.6578273],[-79.3616528,43.6578441],[-79.3617098,43.6578321],[-79.3617262,43.6578726],[-79.3619154,43.6578327],[-79.3621244,43.6583509]]]}},{"type":"Feature","properties":{"form":"houses"},"geometry":{"type":"Polygon","coordinates":[[[-79.3563545,43.6594041],[-79.3562545,43.6591746],[-79.3563732,43.6591475],[-79.3564733,43.659377],[-79.3563545,43.6594041]]]}},{"type":"Feature","properties":{"form":"houses"},"geometry":{"type":"Polygon","coordinates":[[[-79.3562423,43.6591213],[-79.3561594,43.6589324],[-79.3562761,43.6589056],[-79.3563589,43.6590945],[-79.3562423,43.6591213]]]}},{"type":"Feature","properties":{"form":"other"},"geometry":{"type":"Polygon","coordinates":[[[-79.3569978,43.6588563],[-79.3570243,43.6589211],[-79.3569053,43.6589466],[-79.3568788,43.6588818],[-79.3569978,43.6588563]]]}},{"type":"Feature","properties":{"form":"other"},"geometry":{"type":"Polygon","coordinates":[[[-79.3595529,43.6586779],[-79.3594448,43.6587629],[-79.3592897,43.6586177],[-79.3594123,43.6585513],[-79.3595529,43.6586779]]]}},{"type":"Feature","properties":{"form":"houses"},"geometry":{"type":"Polygon","coordinates":[[[-79.3570365,43.6592522],[-79.3569409,43.6590258],[-79.3570614,43.6589992],[-79.357157,43.6592255],[-79.3570365,43.6592522]]]}},{"type":"Feature","properties":{"form":"other"},"geometry":{"type":"Polygon","coordinates":[[[-79.3567698,43.6588994],[-79.3568012,43.6589761],[-79.3567067,43.6589964],[-79.3566753,43.6589196],[-79.3567698,43.6588994]]]}},{"type":"Feature","properties":{"form":"houses"},"geometry":{"type":"Polygon","coordinates":[[[-79.3568164,43.6593034],[-79.3567166,43.6590739],[-79.3568369,43.6590465],[-79.3569368,43.659276],[-79.3568164,43.6593034]]]}},{"type":"Feature","properties":{"form":"houses"},"geometry":{"type":"Polygon","coordinates":[[[-79.3565821,43.6593626],[-79.3564823,43.6591249],[-79.3566044,43.6590981],[-79.3567042,43.6593358],[-79.3565821,43.6593626]]]}},{"type":"Feature","properties":{"form":"houses"},"geometry":{"type":"Polygon","coordinates":[[[-79.3564736,43.6588678],[-79.3563844,43.6588893],[-79.35645,43.6590498],[-79.3564748,43.6590552],[-79.356538,43.6590076],[-79.3564736,43.6588678]]]}},{"type":"Feature","properties":{"form":"apartments"},"geometry":{"type":"Polygon","coordinates":[[[-79.3603515,43.6599659],[-79.3602053,43.6595795],[-79.3602425,43.6595714],[-79.3602165,43.6595122],[-79.3610902,43.6593401],[-79.3612712,43.6597781],[-79.3603515,43.6599659]]]}},{"type":"Feature","properties":{"form":"apartments"},"geometry":{"type":"Polygon","coordinates":[[[-79.399904,43.6395199],[-79.399781,43.639207],[-79.39952,43.6392574],[-79.3996333,43.6395634],[-79.3997342,43.6395404],[-79.3997554,43.6395737],[-79.399904,43.6395199]]]}},{"type":"Feature","properties":{"form":"apartments"},"geometry":{"type":"Polygon","coordinates":[[[-79.3508565,43.6601591],[-79.350924,43.6603104],[-79.3506193,43.6603816],[-79.3505517,43.6602303],[-79.3508565,43.6601591]]]}},{"type":"Feature","properties":{"form":"apartments"},"geometry":{"type":"Polygon","coordinates":[[[-79.350421,43.6598833],[-79.3506706,43.659826],[-79.3507971,43.6601141],[-79.3505474,43.6601715],[-79.350421,43.6598833]]]}},{"type":"Feature","properties":{"form":"other"},"geometry":{"type":"Polygon","coordinates":[[[-79.3973461,43.640178],[-79.3969194,43.640326],[-79.3969446,43.640388],[-79.3972438,43.6402778],[-79.3972742,43.6402261],[-79.3973461,43.640178]]]}},{"type":"Feature","properties":{"form":"apartments"},"geometry":{"type":"Polygon","coordinates":[[[-79.396741,43.6399432],[-79.3970173,43.6405668],[-79.3962105,43.6407693],[-79.3961658,43.6406577],[-79.3960916,43.6406733],[-79.3958698,43.6401197],[-79.396741,43.6399432]]]}},{"type":"Feature","properties":{"form":"other"},"geometry":{"type":"Polygon","coordinates":[[[-79.3991535,43.639305],[-79.3984805,43.6394606],[-79.3982916,43.639534],[-79.3983261,43.6396199],[-79.3983711,43.6396107],[-79.3984,43.6396858],[-79.398323,43.6397022],[-79.3985276,43.640176],[-79.3994367,43.6399773],[-79.3992444,43.6395328],[-79.3992043,43.6395399],[-79.3991634,43.639428],[-79.3992029,43.6394198],[-79.3991535,43.639305]]]}},{"type":"Feature","properties":{"form":"other"},"geometry":{"type":"Polygon","coordinates":[[[-79.3945822,43.640889],[-79.3944609,43.64061],[-79.3939159,43.6407274],[-79.393851,43.6405637],[-79.3935524,43.640621],[-79.3935594,43.6406418],[-79.3936915,43.640614],[-79.3939382,43.6412419],[-79.3943591,43.6411532],[-79.3942269,43.6411682],[-79.3941501,43.6409808],[-79.3942098,43.6409683],[-79.3941895,43.6409188],[-79.3945197,43.6408474],[-79.3945407,43.640897],[-79.3945822,43.640889]]]}},{"type":"Feature","properties":{"form":"apartments"},"geometry":{"type":"Polygon","coordinates":[[[-79.3956662,43.640474],[-79.3955338,43.6401348],[-79.3949538,43.6402303],[-79.3946589,43.6403175],[-79.3949652,43.6410627],[-79.3952194,43.6410025],[-79.3951754,43.6408944],[-79.3952204,43.6408858],[-79.3952284,43.6409092],[-79.3953852,43.6408712],[-79.3953438,43.6407055],[-79.3954756,43.6407029],[-79.3954137,43.6405559],[-79.3955024,43.6405108],[-79.3956662,43.640474]]]}},{"type":"Feature","properties":{"form":"other"},"geometry":{"type":"Polygon","coordinates":[[[-79.3847151,43.6419448],[-79.3848568,43.6419273],[-79.3849157,43.6420295],[-79.3846617,43.6420826],[-79.3846397,43.6420274],[-79.3846907,43.6420168],[-79.384678,43.641985],[-79.384727,43.6419747],[-79.3847151,43.6419448]]]}},{"type":"Feature","properties":{"form":"apartments"},"geometry":{"type":"Polygon","coordinates":[[[-79.3834058,43.6415478],[-79.3825665,43.6417345],[-79.3825308,43.6417209],[-79.3823661,43.6413131],[-79.3821122,43.6414288],[-79.3820847,43.641389],[-79.3828739,43.641014],[-79.383217,43.6409434],[-79.3833974,43.641446],[-79.3834058,43.6415478]]]}},{"type":"Feature","properties":{"form":"apartments"},"geometry":{"type":"Polygon","coordinates":[[[-79.3740675,43.6484691],[-79.3740765,43.6484456],[-79.3744532,43.6482615],[-79.3745567,43.6483776],[-79.3741002,43.648479],[-79.3740675,43.6484691]]]}},{"type":"Feature","properties":{"form":"other"},"geometry":{"type":"Polygon","coordinates":[[[-79.3896968,43.6671002],[-79.3886296,43.6673274],[-79.3884081,43.6668389],[-79.3884785,43.666822],[-79.3884608,43.6667809],[-79.3888199,43.6666999],[-79.388943,43.6669855],[-79.3886102,43.6670611],[-79.3886918,43.6672496],[-79.3893031,43.6671179],[-79.3891925,43.6668446],[-79.3895625,43.6667654],[-79.3896968,43.6671002]]]}},{"type":"Feature","properties":{"form":"other"},"geometry":{"type":"Polygon","coordinates":[[[-79.3928048,43.6427588],[-79.3929971,43.6427172],[-79.3929624,43.6425899],[-79.3930029,43.6425799],[-79.392992,43.6425529],[-79.3930663,43.6425301],[-79.3930407,43.6424711],[-79.3926705,43.6425612],[-79.3927104,43.6426479],[-79.3927546,43.6426404],[-79.3928048,43.6427588]]]}},{"type":"Feature","properties":{"form":"other"},"geometry":{"type":"Polygon","coordinates":[[[-79.3653546,43.6606557],[-79.3653755,43.6607088],[-79.3652674,43.6607309],[-79.3652466,43.6606778],[-79.3653546,43.6606557]]]}},{"type":"Feature","properties":{"form":"other"},"geometry":{"type":"Polygon","coordinates":[[[-79.3654851,43.6606225],[-79.3655059,43.6606756],[-79.3653978,43.6606978],[-79.365377,43.6606447],[-79.3654851,43.6606225]]]}},{"type":"Feature","properties":{"form":"other"},"geometry":{"type":"Polygon","coordinates":[[[-79.365757,43.6605653],[-79.3657778,43.6606184],[-79.3656698,43.6606406],[-79.3656489,43.6605875],[-79.365757,43.6605653]]]}},{"type":"Feature","properties":{"form":"other"},"geometry":{"type":"Polygon","coordinates":[[[-79.3656181,43.6605945],[-79.365639,43.6606476],[-79.3655309,43.6606697],[-79.3655101,43.6606166],[-79.3656181,43.6605945]]]}},{"type":"Feature","properties":{"form":"other"},"geometry":{"type":"Polygon","coordinates":[[[-79.3652251,43.6606837],[-79.3652459,43.6607368],[-79.3651378,43.660759],[-79.365117,43.6607059],[-79.3652251,43.6606837]]]}},{"type":"Feature","properties":{"form":"apartments"},"geometry":{"type":"Polygon","coordinates":[[[-79.3820746,43.6408484],[-79.3815588,43.6409333],[-79.3809166,43.6410391],[-79.381044,43.6413604],[-79.3820746,43.6408484]]]}},{"type":"Feature","properties":{"form":"apartments"},"geometry":{"type":"Polygon","coordinates":[[[-79.3758839,43.6459479],[-79.375127,43.6458584],[-79.3751213,43.6458221],[-79.3751731,43.6458174],[-79.3751278,43.6456998],[-79.3762656,43.6456056],[-79.3762874,43.6457577],[-79.3758839,43.6459479]]]}},{"type":"Feature","properties":{"form":"apartments"},"geometry":{"type":"Polygon","coordinates":[[[-79.3827195,43.6685521],[-79.3824526,43.6686343],[-79.3824719,43.6686804],[-79.3823241,43.6687132],[-79.3821991,43.6684014],[-79.3826401,43.6683087],[-79.3826724,43.6683904],[-79.3829193,43.668335],[-79.3829287,43.6683576],[-79.3830621,43.6683278],[-79.3831227,43.6684726],[-79.3830673,43.6684846],[-79.3830934,43.668548],[-79.3830112,43.6685651],[-79.3830033,43.6685459],[-79.3828475,43.66858],[-79.3828381,43.6685573],[-79.3827476,43.6685768],[-79.3827195,43.6685521]]]}},{"type":"Feature","properties":{"form":"other"},"geometry":{"type":"Polygon","coordinates":[[[-79.37609,43.642074],[-79.3761618,43.6420625],[-79.3763545,43.642361],[-79.3762935,43.6423816],[-79.3762502,43.6423146],[-79.376273,43.6423069],[-79.3761923,43.6421819],[-79.3761656,43.642191],[-79.37609,43.642074]]]}},{"type":"Feature","properties":{"form":"apartments"},"geometry":{"type":"Polygon","coordinates":[[[-79.3755071,43.6420708],[-79.3758525,43.6421569],[-79.3762459,43.6420243],[-79.3759706,43.6416152],[-79.3754045,43.6418138],[-79.3754232,43.641848],[-79.3753744,43.641881],[-79.3755071,43.6420708]]]}},{"type":"Feature","properties":{"form":"apartments"},"geometry":{"type":"Polygon","coordinates":[[[-79.375815,43.642263],[-79.3754648,43.6421675],[-79.375196,43.6422659],[-79.3752155,43.6422913],[-79.3751878,43.6423107],[-79.3754151,43.6426562],[-79.3754558,43.6426562],[-79.3754721,43.6426809],[-79.37594,43.6425108],[-79.3759447,43.6424654],[-79.375815,43.642263]]]}},{"type":"Feature","properties":{"form":"other"},"geometry":{"type":"Polygon","coordinates":[[[-79.3756814,43.6422253],[-79.3757222,43.642128],[-79.3755487,43.6420814],[-79.3755039,43.6421799],[-79.3756814,43.6422253]]]}},{"type":"Feature","properties":{"form":"other"},"geometry":{"type":"Polygon","coordinates":[[[-79.3556055,43.6542016],[-79.3556178,43.6542294],[-79.3555393,43.6542475],[-79.3556872,43.6545787],[-79.3550327,43.6547138],[-79.3549733,43.6545793],[-79.3549227,43.654591],[-79.3548946,43.6545274],[-79.3550211,43.6544981],[-79.3550439,43.6545496],[-79.3550927,43.6545383],[-79.3551081,43.6545732],[-79.3551874,43.6545549],[-79.3551311,43.6544273],[-79.3552775,43.6543934],[-79.355231,43.6542882],[-79.3556055,43.6542016]]]}},{"type":"Feature","properties":{"form":"apartments"},"geometry":{"type":"Polygon","coordinates":[[[-79.3549854,43.6568934],[-79.3543712,43.6563043],[-79.354621,43.656168],[-79.3552352,43.6567571],[-79.3549854,43.6568934]]]}},{"type":"Feature","properties":{"form":"other"},"geometry":{"type":"Polygon","coordinates":[[[-79.3561258,43.6541235],[-79.3562644,43.6544479],[-79.3559634,43.6545152],[-79.3558249,43.6541908],[-79.3561258,43.6541235]]]}},{"type":"Feature","properties":{"form":"other"},"geometry":{"type":"Polygon","coordinates":[[[-79.4029734,43.636333],[-79.4029793,43.6363859],[-79.4030293,43.6363842],[-79.403067,43.6366422],[-79.4024712,43.6366442],[-79.4023676,43.6363777],[-79.4029734,43.636333]]]}},{"type":"Feature","properties":{"form":"apartments"},"geometry":{"type":"Polygon","coordinates":[[[-79.4036302,43.6374159],[-79.4030148,43.6375449],[-79.4030012,43.6375096],[-79.402866,43.6375244],[-79.4026284,43.6369635],[-79.4026554,43.6369578],[-79.4025981,43.6368201],[-79.4031193,43.6368349],[-79.4031124,43.636913],[-79.4029944,43.6369483],[-79.4030216,43.6370124],[-79.4031836,43.6369964],[-79.4032539,43.6370731],[-79.4033202,43.637102],[-79.4033668,43.6370987],[-79.4033077,43.6368078],[-79.4035961,43.6367807],[-79.4036959,43.637386],[-79.4036279,43.6373935],[-79.4036302,43.6374159]]]}},{"type":"Feature","properties":{"form":"other"},"geometry":{"type":"Polygon","coordinates":[[[-79.3911986,43.6469909],[-79.3907049,43.6470929],[-79.3908927,43.6475693],[-79.3909269,43.6475622],[-79.3909453,43.6476088],[-79.3911235,43.647572],[-79.3911053,43.6475259],[-79.3913866,43.6474678],[-79.3911986,43.6469909]]]}},{"type":"Feature","properties":{"form":"other"},"geometry":{"type":"Polygon","coordinates":[[[-79.3942375,43.6457175],[-79.3938916,43.6457921],[-79.3939197,43.6458614],[-79.3937946,43.6458879],[-79.3939248,43.646209],[-79.3940548,43.6461814],[-79.3940458,43.6461591],[-79.3943829,43.6460875],[-79.3942375,43.6457175]]]}},{"type":"Feature","properties":{"form":"apartments"},"geometry":{"type":"Polygon","coordinates":[[[-79.388537,43.6493101],[-79.3876871,43.6494957],[-79.3876177,43.6493345],[-79.387584,43.6493423],[-79.3875293,43.649217],[-79.3888051,43.6489256],[-79.3888894,43.6491158],[-79.3884904,43.6492032],[-79.388537,43.6493101]]]}},{"type":"Feature","properties":{"form":"other"},"geometry":{"type":"Polygon","coordinates":[[[-79.4291489,43.6619477],[-79.4295061,43.6618699],[-79.4295202,43.6617226],[-79.429099,43.6618152],[-79.4291489,43.6619477]]]}},{"type":"Feature","properties":{"form":"apartments"},"geometry":{"type":"Polygon","coordinates":[[[-79.3942405,43.67506],[-79.3946411,43.6749888],[-79.3946507,43.6749659],[-79.3945851,43.674778],[-79.394562,43.6747819],[-79.394541,43.6747317],[-79.3941428,43.6748172],[-79.3942405,43.67506]]]}},{"type":"Feature","properties":{"form":"other"},"geometry":{"type":"Polygon","coordinates":[[[-79.3910087,43.6739379],[-79.3911819,43.6737784],[-79.3909035,43.6737291],[-79.3910087,43.6739379]]]}},{"type":"Feature","properties":{"form":"other"},"geometry":{"type":"Polygon","coordinates":[[[-79.3933182,43.6702051],[-79.393391,43.6703835],[-79.39402,43.6702491],[-79.3939878,43.6701704],[-79.3935757,43.6702584],[-79.3935357,43.6701587],[-79.3933182,43.6702051]]]}},{"type":"Feature","properties":{"form":"other"},"geometry":{"type":"Polygon","coordinates":[[[-79.381868,43.639242],[-79.3819139,43.6393592],[-79.381723,43.6393983],[-79.3816771,43.6392811],[-79.381868,43.639242]]]}},{"type":"Feature","properties":{"form":"other"},"geometry":{"type":"Polygon","coordinates":[[[-79.3821428,43.6392312],[-79.3820449,43.6392487],[-79.3820205,43.6391779],[-79.382108,43.6391613],[-79.3821428,43.6392312]]]}},{"type":"Feature","properties":{"form":"apartments"},"geometry":{"type":"Polygon","coordinates":[[[-79.3836274,43.6593368],[-79.3832336,43.6594211],[-79.3832858,43.6595541],[-79.3825758,43.6597131],[-79.3823491,43.6591474],[-79.3834994,43.6589288],[-79.383632,43.6592571],[-79.3836035,43.6592619],[-79.3836274,43.6593368]]]}},{"type":"Feature","properties":{"form":"other"},"geometry":{"type":"Polygon","coordinates":[[[-79.4184576,43.6341154],[-79.4182172,43.6341782],[-79.4181658,43.634036],[-79.418369,43.6339829],[-79.4184576,43.6341154]]]}},{"type":"Feature","properties":{"form":"apartments"},"geometry":{"type":"Polygon","coordinates":[[[-79.3906586,43.6459601],[-79.3897328,43.6461547],[-79.3896521,43.6459538],[-79.3905072,43.645774],[-79.3905174,43.6457992],[-79.3906007,43.6457817],[-79.3906586,43.6459601]]]}},{"type":"Feature","properties":{"form":"apartments"},"geometry":{"type":"Polygon","coordinates":[[[-79.360929,43.6603778],[-79.3605954,43.66045],[-79.360489,43.6601928],[-79.3608226,43.6601206],[-79.360929,43.6603778]]]}},{"type":"Feature","properties":{"form":"apartments"},"geometry":{"type":"Polygon","coordinates":[[[-79.3661463,43.6443335],[-79.365461,43.6445703],[-79.3655929,43.6448825],[-79.3663502,43.6446169],[-79.3661463,43.6443335]]]}},{"type":"Feature","properties":{"form":"apartments"},"geometry":{"type":"Polygon","coordinates":[[[-79.3544329,43.6553886],[-79.3543842,43.6553765],[-79.3544141,43.655316],[-79.3537719,43.6551524],[-79.3536787,43.6553459],[-79.3535394,43.6553601],[-79.3537225,43.6556168],[-79.3540949,43.6556405],[-79.3543721,43.6555089],[-79.3544174,43.6555201],[-79.3544526,43.6554589],[-79.3544036,43.6554454],[-79.3544329,43.6553886]]]}},{"type":"Feature","properties":{"form":"other"},"geometry":{"type":"Polygon","coordinates":[[[-79.3540571,43.6540667],[-79.3542962,43.6540732],[-79.3543052,43.6539543],[-79.3540493,43.6540028],[-79.3540571,43.6540667]]]}},{"type":"Feature","properties":{"form":"other"},"geometry":{"type":"Polygon","coordinates":[[[-79.3848782,43.6378846],[-79.3849457,43.6378696],[-79.384882,43.6377196],[-79.3848131,43.6377349],[-79.3848782,43.6378846]]]}},{"type":"Feature","properties":{"form":"apartments"},"geometry":{"type":"Polygon","coordinates":[[[-79.3341419,43.6675279],[-79.3346421,43.6674135],[-79.3345782,43.6672672],[-79.3342605,43.6673398],[-79.3342393,43.6672914],[-79.3340568,43.6673332],[-79.3341419,43.6675279]]]}},{"type":"Feature","properties":{"form":"other"},"geometry":{"type":"Polygon","coordinates":[[[-79.4248792,43.6356607],[-79.4248528,43.6356298],[-79.4258124,43.6354354],[-79.4258914,43.635648],[-79.4253222,43.6357562],[-79.4250788,43.6357436],[-79.4248792,43.6356607]]]}},{"type":"Feature","properties":{"form":"other"},"geometry":{"type":"Polygon","coordinates":[[[-79.4250439,43.6363089],[-79.4260909,43.6361023],[-79.4261684,43.6363081],[-79.4261234,43.6363169],[-79.4263998,43.6370067],[-79.4254247,43.6371958],[-79.42538,43.63718],[-79.4252833,43.6369148],[-79.4254035,43.6368918],[-79.4254448,43.6370051],[-79.4255314,43.6369617],[-79.4255459,43.637],[-79.4257193,43.6369657],[-79.4257045,43.6369266],[-79.4260987,43.6368486],[-79.4259666,43.636499],[-79.4258878,43.6365146],[-79.4258522,43.6364204],[-79.425139,43.6365612],[-79.4250439,43.6363089]]]}},{"type":"Feature","properties":{"form":"apartments"},"geometry":{"type":"Polygon","coordinates":[[[-79.4126449,43.6398601],[-79.4124705,43.639882],[-79.4122993,43.6394283],[-79.4124732,43.639405],[-79.4126449,43.6398601]]]}},{"type":"Feature","properties":{"form":"apartments"},"geometry":{"type":"Polygon","coordinates":[[[-79.4157646,43.6381931],[-79.4140743,43.6385531],[-79.413871,43.6380066],[-79.4141546,43.6379514],[-79.4141473,43.6379279],[-79.4143667,43.6378812],[-79.414361,43.6378661],[-79.4155288,43.637575],[-79.4157646,43.6381931]]]}},{"type":"Feature","properties":{"form":"apartments"},"geometry":{"type":"Polygon","coordinates":[[[-79.4140469,43.6720088],[-79.4144642,43.6719205],[-79.4144223,43.6718169],[-79.4140836,43.6718886],[-79.4140739,43.6718647],[-79.4139986,43.671881],[-79.4140469,43.6720088]]]}},{"type":"Feature","properties":{"form":"other"},"geometry":{"type":"Polygon","coordinates":[[[-79.4144822,43.6725464],[-79.4142769,43.6725881],[-79.4141854,43.672352],[-79.4143907,43.6723104],[-79.4144822,43.6725464]]]}},{"type":"Feature","properties":{"form":"other"},"geometry":{"type":"Polygon","coordinates":[[[-79.4207572,43.6704446],[-79.4206461,43.6701495],[-79.4208264,43.670114],[-79.4209375,43.6704091],[-79.4207572,43.6704446]]]}},{"type":"Feature","properties":{"form":"apartments"},"geometry":{"type":"Polygon","coordinates":[[[-79.4238789,43.6398114],[-79.4237292,43.6398401],[-79.4239582,43.6404662],[-79.4240894,43.6404411],[-79.4240561,43.6403027],[-79.4241672,43.6402815],[-79.4241303,43.6401806],[-79.4243606,43.6401365],[-79.4243313,43.6400564],[-79.4242616,43.6400698],[-79.4242409,43.6400131],[-79.4240874,43.6400423],[-79.4240357,43.6399108],[-79.4239211,43.6399276],[-79.4238789,43.6398114]]]}},{"type":"Feature","properties":{"form":"apartments"},"geometry":{"type":"Polygon","coordinates":[[[-79.4021939,43.6378674],[-79.4025828,43.6378338],[-79.402676,43.637781],[-79.4025969,43.637549],[-79.4023193,43.6375961],[-79.4015696,43.6375175],[-79.4015407,43.6375549],[-79.4016226,43.6377519],[-79.4021979,43.6378188],[-79.4021939,43.6378674]]]}},{"type":"Feature","properties":{"form":"other"},"geometry":{"type":"Polygon","coordinates":[[[-79.390824,43.6469927],[-79.3908497,43.6470537],[-79.3907702,43.6470712],[-79.3907446,43.6470102],[-79.390824,43.6469927]]]}},{"type":"Feature","properties":{"form":"other"},"geometry":{"type":"Polygon","coordinates":[[[-79.3995501,43.6435741],[-79.3989595,43.6436959],[-79.3989909,43.6437756],[-79.3993522,43.6437011],[-79.3995776,43.6436438],[-79.3995501,43.6435741]]]}},{"type":"Feature","properties":{"form":"apartments"},"geometry":{"type":"Polygon","coordinates":[[[-79.3968812,43.6463572],[-79.3969148,43.64635],[-79.396926,43.6463772],[-79.397557,43.6462421],[-79.3975467,43.646217],[-79.3975862,43.6462086],[-79.397483,43.6459562],[-79.3967882,43.6461298],[-79.3968812,43.6463572]]]}},{"type":"Feature","properties":{"form":"other"},"geometry":{"type":"Polygon","coordinates":[[[-79.475646,43.6812126],[-79.4759219,43.6810845],[-79.4759805,43.6811506],[-79.4757046,43.6812787],[-79.475646,43.6812126]]]}},{"type":"Feature","properties":{"form":"apartments"},"geometry":{"type":"Polygon","coordinates":[[[-79.4017771,43.6575134],[-79.4015596,43.6569811],[-79.4010784,43.657084],[-79.4011605,43.6572943],[-79.401316,43.6573416],[-79.4014142,43.6575884],[-79.4017771,43.6575134]]]}},{"type":"Feature","properties":{"form":"apartments"},"geometry":{"type":"Polygon","coordinates":[[[-79.3942686,43.6455151],[-79.394097,43.6455514],[-79.3940075,43.6453305],[-79.3939668,43.6453391],[-79.3939527,43.6453042],[-79.3941649,43.6452592],[-79.3942686,43.6455151]]]}},{"type":"Feature","properties":{"form":"other"},"geometry":{"type":"Polygon","coordinates":[[[-79.3909808,43.6482563],[-79.3908091,43.6478355],[-79.3912011,43.6477635],[-79.3913687,43.6481735],[-79.3909808,43.6482563]]]}},{"type":"Feature","properties":{"form":"other"},"geometry":{"type":"Polygon","coordinates":[[[-79.4206408,43.6427128],[-79.4205495,43.6427308],[-79.4205017,43.6426037],[-79.420593,43.6425857],[-79.4206408,43.6427128]]]}},{"type":"Feature","properties":{"form":"apartments"},"geometry":{"type":"Polygon","coordinates":[[[-79.4231863,43.6405077],[-79.4236912,43.640413],[-79.423493,43.6398636],[-79.4223918,43.6400727],[-79.4224388,43.6402032],[-79.4223096,43.6402282],[-79.4222706,43.6401224],[-79.4221689,43.640142],[-79.4221601,43.6401182],[-79.4211184,43.6403181],[-79.4211316,43.6403577],[-79.4212911,43.6404059],[-79.4222728,43.640436],[-79.4226757,43.6403625],[-79.4227249,43.6404473],[-79.4231863,43.6405077]]]}},{"type":"Feature","properties":{"form":"other"},"geometry":{"type":"Polygon","coordinates":[[[-79.4052885,43.6457745],[-79.4051748,43.6454968],[-79.4055413,43.6454182],[-79.4055689,43.6454854],[-79.4053652,43.6455446],[-79.4054608,43.6457049],[-79.4054172,43.6457143],[-79.4054295,43.6457442],[-79.4052885,43.6457745]]]}},{"type":"Feature","properties":{"form":"other"},"geometry":{"type":"Polygon","coordinates":[[[-79.405977,43.6454063],[-79.4059463,43.6453313],[-79.4056143,43.6454025],[-79.405645,43.6454776],[-79.405977,43.6454063]]]}},{"type":"Feature","properties":{"form":"other"},"geometry":{"type":"Polygon","coordinates":[[[-79.4056106,43.6455872],[-79.4055413,43.6454182],[-79.4056143,43.6454025],[-79.405645,43.6454776],[-79.405977,43.6454063],[-79.406028,43.6455309],[-79.4056446,43.6456132],[-79.4056321,43.6455826],[-79.4056106,43.6455872]]]}},{"type":"Feature","properties":{"form":"other"},"geometry":{"type":"Polygon","coordinates":[[[-79.4074506,43.6422465],[-79.4074254,43.6421789],[-79.4073437,43.6421338],[-79.4069653,43.6422175],[-79.4071226,43.6423174],[-79.4074506,43.6422465]]]}},{"type":"Feature","properties":{"form":"other"},"geometry":{"type":"Polygon","coordinates":[[[-79.4074016,43.6424688],[-79.4074313,43.6425462],[-79.4078142,43.6424667],[-79.4078038,43.6424409],[-79.4077207,43.6424076],[-79.4074016,43.6424688]]]}},{"type":"Feature","properties":{"form":"houses"},"geometry":{"type":"Polygon","coordinates":[[[-79.3938595,43.6856349],[-79.3938046,43.6854931],[-79.393868,43.6854803],[-79.3939185,43.6856107],[-79.3938595,43.6856349]]]}},{"type":"Feature","properties":{"form":"houses"},"geometry":{"type":"Polygon","coordinates":[[[-79.3940561,43.6854429],[-79.3941155,43.6854311],[-79.3941648,43.6855617],[-79.394112,43.6855861],[-79.3940561,43.6854429]]]}},{"type":"Feature","properties":{"form":"houses"},"geometry":{"type":"Polygon","coordinates":[[[-79.3943565,43.6855339],[-79.3944098,43.6855109],[-79.3943605,43.6853826],[-79.3943029,43.6853942],[-79.3943565,43.6855339]]]}},{"type":"Feature","properties":{"form":"houses"},"geometry":{"type":"Polygon","coordinates":[[[-79.3939287,43.6854682],[-79.3939924,43.6854559],[-79.3940433,43.6855862],[-79.393985,43.6856114],[-79.3939287,43.6854682]]]}},{"type":"Feature","properties":{"form":"houses"},"geometry":{"type":"Polygon","coordinates":[[[-79.394175,43.6854193],[-79.3942399,43.6854068],[-79.394289,43.6855345],[-79.3942286,43.6855613],[-79.394175,43.6854193]]]}},{"type":"Feature","properties":{"form":"apartments"},"geometry":{"type":"Polygon","coordinates":[[[-79.3921085,43.6425612],[-79.3914405,43.6427006],[-79.3914508,43.642724],[-79.3912126,43.6427784],[-79.3912265,43.6428022],[-79.3911443,43.6428214],[-79.3913056,43.6432097],[-79.3913773,43.643234],[-79.3921689,43.6430336],[-79.3921574,43.6430042],[-79.3922448,43.6428816],[-79.3922157,43.6428748],[-79.3922335,43.6427893],[-79.3921085,43.6425612]]]}},{"type":"Feature","properties":{"form":"other"},"geometry":{"type":"Polygon","coordinates":[[[-79.3913264,43.6409161],[-79.3913153,43.6408826],[-79.3913455,43.6408774],[-79.3913566,43.6409109],[-79.3913264,43.6409161]]]}},{"type":"Feature","properties":{"form":"other"},"geometry":{"type":"Polygon","coordinates":[[[-79.3914205,43.6410178],[-79.3913551,43.6410306],[-79.3913339,43.6409738],[-79.3913994,43.640961],[-79.3914205,43.6410178]]]}},{"type":"Feature","properties":{"form":"apartments"},"geometry":{"type":"Polygon","coordinates":[[[-79.4286848,43.6420604],[-79.4287786,43.6420415],[-79.4287949,43.6420839],[-79.4291643,43.6420092],[-79.4290905,43.6418179],[-79.4289463,43.641847],[-79.4289557,43.6418714],[-79.4288903,43.6418847],[-79.4288265,43.6417558],[-79.428586,43.6418044],[-79.4286848,43.6420604]]]}},{"type":"Feature","properties":{"form":"apartments"},"geometry":{"type":"Polygon","coordinates":[[[-79.3566511,43.653441],[-79.3566743,43.6534953],[-79.3561883,43.6536043],[-79.356165,43.65355],[-79.3566511,43.653441]]]}},{"type":"Feature","properties":{"form":"apartments"},"geometry":{"type":"Polygon","coordinates":[[[-79.4277844,43.6424903],[-79.427327,43.6425841],[-79.4273486,43.642636],[-79.427297,43.6426476],[-79.4274014,43.6428913],[-79.4274255,43.6428859],[-79.4274347,43.6429073],[-79.4276536,43.6428356],[-79.4276633,43.6428582],[-79.4282684,43.6427302],[-79.4277844,43.6424903]]]}},{"type":"Feature","properties":{"form":"apartments"},"geometry":{"type":"Polygon","coordinates":[[[-79.4275421,43.6432505],[-79.4274404,43.6429877],[-79.4274667,43.6429824],[-79.4274549,43.6429518],[-79.4278231,43.6428773],[-79.4278924,43.6430565],[-79.4278375,43.6430676],[-79.4278816,43.6431817],[-79.4275421,43.6432505]]]}},{"type":"Feature","properties":{"form":"houses"},"geometry":{"type":"Polygon","coordinates":[[[-79.3562777,43.633202],[-79.3563235,43.6331091],[-79.3564461,43.6331408],[-79.3564002,43.6332337],[-79.3562777,43.633202]]]}},{"type":"Feature","properties":{"form":"other"},"geometry":{"type":"Polygon","coordinates":[[[-79.3758031,43.617409],[-79.3759078,43.6175259],[-79.3756285,43.6176571],[-79.3755271,43.6175438],[-79.3755953,43.6175118],[-79.375552,43.6174633],[-79.3756922,43.6173975],[-79.3757323,43.6174422],[-79.3758031,43.617409]]]}},{"type":"Feature","properties":{"form":"other"},"geometry":{"type":"Polygon","coordinates":[[[-79.3409656,43.6621017],[-79.3411918,43.6620539],[-79.3411094,43.6618501],[-79.3409294,43.6618882],[-79.3409474,43.6619327],[-79.3409013,43.6619424],[-79.3409656,43.6621017]]]}},{"type":"Feature","properties":{"form":"other"},"geometry":{"type":"Polygon","coordinates":[[[-79.340421,43.6579732],[-79.3402644,43.6580098],[-79.3401258,43.6576993],[-79.3402824,43.6576628],[-79.340421,43.6579732]]]}},{"type":"Feature","properties":{"form":"other"},"geometry":{"type":"Polygon","coordinates":[[[-79.3357807,43.6589824],[-79.3352661,43.6590922],[-79.3351894,43.658904],[-79.3354114,43.6588567],[-79.3354021,43.6588339],[-79.3354589,43.6588218],[-79.3354664,43.6588404],[-79.3355767,43.6588168],[-79.3355839,43.6588344],[-79.3357094,43.6588076],[-79.3357807,43.6589824]]]}},{"type":"Feature","properties":{"form":"other"},"geometry":{"type":"Polygon","coordinates":[[[-79.3290526,43.6621567],[-79.3289202,43.6618726],[-79.3287461,43.6619152],[-79.3288318,43.6620985],[-79.3287693,43.6621138],[-79.3288164,43.6622145],[-79.3290526,43.6621567]]]}},{"type":"Feature","properties":{"form":"other"},"geometry":{"type":"Polygon","coordinates":[[[-79.3293475,43.6621927],[-79.3291897,43.6618722],[-79.3294433,43.6618069],[-79.3295675,43.6620592],[-79.3293988,43.6621027],[-79.3294324,43.6621709],[-79.3293475,43.6621927]]]}},{"type":"Feature","properties":{"form":"other"},"geometry":{"type":"Polygon","coordinates":[[[-79.3290226,43.6620855],[-79.3292647,43.6620246],[-79.3291324,43.6617535],[-79.328879,43.6617868],[-79.3290226,43.6620855]]]}},{"type":"Feature","properties":{"form":"apartments"},"geometry":{"type":"Polygon","coordinates":[[[-79.3787044,43.6606081],[-79.3785422,43.6602341],[-79.3781813,43.6603109],[-79.378331,43.6606884],[-79.3787044,43.6606081]]]}},{"type":"Feature","properties":{"form":"other"},"geometry":{"type":"Polygon","coordinates":[[[-79.3841024,43.6618971],[-79.3840565,43.6617858],[-79.3839819,43.661804],[-79.3840324,43.6619109],[-79.3841024,43.6618971]]]}},{"type":"Feature","properties":{"form":"other"},"geometry":{"type":"Polygon","coordinates":[[[-79.3567204,43.6501902],[-79.3565723,43.65025],[-79.3565165,43.6501776],[-79.3566646,43.6501178],[-79.3567204,43.6501902]]]}},{"type":"Feature","properties":{"form":"other"},"geometry":{"type":"Polygon","coordinates":[[[-79.3582225,43.6537042],[-79.3580499,43.6537438],[-79.3580166,43.6536678],[-79.3581892,43.6536282],[-79.3582225,43.6537042]]]}},{"type":"Feature","properties":{"form":"apartments"},"geometry":{"type":"Polygon","coordinates":[[[-79.3579102,43.6537526],[-79.3566471,43.6540289],[-79.356749,43.6542729],[-79.3570655,43.6542037],[-79.3570747,43.6542258],[-79.3579539,43.6540335],[-79.3579418,43.6540046],[-79.3580093,43.6539898],[-79.3579102,43.6537526]]]}},{"type":"Feature","properties":{"form":"other"},"geometry":{"type":"Polygon","coordinates":[[[-79.4016784,43.6364379],[-79.401732,43.636544],[-79.4016847,43.6365821],[-79.401554,43.6366088],[-79.4015939,43.6367102],[-79.4013819,43.6367486],[-79.4013502,43.6367393],[-79.4013218,43.6366611],[-79.4012133,43.6366874],[-79.4011602,43.6365285],[-79.4012007,43.6365199],[-79.401208,43.6365378],[-79.4016784,43.6364379]]]}},{"type":"Feature","properties":{"form":"apartments"},"geometry":{"type":"Polygon","coordinates":[[[-79.3555763,43.6521666],[-79.3555338,43.6520712],[-79.3556476,43.6520446],[-79.3556901,43.6521401],[-79.3555763,43.6521666]]]}},{"type":"Feature","properties":{"form":"other"},"geometry":{"type":"Polygon","coordinates":[[[-79.3523342,43.6534066],[-79.3523923,43.6534239],[-79.3523424,43.6535117],[-79.3522843,43.6534943],[-79.3523342,43.6534066]]]}},{"type":"Feature","properties":{"form":"other"},"geometry":{"type":"Polygon","coordinates":[[[-79.3576889,43.6529408],[-79.3575881,43.6529643],[-79.357551,43.652881],[-79.3576518,43.6528575],[-79.3576889,43.6529408]]]}},{"type":"Feature","properties":{"form":"apartments"},"geometry":{"type":"Polygon","coordinates":[[[-79.35647,43.6525116],[-79.3565031,43.6525988],[-79.3563892,43.6526237],[-79.3563534,43.652538],[-79.35647,43.6525116]]]}},{"type":"Feature","properties":{"form":"other"},"geometry":{"type":"Polygon","coordinates":[[[-79.3834544,43.6381729],[-79.3834786,43.6382366],[-79.3832443,43.6382873],[-79.3831768,43.6381164],[-79.3832514,43.6380989],[-79.3832779,43.6381576],[-79.3833651,43.6381917],[-79.3834544,43.6381729]]]}},{"type":"Feature","properties":{"form":"houses"},"geometry":{"type":"Polygon","coordinates":[[[-79.3812391,43.6547086],[-79.3812062,43.6546243],[-79.3813036,43.6546044],[-79.3813365,43.6546887],[-79.3812391,43.6547086]]]}},{"type":"Feature","properties":{"form":"other"},"geometry":{"type":"Polygon","coordinates":[[[-79.4141103,43.6366999],[-79.4140954,43.6366716],[-79.4140696,43.6366788],[-79.4140845,43.6367071],[-79.4141103,43.6366999]]]}},{"type":"Feature","properties":{"form":"apartments"},"geometry":{"type":"Polygon","coordinates":[[[-79.39242,43.6506795],[-79.3922893,43.6503689],[-79.3919368,43.6504466],[-79.3920675,43.6507572],[-79.39242,43.6506795]]]}},{"type":"Feature","properties":{"form":"other"},"geometry":{"type":"Polygon","coordinates":[[[-79.4233266,43.6428515],[-79.4234371,43.6431496],[-79.4232582,43.6431885],[-79.4232472,43.6431622],[-79.4231476,43.6431726],[-79.4231166,43.6430591],[-79.4230958,43.6430636],[-79.4230664,43.6429927],[-79.4231412,43.6429666],[-79.4231227,43.6429219],[-79.4233266,43.6428515]]]}},{"type":"Feature","properties":{"form":"other"},"geometry":{"type":"Polygon","coordinates":[[[-79.4248129,43.6338262],[-79.4250713,43.6337522],[-79.4250242,43.633632],[-79.4251761,43.6336001],[-79.4251668,43.6335757],[-79.4249661,43.6336095],[-79.4249807,43.6336467],[-79.4247587,43.6336898],[-79.4248129,43.6338262]]]}},{"type":"Feature","properties":{"form":"other"},"geometry":{"type":"Polygon","coordinates":[[[-79.4210389,43.6343207],[-79.421035,43.6343019],[-79.4210238,43.634311],[-79.4210389,43.6343207]]]}},{"type":"Feature","properties":{"form":"other"},"geometry":{"type":"Polygon","coordinates":[[[-79.419021,43.6450023],[-79.4189039,43.6446882],[-79.4185729,43.6447509],[-79.4186637,43.645072],[-79.419021,43.6450023]]]}},{"type":"Feature","properties":{"form":"other"},"geometry":{"type":"Polygon","coordinates":[[[-79.414228,43.6605192],[-79.4141824,43.6604019],[-79.413981,43.6604428],[-79.4140134,43.6605261],[-79.4141648,43.6604953],[-79.414178,43.6605294],[-79.414228,43.6605192]]]}},{"type":"Feature","properties":{"form":"other"},"geometry":{"type":"Polygon","coordinates":[[[-79.4137875,43.660612],[-79.4135754,43.6606545],[-79.413548,43.6605832],[-79.4137602,43.6605406],[-79.4137875,43.660612]]]}},{"type":"Feature","properties":{"form":"other"},"geometry":{"type":"Polygon","coordinates":[[[-79.414228,43.6605192],[-79.4144157,43.6604817],[-79.4143933,43.6604221],[-79.4142047,43.6604592],[-79.414228,43.6605192]]]}},{"type":"Feature","properties":{"form":"other"},"geometry":{"type":"Polygon","coordinates":[[[-79.4083715,43.6617153],[-79.4083305,43.6616111],[-79.4082157,43.6616348],[-79.4082567,43.661739],[-79.4083715,43.6617153]]]}},{"type":"Feature","properties":{"form":"other"},"geometry":{"type":"Polygon","coordinates":[[[-79.4081345,43.6617636],[-79.4080894,43.6616462],[-79.4082128,43.6616219],[-79.4082567,43.661739],[-79.4081345,43.6617636]]]}},{"type":"Feature","properties":{"form":"other"},"geometry":{"type":"Polygon","coordinates":[[[-79.409597,43.661462],[-79.4091441,43.6615589],[-79.4091249,43.6615119],[-79.4093304,43.661468],[-79.4093136,43.6614269],[-79.4095201,43.6613827],[-79.4095368,43.6614236],[-79.4095777,43.6614149],[-79.409597,43.661462]]]}},{"type":"Feature","properties":{"form":"other"},"geometry":{"type":"Polygon","coordinates":[[[-79.4079652,43.6617083],[-79.4079959,43.6617916],[-79.4078654,43.6618179],[-79.4078292,43.6617374],[-79.4079652,43.6617083]]]}},{"type":"Feature","properties":{"form":"other"},"geometry":{"type":"Polygon","coordinates":[[[-79.4081345,43.6617636],[-79.4079959,43.6617916],[-79.4079652,43.6617083],[-79.4081015,43.6616792],[-79.4081345,43.6617636]]]}},{"type":"Feature","properties":{"form":"apartments"},"geometry":{"type":"Polygon","coordinates":[[[-79.3925513,43.646988],[-79.3924236,43.6466725],[-79.3919457,43.6467737],[-79.3920734,43.6470892],[-79.3925513,43.646988]]]}},{"type":"Feature","properties":{"form":"apartments"},"geometry":{"type":"Polygon","coordinates":[[[-79.3843721,43.6554845],[-79.3842764,43.6552458],[-79.3843954,43.6552207],[-79.384361,43.6551333],[-79.3840141,43.6552045],[-79.3839556,43.6550598],[-79.383679,43.6551185],[-79.3838693,43.6555911],[-79.3843721,43.6554845]]]}},{"type":"Feature","properties":{"form":"other"},"geometry":{"type":"Polygon","coordinates":[[[-79.3828438,43.642942],[-79.3826967,43.6429748],[-79.3827557,43.6431902],[-79.3826783,43.6432059],[-79.3825487,43.6428871],[-79.3828007,43.6428332],[-79.3828438,43.642942]]]}},{"type":"Feature","properties":{"form":"other"},"geometry":{"type":"Polygon","coordinates":[[[-79.3765485,43.646292],[-79.3766073,43.6464472],[-79.3763801,43.6464424],[-79.3763337,43.6463395],[-79.3765485,43.646292]]]}},{"type":"Feature","properties":{"form":"apartments"},"geometry":{"type":"Polygon","coordinates":[[[-79.3827217,43.6496226],[-79.3825182,43.649666],[-79.3825026,43.6496259],[-79.3822424,43.6496842],[-79.382544,43.6503884],[-79.3826791,43.6503028],[-79.3829917,43.6502313],[-79.3827217,43.6496226]]]}},{"type":"Feature","properties":{"form":"other"},"geometry":{"type":"Polygon","coordinates":[[[-79.4728739,43.6699859],[-79.4727412,43.6697009],[-79.4725371,43.6697506],[-79.4726698,43.6700356],[-79.4728739,43.6699859]]]}},{"type":"Feature","properties":{"form":"other"},"geometry":{"type":"Polygon","coordinates":[[[-79.3648332,43.6852354],[-79.3643865,43.6853273],[-79.3643082,43.6851283],[-79.3642437,43.6851418],[-79.3642076,43.6850515],[-79.3642727,43.6850379],[-79.3639332,43.6841744],[-79.3643799,43.6840825],[-79.3648332,43.6852354]]]}},{"type":"Feature","properties":{"form":"apartments"},"geometry":{"type":"Polygon","coordinates":[[[-79.364914,43.6852516],[-79.3651449,43.6852035],[-79.3649601,43.6847389],[-79.3647288,43.6847874],[-79.364914,43.6852516]]]}},{"type":"Feature","properties":{"form":"other"},"geometry":{"type":"Polygon","coordinates":[[[-79.3649816,43.6846262],[-79.3652231,43.6845798],[-79.3650319,43.6840942],[-79.3647901,43.6841444],[-79.3649816,43.6846262]]]}},{"type":"Feature","properties":{"form":"other"},"geometry":{"type":"Polygon","coordinates":[[[-79.3649601,43.6847389],[-79.3648777,43.6845339],[-79.3646468,43.6845813],[-79.3647288,43.6847874],[-79.3649601,43.6847389]]]}},{"type":"Feature","properties":{"form":"other"},"geometry":{"type":"Polygon","coordinates":[[[-79.3663048,43.6849908],[-79.366224,43.6847831],[-79.366381,43.6847512],[-79.3664619,43.6849589],[-79.3663048,43.6849908]]]}},{"type":"Feature","properties":{"form":"other"},"geometry":{"type":"Polygon","coordinates":[[[-79.3639832,43.6843943],[-79.3639961,43.684382],[-79.3640131,43.6843929],[-79.3640005,43.6844035],[-79.3639832,43.6843943]]]}},{"type":"Feature","properties":{"form":"other"},"geometry":{"type":"Polygon","coordinates":[[[-79.363985,43.6843738],[-79.3639901,43.6843524],[-79.3640023,43.6843652],[-79.363985,43.6843738]]]}},{"type":"Feature","properties":{"form":"other"},"geometry":{"type":"Polygon","coordinates":[[[-79.36397,43.6843404],[-79.3639752,43.684319],[-79.3639874,43.6843318],[-79.36397,43.6843404]]]}},{"type":"Feature","properties":{"form":"other"},"geometry":{"type":"Polygon","coordinates":[[[-79.3658645,43.6845682],[-79.3660538,43.6850444],[-79.3659513,43.6850653],[-79.3659648,43.6850987],[-79.3657517,43.6851439],[-79.3656677,43.6849406],[-79.3656358,43.6849474],[-79.3656124,43.6848909],[-79.3651602,43.6849385],[-79.3651274,43.6848558],[-79.3651742,43.6848461],[-79.3651772,43.6848088],[-79.3657269,43.6846942],[-79.3656907,43.6846056],[-79.3658645,43.6845682]]]}},{"type":"Feature","properties":{"form":"other"},"geometry":{"type":"Polygon","coordinates":[[[-79.365213,43.6851114],[-79.3652746,43.6850991],[-79.3652552,43.6850481],[-79.3651935,43.6850604],[-79.365213,43.6851114]]]}},{"type":"Feature","properties":{"form":"apartments"},"geometry":{"type":"Polygon","coordinates":[[[-79.3832331,43.6423835],[-79.3831913,43.6423018],[-79.3830981,43.6421974],[-79.3830518,43.6421798],[-79.382992,43.6420834],[-79.3828845,43.6420204],[-79.3828238,43.6418962],[-79.3826629,43.6419253],[-79.3828721,43.6424532],[-79.3832331,43.6423835]]]}},{"type":"Feature","properties":{"form":"other"},"geometry":{"type":"Polygon","coordinates":[[[-79.4195214,43.6424327],[-79.4197321,43.6423909],[-79.419794,43.6425543],[-79.4198582,43.6425416],[-79.4197867,43.6423525],[-79.4195117,43.642407],[-79.4195214,43.6424327]]]}},{"type":"Feature","properties":{"form":"other"},"geometry":{"type":"Polygon","coordinates":[[[-79.4193163,43.6424724],[-79.4189972,43.6425362],[-79.418984,43.6425014],[-79.419303,43.6424378],[-79.4193163,43.6424724]]]}},{"type":"Feature","properties":{"form":"apartments"},"geometry":{"type":"Polygon","coordinates":[[[-79.3409394,43.6627463],[-79.3411728,43.6626936],[-79.3410744,43.6624655],[-79.3415869,43.6623498],[-79.3416852,43.6625777],[-79.3419165,43.6625255],[-79.3417526,43.6621457],[-79.3407755,43.6623663],[-79.3409394,43.6627463]]]}},{"type":"Feature","properties":{"form":"apartments"},"geometry":{"type":"Polygon","coordinates":[[[-79.3408638,43.6649454],[-79.3414458,43.664798],[-79.3414734,43.6647488],[-79.3413947,43.6647145],[-79.3409873,43.6646562],[-79.3407583,43.6647099],[-79.3408638,43.6649454]]]}},{"type":"Feature","properties":{"form":"apartments"},"geometry":{"type":"Polygon","coordinates":[[[-79.3417207,43.6654578],[-79.3414072,43.665528],[-79.3413037,43.6652831],[-79.3408457,43.6653791],[-79.3407587,43.6651687],[-79.341289,43.6650854],[-79.3412755,43.665052],[-79.3415033,43.6650047],[-79.3415257,43.6650544],[-79.3415679,43.6650505],[-79.3417207,43.6654578]]]}},{"type":"Feature","properties":{"form":"other"},"geometry":{"type":"Polygon","coordinates":[[[-79.343015,43.6640603],[-79.3427428,43.6641195],[-79.3426703,43.6639449],[-79.3429425,43.6638857],[-79.343015,43.6640603]]]}},{"type":"Feature","properties":{"form":"houses"},"geometry":{"type":"Polygon","coordinates":[[[-79.3437084,43.663815],[-79.3436902,43.663848],[-79.3431138,43.6640069],[-79.3430542,43.6638604],[-79.3436685,43.6637181],[-79.3437084,43.663815]]]}},{"type":"Feature","properties":{"form":"other"},"geometry":{"type":"Polygon","coordinates":[[[-79.4115888,43.6526311],[-79.4116876,43.6528787],[-79.4118396,43.652847],[-79.4117403,43.6525983],[-79.4115888,43.6526311]]]}},{"type":"Feature","properties":{"form":"other"},"geometry":{"type":"Polygon","coordinates":[[[-79.4115433,43.6521044],[-79.411643,43.6523544],[-79.4114916,43.6523874],[-79.4113909,43.6521351],[-79.4115433,43.6521044]]]}},{"type":"Feature","properties":{"form":"other"},"geometry":{"type":"Polygon","coordinates":[[[-79.4113909,43.6521351],[-79.4113145,43.6519435],[-79.4114664,43.6519118],[-79.4115433,43.6521044],[-79.4113909,43.6521351]]]}},{"type":"Feature","properties":{"form":"other"},"geometry":{"type":"Polygon","coordinates":[[[-79.4115888,43.6526311],[-79.4114916,43.6523874],[-79.411643,43.6523544],[-79.4117403,43.6525983],[-79.4115888,43.6526311]]]}},{"type":"Feature","properties":{"form":"apartments"},"geometry":{"type":"Polygon","coordinates":[[[-79.4447437,43.6500303],[-79.4445743,43.6495895],[-79.444139,43.6496708],[-79.4441738,43.6497633],[-79.4442306,43.649751],[-79.444267,43.6498318],[-79.4444182,43.6498014],[-79.4444443,43.6498669],[-79.4441776,43.6499322],[-79.4443024,43.6500346],[-79.4443329,43.6501183],[-79.4447437,43.6500303]]]}},{"type":"Feature","properties":{"form":"other"},"geometry":{"type":"Polygon","coordinates":[[[-79.4379897,43.686682],[-79.4379209,43.6865445],[-79.4383022,43.6864644],[-79.4383462,43.6866072],[-79.4379897,43.686682]]]}},{"type":"Feature","properties":{"form":"other"},"geometry":{"type":"Polygon","coordinates":[[[-79.3539421,43.6653893],[-79.3538982,43.6652933],[-79.3537843,43.6653205],[-79.3538053,43.6653666],[-79.3537623,43.6653769],[-79.3537851,43.6654269],[-79.3539421,43.6653893]]]}},{"type":"Feature","properties":{"form":"other"},"geometry":{"type":"Polygon","coordinates":[[[-79.4155724,43.6392638],[-79.4154272,43.6392637],[-79.4154187,43.6392382],[-79.4155613,43.6392374],[-79.4155724,43.6392638]]]}},{"type":"Feature","properties":{"form":"other"},"geometry":{"type":"Polygon","coordinates":[[[-79.41476,43.6393106],[-79.4146084,43.6393062],[-79.4145978,43.6392804],[-79.414751,43.6392863],[-79.41476,43.6393106]]]}},{"type":"Feature","properties":{"form":"other"},"geometry":{"type":"Polygon","coordinates":[[[-79.4207574,43.6391567],[-79.4208577,43.6394207],[-79.4204822,43.6394954],[-79.4203819,43.6392315],[-79.4207574,43.6391567]]]}},{"type":"Feature","properties":{"form":"apartments"},"geometry":{"type":"Polygon","coordinates":[[[-79.3939332,43.6452685],[-79.3939668,43.6453391],[-79.3940075,43.6453305],[-79.394097,43.6455514],[-79.3939267,43.6455812],[-79.3938109,43.6452882],[-79.3939332,43.6452685]]]}},{"type":"Feature","properties":{"form":"apartments"},"geometry":{"type":"Polygon","coordinates":[[[-79.3925118,43.6455533],[-79.3926478,43.6458669],[-79.3923898,43.6459241],[-79.3922536,43.6456107],[-79.3925118,43.6455533]]]}},{"type":"Feature","properties":{"form":"apartments"},"geometry":{"type":"Polygon","coordinates":[[[-79.3925817,43.6455374],[-79.3927169,43.6458493],[-79.3927216,43.6458601],[-79.3926518,43.645876],[-79.3925118,43.6455533],[-79.3925817,43.6455374]]]}},{"type":"Feature","properties":{"form":"other"},"geometry":{"type":"Polygon","coordinates":[[[-79.3926808,43.6455853],[-79.3927851,43.6458258],[-79.3927882,43.6458331],[-79.3927169,43.6458493],[-79.3926095,43.6456015],[-79.3926808,43.6455853]]]}},{"type":"Feature","properties":{"form":"other"},"geometry":{"type":"Polygon","coordinates":[[[-79.4274625,43.6618569],[-79.4273977,43.6616931],[-79.4274841,43.6616768],[-79.4275485,43.6618381],[-79.4274625,43.6618569]]]}},{"type":"Feature","properties":{"form":"other"},"geometry":{"type":"Polygon","coordinates":[[[-79.4276838,43.6619537],[-79.4276057,43.66197],[-79.4274841,43.6616768],[-79.4275552,43.6616619],[-79.4276838,43.6619537]]]}},{"type":"Feature","properties":{"form":"other"},"geometry":{"type":"Polygon","coordinates":[[[-79.4276271,43.6616485],[-79.4275552,43.6616619],[-79.4276838,43.6619537],[-79.4277495,43.6619398],[-79.4276271,43.6616485]]]}},{"type":"Feature","properties":{"form":"other"},"geometry":{"type":"Polygon","coordinates":[[[-79.4279794,43.661667],[-79.4279071,43.6616816],[-79.4278698,43.6615915],[-79.4279422,43.6615769],[-79.4279794,43.661667]]]}},{"type":"Feature","properties":{"form":"apartments"},"geometry":{"type":"Polygon","coordinates":[[[-79.3696161,43.6454659],[-79.3686761,43.6456779],[-79.3684262,43.6450803],[-79.3685663,43.645072],[-79.3686482,43.645038],[-79.3687722,43.645039],[-79.3688111,43.6450089],[-79.3688513,43.6450737],[-79.369018,43.6450206],[-79.3690481,43.6449522],[-79.3690358,43.6449228],[-79.3693228,43.6447823],[-79.3696161,43.6454659]]]}},{"type":"Feature","properties":{"form":"other"},"geometry":{"type":"Polygon","coordinates":[[[-79.3805222,43.6786776],[-79.3804008,43.6786677],[-79.3804158,43.6786158],[-79.3803205,43.6786012],[-79.3803341,43.678558],[-79.3802147,43.6785405],[-79.380208,43.6785114],[-79.3802476,43.6784974],[-79.3802637,43.6784474],[-79.3805547,43.6784915],[-79.3805222,43.6786776]]]}},{"type":"Feature","properties":{"form":"other"},"geometry":{"type":"Polygon","coordinates":[[[-79.4153221,43.6484819],[-79.4154297,43.6484458],[-79.4154395,43.6484708],[-79.4154692,43.6484648],[-79.4154596,43.6484401],[-79.4154814,43.6484249],[-79.4156333,43.6484063],[-79.4156431,43.6484316],[-79.4157041,43.6484192],[-79.4157495,43.648536],[-79.4156214,43.6485621],[-79.4156556,43.6486501],[-79.4156328,43.6486548],[-79.4156432,43.6486816],[-79.4155673,43.6486971],[-79.4155228,43.6485828],[-79.4154092,43.6486059],[-79.4154001,43.6485825],[-79.4153417,43.6485944],[-79.4153221,43.6484819]]]}},{"type":"Feature","properties":{"form":"other"},"geometry":{"type":"Polygon","coordinates":[[[-79.3914064,43.6452204],[-79.3914963,43.6454352],[-79.3918843,43.6453551],[-79.3917993,43.6451394],[-79.3914064,43.6452204]]]}},{"type":"Feature","properties":{"form":"apartments"},"geometry":{"type":"Polygon","coordinates":[[[-79.4535061,43.6621213],[-79.4538811,43.6620431],[-79.4538296,43.6619137],[-79.4534546,43.6619919],[-79.4535061,43.6621213]]]}},{"type":"Feature","properties":{"form":"apartments"},"geometry":{"type":"Polygon","coordinates":[[[-79.4532841,43.6616413],[-79.4535424,43.6615867],[-79.4535127,43.661513],[-79.4534566,43.6615249],[-79.4534347,43.6614705],[-79.4532324,43.6615133],[-79.4532841,43.6616413]]]}},{"type":"Feature","properties":{"form":"apartments"},"geometry":{"type":"Polygon","coordinates":[[[-79.4534083,43.6618941],[-79.4537702,43.6618227],[-79.4536946,43.6616946],[-79.4533581,43.6617609],[-79.4534083,43.6618941]]]}},{"type":"Feature","properties":{"form":"other"},"geometry":{"type":"Polygon","coordinates":[[[-79.452961,43.676079],[-79.452888,43.67591],[-79.453104,43.67586],[-79.453177,43.67603],[-79.452961,43.676079]]]}},{"type":"Feature","properties":{"form":"houses"},"geometry":{"type":"Polygon","coordinates":[[[-79.3479661,43.6607295],[-79.3479356,43.6607363],[-79.3479039,43.6606614],[-79.3480734,43.6606239],[-79.3481552,43.6607609],[-79.3479944,43.6607965],[-79.3479661,43.6607295]]]}},{"type":"Feature","properties":{"form":"houses"},"geometry":{"type":"Polygon","coordinates":[[[-79.3482337,43.6610277],[-79.3483158,43.6611619],[-79.3482921,43.6611673],[-79.3483252,43.6612428],[-79.348155,43.661282],[-79.3481218,43.6612066],[-79.3481473,43.6612007],[-79.3480663,43.6610662],[-79.3482337,43.6610277]]]}},{"type":"Feature","properties":{"form":"houses"},"geometry":{"type":"Polygon","coordinates":[[[-79.3481795,43.6608549],[-79.3481602,43.6608591],[-79.3481914,43.6609344],[-79.3482138,43.6609295],[-79.3482416,43.6609966],[-79.3480806,43.6610315],[-79.3480528,43.6609645],[-79.3480216,43.6609712],[-79.3479871,43.6608219],[-79.348151,43.6607863],[-79.3481795,43.6608549]]]}},{"type":"Feature","properties":{"form":"houses"},"geometry":{"type":"Polygon","coordinates":[[[-79.3483918,43.6614098],[-79.3484141,43.6614049],[-79.3484419,43.6614719],[-79.3482809,43.6615069],[-79.3482531,43.6614398],[-79.348222,43.6614466],[-79.3481874,43.6612972],[-79.3483514,43.6612616],[-79.3483918,43.6614098]]]}},{"type":"Feature","properties":{"form":"houses"},"geometry":{"type":"Polygon","coordinates":[[[-79.3478039,43.6613511],[-79.347628,43.6613893],[-79.3475528,43.6612505],[-79.3475702,43.6612467],[-79.3475417,43.6611781],[-79.3477134,43.6611409],[-79.3477599,43.6612876],[-79.3477761,43.6612841],[-79.3478039,43.6613511]]]}},{"type":"Feature","properties":{"form":"houses"},"geometry":{"type":"Polygon","coordinates":[[[-79.3476809,43.6610414],[-79.3476615,43.6610457],[-79.3476933,43.6611212],[-79.3475227,43.6611589],[-79.3474908,43.6610834],[-79.3475201,43.661077],[-79.3474916,43.6610093],[-79.347461,43.6610161],[-79.3474259,43.6608668],[-79.3475896,43.6608306],[-79.3476306,43.6609786],[-79.3476524,43.6609738],[-79.3476809,43.6610414]]]}},{"type":"Feature","properties":{"form":"houses"},"geometry":{"type":"Polygon","coordinates":[[[-79.3478186,43.6614398],[-79.3478395,43.661435],[-79.3478717,43.6615082],[-79.3478481,43.6615136],[-79.3478812,43.6615891],[-79.3477109,43.6616283],[-79.3476777,43.6615528],[-79.3477032,43.661547],[-79.3476223,43.6614125],[-79.3477897,43.661374],[-79.3478186,43.6614398]]]}},{"type":"Feature","properties":{"form":"apartments"},"geometry":{"type":"Polygon","coordinates":[[[-79.46273,43.6546812],[-79.4634897,43.6544974],[-79.4635467,43.6546381],[-79.4637918,43.6545861],[-79.4635683,43.6540572],[-79.463096,43.6541635],[-79.4631277,43.6542429],[-79.4630827,43.6542543],[-79.4630612,43.6543703],[-79.4628819,43.6544109],[-79.4628053,43.6542278],[-79.462562,43.6542759],[-79.46273,43.6546812]]]}},{"type":"Feature","properties":{"form":"apartments"},"geometry":{"type":"Polygon","coordinates":[[[-79.3560471,43.6520722],[-79.3560048,43.6520818],[-79.3559575,43.6519736],[-79.3560003,43.6519639],[-79.3560471,43.6520722]]]}},{"type":"Feature","properties":{"form":"apartments"},"geometry":{"type":"Polygon","coordinates":[[[-79.3581166,43.6534034],[-79.3579147,43.6529474],[-79.3572926,43.6530897],[-79.3574724,43.6534958],[-79.3573827,43.6535165],[-79.3574056,43.6535682],[-79.3581166,43.6534034]]]}},{"type":"Feature","properties":{"form":"apartments"},"geometry":{"type":"Polygon","coordinates":[[[-79.3553302,43.6550577],[-79.3547897,43.655398],[-79.3546368,43.6552559],[-79.3547644,43.6550013],[-79.355157,43.6549121],[-79.3553302,43.6550577]]]}},{"type":"Feature","properties":{"form":"apartments"},"geometry":{"type":"Polygon","coordinates":[[[-79.3555581,43.6565765],[-79.355583,43.6564904],[-79.355071,43.655992],[-79.3546439,43.6561899],[-79.3552242,43.6567466],[-79.3552599,43.656746],[-79.3555186,43.6565978],[-79.3556963,43.6567051],[-79.3557317,43.6566831],[-79.3555581,43.6565765]]]}},{"type":"Feature","properties":{"form":"houses"},"geometry":{"type":"Polygon","coordinates":[[[-79.3327288,43.6645216],[-79.3325627,43.664555],[-79.3324822,43.6643455],[-79.3326484,43.6643121],[-79.3327288,43.6645216]]]}},{"type":"Feature","properties":{"form":"houses"},"geometry":{"type":"Polygon","coordinates":[[[-79.3328899,43.6648784],[-79.332717,43.6649186],[-79.3326262,43.6647145],[-79.3327992,43.6646742],[-79.3328899,43.6648784]]]}},{"type":"Feature","properties":{"form":"houses"},"geometry":{"type":"Polygon","coordinates":[[[-79.3331832,43.6648025],[-79.3330214,43.6648377],[-79.3328826,43.6645029],[-79.3330443,43.6644678],[-79.3331832,43.6648025]]]}},{"type":"Feature","properties":{"form":"houses"},"geometry":{"type":"Polygon","coordinates":[[[-79.332636,43.6642981],[-79.3324577,43.6643344],[-79.332399,43.6641837],[-79.3325774,43.6641474],[-79.332636,43.6642981]]]}},{"type":"Feature","properties":{"form":"houses"},"geometry":{"type":"Polygon","coordinates":[[[-79.3323187,43.6643685],[-79.3321574,43.664404],[-79.3320943,43.6642538],[-79.3322556,43.6642184],[-79.3323187,43.6643685]]]}},{"type":"Feature","properties":{"form":"houses"},"geometry":{"type":"Polygon","coordinates":[[[-79.332876,43.6644962],[-79.3327219,43.6641202],[-79.3328785,43.6640859],[-79.3330409,43.6644584],[-79.332876,43.6644962]]]}},{"type":"Feature","properties":{"form":"houses"},"geometry":{"type":"Polygon","coordinates":[[[-79.3324259,43.6645929],[-79.3322595,43.6646294],[-79.3321683,43.6644121],[-79.3323347,43.6643755],[-79.3324259,43.6645929]]]}},{"type":"Feature","properties":{"form":"apartments"},"geometry":{"type":"Polygon","coordinates":[[[-79.3982287,43.6791217],[-79.3980898,43.6788213],[-79.3980251,43.6788065],[-79.3978239,43.6788501],[-79.3977914,43.678879],[-79.3979163,43.6791905],[-79.3982287,43.6791217]]]}},{"type":"Feature","properties":{"form":"other"},"geometry":{"type":"Polygon","coordinates":[[[-79.3722668,43.6167995],[-79.3722125,43.6168252],[-79.3721852,43.616795],[-79.3722396,43.6167693],[-79.3722668,43.6167995]]]}},{"type":"Feature","properties":{"form":"other"},"geometry":{"type":"Polygon","coordinates":[[[-79.3552877,43.6310184],[-79.3551699,43.631002],[-79.3551946,43.6309089],[-79.3553089,43.6309386],[-79.3552877,43.6310184]]]}},{"type":"Feature","properties":{"form":"other"},"geometry":{"type":"Polygon","coordinates":[[[-79.3263458,43.6581439],[-79.3260498,43.6582982],[-79.326198,43.658447],[-79.3261603,43.6584667],[-79.3262221,43.6585288],[-79.32554,43.6588843],[-79.3254919,43.6588359],[-79.3253357,43.6589173],[-79.3252557,43.658837],[-79.324854,43.6590464],[-79.324774,43.658966],[-79.324448,43.6591359],[-79.3240554,43.6587415],[-79.3239314,43.6588061],[-79.3237895,43.6586637],[-79.3260111,43.6575059],[-79.3261496,43.657645],[-79.3259517,43.6577481],[-79.3263458,43.6581439]]]}},{"type":"Feature","properties":{"form":"other"},"geometry":{"type":"Polygon","coordinates":[[[-79.3266239,43.6583523],[-79.3267968,43.6585329],[-79.326483,43.6586901],[-79.3263101,43.6585095],[-79.3266239,43.6583523]]]}},{"type":"Feature","properties":{"form":"other"},"geometry":{"type":"Polygon","coordinates":[[[-79.4286096,43.6323372],[-79.4280816,43.6324687],[-79.4280728,43.6324467],[-79.4279694,43.6324682],[-79.4279471,43.6324123],[-79.4278921,43.6324237],[-79.4279028,43.6324507],[-79.4277857,43.6324751],[-79.4277529,43.6323928],[-79.4277953,43.6323839],[-79.4277015,43.6321486],[-79.4276335,43.6321628],[-79.4275803,43.6320771],[-79.4276604,43.6320611],[-79.4276172,43.6318674],[-79.4277647,43.6318509],[-79.4277712,43.6318659],[-79.4284313,43.6317228],[-79.4285063,43.6319238],[-79.4284507,43.6319349],[-79.4286096,43.6323372]]]}},{"type":"Feature","properties":{"form":"houses"},"geometry":{"type":"Polygon","coordinates":[[[-79.3996865,43.651126],[-79.3995863,43.6508929],[-79.3996155,43.6508865],[-79.3995771,43.6507247],[-79.3997178,43.6506935],[-79.3997392,43.6507439],[-79.3996375,43.6507664],[-79.3997965,43.6511014],[-79.3997303,43.6511167],[-79.3997665,43.651206],[-79.3997286,43.651214],[-79.3997449,43.6512542],[-79.3997907,43.6512733],[-79.399808,43.6512496],[-79.3999274,43.6512943],[-79.399877,43.6513648],[-79.3996841,43.6512892],[-79.3996233,43.6511394],[-79.3996865,43.651126]]]}},{"type":"Feature","properties":{"form":"other"},"geometry":{"type":"Polygon","coordinates":[[[-79.3941063,43.6704728],[-79.3940272,43.6702682],[-79.3937288,43.6703312],[-79.3938159,43.670534],[-79.3941063,43.6704728]]]}},{"type":"Feature","properties":{"form":"apartments"},"geometry":{"type":"Polygon","coordinates":[[[-79.4121328,43.6389171],[-79.4124896,43.63885],[-79.4123716,43.6385269],[-79.4123345,43.6385335],[-79.4122756,43.6383721],[-79.4122506,43.6383609],[-79.4120959,43.6383517],[-79.4120907,43.6383864],[-79.4120075,43.6383815],[-79.411976,43.6385673],[-79.4119323,43.6386132],[-79.4118547,43.6386281],[-79.4118614,43.6386519],[-79.4118215,43.6386588],[-79.4118539,43.6387472],[-79.4119571,43.6387453],[-79.4121328,43.6389171]]]}},{"type":"Feature","properties":{"form":"apartments"},"geometry":{"type":"Polygon","coordinates":[[[-79.4065725,43.6430178],[-79.4063685,43.6424905],[-79.4061727,43.6425302],[-79.4063358,43.6429517],[-79.4063106,43.6429568],[-79.4063516,43.6430626],[-79.4065725,43.6430178]]]}},{"type":"Feature","properties":{"form":"apartments"},"geometry":{"type":"Polygon","coordinates":[[[-79.4049027,43.642943],[-79.4048141,43.6427196],[-79.4047952,43.6427233],[-79.4047547,43.6425727],[-79.4047349,43.6425766],[-79.4047045,43.6424328],[-79.4045413,43.6424646],[-79.4045821,43.6426246],[-79.4046005,43.642621],[-79.4046228,43.642681],[-79.4046027,43.6426849],[-79.4046316,43.6427626],[-79.4046548,43.6427581],[-79.4046821,43.6428313],[-79.4046614,43.6428353],[-79.4047342,43.6429759],[-79.4049027,43.642943]]]}},{"type":"Feature","properties":{"form":"other"},"geometry":{"type":"Polygon","coordinates":[[[-79.3276809,43.6886581],[-79.3276279,43.6885216],[-79.3275053,43.6885465],[-79.3275772,43.688704],[-79.3276809,43.6886581]]]}},{"type":"Feature","properties":{"form":"apartments"},"geometry":{"type":"Polygon","coordinates":[[[-79.3646753,43.6451906],[-79.3643068,43.6453187],[-79.3635664,43.6442021],[-79.3639306,43.6440688],[-79.3646753,43.6451906]]]}},{"type":"Feature","properties":{"form":"apartments"},"geometry":{"type":"Polygon","coordinates":[[[-79.3980507,43.6463497],[-79.3981231,43.646538],[-79.3972407,43.6467165],[-79.3971656,43.6465224],[-79.3980507,43.6463497]]]}},{"type":"Feature","properties":{"form":"apartments"},"geometry":{"type":"Polygon","coordinates":[[[-79.3824195,43.6505734],[-79.3823323,43.6503711],[-79.381791,43.6504933],[-79.3818774,43.6506939],[-79.3824195,43.6505734]]]}},{"type":"Feature","properties":{"form":"houses"},"geometry":{"type":"Polygon","coordinates":[[[-79.4542224,43.6617723],[-79.4536753,43.6612196],[-79.453538,43.6612887],[-79.4539322,43.6616908],[-79.453959,43.6616767],[-79.4539972,43.661715],[-79.453949,43.6617408],[-79.4540046,43.6618645],[-79.4540824,43.6618791],[-79.4542224,43.6617723]]]}},{"type":"Feature","properties":{"form":"apartments"},"geometry":{"type":"Polygon","coordinates":[[[-79.4777493,43.6268471],[-79.4771951,43.6267493],[-79.4769966,43.6266624],[-79.4771429,43.6262227],[-79.4772485,43.6262402],[-79.4772206,43.6261809],[-79.4772961,43.6260873],[-79.4771931,43.6260691],[-79.4772434,43.6259144],[-79.4780876,43.6261658],[-79.47792,43.6264367],[-79.4778144,43.6264091],[-79.4778613,43.6263181],[-79.4776568,43.6262561],[-79.4776675,43.6262382],[-79.477624,43.6262251],[-79.4774738,43.6262923],[-79.4773775,43.6262945],[-79.4773467,43.6263775],[-79.4773732,43.6263816],[-79.4772806,43.6265814],[-79.4777121,43.6266353],[-79.4777792,43.6264964],[-79.4778798,43.6265246],[-79.4778107,43.6266522],[-79.4778425,43.626658],[-79.4777493,43.6268471]]]}},{"type":"Feature","properties":{"form":"apartments"},"geometry":{"type":"Polygon","coordinates":[[[-79.3767559,43.6486281],[-79.3766496,43.648341],[-79.3770476,43.6482561],[-79.3769788,43.6480866],[-79.3769214,43.6480988],[-79.3769094,43.6480663],[-79.3765727,43.6481405],[-79.3765848,43.6481701],[-79.3765229,43.6481842],[-79.3765099,43.6481506],[-79.376205,43.6482192],[-79.3762631,43.6483637],[-79.3763404,43.6483463],[-79.3764828,43.6486857],[-79.3767559,43.6486281]]]}},{"type":"Feature","properties":{"form":"houses"},"geometry":{"type":"Polygon","coordinates":[[[-79.3584249,43.6291967],[-79.3583047,43.629306],[-79.3582102,43.6292516],[-79.3583304,43.6291423],[-79.3584249,43.6291967]]]}},{"type":"Feature","properties":{"form":"houses"},"geometry":{"type":"Polygon","coordinates":[[[-79.3585753,43.6292638],[-79.3584364,43.629377],[-79.3583585,43.6293334],[-79.3583977,43.6292967],[-79.358378,43.6292856],[-79.3584666,43.6292028],[-79.3585753,43.6292638]]]}},{"type":"Feature","properties":{"form":"houses"},"geometry":{"type":"Polygon","coordinates":[[[-79.3581907,43.6291919],[-79.3582934,43.6290981],[-79.3581995,43.6290443],[-79.3580968,43.6291381],[-79.3581907,43.6291919]]]}},{"type":"Feature","properties":{"form":"houses"},"geometry":{"type":"Polygon","coordinates":[[[-79.3585594,43.6294667],[-79.3584699,43.6294163],[-79.3586241,43.6292726],[-79.3587136,43.6293229],[-79.3585594,43.6294667]]]}},{"type":"Feature","properties":{"form":"houses"},"geometry":{"type":"Polygon","coordinates":[[[-79.3589044,43.6294227],[-79.3588013,43.6295264],[-79.3587012,43.6294743],[-79.3588043,43.6293706],[-79.3589044,43.6294227]]]}},{"type":"Feature","properties":{"form":"houses"},"geometry":{"type":"Polygon","coordinates":[[[-79.3591972,43.6295776],[-79.3590969,43.6296665],[-79.3588694,43.6295319],[-79.3589696,43.6294431],[-79.3591972,43.6295776]]]}},{"type":"Feature","properties":{"form":"other"},"geometry":{"type":"Polygon","coordinates":[[[-79.358771,43.6297114],[-79.3586515,43.6298152],[-79.3584867,43.6297158],[-79.3586062,43.6296121],[-79.358771,43.6297114]]]}},{"type":"Feature","properties":{"form":"other"},"geometry":{"type":"Polygon","coordinates":[[[-79.3589156,43.6297971],[-79.3588828,43.6298261],[-79.3589071,43.6298405],[-79.3588204,43.6299172],[-79.3587181,43.6298567],[-79.3587429,43.6298348],[-79.3586964,43.6298073],[-79.3587911,43.6297234],[-79.3589156,43.6297971]]]}},{"type":"Feature","properties":{"form":"other"},"geometry":{"type":"Polygon","coordinates":[[[-79.3638273,43.6590874],[-79.3633019,43.6592027],[-79.3632612,43.6591055],[-79.3637865,43.6589902],[-79.3638273,43.6590874]]]}},{"type":"Feature","properties":{"form":"other"},"geometry":{"type":"Polygon","coordinates":[[[-79.3638792,43.6586638],[-79.3640414,43.6590354],[-79.3639129,43.6590648],[-79.3637506,43.6586932],[-79.3638792,43.6586638]]]}},{"type":"Feature","properties":{"form":"other"},"geometry":{"type":"Polygon","coordinates":[[[-79.3637126,43.6587985],[-79.3631846,43.6589128],[-79.3631389,43.6588021],[-79.3636668,43.6586879],[-79.3637126,43.6587985]]]}},{"type":"Feature","properties":{"form":"other"},"geometry":{"type":"Polygon","coordinates":[[[-79.3630433,43.6588342],[-79.363198,43.6592191],[-79.3628256,43.6592974],[-79.3626709,43.6589126],[-79.3630433,43.6588342]]]}},{"type":"Feature","properties":{"form":"houses"},"geometry":{"type":"Polygon","coordinates":[[[-79.3590664,43.6600842],[-79.3599813,43.6598749],[-79.3600394,43.6600077],[-79.3591245,43.6602172],[-79.3590664,43.6600842]]]}},{"type":"Feature","properties":{"form":"apartments"},"geometry":{"type":"Polygon","coordinates":[[[-79.3625915,43.6593731],[-79.361601,43.6595873],[-79.3615423,43.6594467],[-79.3617951,43.6593837],[-79.3617542,43.6592813],[-79.3616266,43.6593108],[-79.3616161,43.6592634],[-79.3616382,43.6592585],[-79.3615967,43.6591653],[-79.3624255,43.6589714],[-79.3625915,43.6593731]]]}},{"type":"Feature","properties":{"form":"apartments"},"geometry":{"type":"Polygon","coordinates":[[[-79.3544586,43.6612407],[-79.3545565,43.6615637],[-79.3543607,43.6616646],[-79.3540127,43.6617101],[-79.353837,43.6611621],[-79.353788,43.6611693],[-79.3536978,43.6608842],[-79.3542219,43.6608065],[-79.3543776,43.6612549],[-79.3544586,43.6612407]]]}},{"type":"Feature","properties":{"form":"other"},"geometry":{"type":"Polygon","coordinates":[[[-79.3589963,43.6604551],[-79.3588879,43.6604514],[-79.3584819,43.6605615],[-79.3584152,43.6605989],[-79.358089,43.660655],[-79.358203,43.6609181],[-79.3581851,43.6609222],[-79.3582125,43.6610316],[-79.3582421,43.6610558],[-79.3591237,43.6608518],[-79.3589925,43.6605545],[-79.3589963,43.6604551]]]}},{"type":"Feature","properties":{"form":"other"},"geometry":{"type":"Polygon","coordinates":[[[-79.3305064,43.6315759],[-79.3303146,43.6315303],[-79.3303403,43.6314737],[-79.3305321,43.6315193],[-79.3305064,43.6315759]]]}},{"type":"Feature","properties":{"form":"other"},"geometry":{"type":"Polygon","coordinates":[[[-79.3308222,43.631888],[-79.3307981,43.6319562],[-79.3306957,43.6319247],[-79.3307107,43.6318825],[-79.3308222,43.631888]]]}},{"type":"Feature","properties":{"form":"other"},"geometry":{"type":"Polygon","coordinates":[[[-79.4430141,43.6481251],[-79.4429765,43.6480267],[-79.4431324,43.6479956],[-79.4431431,43.6480238],[-79.4431686,43.6480188],[-79.4431953,43.6480889],[-79.4430141,43.6481251]]]}},{"type":"Feature","properties":{"form":"other"},"geometry":{"type":"Polygon","coordinates":[[[-79.4427192,43.6480753],[-79.4423115,43.6481592],[-79.4424101,43.648411],[-79.4428175,43.6483275],[-79.4427192,43.6480753]]]}},{"type":"Feature","properties":{"form":"apartments"},"geometry":{"type":"Polygon","coordinates":[[[-79.4454033,43.6548039],[-79.4451607,43.6548512],[-79.4450007,43.6544215],[-79.4452434,43.6543741],[-79.4454033,43.6548039]]]}},{"type":"Feature","properties":{"form":"apartments"},"geometry":{"type":"Polygon","coordinates":[[[-79.356068,43.6522245],[-79.355905,43.6522622],[-79.3558252,43.6520819],[-79.3559882,43.6520442],[-79.356068,43.6522245]]]}},{"type":"Feature","properties":{"form":"other"},"geometry":{"type":"Polygon","coordinates":[[[-79.3393805,43.6506926],[-79.3390213,43.6508249],[-79.3389913,43.6507886],[-79.3379256,43.6512493],[-79.3376135,43.6508655],[-79.3383878,43.6505359],[-79.3381852,43.650283],[-79.338338,43.6502173],[-79.3385012,43.6504264],[-79.338754,43.6503196],[-79.3388115,43.6503882],[-79.3390128,43.6503021],[-79.3392351,43.6505723],[-79.339271,43.650559],[-79.3393805,43.6506926]]]}},{"type":"Feature","properties":{"form":"other"},"geometry":{"type":"Polygon","coordinates":[[[-79.3408176,43.649816],[-79.3409867,43.650027],[-79.3405748,43.6501998],[-79.3404058,43.6499889],[-79.3408176,43.649816]]]}},{"type":"Feature","properties":{"form":"other"},"geometry":{"type":"Polygon","coordinates":[[[-79.3406181,43.649569],[-79.3407874,43.6497786],[-79.3403759,43.6499526],[-79.3402066,43.649743],[-79.3406181,43.649569]]]}},{"type":"Feature","properties":{"form":"other"},"geometry":{"type":"Polygon","coordinates":[[[-79.3404162,43.6493184],[-79.3405857,43.6495294],[-79.3401736,43.6497028],[-79.3400041,43.6494918],[-79.3404162,43.6493184]]]}},{"type":"Feature","properties":{"form":"other"},"geometry":{"type":"Polygon","coordinates":[[[-79.3398651,43.6487249],[-79.3395305,43.6488656],[-79.3393381,43.6486261],[-79.3396727,43.6484854],[-79.3398651,43.6487249]]]}},{"type":"Feature","properties":{"form":"other"},"geometry":{"type":"Polygon","coordinates":[[[-79.340188,43.6491225],[-79.3398551,43.6492652],[-79.3395787,43.6489276],[-79.3399116,43.6487849],[-79.340188,43.6491225]]]}},{"type":"Feature","properties":{"form":"other"},"geometry":{"type":"Polygon","coordinates":[[[-79.3407254,43.6533425],[-79.3407561,43.6534015],[-79.3407006,43.653425],[-79.3406422,43.6533776],[-79.3407254,43.6533425]]]}},{"type":"Feature","properties":{"form":"other"},"geometry":{"type":"Polygon","coordinates":[[[-79.4299715,43.6454549],[-79.4298495,43.6451423],[-79.4299715,43.6451016],[-79.4300605,43.6453362],[-79.4300366,43.645341],[-79.4300734,43.6454369],[-79.4299715,43.6454549]]]}},{"type":"Feature","properties":{"form":"other"},"geometry":{"type":"Polygon","coordinates":[[[-79.3749031,43.6409396],[-79.3747892,43.6407689],[-79.3746896,43.6408037],[-79.374823,43.6409676],[-79.3749031,43.6409396]]]}},{"type":"Feature","properties":{"form":"other"},"geometry":{"type":"Polygon","coordinates":[[[-79.3827604,43.6379589],[-79.3827235,43.6379623],[-79.3827148,43.6379139],[-79.3827518,43.6379104],[-79.3827604,43.6379589]]]}},{"type":"Feature","properties":{"form":"apartments"},"geometry":{"type":"Polygon","coordinates":[[[-79.4048103,43.6858302],[-79.4039481,43.6860057],[-79.403887,43.6858481],[-79.4044805,43.6857303],[-79.4044094,43.6855364],[-79.4046481,43.6854936],[-79.4048103,43.6858302]]]}},{"type":"Feature","properties":{"form":"apartments"},"geometry":{"type":"Polygon","coordinates":[[[-79.4666277,43.6819779],[-79.4665877,43.6818839],[-79.4669437,43.6818029],[-79.4670297,43.6818859],[-79.4666277,43.6819779]]]}},{"type":"Feature","properties":{"form":"other"},"geometry":{"type":"Polygon","coordinates":[[[-79.4334047,43.6450997],[-79.4333692,43.6451438],[-79.4332337,43.6451686],[-79.4331861,43.6451463],[-79.43316,43.6451759],[-79.4328388,43.6450269],[-79.4329588,43.6448901],[-79.4334047,43.6450997]]]}},{"type":"Feature","properties":{"form":"apartments"},"geometry":{"type":"Polygon","coordinates":[[[-79.4309666,43.6427611],[-79.4310176,43.6428972],[-79.430831,43.6429338],[-79.4308425,43.6429644],[-79.430727,43.6429871],[-79.4307164,43.6429587],[-79.430682,43.6429661],[-79.4307082,43.6430352],[-79.4304784,43.6430809],[-79.4304522,43.6430118],[-79.4303788,43.6430268],[-79.4303264,43.6428869],[-79.4309666,43.6427611]]]}},{"type":"Feature","properties":{"form":"apartments"},"geometry":{"type":"Polygon","coordinates":[[[-79.4332661,43.6441978],[-79.4332831,43.6442411],[-79.4332674,43.6442585],[-79.43314,43.6442846],[-79.4330477,43.6442817],[-79.4330335,43.6442454],[-79.4332661,43.6441978]]]}},{"type":"Feature","properties":{"form":"apartments"},"geometry":{"type":"Polygon","coordinates":[[[-79.4327424,43.6428133],[-79.4322832,43.6429053],[-79.43215,43.6425572],[-79.4322758,43.642532],[-79.4323307,43.6426756],[-79.4323642,43.6426689],[-79.432378,43.6427049],[-79.4326779,43.6426448],[-79.4327424,43.6428133]]]}},{"type":"Feature","properties":{"form":"other"},"geometry":{"type":"Polygon","coordinates":[[[-79.4322832,43.6429053],[-79.43215,43.6425572],[-79.4318044,43.6426263],[-79.4319375,43.6429745],[-79.4322832,43.6429053]]]}},{"type":"Feature","properties":{"form":"apartments"},"geometry":{"type":"Polygon","coordinates":[[[-79.4316008,43.6429906],[-79.4314906,43.642706],[-79.4311378,43.6427775],[-79.4312373,43.6430346],[-79.4314893,43.6429835],[-79.4314999,43.6430111],[-79.4316008,43.6429906]]]}},{"type":"Feature","properties":{"form":"other"},"geometry":{"type":"Polygon","coordinates":[[[-79.4312053,43.6433936],[-79.4311383,43.6434052],[-79.4308513,43.6432713],[-79.4308425,43.6432441],[-79.4311222,43.6431878],[-79.4312053,43.6433936]]]}},{"type":"Feature","properties":{"form":"other"},"geometry":{"type":"Polygon","coordinates":[[[-79.4366794,43.646648],[-79.4366351,43.6466206],[-79.4366029,43.6466267],[-79.4366157,43.6466614],[-79.4366794,43.646648]]]}},{"type":"Feature","properties":{"form":"apartments"},"geometry":{"type":"Polygon","coordinates":[[[-79.4475979,43.6525974],[-79.4472738,43.652448],[-79.4471731,43.6525624],[-79.4474972,43.6527118],[-79.4475979,43.6525974]]]}},{"type":"Feature","properties":{"form":"other"},"geometry":{"type":"Polygon","coordinates":[[[-79.4303555,43.6456044],[-79.4303389,43.6455594],[-79.4302538,43.645576],[-79.4302705,43.6456209],[-79.4303555,43.6456044]]]}},{"type":"Feature","properties":{"form":"other"},"geometry":{"type":"Polygon","coordinates":[[[-79.4303389,43.6455594],[-79.430323,43.6455168],[-79.4302437,43.6455322],[-79.4302596,43.6455748],[-79.4303389,43.6455594]]]}},{"type":"Feature","properties":{"form":"other"},"geometry":{"type":"Polygon","coordinates":[[[-79.4303032,43.645476],[-79.430288,43.645435],[-79.4302315,43.6454459],[-79.4302418,43.6454738],[-79.4303032,43.645476]]]}},{"type":"Feature","properties":{"form":"other"},"geometry":{"type":"Polygon","coordinates":[[[-79.430323,43.6455168],[-79.4302263,43.6455356],[-79.4302108,43.645494],[-79.4303076,43.6454752],[-79.430323,43.6455168]]]}},{"type":"Feature","properties":{"form":"other"},"geometry":{"type":"Polygon","coordinates":[[[-79.4301839,43.6454964],[-79.4301681,43.6454556],[-79.429974,43.645495],[-79.4299898,43.6455358],[-79.4301839,43.6454964]]]}},{"type":"Feature","properties":{"form":"other"},"geometry":{"type":"Polygon","coordinates":[[[-79.4301999,43.6455378],[-79.4300058,43.6455771],[-79.4299898,43.6455358],[-79.4301839,43.6454964],[-79.4301999,43.6455378]]]}},{"type":"Feature","properties":{"form":"other"},"geometry":{"type":"Polygon","coordinates":[[[-79.4302141,43.6455831],[-79.4302004,43.6455478],[-79.4300058,43.6455771],[-79.4300231,43.6456218],[-79.4302141,43.6455831]]]}},{"type":"Feature","properties":{"form":"other"},"geometry":{"type":"Polygon","coordinates":[[[-79.4302254,43.6456124],[-79.4300407,43.6456674],[-79.4300231,43.6456218],[-79.4302141,43.6455831],[-79.4302254,43.6456124]]]}},{"type":"Feature","properties":{"form":"other"},"geometry":{"type":"Polygon","coordinates":[[[-79.4302502,43.6456672],[-79.430235,43.645628],[-79.4300407,43.6456674],[-79.4300559,43.6457065],[-79.4302502,43.6456672]]]}},{"type":"Feature","properties":{"form":"other"},"geometry":{"type":"Polygon","coordinates":[[[-79.4302095,43.6457252],[-79.430204,43.6457111],[-79.4302626,43.6456993],[-79.4302502,43.6456672],[-79.4300559,43.6457065],[-79.4300737,43.6457527],[-79.4302095,43.6457252]]]}},{"type":"Feature","properties":{"form":"other"},"geometry":{"type":"Polygon","coordinates":[[[-79.430087,43.6457871],[-79.4300737,43.6457527],[-79.4302707,43.6457215],[-79.4302809,43.6457478],[-79.430087,43.6457871]]]}},{"type":"Feature","properties":{"form":"other"},"geometry":{"type":"Polygon","coordinates":[[[-79.4302982,43.6457926],[-79.4301094,43.6458447],[-79.430087,43.6457871],[-79.4302809,43.6457478],[-79.4302982,43.6457926]]]}},{"type":"Feature","properties":{"form":"other"},"geometry":{"type":"Polygon","coordinates":[[[-79.4304268,43.6457797],[-79.4304073,43.6457294],[-79.4303015,43.6457508],[-79.430321,43.6458012],[-79.4304268,43.6457797]]]}},{"type":"Feature","properties":{"form":"other"},"geometry":{"type":"Polygon","coordinates":[[[-79.4304073,43.6457294],[-79.4303909,43.645687],[-79.4303005,43.6457053],[-79.4303107,43.6457317],[-79.4302773,43.6457384],[-79.4302834,43.6457545],[-79.4304073,43.6457294]]]}},{"type":"Feature","properties":{"form":"other"},"geometry":{"type":"Polygon","coordinates":[[[-79.4303664,43.6456458],[-79.4303829,43.6456886],[-79.430313,43.6457027],[-79.4302965,43.6456599],[-79.4303664,43.6456458]]]}},{"type":"Feature","properties":{"form":"other"},"geometry":{"type":"Polygon","coordinates":[[[-79.4238751,43.643272],[-79.4239351,43.6434611],[-79.4238111,43.6434864],[-79.4238018,43.6434625],[-79.42382,43.6434588],[-79.4237389,43.6432997],[-79.4238751,43.643272]]]}},{"type":"Feature","properties":{"form":"other"},"geometry":{"type":"Polygon","coordinates":[[[-79.4239998,43.6434211],[-79.4239463,43.643432],[-79.4238751,43.643272],[-79.4239368,43.6432594],[-79.4239998,43.6434211]]]}},{"type":"Feature","properties":{"form":"other"},"geometry":{"type":"Polygon","coordinates":[[[-79.4239986,43.6432468],[-79.4240497,43.6434109],[-79.4239998,43.6434211],[-79.4239368,43.6432594],[-79.4239986,43.6432468]]]}},{"type":"Feature","properties":{"form":"other"},"geometry":{"type":"Polygon","coordinates":[[[-79.4241252,43.6433957],[-79.4240616,43.6434087],[-79.4239986,43.6432468],[-79.4240621,43.6432338],[-79.4241252,43.6433957]]]}},{"type":"Feature","properties":{"form":"other"},"geometry":{"type":"Polygon","coordinates":[[[-79.424197,43.6433848],[-79.4241749,43.6433893],[-79.4241915,43.6434318],[-79.4241307,43.6434442],[-79.4240621,43.6432338],[-79.4241323,43.6432197],[-79.424197,43.6433848]]]}},{"type":"Feature","properties":{"form":"other"},"geometry":{"type":"Polygon","coordinates":[[[-79.4241914,43.6432076],[-79.4242791,43.6434313],[-79.4242423,43.6434389],[-79.4242339,43.6434176],[-79.424203,43.6434239],[-79.4241323,43.6432197],[-79.4241914,43.6432076]]]}},{"type":"Feature","properties":{"form":"other"},"geometry":{"type":"Polygon","coordinates":[[[-79.4242602,43.6431934],[-79.4243417,43.6434012],[-79.4242729,43.6434153],[-79.4241914,43.6432076],[-79.4242602,43.6431934]]]}},{"type":"Feature","properties":{"form":"other"},"geometry":{"type":"Polygon","coordinates":[[[-79.3631499,43.6579455],[-79.3630226,43.6579738],[-79.3629686,43.657847],[-79.363096,43.6578186],[-79.3631499,43.6579455]]]}},{"type":"Feature","properties":{"form":"other"},"geometry":{"type":"Polygon","coordinates":[[[-79.3634113,43.6575376],[-79.3631273,43.6575995],[-79.3630912,43.6575128],[-79.3633752,43.6574508],[-79.3634113,43.6575376]]]}},{"type":"Feature","properties":{"form":"other"},"geometry":{"type":"Polygon","coordinates":[[[-79.3629501,43.6576383],[-79.3628875,43.6575215],[-79.3630106,43.6574936],[-79.363054,43.6576142],[-79.3629501,43.6576383]]]}},{"type":"Feature","properties":{"form":"other"},"geometry":{"type":"Polygon","coordinates":[[[-79.3629343,43.6576395],[-79.3628649,43.6576546],[-79.3628176,43.65754],[-79.3628843,43.6575238],[-79.3629343,43.6576395]]]}},{"type":"Feature","properties":{"form":"apartments"},"geometry":{"type":"Polygon","coordinates":[[[-79.3995778,43.6367791],[-79.3997526,43.6372089],[-79.3991308,43.6373447],[-79.3992234,43.6375922],[-79.3988331,43.6376732],[-79.3987405,43.6374296],[-79.3986936,43.6374398],[-79.3985075,43.6370164],[-79.3995778,43.6367791]]]}},{"type":"Feature","properties":{"form":"other"},"geometry":{"type":"Polygon","coordinates":[[[-79.4229724,43.6434549],[-79.4230759,43.6437226],[-79.4228984,43.6437585],[-79.4227949,43.6434908],[-79.4229724,43.6434549]]]}},{"type":"Feature","properties":{"form":"other"},"geometry":{"type":"Polygon","coordinates":[[[-79.4232557,43.6436763],[-79.4230914,43.6437195],[-79.4230697,43.6437065],[-79.4229724,43.6434549],[-79.4231566,43.6434202],[-79.4232557,43.6436763]]]}},{"type":"Feature","properties":{"form":"other"},"geometry":{"type":"Polygon","coordinates":[[[-79.4233102,43.6436562],[-79.4232557,43.6436763],[-79.4231566,43.6434202],[-79.4232144,43.6434085],[-79.4233102,43.6436562]]]}},{"type":"Feature","properties":{"form":"other"},"geometry":{"type":"Polygon","coordinates":[[[-79.4232698,43.6433973],[-79.4233557,43.643647],[-79.4233102,43.6436562],[-79.4232144,43.6434085],[-79.4232698,43.6433973]]]}},{"type":"Feature","properties":{"form":"other"},"geometry":{"type":"Polygon","coordinates":[[[-79.4234058,43.6435794],[-79.423345,43.6435917],[-79.4232698,43.6433973],[-79.4233305,43.643385],[-79.4234058,43.6435794]]]}},{"type":"Feature","properties":{"form":"other"},"geometry":{"type":"Polygon","coordinates":[[[-79.4234329,43.6433642],[-79.4234802,43.6435058],[-79.4233848,43.6435251],[-79.4233305,43.643385],[-79.4234329,43.6433642]]]}},{"type":"Feature","properties":{"form":"other"},"geometry":{"type":"Polygon","coordinates":[[[-79.4235667,43.6434482],[-79.4235269,43.6433452],[-79.4234329,43.6433642],[-79.4234727,43.6434672],[-79.4235667,43.6434482]]]}},{"type":"Feature","properties":{"form":"apartments"},"geometry":{"type":"Polygon","coordinates":[[[-79.4229572,43.642892],[-79.4223144,43.6430195],[-79.4224489,43.6433747],[-79.4230917,43.6432472],[-79.4229572,43.642892]]]}},{"type":"Feature","properties":{"form":"other"},"geometry":{"type":"Polygon","coordinates":[[[-79.4216632,43.6432312],[-79.4216037,43.643243],[-79.4215816,43.6431845],[-79.4216411,43.6431727],[-79.4216632,43.6432312]]]}},{"type":"Feature","properties":{"form":"other"},"geometry":{"type":"Polygon","coordinates":[[[-79.4217231,43.6432341],[-79.4216632,43.6432312],[-79.4216411,43.6431727],[-79.4216957,43.6431618],[-79.4217231,43.6432341]]]}},{"type":"Feature","properties":{"form":"other"},"geometry":{"type":"Polygon","coordinates":[[[-79.4217786,43.6432231],[-79.4217231,43.6432341],[-79.4216957,43.6431618],[-79.4217512,43.6431508],[-79.4217786,43.6432231]]]}},{"type":"Feature","properties":{"form":"other"},"geometry":{"type":"Polygon","coordinates":[[[-79.4218733,43.6431886],[-79.4218492,43.6431276],[-79.4217985,43.643138],[-79.4218225,43.6431991],[-79.4218733,43.6431886]]]}},{"type":"Feature","properties":{"form":"other"},"geometry":{"type":"Polygon","coordinates":[[[-79.4217628,43.6435156],[-79.4217027,43.643527],[-79.4216282,43.643325],[-79.421689,43.6433134],[-79.4217628,43.6435156]]]}},{"type":"Feature","properties":{"form":"other"},"geometry":{"type":"Polygon","coordinates":[[[-79.4218174,43.6435051],[-79.4217628,43.6435156],[-79.4216854,43.6433035],[-79.42174,43.643293],[-79.4218174,43.6435051]]]}},{"type":"Feature","properties":{"form":"other"},"geometry":{"type":"Polygon","coordinates":[[[-79.4218773,43.6434937],[-79.4218174,43.6435051],[-79.4217554,43.6433351],[-79.4218152,43.6433236],[-79.4218773,43.6434937]]]}},{"type":"Feature","properties":{"form":"other"},"geometry":{"type":"Polygon","coordinates":[[[-79.4219339,43.6434829],[-79.4218773,43.6434937],[-79.4218152,43.6433236],[-79.4218718,43.6433128],[-79.4219339,43.6434829]]]}},{"type":"Feature","properties":{"form":"other"},"geometry":{"type":"Polygon","coordinates":[[[-79.4219845,43.6434732],[-79.4219339,43.6434829],[-79.4218686,43.6433039],[-79.4219192,43.6432942],[-79.4219845,43.6434732]]]}},{"type":"Feature","properties":{"form":"other"},"geometry":{"type":"Polygon","coordinates":[[[-79.4220404,43.6434625],[-79.4219845,43.6434732],[-79.4219109,43.6432716],[-79.4219669,43.6432609],[-79.4220404,43.6434625]]]}},{"type":"Feature","properties":{"form":"other"},"geometry":{"type":"Polygon","coordinates":[[[-79.422236,43.6434251],[-79.4220404,43.6434625],[-79.421914,43.6431159],[-79.4221012,43.643077],[-79.422236,43.6434251]]]}},{"type":"Feature","properties":{"form":"other"},"geometry":{"type":"Polygon","coordinates":[[[-79.4221099,43.6437814],[-79.4220549,43.6437925],[-79.4220009,43.6436525],[-79.4220559,43.6436414],[-79.4221099,43.6437814]]]}},{"type":"Feature","properties":{"form":"other"},"geometry":{"type":"Polygon","coordinates":[[[-79.4221332,43.6438416],[-79.4220773,43.6438529],[-79.4221023,43.6439177],[-79.4221582,43.6439064],[-79.4221332,43.6438416]]]}},{"type":"Feature","properties":{"form":"other"},"geometry":{"type":"Polygon","coordinates":[[[-79.4033527,43.6436729],[-79.4032401,43.643382],[-79.4029072,43.6434495],[-79.4030198,43.6437404],[-79.4033527,43.6436729]]]}},{"type":"Feature","properties":{"form":"other"},"geometry":{"type":"Polygon","coordinates":[[[-79.3356369,43.6423056],[-79.3355592,43.6423822],[-79.3354177,43.6423069],[-79.3354954,43.6422304],[-79.3356369,43.6423056]]]}},{"type":"Feature","properties":{"form":"other"},"geometry":{"type":"Polygon","coordinates":[[[-79.3367279,43.6418741],[-79.3366354,43.6419513],[-79.336525,43.6418945],[-79.3366049,43.6418279],[-79.3366312,43.6418444],[-79.3366524,43.6418267],[-79.3367279,43.6418741]]]}},{"type":"Feature","properties":{"form":"other"},"geometry":{"type":"Polygon","coordinates":[[[-79.3371146,43.6415604],[-79.3370174,43.6416478],[-79.33686,43.641556],[-79.3369714,43.6414889],[-79.3371146,43.6415604]]]}},{"type":"Feature","properties":{"form":"other"},"geometry":{"type":"Polygon","coordinates":[[[-79.3371542,43.6412793],[-79.3371391,43.6412926],[-79.3371682,43.6413099],[-79.3370975,43.6413723],[-79.336955,43.6412877],[-79.3370408,43.641212],[-79.3371542,43.6412793]]]}},{"type":"Feature","properties":{"form":"other"},"geometry":{"type":"Polygon","coordinates":[[[-79.3373691,43.6411932],[-79.3374493,43.6412395],[-79.3373648,43.6413162],[-79.3372846,43.6412699],[-79.3373691,43.6411932]]]}},{"type":"Feature","properties":{"form":"other"},"geometry":{"type":"Polygon","coordinates":[[[-79.3374749,43.6410318],[-79.3373863,43.6411046],[-79.3373515,43.6410824],[-79.337326,43.6411034],[-79.3372739,43.6410702],[-79.3372994,43.6410493],[-79.3372798,43.6410368],[-79.3373683,43.640964],[-79.3374749,43.6410318]]]}},{"type":"Feature","properties":{"form":"other"},"geometry":{"type":"Polygon","coordinates":[[[-79.3378684,43.640763],[-79.337618,43.6409855],[-79.3372636,43.6407755],[-79.3375154,43.6405511],[-79.3378684,43.640763]]]}},{"type":"Feature","properties":{"form":"other"},"geometry":{"type":"Polygon","coordinates":[[[-79.3406439,43.6421043],[-79.3405567,43.6421635],[-79.3405057,43.6421242],[-79.3405929,43.642065],[-79.3406439,43.6421043]]]}},{"type":"Feature","properties":{"form":"other"},"geometry":{"type":"Polygon","coordinates":[[[-79.4204774,43.6441156],[-79.4204252,43.6441309],[-79.420367,43.6439789],[-79.4204209,43.6439681],[-79.4204774,43.6441156]]]}},{"type":"Feature","properties":{"form":"other"},"geometry":{"type":"Polygon","coordinates":[[[-79.4204755,43.6439572],[-79.4205187,43.6441073],[-79.4204774,43.6441156],[-79.4204209,43.6439681],[-79.4204755,43.6439572]]]}},{"type":"Feature","properties":{"form":"other"},"geometry":{"type":"Polygon","coordinates":[[[-79.4184855,43.6445315],[-79.4184336,43.6443701],[-79.4183673,43.6443834],[-79.4184287,43.644543],[-79.4184855,43.6445315]]]}},{"type":"Feature","properties":{"form":"other"},"geometry":{"type":"Polygon","coordinates":[[[-79.4186043,43.6445673],[-79.4185215,43.6443523],[-79.4184336,43.6443701],[-79.4185164,43.6445851],[-79.4186043,43.6445673]]]}},{"type":"Feature","properties":{"form":"other"},"geometry":{"type":"Polygon","coordinates":[[[-79.417301,43.6451833],[-79.4170989,43.6446426],[-79.4168427,43.6446928],[-79.4168939,43.6448296],[-79.4169722,43.6448142],[-79.4170259,43.6449578],[-79.4168175,43.6449986],[-79.4169159,43.6452618],[-79.4171306,43.6452197],[-79.4171214,43.6451952],[-79.417301,43.6451833]]]}},{"type":"Feature","properties":{"form":"other"},"geometry":{"type":"Polygon","coordinates":[[[-79.4168208,43.6448705],[-79.4167006,43.6448945],[-79.4166408,43.6447374],[-79.416761,43.6447104],[-79.4168208,43.6448705]]]}},{"type":"Feature","properties":{"form":"houses"},"geometry":{"type":"Polygon","coordinates":[[[-79.4104651,43.66985],[-79.4106739,43.669805],[-79.4106509,43.6697491],[-79.4106254,43.6697546],[-79.4106171,43.6697343],[-79.4104337,43.6697738],[-79.4104651,43.66985]]]}},{"type":"Feature","properties":{"form":"apartments"},"geometry":{"type":"Polygon","coordinates":[[[-79.469207,43.6531602],[-79.4690735,43.6528486],[-79.4688331,43.6529016],[-79.4690261,43.6533168],[-79.4694003,43.6532316],[-79.4693557,43.653128],[-79.469207,43.6531602]]]}},{"type":"Feature","properties":{"form":"other"},"geometry":{"type":"Polygon","coordinates":[[[-79.411752,43.6740322],[-79.4117256,43.6739613],[-79.4118107,43.6739447],[-79.4118371,43.6740156],[-79.411752,43.6740322]]]}},{"type":"Feature","properties":{"form":"apartments"},"geometry":{"type":"Polygon","coordinates":[[[-79.4184376,43.6453728],[-79.4187752,43.645309],[-79.4190917,43.6452494],[-79.4190389,43.6451027],[-79.418339,43.6452348],[-79.418374,43.6453318],[-79.4184198,43.6453232],[-79.4184376,43.6453728]]]}},{"type":"Feature","properties":{"form":"other"},"geometry":{"type":"Polygon","coordinates":[[[-79.4471828,43.6533262],[-79.4470377,43.653496],[-79.4468543,43.6533059],[-79.4470545,43.653205],[-79.4471828,43.6533262]]]}},{"type":"Feature","properties":{"form":"other"},"geometry":{"type":"Polygon","coordinates":[[[-79.4473062,43.6531816],[-79.4471828,43.6533262],[-79.4470668,43.6532153],[-79.4471323,43.653154],[-79.4471651,43.6531608],[-79.4471959,43.6531317],[-79.4473062,43.6531816]]]}},{"type":"Feature","properties":{"form":"other"},"geometry":{"type":"Polygon","coordinates":[[[-79.4469114,43.65288],[-79.4468529,43.6529529],[-79.4471531,43.6531123],[-79.4473062,43.6531816],[-79.4473763,43.6531004],[-79.4469114,43.65288]]]}},{"type":"Feature","properties":{"form":"other"},"geometry":{"type":"Polygon","coordinates":[[[-79.4477098,43.6541093],[-79.4472,43.6535736],[-79.4474722,43.6532573],[-79.4473062,43.6531816],[-79.4473763,43.6531004],[-79.4478585,43.653333],[-79.44777,43.6534407],[-79.4481401,43.6536047],[-79.4478786,43.6539055],[-79.4476832,43.6538224],[-79.447664,43.6538468],[-79.4478243,43.6539716],[-79.4477098,43.6541093]]]}},{"type":"Feature","properties":{"form":"other"},"geometry":{"type":"Polygon","coordinates":[[[-79.444562,43.649534],[-79.4434342,43.6497524],[-79.4433376,43.6497407],[-79.4432223,43.6496747],[-79.4431659,43.6495205],[-79.4444802,43.6492643],[-79.4445298,43.6493836],[-79.4445003,43.6493914],[-79.444562,43.649534]]]}},{"type":"Feature","properties":{"form":"apartments"},"geometry":{"type":"Polygon","coordinates":[[[-79.4448812,43.6503599],[-79.4442951,43.6504724],[-79.4440282,43.6502444],[-79.4447819,43.6500969],[-79.4448812,43.6503599]]]}},{"type":"Feature","properties":{"form":"apartments"},"geometry":{"type":"Polygon","coordinates":[[[-79.4496146,43.6522899],[-79.449273,43.6521404],[-79.448985,43.6520143],[-79.4493706,43.6519391],[-79.4496415,43.6520633],[-79.4497233,43.6519672],[-79.449841,43.6520196],[-79.4496146,43.6522899]]]}},{"type":"Feature","properties":{"form":"apartments"},"geometry":{"type":"Polygon","coordinates":[[[-79.3720686,43.6447401],[-79.3721473,43.644938],[-79.3711282,43.6451402],[-79.3710501,43.6449497],[-79.3710078,43.6449323],[-79.3708322,43.6445039],[-79.3718313,43.6441385],[-79.3720391,43.6446775],[-79.3720068,43.6446842],[-79.3720324,43.644747],[-79.3720686,43.6447401]]]}},{"type":"Feature","properties":{"form":"other"},"geometry":{"type":"Polygon","coordinates":[[[-79.4467653,43.6526011],[-79.4465585,43.6524863],[-79.4466288,43.6524027],[-79.4469316,43.6525361],[-79.4468654,43.6526148],[-79.4467839,43.6525789],[-79.4467653,43.6526011]]]}},{"type":"Feature","properties":{"form":"other"},"geometry":{"type":"Polygon","coordinates":[[[-79.4468654,43.6526148],[-79.4468273,43.6526618],[-79.4467448,43.652627],[-79.4467839,43.6525789],[-79.4468654,43.6526148]]]}},{"type":"Feature","properties":{"form":"other"},"geometry":{"type":"Polygon","coordinates":[[[-79.4467488,43.6527498],[-79.4468273,43.6526618],[-79.4467192,43.652613],[-79.4466589,43.6526732],[-79.4467038,43.6527314],[-79.4467488,43.6527498]]]}},{"type":"Feature","properties":{"form":"other"},"geometry":{"type":"Polygon","coordinates":[[[-79.4466662,43.65286],[-79.4465375,43.6530006],[-79.4463819,43.6528241],[-79.4464302,43.6528008],[-79.4462264,43.6525824],[-79.4461834,43.6526043],[-79.4461104,43.6525528],[-79.4461352,43.6525213],[-79.4460526,43.652485],[-79.4463274,43.6521399],[-79.4464248,43.6521843],[-79.446345,43.6522748],[-79.4464302,43.6523113],[-79.4463605,43.6523884],[-79.4464463,43.6524292],[-79.4463684,43.6525228],[-79.4466662,43.65286]]]}},{"type":"Feature","properties":{"form":"other"},"geometry":{"type":"Polygon","coordinates":[[[-79.4469759,43.6524964],[-79.4465513,43.6523017],[-79.4466453,43.6521944],[-79.4470698,43.6523891],[-79.4469759,43.6524964]]]}},{"type":"Feature","properties":{"form":"other"},"geometry":{"type":"Polygon","coordinates":[[[-79.4468958,43.6521804],[-79.4465612,43.6520278],[-79.4465131,43.652083],[-79.4468477,43.6522356],[-79.4468958,43.6521804]]]}},{"type":"Feature","properties":{"form":"other"},"geometry":{"type":"Polygon","coordinates":[[[-79.4463274,43.6521399],[-79.4464248,43.6521843],[-79.4466354,43.6519426],[-79.446538,43.6518981],[-79.4463274,43.6521399]]]}},{"type":"Feature","properties":{"form":"other"},"geometry":{"type":"Polygon","coordinates":[[[-79.4458549,43.6522851],[-79.445694,43.6521283],[-79.445769,43.6520439],[-79.4459219,43.6522171],[-79.4458958,43.6522307],[-79.4459179,43.6522516],[-79.4458549,43.6522851]]]}},{"type":"Feature","properties":{"form":"other"},"geometry":{"type":"Polygon","coordinates":[[[-79.4460543,43.6519464],[-79.44615,43.6518371],[-79.4460105,43.6517731],[-79.4459148,43.6518825],[-79.4460543,43.6519464]]]}},{"type":"Feature","properties":{"form":"apartments"},"geometry":{"type":"Polygon","coordinates":[[[-79.4457785,43.6514588],[-79.4457732,43.6514358],[-79.4456695,43.651409],[-79.4456098,43.6515691],[-79.4456906,43.6515899],[-79.4457785,43.6514588]]]}},{"type":"Feature","properties":{"form":"other"},"geometry":{"type":"Polygon","coordinates":[[[-79.4456634,43.6519276],[-79.4460017,43.6514956],[-79.4458329,43.651441],[-79.4455032,43.651862],[-79.4456634,43.6519276]]]}},{"type":"Feature","properties":{"form":"other"},"geometry":{"type":"Polygon","coordinates":[[[-79.4776431,43.6174076],[-79.4775251,43.6175083],[-79.4774145,43.6174404],[-79.4775229,43.6173337],[-79.4776431,43.6174076]]]}},{"type":"Feature","properties":{"form":"apartments"},"geometry":{"type":"Polygon","coordinates":[[[-79.4499134,43.6658811],[-79.4497697,43.6655528],[-79.4489932,43.6657108],[-79.4491373,43.6660667],[-79.4498903,43.6659117],[-79.4499134,43.6658811]]]}},{"type":"Feature","properties":{"form":"houses"},"geometry":{"type":"Polygon","coordinates":[[[-79.3983623,43.6489138],[-79.3984805,43.648889],[-79.3986592,43.6493342],[-79.398541,43.6493591],[-79.3983623,43.6489138]]]}},{"type":"Feature","properties":{"form":"houses"},"geometry":{"type":"Polygon","coordinates":[[[-79.3985498,43.649389],[-79.3987461,43.6498945],[-79.3988756,43.6498682],[-79.3986793,43.6493627],[-79.3985498,43.649389]]]}},{"type":"Feature","properties":{"form":"apartments"},"geometry":{"type":"Polygon","coordinates":[[[-79.399615,43.6487805],[-79.3996487,43.6488707],[-79.3998032,43.6488404],[-79.3997695,43.6487502],[-79.399615,43.6487805]]]}},{"type":"Feature","properties":{"form":"houses"},"geometry":{"type":"Polygon","coordinates":[[[-79.398899,43.6499351],[-79.3982002,43.6500837],[-79.3982355,43.6501706],[-79.3989343,43.6500219],[-79.398899,43.6499351]]]}},{"type":"Feature","properties":{"form":"apartments"},"geometry":{"type":"Polygon","coordinates":[[[-79.3982161,43.6492427],[-79.3981092,43.6492657],[-79.3980814,43.6491997],[-79.3978715,43.6492464],[-79.3981728,43.6499671],[-79.3985189,43.6498936],[-79.3982161,43.6492427]]]}},{"type":"Feature","properties":{"form":"other"},"geometry":{"type":"Polygon","coordinates":[[[-79.3556774,43.6288164],[-79.3555825,43.6289826],[-79.3554759,43.6289508],[-79.3555048,43.6289002],[-79.3554356,43.6288795],[-79.3554944,43.6287764],[-79.3556774,43.6288164]]]}},{"type":"Feature","properties":{"form":"apartments"},"geometry":{"type":"Polygon","coordinates":[[[-79.4501083,43.6521404],[-79.4495705,43.651901],[-79.4506115,43.651699],[-79.4506366,43.6517744],[-79.4503807,43.6518212],[-79.4501083,43.6521404]]]}},{"type":"Feature","properties":{"form":"apartments"},"geometry":{"type":"Polygon","coordinates":[[[-79.3909346,43.6433901],[-79.3897949,43.6436334],[-79.3897584,43.6435633],[-79.389447,43.6436228],[-79.3894247,43.6435658],[-79.3894573,43.643562],[-79.389297,43.6431536],[-79.3907012,43.6428274],[-79.3909346,43.6433901]]]}},{"type":"Feature","properties":{"form":"other"},"geometry":{"type":"Polygon","coordinates":[[[-79.3746379,43.6497673],[-79.3744804,43.6497992],[-79.3742609,43.6492849],[-79.3747967,43.6491683],[-79.3748766,43.6493618],[-79.3745041,43.6494443],[-79.3746379,43.6497673]]]}},{"type":"Feature","properties":{"form":"other"},"geometry":{"type":"Polygon","coordinates":[[[-79.3752053,43.6719243],[-79.3752172,43.6718135],[-79.3750807,43.6718035],[-79.3750708,43.6719186],[-79.3752053,43.6719243]]]}},{"type":"Feature","properties":{"form":"other"},"geometry":{"type":"Polygon","coordinates":[[[-79.3752172,43.6717867],[-79.375229,43.6716758],[-79.3750926,43.6716658],[-79.3750827,43.6717809],[-79.3752172,43.6717867]]]}},{"type":"Feature","properties":{"form":"other"},"geometry":{"type":"Polygon","coordinates":[[[-79.375231,43.6716515],[-79.3752429,43.6715407],[-79.3751064,43.6715307],[-79.3750966,43.6716458],[-79.375231,43.6716515]]]}},{"type":"Feature","properties":{"form":"apartments"},"geometry":{"type":"Polygon","coordinates":[[[-79.3559142,43.6536701],[-79.3557991,43.6534067],[-79.3551202,43.6535652],[-79.3552348,43.6538304],[-79.3559142,43.6536701]]]}},{"type":"Feature","properties":{"form":"other"},"geometry":{"type":"Polygon","coordinates":[[[-79.3760366,43.6213278],[-79.376069,43.6212184],[-79.3759572,43.621201],[-79.3759248,43.6213104],[-79.3760366,43.6213278]]]}},{"type":"Feature","properties":{"form":"other"},"geometry":{"type":"Polygon","coordinates":[[[-79.3911372,43.6190577],[-79.3910124,43.6190226],[-79.390995,43.6191061],[-79.3910075,43.6191204],[-79.3911372,43.6190577]]]}},{"type":"Feature","properties":{"form":"apartments"},"geometry":{"type":"Polygon","coordinates":[[[-79.4211306,43.6418399],[-79.4209745,43.6413884],[-79.4213502,43.6413997],[-79.4215058,43.6414657],[-79.4216142,43.6417406],[-79.4211306,43.6418399]]]}},{"type":"Feature","properties":{"form":"apartments"},"geometry":{"type":"Polygon","coordinates":[[[-79.4216142,43.6417406],[-79.4216783,43.6419044],[-79.4211947,43.6420036],[-79.4211306,43.6418399],[-79.4216142,43.6417406]]]}},{"type":"Feature","properties":{"form":"other"},"geometry":{"type":"Polygon","coordinates":[[[-79.421452,43.639617],[-79.4214318,43.6395648],[-79.4212387,43.6396037],[-79.4212588,43.639656],[-79.421452,43.639617]]]}},{"type":"Feature","properties":{"form":"other"},"geometry":{"type":"Polygon","coordinates":[[[-79.4214723,43.6396699],[-79.421452,43.639617],[-79.4212588,43.639656],[-79.4212791,43.6397089],[-79.4214723,43.6396699]]]}},{"type":"Feature","properties":{"form":"other"},"geometry":{"type":"Polygon","coordinates":[[[-79.4201379,43.6387007],[-79.4199926,43.6387296],[-79.4199183,43.6385341],[-79.4200637,43.6385052],[-79.4201379,43.6387007]]]}},{"type":"Feature","properties":{"form":"other"},"geometry":{"type":"Polygon","coordinates":[[[-79.4248397,43.6396652],[-79.4248091,43.6395839],[-79.4247546,43.6396022],[-79.424772,43.6396927],[-79.4248397,43.6396652]]]}},{"type":"Feature","properties":{"form":"other"},"geometry":{"type":"Polygon","coordinates":[[[-79.4247547,43.6400184],[-79.4247062,43.6398841],[-79.425056,43.6398179],[-79.4251046,43.6399522],[-79.4247547,43.6400184]]]}},{"type":"Feature","properties":{"form":"other"},"geometry":{"type":"Polygon","coordinates":[[[-79.4250893,43.63991],[-79.4251625,43.6398942],[-79.4250566,43.6396227],[-79.4248397,43.6396652],[-79.4248091,43.6395839],[-79.4262434,43.6392967],[-79.4263965,43.639692],[-79.4251046,43.6399522],[-79.4250893,43.63991]]]}},{"type":"Feature","properties":{"form":"apartments"},"geometry":{"type":"Polygon","coordinates":[[[-79.4056381,43.6429753],[-79.4057265,43.6429574],[-79.4056025,43.6426371],[-79.4061349,43.6425293],[-79.4061894,43.6426704],[-79.4059651,43.6427158],[-79.4060663,43.6429774],[-79.4063002,43.64293],[-79.4063516,43.6430626],[-79.4053605,43.6432475],[-79.4052693,43.6430117],[-79.4056243,43.6429397],[-79.4056381,43.6429753]]]}},{"type":"Feature","properties":{"form":"other"},"geometry":{"type":"Polygon","coordinates":[[[-79.4188145,43.6358911],[-79.4187259,43.6359154],[-79.4186733,43.635815],[-79.4187618,43.6357907],[-79.4188145,43.6358911]]]}},{"type":"Feature","properties":{"form":"other"},"geometry":{"type":"Polygon","coordinates":[[[-79.4116811,43.6432151],[-79.4113843,43.6432744],[-79.4113503,43.6431852],[-79.411647,43.6431259],[-79.4116811,43.6432151]]]}},{"type":"Feature","properties":{"form":"houses"},"geometry":{"type":"Polygon","coordinates":[[[-79.469898,43.636576],[-79.46983,43.636521],[-79.46968,43.636365],[-79.469794,43.636307],[-79.470013,43.636533],[-79.469898,43.636576]]]}},{"type":"Feature","properties":{"form":"apartments"},"geometry":{"type":"Polygon","coordinates":[[[-79.4796751,43.624208],[-79.478947,43.6239914],[-79.4790583,43.6237925],[-79.4797884,43.6240052],[-79.4796751,43.624208]]]}},{"type":"Feature","properties":{"form":"apartments"},"geometry":{"type":"Polygon","coordinates":[[[-79.4783897,43.6250848],[-79.4782137,43.6250338],[-79.4782227,43.6250178],[-79.4781897,43.6250078],[-79.4781817,43.6250238],[-79.4776697,43.6248748],[-79.4777087,43.6248138],[-79.4777357,43.6248218],[-79.4777977,43.6247568],[-79.4778767,43.6247388],[-79.4779017,43.6246948],[-79.4783397,43.6248208],[-79.4783297,43.6248378],[-79.4783617,43.6248478],[-79.4783717,43.6248298],[-79.4784987,43.6248668],[-79.4783897,43.6250848]]]}},{"type":"Feature","properties":{"form":"apartments"},"geometry":{"type":"Polygon","coordinates":[[[-79.4782021,43.6254447],[-79.4777248,43.6252969],[-79.47769,43.6253592],[-79.4775035,43.6253043],[-79.477524,43.6252019],[-79.4775585,43.6252075],[-79.4775985,43.6250818],[-79.478294,43.625285],[-79.4782021,43.6254447]]]}},{"type":"Feature","properties":{"form":"apartments"},"geometry":{"type":"Polygon","coordinates":[[[-79.4787397,43.6256638],[-79.4785887,43.6256188],[-79.4786337,43.6255398],[-79.4785747,43.6255088],[-79.4786207,43.6254628],[-79.4785927,43.6254508],[-79.4786077,43.6254228],[-79.4786397,43.6254018],[-79.4786037,43.6253918],[-79.4786387,43.6253628],[-79.4786847,43.6252478],[-79.4787137,43.6252288],[-79.4788837,43.6252788],[-79.4788627,43.6253158],[-79.4790847,43.6253868],[-79.4789317,43.6256368],[-79.4787817,43.6255878],[-79.4787397,43.6256638]]]}},{"type":"Feature","properties":{"form":"apartments"},"geometry":{"type":"Polygon","coordinates":[[[-79.4792154,43.6253243],[-79.4788364,43.6252153],[-79.4788194,43.6252473],[-79.4786724,43.6252043],[-79.4788214,43.6249743],[-79.4788694,43.6249873],[-79.4788784,43.6249713],[-79.4793224,43.6250993],[-79.4792634,43.6252013],[-79.4793044,43.6252133],[-79.4792894,43.6252403],[-79.4792644,43.6252333],[-79.4792154,43.6253243]]]}},{"type":"Feature","properties":{"form":"other"},"geometry":{"type":"Polygon","coordinates":[[[-79.4773605,43.6562524],[-79.4773322,43.6561854],[-79.4774493,43.6561596],[-79.4774775,43.6562265],[-79.4773605,43.6562524]]]}},{"type":"Feature","properties":{"form":"other"},"geometry":{"type":"Polygon","coordinates":[[[-79.4774867,43.6562224],[-79.4774591,43.6561574],[-79.4775756,43.6561315],[-79.4776032,43.6561965],[-79.4774867,43.6562224]]]}},{"type":"Feature","properties":{"form":"apartments"},"geometry":{"type":"Polygon","coordinates":[[[-79.428299,43.6438733],[-79.4282336,43.6437028],[-79.4282911,43.6436918],[-79.4282549,43.6435965],[-79.4285633,43.6435348],[-79.4286643,43.6438004],[-79.428299,43.6438733]]]}},{"type":"Feature","properties":{"form":"apartments"},"geometry":{"type":"Polygon","coordinates":[[[-79.4282684,43.6427302],[-79.428284,43.6427705],[-79.4283693,43.6427532],[-79.4284862,43.643055],[-79.4284527,43.6430617],[-79.4284691,43.6431042],[-79.4283815,43.643122],[-79.4284016,43.6431778],[-79.4284619,43.6431659],[-79.4285975,43.6435285],[-79.4282647,43.643594],[-79.4281289,43.6432312],[-79.4281522,43.6432267],[-79.4281033,43.6431478],[-79.428077,43.6431532],[-79.4279617,43.6427924],[-79.4282684,43.6427302]]]}},{"type":"Feature","properties":{"form":"other"},"geometry":{"type":"Polygon","coordinates":[[[-79.4281574,43.6439076],[-79.4281225,43.6438166],[-79.4282005,43.6438009],[-79.4282355,43.6438919],[-79.4281574,43.6439076]]]}},{"type":"Feature","properties":{"form":"other"},"geometry":{"type":"Polygon","coordinates":[[[-79.4281574,43.6439076],[-79.4280821,43.6439227],[-79.4280471,43.6438317],[-79.4281225,43.6438166],[-79.4281574,43.6439076]]]}},{"type":"Feature","properties":{"form":"other"},"geometry":{"type":"Polygon","coordinates":[[[-79.4277763,43.6438803],[-79.427945,43.6438494],[-79.4279803,43.6439503],[-79.4278117,43.6439812],[-79.4277763,43.6438803]]]}},{"type":"Feature","properties":{"form":"other"},"geometry":{"type":"Polygon","coordinates":[[[-79.4277205,43.6437386],[-79.4281395,43.6436529],[-79.4281924,43.6437862],[-79.4277763,43.6438803],[-79.4277205,43.6437386]]]}},{"type":"Feature","properties":{"form":"apartments"},"geometry":{"type":"Polygon","coordinates":[[[-79.4228575,43.642453],[-79.4230096,43.6428358],[-79.4232474,43.6427863],[-79.4230952,43.6424059],[-79.4228575,43.642453]]]}},{"type":"Feature","properties":{"form":"apartments"},"geometry":{"type":"Polygon","coordinates":[[[-79.4278816,43.6431817],[-79.4280638,43.6436677],[-79.4277205,43.6437386],[-79.4275421,43.6432505],[-79.4278816,43.6431817]]]}},{"type":"Feature","properties":{"form":"apartments"},"geometry":{"type":"Polygon","coordinates":[[[-79.4251242,43.642117],[-79.4249718,43.6417355],[-79.4252519,43.6416801],[-79.4253979,43.6420607],[-79.4251242,43.642117]]]}},{"type":"Feature","properties":{"form":"apartments"},"geometry":{"type":"Polygon","coordinates":[[[-79.4712021,43.6358487],[-79.4704558,43.6361825],[-79.4704118,43.6361309],[-79.4706063,43.6360422],[-79.4704621,43.6358708],[-79.4702663,43.6359558],[-79.4702408,43.6359271],[-79.4706298,43.6357519],[-79.4707994,43.6359558],[-79.4711581,43.6357972],[-79.4712021,43.6358487]]]}},{"type":"Feature","properties":{"form":"houses"},"geometry":{"type":"Polygon","coordinates":[[[-79.4507577,43.6949401],[-79.4507726,43.694976],[-79.4506339,43.6950059],[-79.4505933,43.6949755],[-79.4507577,43.6949401]]]}},{"type":"Feature","properties":{"form":"houses"},"geometry":{"type":"Polygon","coordinates":[[[-79.451298,43.694826],[-79.451126,43.694855],[-79.451108,43.694811],[-79.451303,43.694762],[-79.451321,43.694806],[-79.451298,43.694826]]]}},{"type":"Feature","properties":{"form":"houses"},"geometry":{"type":"Polygon","coordinates":[[[-79.45112,43.694917],[-79.451105,43.694879],[-79.451316,43.694835],[-79.451332,43.694876],[-79.45112,43.694917]]]}},{"type":"Feature","properties":{"form":"houses"},"geometry":{"type":"Polygon","coordinates":[[[-79.451156,43.694987],[-79.451136,43.694937],[-79.451321,43.694898],[-79.451341,43.694948],[-79.451156,43.694987]]]}},{"type":"Feature","properties":{"form":"houses"},"geometry":{"type":"Polygon","coordinates":[[[-79.452227,43.694649],[-79.452205,43.694593],[-79.452364,43.694559],[-79.452386,43.694614],[-79.452227,43.694649]]]}},{"type":"Feature","properties":{"form":"houses"},"geometry":{"type":"Polygon","coordinates":[[[-79.452249,43.694712],[-79.452226,43.694655],[-79.452395,43.694618],[-79.452438,43.694623],[-79.45245,43.694652],[-79.452249,43.694712]]]}},{"type":"Feature","properties":{"form":"houses"},"geometry":{"type":"Polygon","coordinates":[[[-79.452931,43.694491],[-79.452913,43.694445],[-79.453076,43.694403],[-79.453097,43.694457],[-79.452931,43.694491]]]}},{"type":"Feature","properties":{"form":"houses"},"geometry":{"type":"Polygon","coordinates":[[[-79.452949,43.694564],[-79.452931,43.694522],[-79.453115,43.694476],[-79.453127,43.694524],[-79.452949,43.694564]]]}},{"type":"Feature","properties":{"form":"houses"},"geometry":{"type":"Polygon","coordinates":[[[-79.451754,43.694755],[-79.451732,43.694703],[-79.451869,43.694674],[-79.45187,43.69473],[-79.451754,43.694755]]]}},{"type":"Feature","properties":{"form":"houses"},"geometry":{"type":"Polygon","coordinates":[[[-79.451736,43.694827],[-79.451662,43.694788],[-79.451897,43.694728],[-79.451899,43.694791],[-79.451736,43.694827]]]}},{"type":"Feature","properties":{"form":"houses"},"geometry":{"type":"Polygon","coordinates":[[[-79.45188,43.694901],[-79.451824,43.694841],[-79.45198,43.694793],[-79.452014,43.69487],[-79.45188,43.694901]]]}},{"type":"Feature","properties":{"form":"houses"},"geometry":{"type":"Polygon","coordinates":[[[-79.452282,43.694784],[-79.452259,43.694728],[-79.452464,43.694699],[-79.452453,43.694747],[-79.452282,43.694784]]]}},{"type":"Feature","properties":{"form":"other"},"geometry":{"type":"Polygon","coordinates":[[[-79.4615011,43.6862157],[-79.4614361,43.6860577],[-79.4617591,43.6859867],[-79.4617911,43.6860647],[-79.4618491,43.6860527],[-79.4618821,43.6861327],[-79.4615011,43.6862157]]]}},{"type":"Feature","properties":{"form":"other"},"geometry":{"type":"Polygon","coordinates":[[[-79.461996,43.688775],[-79.461976,43.688727],[-79.462149,43.68869],[-79.462169,43.688738],[-79.461996,43.688775]]]}},{"type":"Feature","properties":{"form":"other"},"geometry":{"type":"Polygon","coordinates":[[[-79.462175,43.688809],[-79.462015,43.688825],[-79.461999,43.688784],[-79.462153,43.688749],[-79.462175,43.688809]]]}},{"type":"Feature","properties":{"form":"apartments"},"geometry":{"type":"Polygon","coordinates":[[[-79.462068,43.688891],[-79.462046,43.688841],[-79.462217,43.688801],[-79.462251,43.688802],[-79.46227,43.688845],[-79.462068,43.688891]]]}},{"type":"Feature","properties":{"form":"apartments"},"geometry":{"type":"Polygon","coordinates":[[[-79.462132,43.689038],[-79.462103,43.68897],[-79.462297,43.688927],[-79.462326,43.688995],[-79.462132,43.689038]]]}},{"type":"Feature","properties":{"form":"apartments"},"geometry":{"type":"Polygon","coordinates":[[[-79.462298,43.689523],[-79.462173,43.689233],[-79.462319,43.6892],[-79.462337,43.689242],[-79.462381,43.689251],[-79.462408,43.689285],[-79.462506,43.689262],[-79.462563,43.689394],[-79.462413,43.689428],[-79.46244,43.689491],[-79.462298,43.689523]]]}},{"type":"Feature","properties":{"form":"houses"},"geometry":{"type":"Polygon","coordinates":[[[-79.4659127,43.6762843],[-79.4658687,43.6762353],[-79.4658597,43.6762133],[-79.4658797,43.6762093],[-79.4658357,43.6761253],[-79.4659627,43.6761223],[-79.4659737,43.6761473],[-79.4660377,43.6761343],[-79.4660977,43.6762453],[-79.4659127,43.6762843]]]}},{"type":"Feature","properties":{"form":"houses"},"geometry":{"type":"Polygon","coordinates":[[[-79.4659457,43.6763728],[-79.4659137,43.6762888],[-79.4660967,43.6762488],[-79.4661317,43.6763328],[-79.4659457,43.6763728]]]}},{"type":"Feature","properties":{"form":"houses"},"geometry":{"type":"Polygon","coordinates":[[[-79.4659837,43.6764612],[-79.4659487,43.6763772],[-79.4661337,43.6763362],[-79.4661687,43.6764212],[-79.4659837,43.6764612]]]}},{"type":"Feature","properties":{"form":"houses"},"geometry":{"type":"Polygon","coordinates":[[[-79.4660187,43.6765492],[-79.4659847,43.6764642],[-79.4661687,43.6764242],[-79.4662037,43.6765082],[-79.4660187,43.6765492]]]}},{"type":"Feature","properties":{"form":"houses"},"geometry":{"type":"Polygon","coordinates":[[[-79.4660527,43.6766363],[-79.4660187,43.6765523],[-79.4662047,43.6765113],[-79.4662397,43.6765953],[-79.4660527,43.6766363]]]}},{"type":"Feature","properties":{"form":"houses"},"geometry":{"type":"Polygon","coordinates":[[[-79.4660914,43.6767242],[-79.4660564,43.6766392],[-79.4662404,43.6765992],[-79.4662754,43.6766842],[-79.4660914,43.6767242]]]}},{"type":"Feature","properties":{"form":"houses"},"geometry":{"type":"Polygon","coordinates":[[[-79.4661261,43.6768117],[-79.4660921,43.6767287],[-79.4662781,43.6766877],[-79.4663121,43.6767717],[-79.4661261,43.6768117]]]}},{"type":"Feature","properties":{"form":"houses"},"geometry":{"type":"Polygon","coordinates":[[[-79.4661631,43.6768997],[-79.4661291,43.6768177],[-79.4663131,43.6767767],[-79.4663471,43.6768587],[-79.4661631,43.6768997]]]}},{"type":"Feature","properties":{"form":"houses"},"geometry":{"type":"Polygon","coordinates":[[[-79.4661994,43.6769877],[-79.4661684,43.6769047],[-79.4663494,43.6768637],[-79.4663844,43.6769467],[-79.4661994,43.6769877]]]}},{"type":"Feature","properties":{"form":"houses"},"geometry":{"type":"Polygon","coordinates":[[[-79.4662344,43.6770738],[-79.4662014,43.6769898],[-79.4663844,43.6769488],[-79.4664194,43.6770328],[-79.4662344,43.6770738]]]}},{"type":"Feature","properties":{"form":"houses"},"geometry":{"type":"Polygon","coordinates":[[[-79.4662677,43.6771599],[-79.4662347,43.6770759],[-79.4664197,43.6770349],[-79.4664547,43.6771179],[-79.4662677,43.6771599]]]}},{"type":"Feature","properties":{"form":"houses"},"geometry":{"type":"Polygon","coordinates":[[[-79.4663054,43.6772445],[-79.4662694,43.6771605],[-79.4664544,43.6771195],[-79.4664894,43.6772035],[-79.4663054,43.6772445]]]}},{"type":"Feature","properties":{"form":"other"},"geometry":{"type":"Polygon","coordinates":[[[-79.466754,43.67856],[-79.466664,43.678415],[-79.46669,43.678406],[-79.466633,43.678314],[-79.466536,43.678345],[-79.466489,43.678269],[-79.466694,43.678202],[-79.466892,43.678515],[-79.466754,43.67856]]]}},{"type":"Feature","properties":{"form":"other"},"geometry":{"type":"Polygon","coordinates":[[[-79.4674347,43.6761878],[-79.4673422,43.6761102],[-79.4673739,43.6760904],[-79.4674664,43.676168],[-79.4674347,43.6761878]]]}},{"type":"Feature","properties":{"form":"other"},"geometry":{"type":"Polygon","coordinates":[[[-79.4674273,43.6794276],[-79.4674093,43.6794086],[-79.4673753,43.6794256],[-79.4672693,43.6793126],[-79.4673053,43.6792946],[-79.4672833,43.6792716],[-79.4674483,43.6791896],[-79.4674183,43.6791586],[-79.4675113,43.6791126],[-79.4676683,43.6792786],[-79.4674513,43.6793846],[-79.4674713,43.6794056],[-79.4674273,43.6794276]]]}},{"type":"Feature","properties":{"form":"houses"},"geometry":{"type":"Polygon","coordinates":[[[-79.466583,43.6818508],[-79.4664857,43.6815969],[-79.4666478,43.6815636],[-79.4667448,43.6818174],[-79.466583,43.6818508]]]}},{"type":"Feature","properties":{"form":"other"},"geometry":{"type":"Polygon","coordinates":[[[-79.4706937,43.6795845],[-79.4706607,43.6795445],[-79.4706647,43.6795125],[-79.4708567,43.6794725],[-79.4708847,43.6795455],[-79.4706937,43.6795845]]]}},{"type":"Feature","properties":{"form":"other"},"geometry":{"type":"Polygon","coordinates":[[[-79.4709707,43.6795195],[-79.4709427,43.6794495],[-79.4710307,43.6794305],[-79.4710587,43.6795005],[-79.4709707,43.6795195]]]}},{"type":"Feature","properties":{"form":"other"},"geometry":{"type":"Polygon","coordinates":[[[-79.4711687,43.6795255],[-79.4711457,43.6794695],[-79.4711687,43.6794525],[-79.4714087,43.6794025],[-79.4714697,43.6794395],[-79.4714277,43.6794695],[-79.4711687,43.6795255]]]}},{"type":"Feature","properties":{"form":"other"},"geometry":{"type":"Polygon","coordinates":[[[-79.4725249,43.6786058],[-79.4723396,43.678465],[-79.4728006,43.6781477],[-79.4729859,43.6782885],[-79.4725249,43.6786058]]]}},{"type":"Feature","properties":{"form":"houses"},"geometry":{"type":"Polygon","coordinates":[[[-79.470283,43.680453],[-79.470215,43.68047],[-79.470113,43.680367],[-79.470172,43.680335],[-79.470276,43.680436],[-79.470283,43.680453]]]}},{"type":"Feature","properties":{"form":"houses"},"geometry":{"type":"Polygon","coordinates":[[[-79.470415,43.680738],[-79.470371,43.680674],[-79.470742,43.680589],[-79.470772,43.680656],[-79.470415,43.680738]]]}},{"type":"Feature","properties":{"form":"other"},"geometry":{"type":"Polygon","coordinates":[[[-79.471554,43.679945],[-79.471364,43.679987],[-79.471342,43.679934],[-79.471459,43.679908],[-79.471573,43.679832],[-79.471636,43.679872],[-79.471554,43.679945]]]}},{"type":"Feature","properties":{"form":"other"},"geometry":{"type":"Polygon","coordinates":[[[-79.474704,43.682202],[-79.474673,43.682037],[-79.474686,43.682159],[-79.474608,43.682173],[-79.474565,43.681968],[-79.474717,43.681928],[-79.474794,43.682164],[-79.474762,43.682168],[-79.474767,43.682195],[-79.474704,43.682202]]]}},{"type":"Feature","properties":{"form":"houses"},"geometry":{"type":"Polygon","coordinates":[[[-79.469276,43.6880794],[-79.469238,43.6879894],[-79.469412,43.6879504],[-79.46945,43.6880414],[-79.469276,43.6880794]]]}},{"type":"Feature","properties":{"form":"houses"},"geometry":{"type":"Polygon","coordinates":[[[-79.469315,43.68818],[-79.469277,43.688087],[-79.469455,43.688048],[-79.469494,43.68814],[-79.469315,43.68818]]]}},{"type":"Feature","properties":{"form":"houses"},"geometry":{"type":"Polygon","coordinates":[[[-79.469337,43.688397],[-79.469284,43.68827],[-79.469413,43.688241],[-79.469466,43.688368],[-79.469337,43.688397]]]}},{"type":"Feature","properties":{"form":"houses"},"geometry":{"type":"Polygon","coordinates":[[[-79.46948,43.688365],[-79.469426,43.688239],[-79.469554,43.68821],[-79.469608,43.688336],[-79.46948,43.688365]]]}},{"type":"Feature","properties":{"form":"houses"},"geometry":{"type":"Polygon","coordinates":[[[-79.4699651,43.6876914],[-79.4699411,43.6876364],[-79.4701201,43.6875964],[-79.4701431,43.6876524],[-79.4699651,43.6876914]]]}},{"type":"Feature","properties":{"form":"houses"},"geometry":{"type":"Polygon","coordinates":[[[-79.469987,43.687794],[-79.469948,43.687702],[-79.470126,43.687663],[-79.470164,43.687755],[-79.469987,43.687794]]]}},{"type":"Feature","properties":{"form":"houses"},"geometry":{"type":"Polygon","coordinates":[[[-79.4706326,43.6875571],[-79.4706066,43.6874981],[-79.4707856,43.6874561],[-79.4708116,43.6875151],[-79.4706326,43.6875571]]]}},{"type":"Feature","properties":{"form":"houses"},"geometry":{"type":"Polygon","coordinates":[[[-79.4706736,43.6876381],[-79.4706426,43.6875651],[-79.4708206,43.6875251],[-79.4708516,43.6875981],[-79.4706736,43.6876381]]]}},{"type":"Feature","properties":{"form":"houses"},"geometry":{"type":"Polygon","coordinates":[[[-79.4707081,43.6877544],[-79.4706692,43.6876649],[-79.470858,43.687622],[-79.4708969,43.6877115],[-79.4707081,43.6877544]]]}},{"type":"Feature","properties":{"form":"houses"},"geometry":{"type":"Polygon","coordinates":[[[-79.4710623,43.6877629],[-79.4710316,43.6876905],[-79.4711916,43.687655],[-79.4712064,43.6877309],[-79.4710623,43.6877629]]]}},{"type":"Feature","properties":{"form":"houses"},"geometry":{"type":"Polygon","coordinates":[[[-79.469762,43.688301],[-79.46971,43.688174],[-79.469839,43.688146],[-79.469891,43.688273],[-79.469762,43.688301]]]}},{"type":"Feature","properties":{"form":"houses"},"geometry":{"type":"Polygon","coordinates":[[[-79.469907,43.688269],[-79.469852,43.688143],[-79.469981,43.688114],[-79.470035,43.68824],[-79.469907,43.688269]]]}},{"type":"Feature","properties":{"form":"houses"},"geometry":{"type":"Polygon","coordinates":[[[-79.470032,43.6879],[-79.469992,43.687809],[-79.470169,43.687768],[-79.470209,43.687859],[-79.470032,43.6879]]]}},{"type":"Feature","properties":{"form":"houses"},"geometry":{"type":"Polygon","coordinates":[[[-79.470079,43.688003],[-79.470039,43.68791],[-79.470215,43.68787],[-79.470255,43.687963],[-79.470079,43.688003]]]}},{"type":"Feature","properties":{"form":"houses"},"geometry":{"type":"Polygon","coordinates":[[[-79.470049,43.688237],[-79.469994,43.688112],[-79.470121,43.688082],[-79.470176,43.688208],[-79.470049,43.688237]]]}},{"type":"Feature","properties":{"form":"houses"},"geometry":{"type":"Polygon","coordinates":[[[-79.470189,43.688205],[-79.470135,43.688078],[-79.470263,43.68805],[-79.470317,43.688176],[-79.470189,43.688205]]]}},{"type":"Feature","properties":{"form":"houses"},"geometry":{"type":"Polygon","coordinates":[[[-79.469623,43.688332],[-79.469569,43.688207],[-79.469697,43.688178],[-79.469751,43.688304],[-79.469623,43.688332]]]}},{"type":"Feature","properties":{"form":"houses"},"geometry":{"type":"Polygon","coordinates":[[[-79.470331,43.688173],[-79.470277,43.688048],[-79.470352,43.688031],[-79.470406,43.688156],[-79.470331,43.688173]]]}},{"type":"Feature","properties":{"form":"houses"},"geometry":{"type":"Polygon","coordinates":[[[-79.470623,43.688109],[-79.470567,43.687981],[-79.470643,43.687964],[-79.470698,43.688092],[-79.470623,43.688109]]]}},{"type":"Feature","properties":{"form":"houses"},"geometry":{"type":"Polygon","coordinates":[[[-79.47085,43.688055],[-79.470799,43.687926],[-79.47093,43.687898],[-79.470982,43.688027],[-79.47085,43.688055]]]}},{"type":"Feature","properties":{"form":"houses"},"geometry":{"type":"Polygon","coordinates":[[[-79.470714,43.688087],[-79.470659,43.687959],[-79.470784,43.68793],[-79.470839,43.688059],[-79.470714,43.688087]]]}},{"type":"Feature","properties":{"form":"houses"},"geometry":{"type":"Polygon","coordinates":[[[-79.471,43.68802],[-79.470947,43.687894],[-79.471073,43.687866],[-79.471126,43.687993],[-79.471,43.68802]]]}},{"type":"Feature","properties":{"form":"houses"},"geometry":{"type":"Polygon","coordinates":[[[-79.471142,43.68799],[-79.471088,43.687862],[-79.471218,43.687833],[-79.471272,43.687961],[-79.471142,43.68799]]]}},{"type":"Feature","properties":{"form":"other"},"geometry":{"type":"Polygon","coordinates":[[[-79.471285,43.687959],[-79.47123,43.687829],[-79.471307,43.687812],[-79.471362,43.687942],[-79.471285,43.687959]]]}},{"type":"Feature","properties":{"form":"houses"},"geometry":{"type":"Polygon","coordinates":[[[-79.4387943,43.6859349],[-79.4385904,43.6859786],[-79.4385512,43.6858828],[-79.4387551,43.6858391],[-79.4387943,43.6859349]]]}},{"type":"Feature","properties":{"form":"houses"},"geometry":{"type":"Polygon","coordinates":[[[-79.4387986,43.6859357],[-79.4387593,43.6858391],[-79.4389611,43.6857962],[-79.4390004,43.6858927],[-79.4387986,43.6859357]]]}},{"type":"Feature","properties":{"form":"apartments"},"geometry":{"type":"Polygon","coordinates":[[[-79.433798,43.679843],[-79.433753,43.679826],[-79.433661,43.679599],[-79.433769,43.679579],[-79.433874,43.679824],[-79.433798,43.679843]]]}},{"type":"Feature","properties":{"form":"apartments"},"geometry":{"type":"Polygon","coordinates":[[[-79.433898,43.679806],[-79.433803,43.679557],[-79.433941,43.679526],[-79.434056,43.67977],[-79.433898,43.679806]]]}},{"type":"Feature","properties":{"form":"apartments"},"geometry":{"type":"Polygon","coordinates":[[[-79.434077,43.679767],[-79.433987,43.67952],[-79.434124,43.679489],[-79.434238,43.679731],[-79.434077,43.679767]]]}},{"type":"Feature","properties":{"form":"apartments"},"geometry":{"type":"Polygon","coordinates":[[[-79.434275,43.679739],[-79.434182,43.679476],[-79.434234,43.679464],[-79.434251,43.679507],[-79.434279,43.679501],[-79.434261,43.679458],[-79.434309,43.679448],[-79.434431,43.679704],[-79.434275,43.679739]]]}},{"type":"Feature","properties":{"form":"apartments"},"geometry":{"type":"Polygon","coordinates":[[[-79.434469,43.679695],[-79.43438,43.679431],[-79.434429,43.679421],[-79.434447,43.679465],[-79.434473,43.679459],[-79.434455,43.679415],[-79.434505,43.679405],[-79.434624,43.679662],[-79.434469,43.679695]]]}},{"type":"Feature","properties":{"form":"apartments"},"geometry":{"type":"Polygon","coordinates":[[[-79.434674,43.679649],[-79.434578,43.679392],[-79.434624,43.679381],[-79.434641,43.679423],[-79.434668,43.679417],[-79.434651,43.679375],[-79.434701,43.679363],[-79.434818,43.679617],[-79.434674,43.679649]]]}},{"type":"Feature","properties":{"form":"apartments"},"geometry":{"type":"Polygon","coordinates":[[[-79.434864,43.679612],[-79.434772,43.679347],[-79.434822,43.679337],[-79.43484,43.679381],[-79.434866,43.679375],[-79.434848,43.679331],[-79.434899,43.67932],[-79.435021,43.679579],[-79.434864,43.679612]]]}},{"type":"Feature","properties":{"form":"apartments"},"geometry":{"type":"Polygon","coordinates":[[[-79.4360755,43.679951],[-79.435958,43.679976],[-79.435845,43.679703],[-79.435856,43.679687],[-79.4359609,43.6796658],[-79.4360755,43.679951]]]}},{"type":"Feature","properties":{"form":"other"},"geometry":{"type":"Polygon","coordinates":[[[-79.4318837,43.6799547],[-79.4318606,43.6798979],[-79.4320095,43.6798662],[-79.4320331,43.6799222],[-79.4318837,43.6799547]]]}},{"type":"Feature","properties":{"form":"houses"},"geometry":{"type":"Polygon","coordinates":[[[-79.4380604,43.679503],[-79.4378464,43.679545],[-79.4378264,43.679498],[-79.4380134,43.679452],[-79.4380604,43.679503]]]}},{"type":"Feature","properties":{"form":"other"},"geometry":{"type":"Polygon","coordinates":[[[-79.4378846,43.6854433],[-79.4378904,43.685499],[-79.4378444,43.685509],[-79.4376384,43.685546],[-79.4376184,43.685497],[-79.4378846,43.6854433]]]}},{"type":"Feature","properties":{"form":"other"},"geometry":{"type":"Polygon","coordinates":[[[-79.4380801,43.6867152],[-79.4380608,43.6866671],[-79.438292,43.6866186],[-79.4383113,43.6866667],[-79.4380801,43.6867152]]]}},{"type":"Feature","properties":{"form":"other"},"geometry":{"type":"Polygon","coordinates":[[[-79.4380995,43.6867637],[-79.4380801,43.6867152],[-79.4383113,43.6866667],[-79.4383308,43.6867152],[-79.4380995,43.6867637]]]}},{"type":"Feature","properties":{"form":"other"},"geometry":{"type":"Polygon","coordinates":[[[-79.4381186,43.6868112],[-79.4380995,43.6867637],[-79.4383308,43.6867152],[-79.4383499,43.6867627],[-79.4381186,43.6868112]]]}},{"type":"Feature","properties":{"form":"other"},"geometry":{"type":"Polygon","coordinates":[[[-79.4381399,43.6868642],[-79.4381186,43.6868112],[-79.4383499,43.6867627],[-79.4383711,43.6868157],[-79.4381399,43.6868642]]]}},{"type":"Feature","properties":{"form":"other"},"geometry":{"type":"Polygon","coordinates":[[[-79.438443,43.6868507],[-79.4384579,43.6868887],[-79.4382797,43.6869253],[-79.4382648,43.6868873],[-79.438443,43.6868507]]]}},{"type":"Feature","properties":{"form":"other"},"geometry":{"type":"Polygon","coordinates":[[[-79.4382705,43.6870512],[-79.4382309,43.6869541],[-79.4384735,43.6869025],[-79.438513,43.6869995],[-79.4382705,43.6870512]]]}},{"type":"Feature","properties":{"form":"other"},"geometry":{"type":"Polygon","coordinates":[[[-79.4382141,43.6871132],[-79.4381953,43.6870672],[-79.4385206,43.6869979],[-79.4385394,43.6870439],[-79.4382141,43.6871132]]]}},{"type":"Feature","properties":{"form":"other"},"geometry":{"type":"Polygon","coordinates":[[[-79.4383632,43.6871358],[-79.4383259,43.6871004],[-79.4385368,43.6870553],[-79.4385531,43.6870951],[-79.4383632,43.6871358]]]}},{"type":"Feature","properties":{"form":"other"},"geometry":{"type":"Polygon","coordinates":[[[-79.4382602,43.6872007],[-79.438244,43.6871613],[-79.4385531,43.6870951],[-79.4385693,43.6871345],[-79.4382602,43.6872007]]]}},{"type":"Feature","properties":{"form":"other"},"geometry":{"type":"Polygon","coordinates":[[[-79.4382437,43.687347],[-79.4381899,43.6872158],[-79.4385693,43.6871345],[-79.438623,43.6872658],[-79.4382437,43.687347]]]}},{"type":"Feature","properties":{"form":"other"},"geometry":{"type":"Polygon","coordinates":[[[-79.4384138,43.6873809],[-79.4383874,43.6873163],[-79.438623,43.6872658],[-79.4386495,43.6873304],[-79.4384138,43.6873809]]]}},{"type":"Feature","properties":{"form":"other"},"geometry":{"type":"Polygon","coordinates":[[[-79.4384787,43.6874291],[-79.4384138,43.6873809],[-79.4386495,43.6873304],[-79.4386729,43.6873875],[-79.4384787,43.6874291]]]}},{"type":"Feature","properties":{"form":"other"},"geometry":{"type":"Polygon","coordinates":[[[-79.4384256,43.6875502],[-79.4384091,43.6875083],[-79.438459,43.6874979],[-79.4384425,43.687458],[-79.4386789,43.6874076],[-79.4387118,43.6874883],[-79.4384256,43.6875502]]]}},{"type":"Feature","properties":{"form":"other"},"geometry":{"type":"Polygon","coordinates":[[[-79.4385065,43.6875808],[-79.4385047,43.6875332],[-79.4387118,43.6874883],[-79.4387314,43.6875321],[-79.4385065,43.6875808]]]}},{"type":"Feature","properties":{"form":"other"},"geometry":{"type":"Polygon","coordinates":[[[-79.4385389,43.6876605],[-79.4385231,43.6876211],[-79.4387481,43.6875724],[-79.4387643,43.687612],[-79.4385389,43.6876605]]]}},{"type":"Feature","properties":{"form":"other"},"geometry":{"type":"Polygon","coordinates":[[[-79.4385554,43.6877013],[-79.4385389,43.6876605],[-79.4387643,43.687612],[-79.4387808,43.6876529],[-79.4385554,43.6877013]]]}},{"type":"Feature","properties":{"form":"other"},"geometry":{"type":"Polygon","coordinates":[[[-79.4385719,43.6877432],[-79.4385554,43.6877013],[-79.4387808,43.6876529],[-79.4387973,43.6876948],[-79.4385719,43.6877432]]]}},{"type":"Feature","properties":{"form":"other"},"geometry":{"type":"Polygon","coordinates":[[[-79.4386004,43.6877821],[-79.4385719,43.6877432],[-79.4387973,43.6876948],[-79.4388138,43.6877357],[-79.4386004,43.6877821]]]}},{"type":"Feature","properties":{"form":"other"},"geometry":{"type":"Polygon","coordinates":[[[-79.4388884,43.6872515],[-79.4388654,43.6871975],[-79.4391074,43.6871445],[-79.4391294,43.6871985],[-79.4388884,43.6872515]]]}},{"type":"Feature","properties":{"form":"other"},"geometry":{"type":"Polygon","coordinates":[[[-79.4389034,43.6873065],[-79.4388814,43.6872535],[-79.4391294,43.6871985],[-79.4391524,43.6872525],[-79.4389034,43.6873065]]]}},{"type":"Feature","properties":{"form":"other"},"geometry":{"type":"Polygon","coordinates":[[[-79.4389296,43.6873738],[-79.4389108,43.6873286],[-79.4391808,43.68727],[-79.4391996,43.6873152],[-79.4389296,43.6873738]]]}},{"type":"Feature","properties":{"form":"other"},"geometry":{"type":"Polygon","coordinates":[[[-79.4386229,43.6878239],[-79.4385884,43.6877841],[-79.4388138,43.6877357],[-79.4388324,43.6877796],[-79.4386229,43.6878239]]]}},{"type":"Feature","properties":{"form":"houses"},"geometry":{"type":"Polygon","coordinates":[[[-79.439245,43.691528],[-79.439115,43.691447],[-79.439258,43.691327],[-79.439387,43.691408],[-79.439245,43.691528]]]}},{"type":"Feature","properties":{"form":"houses"},"geometry":{"type":"Polygon","coordinates":[[[-79.439389,43.688591],[-79.43937,43.688546],[-79.439396,43.68854],[-79.439369,43.688477],[-79.439586,43.688428],[-79.43963,43.688537],[-79.439389,43.688591]]]}},{"type":"Feature","properties":{"form":"houses"},"geometry":{"type":"Polygon","coordinates":[[[-79.439391,43.69162],[-79.43926,43.691538],[-79.439407,43.691415],[-79.439562,43.691476],[-79.439391,43.69162]]]}},{"type":"Feature","properties":{"form":"houses"},"geometry":{"type":"Polygon","coordinates":[[[-79.439539,43.691712],[-79.439407,43.69163],[-79.439555,43.691506],[-79.439687,43.691588],[-79.439539,43.691712]]]}},{"type":"Feature","properties":{"form":"houses"},"geometry":{"type":"Polygon","coordinates":[[[-79.439686,43.691803],[-79.439555,43.691721],[-79.439703,43.691597],[-79.439834,43.691679],[-79.439686,43.691803]]]}},{"type":"Feature","properties":{"form":"houses"},"geometry":{"type":"Polygon","coordinates":[[[-79.44454,43.678782],[-79.44448,43.678643],[-79.44456,43.678626],[-79.44461,43.678767],[-79.44454,43.678782]]]}},{"type":"Feature","properties":{"form":"apartments"},"geometry":{"type":"Polygon","coordinates":[[[-79.451758,43.677099],[-79.451689,43.67743],[-79.451446,43.677404],[-79.451455,43.67736],[-79.451425,43.677357],[-79.451432,43.677326],[-79.451466,43.67733],[-79.451519,43.6770984],[-79.4516247,43.6771109],[-79.451639,43.677082],[-79.451722,43.677075],[-79.451758,43.677099]]]}},{"type":"Feature","properties":{"form":"other"},"geometry":{"type":"Polygon","coordinates":[[[-79.452304,43.67614],[-79.451989,43.676209],[-79.452046,43.676346],[-79.452084,43.67633],[-79.452109,43.676389],[-79.452006,43.676412],[-79.451986,43.676366],[-79.451963,43.676371],[-79.451919,43.676264],[-79.451888,43.676271],[-79.451853,43.676186],[-79.452811,43.675977],[-79.453011,43.676457],[-79.452215,43.676631],[-79.452206,43.676609],[-79.452125,43.676626],[-79.452087,43.676534],[-79.452114,43.676528],[-79.452093,43.676478],[-79.452183,43.676458],[-79.452205,43.67658],[-79.452464,43.676523],[-79.4524398,43.6764666],[-79.452343,43.676509],[-79.452318,43.67645],[-79.452387,43.676435],[-79.45235,43.676335],[-79.452227,43.676362],[-79.452195,43.676284],[-79.4523584,43.6762705],[-79.452304,43.67614]]]}},{"type":"Feature","properties":{"form":"other"},"geometry":{"type":"Polygon","coordinates":[[[-79.4532842,43.6559998],[-79.453212,43.656015],[-79.453162,43.655855],[-79.453223,43.655842],[-79.4532842,43.6559998]]]}},{"type":"Feature","properties":{"form":"houses"},"geometry":{"type":"Polygon","coordinates":[[[-79.4535571,43.6557696],[-79.4533749,43.6557897],[-79.4533657,43.6557664],[-79.4533926,43.6557608],[-79.4533751,43.6557165],[-79.4533496,43.6557218],[-79.4533416,43.6557018],[-79.4535125,43.6556489],[-79.4535275,43.6556867],[-79.4534979,43.6556929],[-79.4535571,43.6557696]]]}},{"type":"Feature","properties":{"form":"apartments"},"geometry":{"type":"Polygon","coordinates":[[[-79.4533714,43.6559799],[-79.4533278,43.6558712],[-79.4535112,43.6558465],[-79.4535049,43.6558307],[-79.4535687,43.6558173],[-79.4536135,43.655929],[-79.4533714,43.6559799]]]}},{"type":"Feature","properties":{"form":"other"},"geometry":{"type":"Polygon","coordinates":[[[-79.4538558,43.6558556],[-79.4537955,43.6557119],[-79.4538521,43.6556994],[-79.4539124,43.6558431],[-79.4538558,43.6558556]]]}},{"type":"Feature","properties":{"form":"other"},"geometry":{"type":"Polygon","coordinates":[[[-79.453934,43.6558946],[-79.4538283,43.6556427],[-79.4539748,43.6556105],[-79.4540805,43.6558624],[-79.453934,43.6558946]]]}},{"type":"Feature","properties":{"form":"other"},"geometry":{"type":"Polygon","coordinates":[[[-79.4543201,43.6557517],[-79.4542652,43.6556103],[-79.4543574,43.6556151],[-79.4543468,43.6555904],[-79.4543907,43.6555805],[-79.4544513,43.6557224],[-79.4543201,43.6557517]]]}},{"type":"Feature","properties":{"form":"other"},"geometry":{"type":"Polygon","coordinates":[[[-79.45454,43.655682],[-79.454457,43.6557],[-79.454411,43.655595],[-79.454504,43.655599],[-79.45454,43.655682]]]}},{"type":"Feature","properties":{"form":"houses"},"geometry":{"type":"Polygon","coordinates":[[[-79.454924,43.655666],[-79.454849,43.655482],[-79.454903,43.655471],[-79.454941,43.655545],[-79.4549,43.655434],[-79.455012,43.655426],[-79.455059,43.65552],[-79.455038,43.655444],[-79.455136,43.655423],[-79.455176,43.655495],[-79.455147,43.655399],[-79.455261,43.655368],[-79.455357,43.65557],[-79.454924,43.655666]]]}},{"type":"Feature","properties":{"form":"houses"},"geometry":{"type":"Polygon","coordinates":[[[-79.4564454,43.6549746],[-79.456412,43.6548988],[-79.4566224,43.6548503],[-79.4566558,43.6549261],[-79.4564454,43.6549746]]]}},{"type":"Feature","properties":{"form":"other"},"geometry":{"type":"Polygon","coordinates":[[[-79.4562467,43.6553797],[-79.4561138,43.6550582],[-79.4560951,43.6549958],[-79.4561831,43.6549772],[-79.456293,43.6552491],[-79.4563245,43.6553632],[-79.4562467,43.6553797]]]}},{"type":"Feature","properties":{"form":"apartments"},"geometry":{"type":"Polygon","coordinates":[[[-79.456089,43.6554039],[-79.456022,43.655239],[-79.4560978,43.6552229],[-79.4561648,43.6553878],[-79.456089,43.6554039]]]}},{"type":"Feature","properties":{"form":"other"},"geometry":{"type":"Polygon","coordinates":[[[-79.4561697,43.6553969],[-79.4561151,43.6552608],[-79.4561076,43.6552303],[-79.4561581,43.6552197],[-79.4561852,43.6552459],[-79.4562398,43.6553822],[-79.4561697,43.6553969]]]}},{"type":"Feature","properties":{"form":"other"},"geometry":{"type":"Polygon","coordinates":[[[-79.456344,43.655358],[-79.4562919,43.655217],[-79.4563579,43.65518],[-79.4564379,43.655338],[-79.456344,43.655358]]]}},{"type":"Feature","properties":{"form":"apartments"},"geometry":{"type":"Polygon","coordinates":[[[-79.4558702,43.6560333],[-79.4558562,43.6559986],[-79.4559005,43.6559892],[-79.4558887,43.65596],[-79.4559174,43.655954],[-79.4558807,43.6558632],[-79.455797,43.6558809],[-79.4557389,43.6557369],[-79.4560829,43.6556641],[-79.4561406,43.6558068],[-79.4560639,43.655823],[-79.4560991,43.6559099],[-79.4561269,43.6559041],[-79.4561401,43.6559369],[-79.4561821,43.655928],[-79.4561968,43.6559642],[-79.4558702,43.6560333]]]}},{"type":"Feature","properties":{"form":"other"},"geometry":{"type":"Polygon","coordinates":[[[-79.4561672,43.6558728],[-79.4560819,43.6556616],[-79.4561912,43.6556384],[-79.4562765,43.6558497],[-79.4561672,43.6558728]]]}},{"type":"Feature","properties":{"form":"houses"},"geometry":{"type":"Polygon","coordinates":[[[-79.4565449,43.6550623],[-79.456509,43.6550501],[-79.4564845,43.6549929],[-79.4566872,43.6549441],[-79.4567148,43.6550089],[-79.4566971,43.6550282],[-79.4565449,43.6550623]]]}},{"type":"Feature","properties":{"form":"other"},"geometry":{"type":"Polygon","coordinates":[[[-79.457735,43.65559],[-79.457629,43.655332],[-79.458204,43.655207],[-79.458233,43.655278],[-79.458091,43.655309],[-79.4581639,43.6554969],[-79.457735,43.65559]]]}},{"type":"Feature","properties":{"form":"apartments"},"geometry":{"type":"Polygon","coordinates":[[[-79.458542,43.655156],[-79.458637,43.655397],[-79.458441,43.655438],[-79.458473,43.655472],[-79.458533,43.655667],[-79.458306,43.655715],[-79.458268,43.655675],[-79.458247,43.65557],[-79.45821,43.655526],[-79.458213,43.655486],[-79.458315,43.655465],[-79.45822,43.655223],[-79.458542,43.655156]]]}},{"type":"Feature","properties":{"form":"other"},"geometry":{"type":"Polygon","coordinates":[[[-79.4531236,43.6560367],[-79.4530832,43.6559272],[-79.4531625,43.6559122],[-79.453207,43.6560197],[-79.4531236,43.6560367]]]}},{"type":"Feature","properties":{"form":"houses"},"geometry":{"type":"Polygon","coordinates":[[[-79.4531095,43.6583215],[-79.4530702,43.6582319],[-79.4532541,43.6581896],[-79.4532735,43.6582337],[-79.4533261,43.6582216],[-79.4533421,43.6582579],[-79.4531095,43.6583215]]]}},{"type":"Feature","properties":{"form":"houses"},"geometry":{"type":"Polygon","coordinates":[[[-79.4531543,43.6584267],[-79.4531163,43.6583387],[-79.4533703,43.6582767],[-79.4533413,43.6581777],[-79.4534113,43.6581637],[-79.4534903,43.6583087],[-79.4533133,43.6583497],[-79.4533293,43.6583867],[-79.4531543,43.6584267]]]}},{"type":"Feature","properties":{"form":"houses"},"geometry":{"type":"Polygon","coordinates":[[[-79.4531964,43.6585186],[-79.4531513,43.6584518],[-79.4531684,43.6584334],[-79.4534883,43.658361],[-79.4535424,43.6584488],[-79.4531964,43.6585186]]]}},{"type":"Feature","properties":{"form":"houses"},"geometry":{"type":"Polygon","coordinates":[[[-79.4532487,43.658607],[-79.4532192,43.6585377],[-79.4533807,43.6584957],[-79.4534026,43.6584927],[-79.4534182,43.6585294],[-79.4534661,43.6585188],[-79.4534827,43.6585577],[-79.4532487,43.658607]]]}},{"type":"Feature","properties":{"form":"houses"},"geometry":{"type":"Polygon","coordinates":[[[-79.4534817,43.6586576],[-79.453285,43.65869],[-79.4532517,43.6586119],[-79.453442,43.6585694],[-79.4534571,43.6586047],[-79.4534273,43.6586113],[-79.4534389,43.6586386],[-79.4534706,43.6586315],[-79.4534817,43.6586576]]]}},{"type":"Feature","properties":{"form":"houses"},"geometry":{"type":"Polygon","coordinates":[[[-79.4533274,43.658794],[-79.4532941,43.6587175],[-79.4534878,43.6586683],[-79.4535055,43.6586874],[-79.4535294,43.6587481],[-79.4533274,43.658794]]]}},{"type":"Feature","properties":{"form":"houses"},"geometry":{"type":"Polygon","coordinates":[[[-79.4533653,43.6588836],[-79.4533355,43.6588047],[-79.4535342,43.6587654],[-79.4535416,43.6587849],[-79.4535051,43.6587922],[-79.4535275,43.6588515],[-79.4533653,43.6588836]]]}},{"type":"Feature","properties":{"form":"houses"},"geometry":{"type":"Polygon","coordinates":[[[-79.4534013,43.6589742],[-79.4534091,43.6589306],[-79.4533715,43.6589385],[-79.4533562,43.6589006],[-79.4535747,43.6588574],[-79.4535964,43.658933],[-79.4534013,43.6589742]]]}},{"type":"Feature","properties":{"form":"houses"},"geometry":{"type":"Polygon","coordinates":[[[-79.4534335,43.6590623],[-79.4534034,43.6589901],[-79.4536107,43.6589449],[-79.4536382,43.6590106],[-79.4534335,43.6590623]]]}},{"type":"Feature","properties":{"form":"houses"},"geometry":{"type":"Polygon","coordinates":[[[-79.4534766,43.6591524],[-79.453446,43.6590784],[-79.4537697,43.6590035],[-79.4537869,43.6590452],[-79.4536634,43.659072],[-79.4536786,43.6591086],[-79.4534766,43.6591524]]]}},{"type":"Feature","properties":{"form":"houses"},"geometry":{"type":"Polygon","coordinates":[[[-79.4536804,43.6592019],[-79.4535196,43.6592288],[-79.4534893,43.6591617],[-79.4536933,43.6591135],[-79.4537123,43.6591554],[-79.4536645,43.6591667],[-79.4536804,43.6592019]]]}},{"type":"Feature","properties":{"form":"houses"},"geometry":{"type":"Polygon","coordinates":[[[-79.453558,43.6593219],[-79.4535295,43.6592546],[-79.4536878,43.6592194],[-79.45371,43.6592718],[-79.4537344,43.6592664],[-79.4537439,43.6592886],[-79.453558,43.6593219]]]}},{"type":"Feature","properties":{"form":"houses"},"geometry":{"type":"Polygon","coordinates":[[[-79.4535555,43.6593802],[-79.4535387,43.6593401],[-79.4537884,43.6592853],[-79.4538052,43.6593253],[-79.4535555,43.6593802]]]}},{"type":"Feature","properties":{"form":"other"},"geometry":{"type":"Polygon","coordinates":[[[-79.453349,43.6600054],[-79.453174,43.6598204],[-79.4534423,43.6597574],[-79.453525,43.6599564],[-79.453349,43.6600054]]]}},{"type":"Feature","properties":{"form":"houses"},"geometry":{"type":"Polygon","coordinates":[[[-79.4536151,43.6595234],[-79.4535948,43.659477],[-79.4538832,43.6594113],[-79.4539034,43.6594577],[-79.4536151,43.6595234]]]}},{"type":"Feature","properties":{"form":"houses"},"geometry":{"type":"Polygon","coordinates":[[[-79.4536424,43.6596126],[-79.4536128,43.6595403],[-79.4538279,43.6594942],[-79.4538428,43.6595305],[-79.453974,43.6595023],[-79.4539921,43.6595464],[-79.4536424,43.6596126]]]}},{"type":"Feature","properties":{"form":"houses"},"geometry":{"type":"Polygon","coordinates":[[[-79.4536863,43.6597045],[-79.4536501,43.6596203],[-79.4538983,43.6595753],[-79.4539277,43.6596501],[-79.4536863,43.6597045]]]}},{"type":"Feature","properties":{"form":"houses"},"geometry":{"type":"Polygon","coordinates":[[[-79.4540971,43.6597233],[-79.4540161,43.6597309],[-79.4539903,43.6596394],[-79.4540561,43.6596251],[-79.4540971,43.6597233]]]}},{"type":"Feature","properties":{"form":"other"},"geometry":{"type":"Polygon","coordinates":[[[-79.4646678,43.6489318],[-79.4645602,43.6489204],[-79.4645813,43.6488166],[-79.4646889,43.648828],[-79.4646678,43.6489318]]]}},{"type":"Feature","properties":{"form":"other"},"geometry":{"type":"Polygon","coordinates":[[[-79.4656238,43.6496978],[-79.4655747,43.6496955],[-79.4654912,43.6496913],[-79.4655141,43.6496301],[-79.4656288,43.6496337],[-79.4656238,43.6496978]]]}},{"type":"Feature","properties":{"form":"other"},"geometry":{"type":"Polygon","coordinates":[[[-79.4670987,43.6512178],[-79.467233,43.6511717],[-79.4672792,43.6512421],[-79.4671449,43.6512882],[-79.4670987,43.6512178]]]}},{"type":"Feature","properties":{"form":"houses"},"geometry":{"type":"Polygon","coordinates":[[[-79.471304,43.6495514],[-79.4711216,43.6495268],[-79.4711127,43.649455],[-79.4711384,43.6494585],[-79.4711455,43.6494307],[-79.4713065,43.6494525],[-79.471304,43.6495514]]]}},{"type":"Feature","properties":{"form":"other"},"geometry":{"type":"Polygon","coordinates":[[[-79.467219,43.6536828],[-79.467206,43.6536188],[-79.467384,43.6535828],[-79.467388,43.6536458],[-79.467219,43.6536828]]]}},{"type":"Feature","properties":{"form":"other"},"geometry":{"type":"Polygon","coordinates":[[[-79.467804,43.65382],[-79.468023,43.653765],[-79.467957,43.653604],[-79.468038,43.653585],[-79.46803,43.653567],[-79.468077,43.653555],[-79.468085,43.653573],[-79.468265,43.65351],[-79.468274,43.653528],[-79.468377,43.653503],[-79.468369,43.653485],[-79.468561,43.653459],[-79.468612,43.653574],[-79.468088,43.653701],[-79.468116,43.65376],[-79.467804,43.65382]]]}},{"type":"Feature","properties":{"form":"houses"},"geometry":{"type":"Polygon","coordinates":[[[-79.464273,43.6591152],[-79.4642526,43.659065],[-79.4644868,43.6590153],[-79.4645072,43.6590656],[-79.464273,43.6591152]]]}},{"type":"Feature","properties":{"form":"houses"},"geometry":{"type":"Polygon","coordinates":[[[-79.464521,43.6592089],[-79.464511,43.6591859],[-79.464489,43.6591909],[-79.464477,43.6591629],[-79.464496,43.6591509],[-79.464324,43.6591889],[-79.464313,43.6591639],[-79.464331,43.6591299],[-79.464572,43.6590769],[-79.464591,43.6591219],[-79.464562,43.6591349],[-79.464625,43.6591209],[-79.464633,43.6591779],[-79.464521,43.6592089]]]}},{"type":"Feature","properties":{"form":"houses"},"geometry":{"type":"Polygon","coordinates":[[[-79.464503,43.6592878],[-79.464484,43.6592398],[-79.464587,43.6592148],[-79.464688,43.6591938],[-79.464708,43.6592438],[-79.464503,43.6592878]]]}},{"type":"Feature","properties":{"form":"apartments"},"geometry":{"type":"Polygon","coordinates":[[[-79.4722381,43.6524612],[-79.4720663,43.6524285],[-79.4720214,43.6523989],[-79.4719447,43.6522146],[-79.4724497,43.6521016],[-79.4724831,43.6521862],[-79.472452,43.6521935],[-79.4724841,43.6522713],[-79.4725198,43.652264],[-79.4725348,43.6523025],[-79.4723357,43.6523622],[-79.4723169,43.652417],[-79.4722572,43.6524087],[-79.4722381,43.6524612]]]}},{"type":"Feature","properties":{"form":"other"},"geometry":{"type":"Polygon","coordinates":[[[-79.414073,43.6727445],[-79.4141189,43.6728675],[-79.4139276,43.6729081],[-79.4139048,43.6728519],[-79.4138118,43.6728717],[-79.413785,43.6728057],[-79.414073,43.6727445]]]}},{"type":"Feature","properties":{"form":"other"},"geometry":{"type":"Polygon","coordinates":[[[-79.4140044,43.6725721],[-79.4138268,43.6726099],[-79.4137417,43.6723977],[-79.4135548,43.6724365],[-79.4135319,43.6723799],[-79.4138973,43.6723073],[-79.4140044,43.6725721]]]}},{"type":"Feature","properties":{"form":"other"},"geometry":{"type":"Polygon","coordinates":[[[-79.4136082,43.6722861],[-79.4138608,43.6722178],[-79.4138882,43.6722856],[-79.4136534,43.6723356],[-79.4136264,43.6723312],[-79.4136082,43.6722861]]]}},{"type":"Feature","properties":{"form":"other"},"geometry":{"type":"Polygon","coordinates":[[[-79.4141795,43.6730047],[-79.4139823,43.6730467],[-79.4139417,43.672947],[-79.4138919,43.6729576],[-79.4138778,43.672923],[-79.4141179,43.6728718],[-79.4141795,43.6730047]]]}},{"type":"Feature","properties":{"form":"other"},"geometry":{"type":"Polygon","coordinates":[[[-79.4142058,43.6730766],[-79.4138438,43.6731537],[-79.4138165,43.673086],[-79.4141785,43.6730089],[-79.4142058,43.6730766]]]}},{"type":"Feature","properties":{"form":"other"},"geometry":{"type":"Polygon","coordinates":[[[-79.4578694,43.6667275],[-79.4577844,43.6666085],[-79.4579244,43.6665675],[-79.4579904,43.6666935],[-79.4578694,43.6667275]]]}},{"type":"Feature","properties":{"form":"other"},"geometry":{"type":"Polygon","coordinates":[[[-79.460292,43.6645507],[-79.4601784,43.6645211],[-79.4602107,43.6644563],[-79.4603243,43.664486],[-79.460292,43.6645507]]]}},{"type":"Feature","properties":{"form":"houses"},"geometry":{"type":"Polygon","coordinates":[[[-79.4597855,43.6678329],[-79.4597226,43.6676791],[-79.4597657,43.6676699],[-79.4599765,43.6677951],[-79.4597855,43.6678329]]]}},{"type":"Feature","properties":{"form":"houses"},"geometry":{"type":"Polygon","coordinates":[[[-79.4606003,43.6661197],[-79.4605513,43.6661068],[-79.460557,43.6660665],[-79.4605302,43.6661198],[-79.4604794,43.6660896],[-79.4604689,43.6661105],[-79.4604399,43.6661028],[-79.4604691,43.6660449],[-79.4604411,43.6660375],[-79.4605062,43.6659436],[-79.4606699,43.6659867],[-79.4606395,43.6660863],[-79.4606197,43.6660811],[-79.4606003,43.6661197]]]}},{"type":"Feature","properties":{"form":"houses"},"geometry":{"type":"Polygon","coordinates":[[[-79.4607212,43.6661974],[-79.4606104,43.6661682],[-79.4606894,43.6660196],[-79.4607983,43.6660576],[-79.4607212,43.6661974]]]}},{"type":"Feature","properties":{"form":"houses"},"geometry":{"type":"Polygon","coordinates":[[[-79.4608526,43.6662296],[-79.4607424,43.6662006],[-79.4608044,43.6660594],[-79.4609317,43.6660929],[-79.4608526,43.6662296]]]}},{"type":"Feature","properties":{"form":"houses"},"geometry":{"type":"Polygon","coordinates":[[[-79.4609805,43.666264],[-79.4608719,43.6662352],[-79.4609361,43.6660942],[-79.4610569,43.6661262],[-79.4609805,43.666264]]]}},{"type":"Feature","properties":{"form":"houses"},"geometry":{"type":"Polygon","coordinates":[[[-79.4611231,43.6662936],[-79.4610125,43.66627],[-79.4610607,43.6661236],[-79.4611895,43.6661514],[-79.4611231,43.6662936]]]}},{"type":"Feature","properties":{"form":"houses"},"geometry":{"type":"Polygon","coordinates":[[[-79.4611901,43.6663409],[-79.4611199,43.6663254],[-79.4611929,43.666152],[-79.4612476,43.6661587],[-79.4612618,43.6661705],[-79.4611901,43.6663409]]]}},{"type":"Feature","properties":{"form":"houses"},"geometry":{"type":"Polygon","coordinates":[[[-79.4613469,43.6663394],[-79.461276,43.6663249],[-79.4613443,43.666179],[-79.4614014,43.6661996],[-79.4613469,43.6663394]]]}},{"type":"Feature","properties":{"form":"houses"},"geometry":{"type":"Polygon","coordinates":[[[-79.4614868,43.6663884],[-79.4613814,43.6663504],[-79.4614187,43.6661956],[-79.4615413,43.6662187],[-79.4614868,43.6663884]]]}},{"type":"Feature","properties":{"form":"houses"},"geometry":{"type":"Polygon","coordinates":[[[-79.4616267,43.6663847],[-79.4615126,43.6663684],[-79.4615506,43.6662136],[-79.4616762,43.6662374],[-79.4616267,43.6663847]]]}},{"type":"Feature","properties":{"form":"houses"},"geometry":{"type":"Polygon","coordinates":[[[-79.4617577,43.6664269],[-79.4616481,43.6663899],[-79.4616879,43.6662337],[-79.4618088,43.6662593],[-79.4617577,43.6664269]]]}},{"type":"Feature","properties":{"form":"houses"},"geometry":{"type":"Polygon","coordinates":[[[-79.4619243,43.6664171],[-79.4618104,43.6664115],[-79.4618125,43.6662602],[-79.4619494,43.6662662],[-79.4619243,43.6664171]]]}},{"type":"Feature","properties":{"form":"houses"},"geometry":{"type":"Polygon","coordinates":[[[-79.4620609,43.6664247],[-79.4619443,43.6664192],[-79.4619567,43.6662625],[-79.4620845,43.6662782],[-79.4620609,43.6664247]]]}},{"type":"Feature","properties":{"form":"houses"},"geometry":{"type":"Polygon","coordinates":[[[-79.4621983,43.6664315],[-79.4620828,43.6664256],[-79.4620961,43.6662675],[-79.4622225,43.6662834],[-79.4621983,43.6664315]]]}},{"type":"Feature","properties":{"form":"houses"},"geometry":{"type":"Polygon","coordinates":[[[-79.4623375,43.6664377],[-79.46222,43.6664324],[-79.462231,43.6662756],[-79.4623591,43.6662888],[-79.4623375,43.6664377]]]}},{"type":"Feature","properties":{"form":"houses"},"geometry":{"type":"Polygon","coordinates":[[[-79.4624715,43.6664452],[-79.4623529,43.6664395],[-79.4623623,43.6662894],[-79.4624933,43.6662972],[-79.4624715,43.6664452]]]}},{"type":"Feature","properties":{"form":"houses"},"geometry":{"type":"Polygon","coordinates":[[[-79.4625633,43.6664512],[-79.4624825,43.6664476],[-79.4624938,43.6663163],[-79.4625494,43.6663188],[-79.4625459,43.6663595],[-79.4625711,43.6663606],[-79.4625633,43.6664512]]]}},{"type":"Feature","properties":{"form":"other"},"geometry":{"type":"Polygon","coordinates":[[[-79.463672,43.665999],[-79.463635,43.665909],[-79.463751,43.665883],[-79.463788,43.665973],[-79.463672,43.665999]]]}},{"type":"Feature","properties":{"form":"other"},"geometry":{"type":"Polygon","coordinates":[[[-79.46399,43.666133],[-79.46395,43.666038],[-79.463656,43.666102],[-79.463619,43.666013],[-79.464086,43.665933],[-79.464155,43.666097],[-79.46399,43.666133]]]}},{"type":"Feature","properties":{"form":"other"},"geometry":{"type":"Polygon","coordinates":[[[-79.463754,43.666275],[-79.463724,43.666193],[-79.463921,43.666158],[-79.463948,43.666231],[-79.463754,43.666275]]]}},{"type":"Feature","properties":{"form":"other"},"geometry":{"type":"Polygon","coordinates":[[[-79.463774,43.666361],[-79.463747,43.666287],[-79.463951,43.666242],[-79.463979,43.666317],[-79.463774,43.666361]]]}},{"type":"Feature","properties":{"form":"other"},"geometry":{"type":"Polygon","coordinates":[[[-79.4543559,43.670954],[-79.4542239,43.670646],[-79.4544299,43.670619],[-79.4545509,43.670911],[-79.4543559,43.670954]]]}},{"type":"Feature","properties":{"form":"other"},"geometry":{"type":"Polygon","coordinates":[[[-79.454728,43.671071],[-79.454667,43.670912],[-79.454689,43.670908],[-79.454605,43.670709],[-79.454808,43.670658],[-79.454867,43.670829],[-79.45495,43.670811],[-79.454968,43.67086],[-79.455025,43.670849],[-79.455083,43.670948],[-79.455052,43.670955],[-79.45504,43.670924],[-79.45493,43.670947],[-79.45496,43.671024],[-79.454728,43.671071]]]}},{"type":"Feature","properties":{"form":"other"},"geometry":{"type":"Polygon","coordinates":[[[-79.453259,43.673255],[-79.453228,43.673226],[-79.453129,43.673208],[-79.453095,43.673172],[-79.45317,43.673114],[-79.453295,43.673236],[-79.453259,43.673255]]]}},{"type":"Feature","properties":{"form":"houses"},"geometry":{"type":"Polygon","coordinates":[[[-79.454134,43.674051],[-79.453999,43.673929],[-79.453946,43.673908],[-79.453804,43.673777],[-79.453805,43.673755],[-79.45379,43.673765],[-79.453751,43.67373],[-79.4538,43.673699],[-79.454225,43.673998],[-79.454134,43.674051]]]}},{"type":"Feature","properties":{"form":"houses"},"geometry":{"type":"Polygon","coordinates":[[[-79.454443,43.674324],[-79.454301,43.674197],[-79.454278,43.674199],[-79.454155,43.674071],[-79.454259,43.67401],[-79.454555,43.674259],[-79.454443,43.674324]]]}},{"type":"Feature","properties":{"form":"other"},"geometry":{"type":"Polygon","coordinates":[[[-79.454583,43.673945],[-79.454518,43.673971],[-79.454427,43.673888],[-79.454471,43.673862],[-79.454583,43.673945]]]}},{"type":"Feature","properties":{"form":"houses"},"geometry":{"type":"Polygon","coordinates":[[[-79.454739,43.674606],[-79.454593,43.674492],[-79.454607,43.674472],[-79.454464,43.674344],[-79.454578,43.674279],[-79.454701,43.674385],[-79.454852,43.674541],[-79.454739,43.674606]]]}},{"type":"Feature","properties":{"form":"houses"},"geometry":{"type":"Polygon","coordinates":[[[-79.456966,43.675441],[-79.456931,43.675357],[-79.457125,43.675306],[-79.45716,43.675331],[-79.457166,43.675405],[-79.456966,43.675441]]]}},{"type":"Feature","properties":{"form":"houses"},"geometry":{"type":"Polygon","coordinates":[[[-79.457008,43.675541],[-79.456973,43.675456],[-79.457166,43.675406],[-79.457201,43.675428],[-79.457208,43.675504],[-79.457008,43.675541]]]}},{"type":"Feature","properties":{"form":"houses"},"geometry":{"type":"Polygon","coordinates":[[[-79.45705,43.675641],[-79.457014,43.675555],[-79.457208,43.675505],[-79.457242,43.675528],[-79.45725,43.675605],[-79.45705,43.675641]]]}},{"type":"Feature","properties":{"form":"houses"},"geometry":{"type":"Polygon","coordinates":[[[-79.46011,43.668656],[-79.460064,43.668549],[-79.460358,43.668482],[-79.460413,43.668588],[-79.46011,43.668656]]]}},{"type":"Feature","properties":{"form":"houses"},"geometry":{"type":"Polygon","coordinates":[[[-79.460319,43.669298],[-79.460051,43.668676],[-79.460306,43.668614],[-79.460576,43.66924],[-79.460319,43.669298]]]}},{"type":"Feature","properties":{"form":"houses"},"geometry":{"type":"Polygon","coordinates":[[[-79.4624928,43.6707001],[-79.4623348,43.6707111],[-79.4623188,43.6706461],[-79.4623408,43.6706301],[-79.4624338,43.6706181],[-79.4624438,43.6706581],[-79.4624818,43.6706541],[-79.4624928,43.6707001]]]}},{"type":"Feature","properties":{"form":"other"},"geometry":{"type":"Polygon","coordinates":[[[-79.4639251,43.6725741],[-79.4639031,43.6725321],[-79.4638401,43.6725081],[-79.4637761,43.6725241],[-79.4637631,43.6724991],[-79.4638631,43.6724721],[-79.4639211,43.6724911],[-79.4639601,43.6725641],[-79.4639251,43.6725741]]]}},{"type":"Feature","properties":{"form":"other"},"geometry":{"type":"Polygon","coordinates":[[[-79.4630558,43.6731438],[-79.4630138,43.6730428],[-79.4633378,43.6729718],[-79.4633798,43.6730738],[-79.4630558,43.6731438]]]}},{"type":"Feature","properties":{"form":"other"},"geometry":{"type":"Polygon","coordinates":[[[-79.4627235,43.6739833],[-79.4626337,43.6737691],[-79.4629382,43.6737165],[-79.463017,43.6739691],[-79.4629625,43.6739803],[-79.4629325,43.6739043],[-79.4628075,43.6739303],[-79.4628205,43.6739623],[-79.4627235,43.6739833]]]}},{"type":"Feature","properties":{"form":"other"},"geometry":{"type":"Polygon","coordinates":[[[-79.463314,43.6739181],[-79.4631675,43.6736226],[-79.46336,43.6735781],[-79.463487,43.6738801],[-79.463314,43.6739181]]]}},{"type":"Feature","properties":{"form":"other"},"geometry":{"type":"Polygon","coordinates":[[[-79.465915,43.666215],[-79.465602,43.666208],[-79.465608,43.666081],[-79.465777,43.666085],[-79.465781,43.666007],[-79.466446,43.666023],[-79.466442,43.666192],[-79.465917,43.66618],[-79.465915,43.666215]]]}},{"type":"Feature","properties":{"form":"houses"},"geometry":{"type":"Polygon","coordinates":[[[-79.465109,43.668167],[-79.465069,43.668075],[-79.465254,43.668047],[-79.465284,43.668122],[-79.465109,43.668167]]]}},{"type":"Feature","properties":{"form":"houses"},"geometry":{"type":"Polygon","coordinates":[[[-79.465339,43.668062],[-79.465321,43.668015],[-79.465493,43.667971],[-79.465515,43.668017],[-79.465339,43.668062]]]}},{"type":"Feature","properties":{"form":"houses"},"geometry":{"type":"Polygon","coordinates":[[[-79.464292,43.668951],[-79.464268,43.668895],[-79.464427,43.668854],[-79.464584,43.668816],[-79.464609,43.668871],[-79.464292,43.668951]]]}},{"type":"Feature","properties":{"form":"houses"},"geometry":{"type":"Polygon","coordinates":[[[-79.464438,43.66898],[-79.464415,43.668933],[-79.464499,43.668901],[-79.464611,43.668873],[-79.464635,43.668929],[-79.464438,43.66898]]]}},{"type":"Feature","properties":{"form":"other"},"geometry":{"type":"Polygon","coordinates":[[[-79.464416,43.669367],[-79.464338,43.669198],[-79.464472,43.669165],[-79.464515,43.669258],[-79.464733,43.669205],[-79.464768,43.669282],[-79.464416,43.669367]]]}},{"type":"Feature","properties":{"form":"other"},"geometry":{"type":"Polygon","coordinates":[[[-79.464494,43.669564],[-79.464431,43.669425],[-79.464586,43.669387],[-79.464608,43.669434],[-79.464817,43.669384],[-79.464855,43.669477],[-79.464494,43.669564]]]}},{"type":"Feature","properties":{"form":"other"},"geometry":{"type":"Polygon","coordinates":[[[-79.464624,43.669842],[-79.46459,43.669765],[-79.464551,43.669774],[-79.464502,43.669664],[-79.4646165,43.6696385],[-79.464662,43.66974],[-79.464971,43.669653],[-79.464987,43.669687],[-79.46491,43.669705],[-79.464938,43.669768],[-79.464624,43.669842]]]}},{"type":"Feature","properties":{"form":"other"},"geometry":{"type":"Polygon","coordinates":[[[-79.464692,43.6700986],[-79.464639,43.6699816],[-79.464885,43.6699226],[-79.464939,43.6700396],[-79.464692,43.6700986]]]}},{"type":"Feature","properties":{"form":"other"},"geometry":{"type":"Polygon","coordinates":[[[-79.464939,43.6700396],[-79.464885,43.6699226],[-79.465067,43.6698796],[-79.46512,43.6699966],[-79.464939,43.6700396]]]}},{"type":"Feature","properties":{"form":"other"},"geometry":{"type":"Polygon","coordinates":[[[-79.4642193,43.6735584],[-79.4641683,43.6734204],[-79.4642453,43.6734054],[-79.4643113,43.6735404],[-79.4642193,43.6735584]]]}},{"type":"Feature","properties":{"form":"other"},"geometry":{"type":"Polygon","coordinates":[[[-79.4645156,43.6735705],[-79.4643856,43.6735835],[-79.4643196,43.6734285],[-79.4643386,43.6734025],[-79.4644336,43.6733825],[-79.4644646,43.6733955],[-79.4645276,43.6735475],[-79.4645156,43.6735705]]]}},{"type":"Feature","properties":{"form":"other"},"geometry":{"type":"Polygon","coordinates":[[[-79.4641337,43.6737302],[-79.4640927,43.6736282],[-79.4641347,43.6736192],[-79.4641207,43.6735862],[-79.4641957,43.6735702],[-79.4642517,43.6737052],[-79.4641337,43.6737302]]]}},{"type":"Feature","properties":{"form":"other"},"geometry":{"type":"Polygon","coordinates":[[[-79.4651383,43.6734436],[-79.4650743,43.6732816],[-79.4652853,43.6732376],[-79.4654223,43.6733496],[-79.4651533,43.6734126],[-79.4651383,43.6734436]]]}},{"type":"Feature","properties":{"form":"other"},"geometry":{"type":"Polygon","coordinates":[[[-79.465152,43.6734891],[-79.4647587,43.6735665],[-79.4646624,43.6733413],[-79.4650613,43.6732799],[-79.465152,43.6734891]]]}},{"type":"Feature","properties":{"form":"other"},"geometry":{"type":"Polygon","coordinates":[[[-79.471451,43.668644],[-79.471303,43.668296],[-79.471325,43.668276],[-79.47144,43.668266],[-79.471588,43.668613],[-79.471451,43.668644]]]}},{"type":"Feature","properties":{"form":"other"},"geometry":{"type":"Polygon","coordinates":[[[-79.326674,43.694887],[-79.326639,43.694803],[-79.326709,43.694788],[-79.326744,43.694872],[-79.326674,43.694887]]]}},{"type":"Feature","properties":{"form":"other"},"geometry":{"type":"Polygon","coordinates":[[[-79.334099,43.693133],[-79.3340684,43.6930634],[-79.3341173,43.6930539],[-79.3341085,43.69303],[-79.334136,43.693024],[-79.334174,43.693116],[-79.334099,43.693133]]]}},{"type":"Feature","properties":{"form":"other"},"geometry":{"type":"Polygon","coordinates":[[[-79.333693,43.693116],[-79.333653,43.693019],[-79.3338027,43.6929867],[-79.3338438,43.6930838],[-79.333693,43.693116]]]}},{"type":"Feature","properties":{"form":"other"},"geometry":{"type":"Polygon","coordinates":[[[-79.334486,43.693117],[-79.334432,43.6929877],[-79.3343865,43.6928644],[-79.3344547,43.69285],[-79.334475,43.692899],[-79.334538,43.692886],[-79.334561,43.692944],[-79.334498,43.692956],[-79.334559,43.693101],[-79.334486,43.693117]]]}},{"type":"Feature","properties":{"form":"other"},"geometry":{"type":"Polygon","coordinates":[[[-79.3342764,43.6929931],[-79.3342349,43.6928958],[-79.334313,43.6928793],[-79.334361,43.693001],[-79.3342764,43.6929931]]]}},{"type":"Feature","properties":{"form":"other"},"geometry":{"type":"Polygon","coordinates":[[[-79.334136,43.693024],[-79.3340966,43.6929249],[-79.3341659,43.6929101],[-79.334217,43.693031],[-79.334165,43.693042],[-79.334136,43.693024]]]}},{"type":"Feature","properties":{"form":"apartments"},"geometry":{"type":"Polygon","coordinates":[[[-79.3336478,43.692714],[-79.3335943,43.692583],[-79.3340364,43.6924865],[-79.3340906,43.6926172],[-79.3336478,43.692714]]]}},{"type":"Feature","properties":{"form":"apartments"},"geometry":{"type":"Polygon","coordinates":[[[-79.333619,43.693197],[-79.333605,43.693164],[-79.333576,43.693171],[-79.333544,43.693064],[-79.333653,43.693019],[-79.333702,43.693177],[-79.333619,43.693197]]]}},{"type":"Feature","properties":{"form":"other"},"geometry":{"type":"Polygon","coordinates":[[[-79.3211794,43.6461235],[-79.3211064,43.6461125],[-79.3211304,43.6460255],[-79.3212044,43.6460365],[-79.3211794,43.6461235]]]}},{"type":"Feature","properties":{"form":"houses"},"geometry":{"type":"Polygon","coordinates":[[[-79.313612,43.684997],[-79.31357,43.684897],[-79.31371,43.684865],[-79.313752,43.684966],[-79.313612,43.684997]]]}},{"type":"Feature","properties":{"form":"other"},"geometry":{"type":"Polygon","coordinates":[[[-79.3132666,43.6854601],[-79.3131846,43.6852521],[-79.3132616,43.6852211],[-79.3132456,43.6851841],[-79.3132146,43.6851911],[-79.3131366,43.6850021],[-79.3134046,43.6849441],[-79.3134966,43.6851711],[-79.3135846,43.6851521],[-79.3136726,43.6853721],[-79.3135386,43.6853851],[-79.3132666,43.6854601]]]}},{"type":"Feature","properties":{"form":"other"},"geometry":{"type":"Polygon","coordinates":[[[-79.320478,43.678354],[-79.320437,43.678295],[-79.320826,43.678154],[-79.320794,43.678109],[-79.3209,43.67807],[-79.320917,43.678095],[-79.321236,43.677998],[-79.321266,43.678075],[-79.321174,43.678095],[-79.32098,43.678179],[-79.320989,43.678192],[-79.320478,43.678354]]]}},{"type":"Feature","properties":{"form":"houses"},"geometry":{"type":"Polygon","coordinates":[[[-79.313638,43.685056],[-79.313615,43.685001],[-79.313752,43.684971],[-79.313775,43.685026],[-79.313638,43.685056]]]}},{"type":"Feature","properties":{"form":"apartments"},"geometry":{"type":"Polygon","coordinates":[[[-79.310055,43.681016],[-79.309939,43.680729],[-79.310077,43.680665],[-79.310104,43.680731],[-79.310305,43.680686],[-79.310291,43.680652],[-79.310311,43.680647],[-79.310263,43.680529],[-79.3102,43.680543],[-79.310149,43.68061],[-79.310067,43.680616],[-79.309995,43.680443],[-79.310068,43.680416],[-79.310167,43.680462],[-79.310229,43.680449],[-79.31018,43.68033],[-79.31016,43.680334],[-79.310146,43.6803],[-79.310384,43.680252],[-79.310593,43.680742],[-79.310055,43.681016]]]}},{"type":"Feature","properties":{"form":"apartments"},"geometry":{"type":"Polygon","coordinates":[[[-79.4359483,43.6609886],[-79.4358786,43.6608282],[-79.4362589,43.6607417],[-79.4363286,43.660902],[-79.4359483,43.6609886]]]}},{"type":"Feature","properties":{"form":"houses"},"geometry":{"type":"Polygon","coordinates":[[[-79.4311925,43.6699089],[-79.4311282,43.6697498],[-79.4311948,43.6697357],[-79.4312648,43.6698928],[-79.4311925,43.6699089]]]}},{"type":"Feature","properties":{"form":"houses"},"geometry":{"type":"Polygon","coordinates":[[[-79.4363753,43.6684895],[-79.4363295,43.6683775],[-79.4366989,43.6682984],[-79.4366809,43.6682545],[-79.4367608,43.6682374],[-79.4367959,43.6683233],[-79.436735,43.6683547],[-79.436755,43.6684036],[-79.4363753,43.6684895]]]}},{"type":"Feature","properties":{"form":"houses"},"geometry":{"type":"Polygon","coordinates":[[[-79.4365201,43.6688195],[-79.4364001,43.6685505],[-79.4365371,43.6685195],[-79.4366541,43.6687845],[-79.4365201,43.6688195]]]}},{"type":"Feature","properties":{"form":"houses"},"geometry":{"type":"Polygon","coordinates":[[[-79.4369092,43.6684757],[-79.4368422,43.6682709],[-79.4369803,43.6682407],[-79.4370644,43.6684417],[-79.4369092,43.6684757]]]}},{"type":"Feature","properties":{"form":"houses"},"geometry":{"type":"Polygon","coordinates":[[[-79.4367412,43.6687676],[-79.4366288,43.6684948],[-79.4367605,43.6684664],[-79.4368729,43.6687392],[-79.4367412,43.6687676]]]}},{"type":"Feature","properties":{"form":"houses"},"geometry":{"type":"Polygon","coordinates":[[[-79.4370134,43.6687113],[-79.4369174,43.6684799],[-79.4370701,43.6684467],[-79.4371661,43.6686781],[-79.4370134,43.6687113]]]}},{"type":"Feature","properties":{"form":"houses"},"geometry":{"type":"Polygon","coordinates":[[[-79.4397757,43.6711552],[-79.4397587,43.6711162],[-79.4399947,43.6710602],[-79.4400157,43.6711112],[-79.4397757,43.6711552]]]}},{"type":"Feature","properties":{"form":"houses"},"geometry":{"type":"Polygon","coordinates":[[[-79.4398919,43.6713845],[-79.4398769,43.6713495],[-79.4399229,43.6713385],[-79.4399169,43.6713245],[-79.4398649,43.6713365],[-79.4398459,43.6712905],[-79.4400859,43.6712425],[-79.4401269,43.6713395],[-79.4398919,43.6713845]]]}},{"type":"Feature","properties":{"form":"houses"},"geometry":{"type":"Polygon","coordinates":[[[-79.4399078,43.671476],[-79.4398875,43.6714283],[-79.4401014,43.6713806],[-79.4401217,43.6714283],[-79.4399078,43.671476]]]}},{"type":"Feature","properties":{"form":"houses"},"geometry":{"type":"Polygon","coordinates":[[[-79.4399686,43.6715192],[-79.4399461,43.6714675],[-79.4401217,43.6714283],[-79.440144,43.6714793],[-79.4399686,43.6715192]]]}},{"type":"Feature","properties":{"form":"houses"},"geometry":{"type":"Polygon","coordinates":[[[-79.4399847,43.6715578],[-79.4399686,43.6715192],[-79.4401913,43.6714688],[-79.4402079,43.6715069],[-79.4399847,43.6715578]]]}},{"type":"Feature","properties":{"form":"houses"},"geometry":{"type":"Polygon","coordinates":[[[-79.4399358,43.6717194],[-79.4399103,43.6716601],[-79.4402196,43.6715904],[-79.440245,43.6716496],[-79.4399358,43.6717194]]]}},{"type":"Feature","properties":{"form":"houses"},"geometry":{"type":"Polygon","coordinates":[[[-79.4400665,43.6716962],[-79.4402335,43.6716592],[-79.4402555,43.6717102],[-79.4400895,43.6717477],[-79.4400665,43.6716962]]]}},{"type":"Feature","properties":{"form":"houses"},"geometry":{"type":"Polygon","coordinates":[[[-79.440106,43.6718707],[-79.440065,43.6718077],[-79.440095,43.6717897],[-79.440065,43.6717967],[-79.440052,43.6717647],[-79.440255,43.6717157],[-79.440304,43.6718307],[-79.440106,43.6718707]]]}},{"type":"Feature","properties":{"form":"houses"},"geometry":{"type":"Polygon","coordinates":[[[-79.440106,43.6719537],[-79.440099,43.6718947],[-79.440286,43.6718437],[-79.440312,43.6718447],[-79.440338,43.6719067],[-79.440106,43.6719537]]]}},{"type":"Feature","properties":{"form":"apartments"},"geometry":{"type":"Polygon","coordinates":[[[-79.4461827,43.6656929],[-79.4458887,43.6649539],[-79.4467217,43.6647799],[-79.4469197,43.6652779],[-79.4467017,43.6653229],[-79.446539,43.664935],[-79.4462473,43.6650137],[-79.446168,43.665013],[-79.4462597,43.6652239],[-79.4463327,43.6652089],[-79.4463787,43.6653239],[-79.4463577,43.6653279],[-79.4464787,43.6656309],[-79.4461827,43.6656929]]]}},{"type":"Feature","properties":{"form":"apartments"},"geometry":{"type":"Polygon","coordinates":[[[-79.4472419,43.6654247],[-79.447195,43.6653452],[-79.4472144,43.6653407],[-79.4471765,43.6652845],[-79.4471925,43.665281],[-79.4471799,43.6652488],[-79.4475244,43.6651848],[-79.4473743,43.6648226],[-79.4476206,43.6647679],[-79.4478379,43.665316],[-79.4476161,43.6653373],[-79.4473216,43.6654077],[-79.4473265,43.6654219],[-79.4472419,43.6654247]]]}},{"type":"Feature","properties":{"form":"apartments"},"geometry":{"type":"Polygon","coordinates":[[[-79.4478094,43.6658877],[-79.4477244,43.6657277],[-79.4477405,43.6656886],[-79.4476094,43.6657387],[-79.4471994,43.6658257],[-79.4471574,43.6658207],[-79.4470974,43.6656697],[-79.4478974,43.6654777],[-79.4479854,43.6656897],[-79.4480184,43.6658447],[-79.4478094,43.6658877]]]}},{"type":"Feature","properties":{"form":"other"},"geometry":{"type":"Polygon","coordinates":[[[-79.445688,43.66632],[-79.445574,43.666037],[-79.44588,43.665972],[-79.445912,43.666052],[-79.445784,43.66608],[-79.445767,43.666037],[-79.445714,43.666048],[-79.44578,43.666212],[-79.445908,43.666175],[-79.445946,43.666266],[-79.445688,43.66632]]]}},{"type":"Feature","properties":{"form":"other"},"geometry":{"type":"Polygon","coordinates":[[[-79.446012,43.666249],[-79.445902,43.665969],[-79.446009,43.665946],[-79.44612,43.666228],[-79.446012,43.666249]]]}},{"type":"Feature","properties":{"form":"other"},"geometry":{"type":"Polygon","coordinates":[[[-79.445801,43.66637],[-79.445778,43.666311],[-79.446103,43.666244],[-79.446126,43.666302],[-79.445801,43.66637]]]}},{"type":"Feature","properties":{"form":"other"},"geometry":{"type":"Polygon","coordinates":[[[-79.445842,43.666436],[-79.445829,43.66637],[-79.446108,43.666313],[-79.446132,43.666373],[-79.445842,43.666436]]]}},{"type":"Feature","properties":{"form":"houses"},"geometry":{"type":"Polygon","coordinates":[[[-79.4511714,43.6601101],[-79.4510139,43.660143],[-79.4509468,43.6600159],[-79.4509622,43.6600127],[-79.4509467,43.6599738],[-79.4511037,43.659941],[-79.4511714,43.6601101]]]}},{"type":"Feature","properties":{"form":"houses"},"geometry":{"type":"Polygon","coordinates":[[[-79.4513405,43.6601503],[-79.4512895,43.6599753],[-79.4514455,43.6599433],[-79.4515295,43.6601093],[-79.4513405,43.6601503]]]}},{"type":"Feature","properties":{"form":"houses"},"geometry":{"type":"Polygon","coordinates":[[[-79.4509804,43.6603843],[-79.4509392,43.6602835],[-79.4513179,43.6602026],[-79.4513531,43.6602816],[-79.4513581,43.6603035],[-79.4509804,43.6603843]]]}},{"type":"Feature","properties":{"form":"houses"},"geometry":{"type":"Polygon","coordinates":[[[-79.451158,43.660552],[-79.451119,43.660448],[-79.451642,43.660337],[-79.451682,43.660441],[-79.451158,43.660552]]]}},{"type":"Feature","properties":{"form":"houses"},"geometry":{"type":"Polygon","coordinates":[[[-79.451242,43.6607727],[-79.451198,43.6606537],[-79.451715,43.6605447],[-79.451704,43.6605187],[-79.451746,43.6605207],[-79.451759,43.6605527],[-79.4517255,43.6605597],[-79.451766,43.6606617],[-79.451287,43.6607467],[-79.451242,43.6607727]]]}},{"type":"Feature","properties":{"form":"other"},"geometry":{"type":"Polygon","coordinates":[[[-79.450271,43.661618],[-79.450199,43.661452],[-79.450545,43.661373],[-79.450617,43.661539],[-79.450271,43.661618]]]}},{"type":"Feature","properties":{"form":"houses"},"geometry":{"type":"Polygon","coordinates":[[[-79.4517328,43.6600783],[-79.4516868,43.6599643],[-79.4517358,43.6599403],[-79.4521458,43.6598663],[-79.4521938,43.6599443],[-79.4521783,43.6599473],[-79.4521918,43.6599803],[-79.4521208,43.6600073],[-79.4517328,43.6600783]]]}},{"type":"Feature","properties":{"form":"houses"},"geometry":{"type":"Polygon","coordinates":[[[-79.4519712,43.6606342],[-79.4517915,43.6601847],[-79.4517994,43.6601714],[-79.4519359,43.6601576],[-79.4521123,43.6606031],[-79.4519712,43.6606342]]]}},{"type":"Feature","properties":{"form":"other"},"geometry":{"type":"Polygon","coordinates":[[[-79.4523519,43.6601298],[-79.4522929,43.6601059],[-79.4522542,43.6600176],[-79.4525398,43.659966],[-79.4525752,43.660056],[-79.452383,43.6600803],[-79.4523998,43.660119],[-79.4523519,43.6601298]]]}},{"type":"Feature","properties":{"form":"houses"},"geometry":{"type":"Polygon","coordinates":[[[-79.452163,43.660976],[-79.452101,43.660821],[-79.452414,43.660754],[-79.452476,43.660909],[-79.452163,43.660976]]]}},{"type":"Feature","properties":{"form":"houses"},"geometry":{"type":"Polygon","coordinates":[[[-79.452496,43.660881],[-79.452443,43.660749],[-79.452832,43.660667],[-79.452885,43.6608],[-79.452496,43.660881]]]}},{"type":"Feature","properties":{"form":"houses"},"geometry":{"type":"Polygon","coordinates":[[[-79.452293,43.661184],[-79.452265,43.661106],[-79.452233,43.661113],[-79.45221,43.661056],[-79.452575,43.660981],[-79.452627,43.661112],[-79.452293,43.661184]]]}},{"type":"Feature","properties":{"form":"houses"},"geometry":{"type":"Polygon","coordinates":[[[-79.452392,43.661421],[-79.452339,43.661289],[-79.452675,43.661219],[-79.452727,43.661352],[-79.452392,43.661421]]]}},{"type":"Feature","properties":{"form":"houses"},"geometry":{"type":"Polygon","coordinates":[[[-79.45266,43.661106],[-79.452609,43.660973],[-79.452932,43.660905],[-79.453013,43.661032],[-79.45266,43.661106]]]}},{"type":"Feature","properties":{"form":"houses"},"geometry":{"type":"Polygon","coordinates":[[[-79.452782,43.661339],[-79.45273,43.661208],[-79.453139,43.661121],[-79.453164,43.661187],[-79.453202,43.661179],[-79.453226,43.661246],[-79.452782,43.661339]]]}},{"type":"Feature","properties":{"form":"apartments"},"geometry":{"type":"Polygon","coordinates":[[[-79.444028,43.669377],[-79.443915,43.669116],[-79.444096,43.669075],[-79.444209,43.669335],[-79.444028,43.669377]]]}},{"type":"Feature","properties":{"form":"houses"},"geometry":{"type":"Polygon","coordinates":[[[-79.444065,43.669767],[-79.444009,43.669779],[-79.443941,43.669622],[-79.444064,43.669599],[-79.444126,43.669771],[-79.444073,43.669783],[-79.444065,43.669767]]]}},{"type":"Feature","properties":{"form":"houses"},"geometry":{"type":"Polygon","coordinates":[[[-79.444144,43.669747],[-79.444071,43.669598],[-79.44419,43.669564],[-79.444255,43.669722],[-79.444144,43.669747]]]}},{"type":"Feature","properties":{"form":"houses"},"geometry":{"type":"Polygon","coordinates":[[[-79.4444,43.669689],[-79.444337,43.66954],[-79.444398,43.66952],[-79.444459,43.669676],[-79.4444,43.669689]]]}},{"type":"Feature","properties":{"form":"houses"},"geometry":{"type":"Polygon","coordinates":[[[-79.444277,43.669717],[-79.444204,43.669569],[-79.444322,43.669537],[-79.444388,43.669692],[-79.444277,43.669717]]]}},{"type":"Feature","properties":{"form":"houses"},"geometry":{"type":"Polygon","coordinates":[[[-79.442875,43.671923],[-79.442809,43.671779],[-79.442876,43.671759],[-79.442944,43.671907],[-79.442875,43.671923]]]}},{"type":"Feature","properties":{"form":"houses"},"geometry":{"type":"Polygon","coordinates":[[[-79.442951,43.671906],[-79.442885,43.671761],[-79.442953,43.671741],[-79.44302,43.67189],[-79.442951,43.671906]]]}},{"type":"Feature","properties":{"form":"houses"},"geometry":{"type":"Polygon","coordinates":[[[-79.44302,43.671874],[-79.442961,43.671738],[-79.443031,43.671728],[-79.443089,43.671858],[-79.44302,43.671874]]]}},{"type":"Feature","properties":{"form":"houses"},"geometry":{"type":"Polygon","coordinates":[[[-79.443096,43.671857],[-79.44304,43.671727],[-79.443107,43.671705],[-79.443165,43.671841],[-79.443096,43.671857]]]}},{"type":"Feature","properties":{"form":"houses"},"geometry":{"type":"Polygon","coordinates":[[[-79.443172,43.67184],[-79.443113,43.671704],[-79.443184,43.671692],[-79.443241,43.671824],[-79.443172,43.67184]]]}},{"type":"Feature","properties":{"form":"houses"},"geometry":{"type":"Polygon","coordinates":[[[-79.443247,43.671823],[-79.443189,43.671693],[-79.443256,43.671672],[-79.443317,43.671806],[-79.443247,43.671823]]]}},{"type":"Feature","properties":{"form":"houses"},"geometry":{"type":"Polygon","coordinates":[[[-79.443324,43.671806],[-79.443264,43.67167],[-79.443317,43.671657],[-79.44334,43.671658],[-79.443391,43.67179],[-79.443324,43.671806]]]}},{"type":"Feature","properties":{"form":"houses"},"geometry":{"type":"Polygon","coordinates":[[[-79.443984,43.67033],[-79.443904,43.670143],[-79.443968,43.670128],[-79.444048,43.670315],[-79.443984,43.67033]]]}},{"type":"Feature","properties":{"form":"houses"},"geometry":{"type":"Polygon","coordinates":[[[-79.444109,43.67028],[-79.444041,43.670287],[-79.443984,43.67015],[-79.444049,43.670136],[-79.444109,43.67028]]]}},{"type":"Feature","properties":{"form":"houses"},"geometry":{"type":"Polygon","coordinates":[[[-79.444133,43.670275],[-79.444071,43.670131],[-79.444138,43.670116],[-79.444197,43.670254],[-79.444133,43.670275]]]}},{"type":"Feature","properties":{"form":"houses"},"geometry":{"type":"Polygon","coordinates":[[[-79.44422,43.670266],[-79.444157,43.670109],[-79.444259,43.670086],[-79.444332,43.670234],[-79.44422,43.670266]]]}},{"type":"Feature","properties":{"form":"houses"},"geometry":{"type":"Polygon","coordinates":[[[-79.444345,43.670237],[-79.444282,43.67008],[-79.444386,43.670057],[-79.444457,43.670212],[-79.444345,43.670237]]]}},{"type":"Feature","properties":{"form":"houses"},"geometry":{"type":"Polygon","coordinates":[[[-79.444473,43.670208],[-79.444408,43.670052],[-79.444515,43.670029],[-79.444583,43.670177],[-79.444473,43.670208]]]}},{"type":"Feature","properties":{"form":"houses"},"geometry":{"type":"Polygon","coordinates":[[[-79.444587,43.670178],[-79.444522,43.670025],[-79.444593,43.670009],[-79.444657,43.670161],[-79.444587,43.670178]]]}},{"type":"Feature","properties":{"form":"houses"},"geometry":{"type":"Polygon","coordinates":[[[-79.444889,43.668585],[-79.444868,43.668533],[-79.445054,43.668489],[-79.445076,43.668545],[-79.444889,43.668585]]]}},{"type":"Feature","properties":{"form":"houses"},"geometry":{"type":"Polygon","coordinates":[[[-79.4449,43.668675],[-79.444868,43.668596],[-79.445083,43.668548],[-79.4451,43.668634],[-79.4449,43.668675]]]}},{"type":"Feature","properties":{"form":"houses"},"geometry":{"type":"Polygon","coordinates":[[[-79.444967,43.668769],[-79.444929,43.668681],[-79.445116,43.668651],[-79.445152,43.668718],[-79.444967,43.668769]]]}},{"type":"Feature","properties":{"form":"houses"},"geometry":{"type":"Polygon","coordinates":[[[-79.445005,43.668869],[-79.444956,43.668783],[-79.445175,43.668744],[-79.445179,43.66883],[-79.445005,43.668869]]]}},{"type":"Feature","properties":{"form":"houses"},"geometry":{"type":"Polygon","coordinates":[[[-79.4456833,43.6687458],[-79.4456668,43.6687003],[-79.4456111,43.6687117],[-79.4455945,43.6686691],[-79.4458131,43.6686255],[-79.4458402,43.6686963],[-79.4458149,43.6687016],[-79.445821,43.6687178],[-79.4456833,43.6687458]]]}},{"type":"Feature","properties":{"form":"other"},"geometry":{"type":"Polygon","coordinates":[[[-79.4462033,43.6689449],[-79.4461343,43.6687691],[-79.4463471,43.6687254],[-79.4463246,43.668668],[-79.446663,43.6685985],[-79.4467248,43.6687561],[-79.4467674,43.6687473],[-79.4467943,43.668816],[-79.4462033,43.6689449]]]}},{"type":"Feature","properties":{"form":"houses"},"geometry":{"type":"Polygon","coordinates":[[[-79.4479594,43.6689186],[-79.4479161,43.6687938],[-79.4483729,43.6687044],[-79.4484239,43.6688291],[-79.4479594,43.6689186]]]}},{"type":"Feature","properties":{"form":"houses"},"geometry":{"type":"Polygon","coordinates":[[[-79.4490363,43.6684119],[-79.4490303,43.6683959],[-79.4489533,43.6684119],[-79.4488663,43.6681859],[-79.4489413,43.6681609],[-79.4489493,43.6681809],[-79.4490273,43.6681739],[-79.4491143,43.6683959],[-79.4490363,43.6684119]]]}},{"type":"Feature","properties":{"form":"houses"},"geometry":{"type":"Polygon","coordinates":[[[-79.4486522,43.6684694],[-79.4486082,43.6683534],[-79.4487632,43.6683224],[-79.4488072,43.6684384],[-79.4486522,43.6684694]]]}},{"type":"Feature","properties":{"form":"houses"},"geometry":{"type":"Polygon","coordinates":[[[-79.4488031,43.6688804],[-79.4486731,43.6685464],[-79.4488281,43.6685144],[-79.4489581,43.6688484],[-79.4488031,43.6688804]]]}},{"type":"Feature","properties":{"form":"houses"},"geometry":{"type":"Polygon","coordinates":[[[-79.4481229,43.6692699],[-79.4480053,43.6689911],[-79.4481648,43.6689607],[-79.4482788,43.6692428],[-79.4481229,43.6692699]]]}},{"type":"Feature","properties":{"form":"houses"},"geometry":{"type":"Polygon","coordinates":[[[-79.4482099,43.6695263],[-79.4481459,43.6693525],[-79.4483089,43.6693211],[-79.448373,43.6694949],[-79.4482099,43.6695263]]]}},{"type":"Feature","properties":{"form":"houses"},"geometry":{"type":"Polygon","coordinates":[[[-79.4484163,43.6692049],[-79.4482984,43.6689272],[-79.4484626,43.668897],[-79.4485673,43.6691762],[-79.4484163,43.6692049]]]}},{"type":"Feature","properties":{"form":"houses"},"geometry":{"type":"Polygon","coordinates":[[[-79.4485004,43.6694605],[-79.448435,43.6692894],[-79.4486011,43.6692562],[-79.4486665,43.6694273],[-79.4485004,43.6694605]]]}},{"type":"Feature","properties":{"form":"houses"},"geometry":{"type":"Polygon","coordinates":[[[-79.4484809,43.6697144],[-79.4484218,43.6695617],[-79.4487327,43.6694987],[-79.4487918,43.6696514],[-79.4484809,43.6697144]]]}},{"type":"Feature","properties":{"form":"houses"},"geometry":{"type":"Polygon","coordinates":[[[-79.4491031,43.6688245],[-79.4489791,43.6684895],[-79.4491381,43.6684585],[-79.4492621,43.6687935],[-79.4491031,43.6688245]]]}},{"type":"Feature","properties":{"form":"houses"},"geometry":{"type":"Polygon","coordinates":[[[-79.448851,43.669044],[-79.448808,43.668933],[-79.449295,43.668832],[-79.449303,43.668852],[-79.44936,43.668841],[-79.449395,43.668931],[-79.448851,43.669044]]]}},{"type":"Feature","properties":{"form":"houses"},"geometry":{"type":"Polygon","coordinates":[[[-79.44895,43.669276],[-79.448905,43.669162],[-79.449444,43.66905],[-79.449489,43.669163],[-79.44895,43.669276]]]}},{"type":"Feature","properties":{"form":"apartments"},"geometry":{"type":"Polygon","coordinates":[[[-79.448647,43.670107],[-79.448565,43.669906],[-79.44893,43.669832],[-79.449012,43.670032],[-79.448647,43.670107]]]}},{"type":"Feature","properties":{"form":"houses"},"geometry":{"type":"Polygon","coordinates":[[[-79.448601,43.6703646],[-79.448563,43.6702646],[-79.449067,43.6701606],[-79.449053,43.6701876],[-79.449093,43.6702646],[-79.448601,43.6703646]]]}},{"type":"Feature","properties":{"form":"apartments"},"geometry":{"type":"Polygon","coordinates":[[[-79.448398,43.671266],[-79.447918,43.670041],[-79.448369,43.669946],[-79.448851,43.67117],[-79.448398,43.671266]]]}},{"type":"Feature","properties":{"form":"houses"},"geometry":{"type":"Polygon","coordinates":[[[-79.4486863,43.6705656],[-79.4486463,43.6704636],[-79.4490893,43.6703716],[-79.4491363,43.6704686],[-79.4486863,43.6705656]]]}},{"type":"Feature","properties":{"form":"houses"},"geometry":{"type":"Polygon","coordinates":[[[-79.4487616,43.6707601],[-79.4487226,43.6706611],[-79.4491296,43.6705791],[-79.4491176,43.6706031],[-79.4491556,43.6706791],[-79.4487616,43.6707601]]]}},{"type":"Feature","properties":{"form":"houses"},"geometry":{"type":"Polygon","coordinates":[[[-79.4488387,43.6709652],[-79.4488007,43.6708662],[-79.4491477,43.6707922],[-79.4491927,43.6708872],[-79.4488387,43.6709652]]]}},{"type":"Feature","properties":{"form":"houses"},"geometry":{"type":"Polygon","coordinates":[[[-79.4492563,43.6701305],[-79.4492123,43.6700175],[-79.4499703,43.6698595],[-79.4500153,43.6699725],[-79.4492563,43.6701305]]]}},{"type":"Feature","properties":{"form":"houses"},"geometry":{"type":"Polygon","coordinates":[[[-79.4494192,43.6706056],[-79.4493792,43.6704956],[-79.4496242,43.6704526],[-79.4496652,43.6705526],[-79.4494192,43.6706056]]]}},{"type":"Feature","properties":{"form":"houses"},"geometry":{"type":"Polygon","coordinates":[[[-79.4494335,43.6708183],[-79.4493945,43.6707103],[-79.4496905,43.6706603],[-79.4497235,43.6707613],[-79.4494335,43.6708183]]]}},{"type":"Feature","properties":{"form":"houses"},"geometry":{"type":"Polygon","coordinates":[[[-79.4493464,43.6703318],[-79.4493024,43.6702188],[-79.4501354,43.6700458],[-79.4501804,43.6701588],[-79.4493464,43.6703318]]]}},{"type":"Feature","properties":{"form":"houses"},"geometry":{"type":"Polygon","coordinates":[[[-79.4497042,43.6705466],[-79.4496642,43.6704456],[-79.4500902,43.6703546],[-79.4501302,43.6704556],[-79.4497042,43.6705466]]]}},{"type":"Feature","properties":{"form":"houses"},"geometry":{"type":"Polygon","coordinates":[[[-79.449759,43.6707582],[-79.449725,43.6706532],[-79.449919,43.6706192],[-79.449954,43.6707252],[-79.449759,43.6707582]]]}},{"type":"Feature","properties":{"form":"houses"},"geometry":{"type":"Polygon","coordinates":[[[-79.4504194,43.6706475],[-79.4501914,43.6703355],[-79.4503284,43.6702825],[-79.4505564,43.6705945],[-79.4504194,43.6706475]]]}},{"type":"Feature","properties":{"form":"houses"},"geometry":{"type":"Polygon","coordinates":[[[-79.4499589,43.6707173],[-79.4499229,43.6705993],[-79.4501619,43.6705653],[-79.4501949,43.6706753],[-79.4499589,43.6707173]]]}},{"type":"Feature","properties":{"form":"houses"},"geometry":{"type":"Polygon","coordinates":[[[-79.4489157,43.671169],[-79.4488827,43.671066],[-79.4492007,43.671014],[-79.4491857,43.671038],[-79.4492117,43.671119],[-79.4489157,43.671169]]]}},{"type":"Feature","properties":{"form":"houses"},"geometry":{"type":"Polygon","coordinates":[[[-79.4494707,43.6710778],[-79.4494277,43.6709678],[-79.4498217,43.6709108],[-79.4498547,43.6710138],[-79.4494707,43.6710778]]]}},{"type":"Feature","properties":{"form":"houses"},"geometry":{"type":"Polygon","coordinates":[[[-79.4498833,43.6710081],[-79.4498513,43.6709091],[-79.4502833,43.6708361],[-79.4503153,43.6709341],[-79.4498833,43.6710081]]]}},{"type":"Feature","properties":{"form":"houses"},"geometry":{"type":"Polygon","coordinates":[[[-79.4503528,43.6709296],[-79.4503198,43.6708286],[-79.4506618,43.6707706],[-79.4506768,43.6707976],[-79.4506938,43.6708716],[-79.4503528,43.6709296]]]}},{"type":"Feature","properties":{"form":"other"},"geometry":{"type":"Polygon","coordinates":[[[-79.4529132,43.6724477],[-79.4527231,43.6722836],[-79.4516473,43.6712286],[-79.451717,43.6711881],[-79.4519256,43.6713466],[-79.4519555,43.6713325],[-79.4520408,43.6714206],[-79.4520683,43.6714079],[-79.4521587,43.6714976],[-79.4521249,43.6715151],[-79.4525794,43.6719968],[-79.4525465,43.6720153],[-79.4526011,43.6720689],[-79.452628,43.6720529],[-79.4527201,43.6721413],[-79.4527511,43.6721243],[-79.4528439,43.6722136],[-79.4529762,43.6724125],[-79.4529132,43.6724477]]]}},{"type":"Feature","properties":{"form":"other"},"geometry":{"type":"Polygon","coordinates":[[[-79.452228,43.672348],[-79.451995,43.672102],[-79.452022,43.672088],[-79.452009,43.672075],[-79.452097,43.672055],[-79.452325,43.672323],[-79.452228,43.672348]]]}},{"type":"Feature","properties":{"form":"other"},"geometry":{"type":"Polygon","coordinates":[[[-79.452684,43.672802],[-79.452397,43.672521],[-79.452535,43.672448],[-79.452698,43.672611],[-79.452742,43.672588],[-79.452859,43.672704],[-79.452684,43.672802]]]}},{"type":"Feature","properties":{"form":"houses"},"geometry":{"type":"Polygon","coordinates":[[[-79.4122534,43.6783599],[-79.4122122,43.6782536],[-79.4123614,43.6782229],[-79.4123964,43.6783319],[-79.4122534,43.6783599]]]}},{"type":"Feature","properties":{"form":"houses"},"geometry":{"type":"Polygon","coordinates":[[[-79.4160043,43.6782932],[-79.4158813,43.6782502],[-79.4158893,43.6781832],[-79.4159433,43.6781492],[-79.4161273,43.6781182],[-79.4161763,43.6782482],[-79.4160043,43.6782932]]]}},{"type":"Feature","properties":{"form":"houses"},"geometry":{"type":"Polygon","coordinates":[[[-79.4156665,43.6785664],[-79.415747,43.678551],[-79.415783,43.678647],[-79.415765,43.678672],[-79.415718,43.678682],[-79.415722,43.678649],[-79.4156991,43.6786532],[-79.4156665,43.6785664]]]}},{"type":"Feature","properties":{"form":"houses"},"geometry":{"type":"Polygon","coordinates":[[[-79.415834,43.678655],[-79.415805,43.67864],[-79.415769,43.678545],[-79.415863,43.678526],[-79.415899,43.678623],[-79.415834,43.678655]]]}},{"type":"Feature","properties":{"form":"houses"},"geometry":{"type":"Polygon","coordinates":[[[-79.4159771,43.6786307],[-79.415916,43.678643],[-79.415871,43.678522],[-79.4159331,43.67851],[-79.4159771,43.6786307]]]}},{"type":"Feature","properties":{"form":"houses"},"geometry":{"type":"Polygon","coordinates":[[[-79.4160784,43.6784848],[-79.416137,43.678454],[-79.416188,43.678588],[-79.416151,43.678595],[-79.416159,43.678617],[-79.4161288,43.6786226],[-79.4160784,43.6784848]]]}},{"type":"Feature","properties":{"form":"apartments"},"geometry":{"type":"Polygon","coordinates":[[[-79.416202,43.678566],[-79.416159,43.678452],[-79.416249,43.678434],[-79.416292,43.678548],[-79.416202,43.678566]]]}},{"type":"Feature","properties":{"form":"apartments"},"geometry":{"type":"Polygon","coordinates":[[[-79.410125,43.685152],[-79.410068,43.685016],[-79.410224,43.684982],[-79.41028,43.685118],[-79.410125,43.685152]]]}},{"type":"Feature","properties":{"form":"other"},"geometry":{"type":"Polygon","coordinates":[[[-79.4160443,43.683872],[-79.4160233,43.6838186],[-79.4162812,43.6837657],[-79.4163021,43.683819],[-79.4160443,43.683872]]]}},{"type":"Feature","properties":{"form":"houses"},"geometry":{"type":"Polygon","coordinates":[[[-79.418551,43.686429],[-79.418497,43.686306],[-79.418469,43.686302],[-79.418446,43.686249],[-79.4184955,43.6862395],[-79.418512,43.686286],[-79.418615,43.686276],[-79.41867,43.686405],[-79.418602,43.686395],[-79.418613,43.686416],[-79.418551,43.686429]]]}},{"type":"Feature","properties":{"form":"houses"},"geometry":{"type":"Polygon","coordinates":[[[-79.4226507,43.6816252],[-79.4225961,43.6815304],[-79.4227668,43.6814938],[-79.4228062,43.6815929],[-79.4226507,43.6816252]]]}},{"type":"Feature","properties":{"form":"houses"},"geometry":{"type":"Polygon","coordinates":[[[-79.422275,43.682786],[-79.422258,43.682737],[-79.422396,43.682707],[-79.422415,43.68276],[-79.422275,43.682786]]]}},{"type":"Feature","properties":{"form":"apartments"},"geometry":{"type":"Polygon","coordinates":[[[-79.4235316,43.6819759],[-79.423422,43.681686],[-79.423547,43.681661],[-79.423679,43.681947],[-79.4235316,43.6819759]]]}},{"type":"Feature","properties":{"form":"apartments"},"geometry":{"type":"Polygon","coordinates":[[[-79.425542,43.682072],[-79.425476,43.681909],[-79.425566,43.681881],[-79.425649,43.682049],[-79.425542,43.682072]]]}},{"type":"Feature","properties":{"form":"apartments"},"geometry":{"type":"Polygon","coordinates":[[[-79.4263192,43.6808675],[-79.426161,43.6809],[-79.426123,43.680797],[-79.426162,43.680789],[-79.426152,43.680764],[-79.42627,43.680743],[-79.4263192,43.6808675]]]}},{"type":"Feature","properties":{"form":"apartments"},"geometry":{"type":"Polygon","coordinates":[[[-79.428029,43.6810777],[-79.4279461,43.6808739],[-79.4283537,43.6807831],[-79.4284334,43.6809816],[-79.428029,43.6810777]]]}},{"type":"Feature","properties":{"form":"apartments"},"geometry":{"type":"Polygon","coordinates":[[[-79.428791,43.681479],[-79.428714,43.681283],[-79.428697,43.681287],[-79.428672,43.681221],[-79.428787,43.681197],[-79.42889,43.681458],[-79.428791,43.681479]]]}},{"type":"Feature","properties":{"form":"houses"},"geometry":{"type":"Polygon","coordinates":[[[-79.430071,43.680335],[-79.430041,43.680265],[-79.430163,43.680239],[-79.430172,43.680261],[-79.430231,43.680248],[-79.430249,43.680291],[-79.430071,43.680335]]]}},{"type":"Feature","properties":{"form":"apartments"},"geometry":{"type":"Polygon","coordinates":[[[-79.430736,43.681123],[-79.43061,43.680808],[-79.43061,43.680806],[-79.430673,43.680794],[-79.430801,43.681109],[-79.430736,43.681123]]]}},{"type":"Feature","properties":{"form":"other"},"geometry":{"type":"Polygon","coordinates":[[[-79.4239768,43.6876191],[-79.4238988,43.6875861],[-79.4240458,43.6874001],[-79.4241268,43.6874341],[-79.4239768,43.6876191]]]}},{"type":"Feature","properties":{"form":"other"},"geometry":{"type":"Polygon","coordinates":[[[-79.4240548,43.6876511],[-79.4239768,43.6876191],[-79.4241128,43.6874521],[-79.4241578,43.6874701],[-79.4241428,43.6874891],[-79.4241658,43.6874991],[-79.4240548,43.6876511]]]}},{"type":"Feature","properties":{"form":"other"},"geometry":{"type":"Polygon","coordinates":[[[-79.4241218,43.6876781],[-79.4240548,43.6876511],[-79.4241198,43.6875581],[-79.4241958,43.6874671],[-79.4242678,43.6874861],[-79.4241218,43.6876781]]]}},{"type":"Feature","properties":{"form":"other"},"geometry":{"type":"Polygon","coordinates":[[[-79.4242078,43.6877091],[-79.4241248,43.6876751],[-79.4242528,43.6875161],[-79.4243268,43.6875471],[-79.4242078,43.6877091]]]}},{"type":"Feature","properties":{"form":"other"},"geometry":{"type":"Polygon","coordinates":[[[-79.4242888,43.6877431],[-79.4242078,43.6877091],[-79.4243328,43.6875641],[-79.4244058,43.6875941],[-79.4242888,43.6877431]]]}},{"type":"Feature","properties":{"form":"other"},"geometry":{"type":"Polygon","coordinates":[[[-79.446518,43.6770204],[-79.446409,43.676756],[-79.446495,43.676737],[-79.4466086,43.676999],[-79.446518,43.6770204]]]}},{"type":"Feature","properties":{"form":"apartments"},"geometry":{"type":"Polygon","coordinates":[[[-79.429069,43.680847],[-79.428924,43.680884],[-79.428801,43.680575],[-79.428923,43.680548],[-79.429013,43.680774],[-79.429034,43.68077],[-79.429069,43.680847]]]}},{"type":"Feature","properties":{"form":"apartments"},"geometry":{"type":"Polygon","coordinates":[[[-79.4309428,43.6807633],[-79.4310308,43.6809793],[-79.4309598,43.6809953],[-79.4308718,43.6807783],[-79.4309428,43.6807633]]]}},{"type":"Feature","properties":{"form":"other"},"geometry":{"type":"Polygon","coordinates":[[[-79.4437681,43.6776295],[-79.4436911,43.67744],[-79.4437127,43.6774551],[-79.4438774,43.677418],[-79.4439492,43.6775883],[-79.4437681,43.6776295]]]}},{"type":"Feature","properties":{"form":"apartments"},"geometry":{"type":"Polygon","coordinates":[[[-79.454906,43.6556884],[-79.4547589,43.6553226],[-79.4544287,43.6553921],[-79.454576,43.6557584],[-79.4547261,43.6557268],[-79.4546817,43.6556165],[-79.4547095,43.6556106],[-79.4547537,43.6557204],[-79.454906,43.6556884]]]}},{"type":"Feature","properties":{"form":"other"},"geometry":{"type":"Polygon","coordinates":[[[-79.4407718,43.6788899],[-79.4407416,43.6788125],[-79.4408695,43.6787864],[-79.4408997,43.6788638],[-79.4407718,43.6788899]]]}},{"type":"Feature","properties":{"form":"other"},"geometry":{"type":"Polygon","coordinates":[[[-79.4685651,43.6533932],[-79.468938,43.653328],[-79.468947,43.65335],[-79.468834,43.653376],[-79.468873,43.653458],[-79.468984,43.653433],[-79.468992,43.653452],[-79.468924,43.653467],[-79.468932,43.653485],[-79.468891,43.6535],[-79.468637,43.653558],[-79.4685651,43.6533932]]]}},{"type":"Feature","properties":{"form":"other"},"geometry":{"type":"Polygon","coordinates":[[[-79.4060005,43.6379153],[-79.4057274,43.6379344],[-79.4057123,43.6378216],[-79.4059855,43.6378025],[-79.4060005,43.6379153]]]}},{"type":"Feature","properties":{"form":"apartments"},"geometry":{"type":"Polygon","coordinates":[[[-79.3745866,43.6575906],[-79.3743163,43.6576469],[-79.3742505,43.6574704],[-79.3739599,43.657531],[-79.374035,43.6577085],[-79.3738181,43.6577529],[-79.3736527,43.6573786],[-79.3744461,43.6572114],[-79.3745866,43.6575906]]]}},{"type":"Feature","properties":{"form":"other"},"geometry":{"type":"Polygon","coordinates":[[[-79.4218898,43.6369316],[-79.4212839,43.6370537],[-79.4212436,43.6369492],[-79.4218496,43.636827],[-79.4218898,43.6369316]]]}},{"type":"Feature","properties":{"form":"other"},"geometry":{"type":"Polygon","coordinates":[[[-79.4212192,43.6375599],[-79.420877,43.6376268],[-79.42085,43.6376189],[-79.4207833,43.6374427],[-79.4211429,43.637371],[-79.4211665,43.6374262],[-79.4211115,43.6374369],[-79.4211779,43.6375116],[-79.4211993,43.6375073],[-79.4212192,43.6375599]]]}},{"type":"Feature","properties":{"form":"apartments"},"geometry":{"type":"Polygon","coordinates":[[[-79.4109513,43.6517911],[-79.4110208,43.6519723],[-79.4106105,43.6520548],[-79.4105409,43.6518736],[-79.4109513,43.6517911]]]}},{"type":"Feature","properties":{"form":"apartments"},"geometry":{"type":"Polygon","coordinates":[[[-79.4108467,43.6514146],[-79.4109491,43.6516808],[-79.4105105,43.6517691],[-79.4104081,43.6515029],[-79.4108467,43.6514146]]]}},{"type":"Feature","properties":{"form":"other"},"geometry":{"type":"Polygon","coordinates":[[[-79.452378,43.6555161],[-79.4523418,43.6553731],[-79.4527265,43.6552936],[-79.4527636,43.6554354],[-79.452378,43.6555161]]]}},{"type":"Feature","properties":{"form":"other"},"geometry":{"type":"Polygon","coordinates":[[[-79.453129,43.6560683],[-79.4525946,43.6561721],[-79.4525362,43.6561192],[-79.4524506,43.6557936],[-79.4525113,43.6557852],[-79.4525015,43.6557477],[-79.4525845,43.6557363],[-79.4526381,43.6556803],[-79.4527332,43.6556665],[-79.4527529,43.6557428],[-79.4528116,43.6557348],[-79.4528198,43.6557663],[-79.4528513,43.655762],[-79.4528976,43.6559406],[-79.4529771,43.6559298],[-79.4529864,43.6559658],[-79.4530816,43.6559529],[-79.453129,43.6560683]]]}},{"type":"Feature","properties":{"form":"apartments"},"geometry":{"type":"Polygon","coordinates":[[[-79.4330612,43.6436787],[-79.4326361,43.6437597],[-79.4325002,43.6437029],[-79.4319758,43.6438094],[-79.4319436,43.6438393],[-79.4325096,43.6440954],[-79.4331614,43.6439628],[-79.4330612,43.6436787]]]}},{"type":"Feature","properties":{"form":"apartments"},"geometry":{"type":"Polygon","coordinates":[[[-79.4314198,43.6455696],[-79.4313665,43.6454322],[-79.4310411,43.6454982],[-79.4310944,43.6456357],[-79.4314198,43.6455696]]]}},{"type":"Feature","properties":{"form":"apartments"},"geometry":{"type":"Polygon","coordinates":[[[-79.4319001,43.6454709],[-79.4318508,43.6453391],[-79.4315177,43.6454043],[-79.431567,43.6455361],[-79.4319001,43.6454709]]]}},{"type":"Feature","properties":{"form":"other"},"geometry":{"type":"Polygon","coordinates":[[[-79.4420285,43.6511179],[-79.4420187,43.6510943],[-79.4419337,43.6511128],[-79.4419435,43.6511364],[-79.4420285,43.6511179]]]}},{"type":"Feature","properties":{"form":"other"},"geometry":{"type":"Polygon","coordinates":[[[-79.4523935,43.6589423],[-79.452339,43.6589703],[-79.4522545,43.6588841],[-79.452309,43.6588561],[-79.4523935,43.6589423]]]}},{"type":"Feature","properties":{"form":"apartments"},"geometry":{"type":"Polygon","coordinates":[[[-79.4424344,43.6478698],[-79.4428421,43.6477894],[-79.4425886,43.6471279],[-79.4421695,43.6472133],[-79.4424344,43.6478698]]]}},{"type":"Feature","properties":{"form":"other"},"geometry":{"type":"Polygon","coordinates":[[[-79.4304009,43.6517373],[-79.430226,43.6517863],[-79.4301861,43.6516817],[-79.430373,43.6516627],[-79.4304009,43.6517373]]]}},{"type":"Feature","properties":{"form":"other"},"geometry":{"type":"Polygon","coordinates":[[[-79.4305168,43.6518624],[-79.4304728,43.6518714],[-79.4304636,43.6518478],[-79.4305075,43.6518388],[-79.4305168,43.6518624]]]}},{"type":"Feature","properties":{"form":"apartments"},"geometry":{"type":"Polygon","coordinates":[[[-79.4472901,43.6671855],[-79.4471788,43.6669111],[-79.4475174,43.6668393],[-79.4476287,43.6671137],[-79.4472901,43.6671855]]]}},{"type":"Feature","properties":{"form":"other"},"geometry":{"type":"Polygon","coordinates":[[[-79.4482461,43.6669971],[-79.4480476,43.6665038],[-79.4482726,43.6664545],[-79.4484738,43.6669517],[-79.4482461,43.6669971]]]}},{"type":"Feature","properties":{"form":"other"},"geometry":{"type":"Polygon","coordinates":[[[-79.4553673,43.6555693],[-79.4554545,43.6555505],[-79.4553588,43.6553559],[-79.4552888,43.655371],[-79.4553673,43.6555693]]]}},{"type":"Feature","properties":{"form":"houses"},"geometry":{"type":"Polygon","coordinates":[[[-79.4403706,43.6510392],[-79.4403867,43.6510845],[-79.4402215,43.6511151],[-79.4401809,43.6510744],[-79.4403706,43.6510392]]]}},{"type":"Feature","properties":{"form":"other"},"geometry":{"type":"Polygon","coordinates":[[[-79.4404778,43.6511634],[-79.4402291,43.6512137],[-79.440196,43.6511277],[-79.4404447,43.6510775],[-79.4404778,43.6511634]]]}},{"type":"Feature","properties":{"form":"other"},"geometry":{"type":"Polygon","coordinates":[[[-79.4405112,43.6512651],[-79.4402642,43.6513163],[-79.4402294,43.6512284],[-79.4404763,43.6511772],[-79.4405112,43.6512651]]]}},{"type":"Feature","properties":{"form":"apartments"},"geometry":{"type":"Polygon","coordinates":[[[-79.4404297,43.650972],[-79.4403905,43.6508695],[-79.4403547,43.6508923],[-79.440361,43.6509115],[-79.4403238,43.6509197],[-79.4403342,43.650952],[-79.4402618,43.6509605],[-79.4401857,43.6510178],[-79.4404297,43.650972]]]}},{"type":"Feature","properties":{"form":"apartments"},"geometry":{"type":"Polygon","coordinates":[[[-79.399344,43.6389229],[-79.3992529,43.6387234],[-79.3997953,43.6386603],[-79.399857,43.6388569],[-79.3996941,43.6388962],[-79.399344,43.6389229]]]}},{"type":"Feature","properties":{"form":"apartments"},"geometry":{"type":"Polygon","coordinates":[[[-79.4003331,43.638692],[-79.3999598,43.6387062],[-79.3998172,43.6383012],[-79.4001503,43.6382472],[-79.4003331,43.638692]]]}},{"type":"Feature","properties":{"form":"apartments"},"geometry":{"type":"Polygon","coordinates":[[[-79.3996373,43.6384932],[-79.3993152,43.6385701],[-79.3993259,43.6385963],[-79.399205,43.638621],[-79.3991663,43.638457],[-79.3991482,43.6384604],[-79.399094,43.6383276],[-79.3993668,43.6382968],[-79.3993789,43.638324],[-79.3995384,43.638274],[-79.3996373,43.6384932]]]}},{"type":"Feature","properties":{"form":"other"},"geometry":{"type":"Polygon","coordinates":[[[-79.4001542,43.6392768],[-79.399836,43.639347],[-79.399781,43.639207],[-79.4000624,43.6391477],[-79.4001542,43.6392768]]]}},{"type":"Feature","properties":{"form":"other"},"geometry":{"type":"Polygon","coordinates":[[[-79.4283242,43.6616671],[-79.4283709,43.6616582],[-79.4283103,43.6615175],[-79.4282706,43.6615266],[-79.4283242,43.6616671]]]}},{"type":"Feature","properties":{"form":"other"},"geometry":{"type":"Polygon","coordinates":[[[-79.4283103,43.6615175],[-79.4283861,43.6615004],[-79.4284534,43.6616533],[-79.4283767,43.6616718],[-79.4283103,43.6615175]]]}},{"type":"Feature","properties":{"form":"other"},"geometry":{"type":"Polygon","coordinates":[[[-79.4284534,43.6616533],[-79.4285246,43.6616369],[-79.4284593,43.6614839],[-79.4283861,43.6615004],[-79.4284534,43.6616533]]]}},{"type":"Feature","properties":{"form":"other"},"geometry":{"type":"Polygon","coordinates":[[[-79.4286052,43.6614513],[-79.4287573,43.6614207],[-79.4289106,43.6617798],[-79.4287579,43.6618091],[-79.4286052,43.6614513]]]}},{"type":"Feature","properties":{"form":"other"},"geometry":{"type":"Polygon","coordinates":[[[-79.4287573,43.6614207],[-79.4288665,43.6613963],[-79.4290402,43.6618031],[-79.4289309,43.6618275],[-79.4287573,43.6614207]]]}},{"type":"Feature","properties":{"form":"other"},"geometry":{"type":"Polygon","coordinates":[[[-79.4288665,43.6613963],[-79.4289371,43.6613801],[-79.4290058,43.6615359],[-79.4289331,43.6615522],[-79.4288665,43.6613963]]]}},{"type":"Feature","properties":{"form":"other"},"geometry":{"type":"Polygon","coordinates":[[[-79.4289371,43.6613801],[-79.4290109,43.6613631],[-79.4291798,43.661746],[-79.429106,43.661763],[-79.4289371,43.6613801]]]}},{"type":"Feature","properties":{"form":"other"},"geometry":{"type":"Polygon","coordinates":[[[-79.4290109,43.6613631],[-79.4291793,43.661326],[-79.4293147,43.6616467],[-79.4291521,43.6616831],[-79.4290109,43.6613631]]]}},{"type":"Feature","properties":{"form":"other"},"geometry":{"type":"Polygon","coordinates":[[[-79.4291793,43.661326],[-79.4293538,43.6613031],[-79.4295125,43.6616926],[-79.4293526,43.6617247],[-79.4291793,43.661326]]]}},{"type":"Feature","properties":{"form":"other"},"geometry":{"type":"Polygon","coordinates":[[[-79.3410227,43.6636892],[-79.3411166,43.663915],[-79.340891,43.663964],[-79.3407972,43.6637382],[-79.3410227,43.6636892]]]}},{"type":"Feature","properties":{"form":"apartments"},"geometry":{"type":"Polygon","coordinates":[[[-79.3404189,43.6635556],[-79.3403924,43.6634936],[-79.3403382,43.6635054],[-79.3403648,43.6635674],[-79.3404189,43.6635556]]]}},{"type":"Feature","properties":{"form":"apartments"},"geometry":{"type":"Polygon","coordinates":[[[-79.3406627,43.6628115],[-79.3409012,43.6633823],[-79.3399503,43.6635902],[-79.3398545,43.6633608],[-79.3406666,43.6631833],[-79.3406468,43.6631358],[-79.3398935,43.6633005],[-79.3397707,43.6630065],[-79.3406627,43.6628115]]]}},{"type":"Feature","properties":{"form":"houses"},"geometry":{"type":"Polygon","coordinates":[[[-79.3394282,43.6624364],[-79.3393586,43.662265],[-79.3395162,43.6622316],[-79.3395858,43.6624029],[-79.3394282,43.6624364]]]}},{"type":"Feature","properties":{"form":"houses"},"geometry":{"type":"Polygon","coordinates":[[[-79.3395734,43.6628077],[-79.3394367,43.6624782],[-79.3396049,43.6624417],[-79.3397416,43.6627712],[-79.3395734,43.6628077]]]}},{"type":"Feature","properties":{"form":"houses"},"geometry":{"type":"Polygon","coordinates":[[[-79.3396667,43.6630209],[-79.3395913,43.6628424],[-79.3397486,43.6628077],[-79.3398239,43.6629862],[-79.3396667,43.6630209]]]}},{"type":"Feature","properties":{"form":"apartments"},"geometry":{"type":"Polygon","coordinates":[[[-79.3399785,43.6636514],[-79.3409218,43.6634463],[-79.3410227,43.6636892],[-79.3408864,43.6637188],[-79.3408774,43.6636972],[-79.3400704,43.6638726],[-79.3399785,43.6636514]]]}},{"type":"Feature","properties":{"form":"other"},"geometry":{"type":"Polygon","coordinates":[[[-79.4022078,43.6446422],[-79.4020811,43.6446694],[-79.4020384,43.6445651],[-79.402168,43.6445373],[-79.4022078,43.6446422]]]}},{"type":"Feature","properties":{"form":"apartments"},"geometry":{"type":"Polygon","coordinates":[[[-79.4023698,43.6446876],[-79.4025762,43.6451917],[-79.4018382,43.64535],[-79.401758,43.6451541],[-79.4020331,43.6450951],[-79.4019444,43.6448785],[-79.4019059,43.6448868],[-79.4018684,43.6447951],[-79.4023698,43.6446876]]]}},{"type":"Feature","properties":{"form":"apartments"},"geometry":{"type":"Polygon","coordinates":[[[-79.373947,43.6419315],[-79.3738017,43.6419604],[-79.3738014,43.6419951],[-79.3736518,43.6419902],[-79.3735311,43.6420152],[-79.3735221,43.6419861],[-79.3734775,43.6419839],[-79.3734766,43.6418325],[-79.3732362,43.6414699],[-79.3735765,43.641359],[-79.3737816,43.6416709],[-79.3738114,43.6416695],[-79.3738094,43.6417146],[-79.373947,43.6419315]]]}},{"type":"Feature","properties":{"form":"other"},"geometry":{"type":"Polygon","coordinates":[[[-79.453238,43.65588],[-79.453313,43.655864],[-79.453364,43.655983],[-79.4532842,43.6559998],[-79.453238,43.65588]]]}},{"type":"Feature","properties":{"form":"apartments"},"geometry":{"type":"Polygon","coordinates":[[[-79.4521909,43.6536783],[-79.4523082,43.6536628],[-79.452278,43.6535323],[-79.452153,43.6535423],[-79.4521909,43.6536783]]]}},{"type":"Feature","properties":{"form":"other"},"geometry":{"type":"Polygon","coordinates":[[[-79.446538,43.6518981],[-79.4464376,43.6518523],[-79.4462269,43.6520941],[-79.4463274,43.6521399],[-79.446538,43.6518981]]]}},{"type":"Feature","properties":{"form":"other"},"geometry":{"type":"Polygon","coordinates":[[[-79.4497074,43.6396092],[-79.4497066,43.6394794],[-79.4496896,43.63944],[-79.4496714,43.6394434],[-79.4496901,43.6394906],[-79.4496676,43.6395898],[-79.4496765,43.6396162],[-79.4497074,43.6396092]]]}},{"type":"Feature","properties":{"form":"apartments"},"geometry":{"type":"Polygon","coordinates":[[[-79.3161942,43.6665251],[-79.3163104,43.6668163],[-79.3157448,43.6669367],[-79.3156209,43.6666532],[-79.3161942,43.6665251]]]}},{"type":"Feature","properties":{"form":"apartments"},"geometry":{"type":"Polygon","coordinates":[[[-79.3937367,43.6464732],[-79.3936502,43.6462872],[-79.3932785,43.6463652],[-79.3932425,43.6463543],[-79.3932504,43.6463739],[-79.3932174,43.6463808],[-79.3932919,43.6465667],[-79.3937367,43.6464732]]]}},{"type":"Feature","properties":{"form":"other"},"geometry":{"type":"Polygon","coordinates":[[[-79.3787715,43.6689023],[-79.378691,43.6686967],[-79.3781023,43.6688218],[-79.3781801,43.6690212],[-79.3787715,43.6689023]]]}},{"type":"Feature","properties":{"form":"other"},"geometry":{"type":"Polygon","coordinates":[[[-79.4447113,43.6595315],[-79.4442984,43.6596201],[-79.4442096,43.6594036],[-79.4446225,43.659315],[-79.4447113,43.6595315]]]}},{"type":"Feature","properties":{"form":"other"},"geometry":{"type":"Polygon","coordinates":[[[-79.4450899,43.659458],[-79.4447223,43.6595314],[-79.4446341,43.6593],[-79.4449556,43.6592358],[-79.4449727,43.6592807],[-79.4450187,43.6592715],[-79.4450899,43.659458]]]}},{"type":"Feature","properties":{"form":"apartments"},"geometry":{"type":"Polygon","coordinates":[[[-79.4210545,43.6564876],[-79.4208755,43.656024],[-79.4210827,43.6559821],[-79.4211192,43.6560602],[-79.4210911,43.6560659],[-79.4211922,43.6562477],[-79.421216,43.6563263],[-79.4211935,43.6563308],[-79.421254,43.6564472],[-79.4210545,43.6564876]]]}},{"type":"Feature","properties":{"form":"apartments"},"geometry":{"type":"Polygon","coordinates":[[[-79.4217533,43.6557993],[-79.4215788,43.6553516],[-79.4213765,43.6553929],[-79.4213979,43.65547],[-79.4214296,43.6554636],[-79.4214541,43.6555792],[-79.4214742,43.6555751],[-79.4215521,43.6558404],[-79.4217533,43.6557993]]]}},{"type":"Feature","properties":{"form":"apartments"},"geometry":{"type":"Polygon","coordinates":[[[-79.4219474,43.6563046],[-79.4217526,43.6558112],[-79.4215537,43.6558523],[-79.4215894,43.6559268],[-79.4216063,43.6559233],[-79.4216734,43.656152],[-79.4216948,43.6561476],[-79.4217092,43.6561841],[-79.4216861,43.6561889],[-79.4217294,43.6563496],[-79.4219474,43.6563046]]]}},{"type":"Feature","properties":{"form":"other"},"geometry":{"type":"Polygon","coordinates":[[[-79.4092209,43.6632306],[-79.4091473,43.6631596],[-79.4090949,43.663188],[-79.4091685,43.663259],[-79.4092209,43.6632306]]]}},{"type":"Feature","properties":{"form":"apartments"},"geometry":{"type":"Polygon","coordinates":[[[-79.441852,43.6479365],[-79.4417196,43.6479638],[-79.4417422,43.6480212],[-79.4418747,43.6479939],[-79.441852,43.6479365]]]}},{"type":"Feature","properties":{"form":"apartments"},"geometry":{"type":"Polygon","coordinates":[[[-79.4418284,43.6478765],[-79.4416959,43.6479039],[-79.4417196,43.6479638],[-79.441852,43.6479365],[-79.4418284,43.6478765]]]}},{"type":"Feature","properties":{"form":"apartments"},"geometry":{"type":"Polygon","coordinates":[[[-79.4418024,43.6478128],[-79.4416699,43.6478401],[-79.4416926,43.6478975],[-79.441825,43.6478701],[-79.4418024,43.6478128]]]}},{"type":"Feature","properties":{"form":"apartments"},"geometry":{"type":"Polygon","coordinates":[[[-79.4417788,43.6477528],[-79.4416463,43.6477802],[-79.4416699,43.6478401],[-79.4418024,43.6478128],[-79.4417788,43.6477528]]]}},{"type":"Feature","properties":{"form":"apartments"},"geometry":{"type":"Polygon","coordinates":[[[-79.4417563,43.6476921],[-79.4416238,43.6477194],[-79.4416465,43.6477768],[-79.4417789,43.6477495],[-79.4417563,43.6476921]]]}},{"type":"Feature","properties":{"form":"apartments"},"geometry":{"type":"Polygon","coordinates":[[[-79.4417327,43.6476321],[-79.4416002,43.6476595],[-79.4416238,43.6477194],[-79.4417563,43.6476921],[-79.4417327,43.6476321]]]}},{"type":"Feature","properties":{"form":"apartments"},"geometry":{"type":"Polygon","coordinates":[[[-79.4417076,43.6475652],[-79.4415759,43.6475926],[-79.4416008,43.6476564],[-79.4417318,43.6476298],[-79.4417076,43.6475652]]]}},{"type":"Feature","properties":{"form":"apartments"},"geometry":{"type":"Polygon","coordinates":[[[-79.4416828,43.6475014],[-79.4415518,43.647528],[-79.4415759,43.6475926],[-79.4417076,43.6475652],[-79.4416828,43.6475014]]]}},{"type":"Feature","properties":{"form":"apartments"},"geometry":{"type":"Polygon","coordinates":[[[-79.441658,43.6474334],[-79.441527,43.6474601],[-79.4415518,43.647524],[-79.4416828,43.6474973],[-79.441658,43.6474334]]]}},{"type":"Feature","properties":{"form":"apartments"},"geometry":{"type":"Polygon","coordinates":[[[-79.4416318,43.6473645],[-79.4415008,43.6473912],[-79.4415257,43.6474551],[-79.4416567,43.6474284],[-79.4416318,43.6473645]]]}},{"type":"Feature","properties":{"form":"apartments"},"geometry":{"type":"Polygon","coordinates":[[[-79.4422057,43.6478612],[-79.442075,43.6478882],[-79.4420988,43.6479486],[-79.4422295,43.6479216],[-79.4422057,43.6478612]]]}},{"type":"Feature","properties":{"form":"apartments"},"geometry":{"type":"Polygon","coordinates":[[[-79.442181,43.6477959],[-79.44205,43.6478226],[-79.4420749,43.6478864],[-79.4422059,43.6478598],[-79.442181,43.6477959]]]}},{"type":"Feature","properties":{"form":"apartments"},"geometry":{"type":"Polygon","coordinates":[[[-79.4421555,43.647728],[-79.4420245,43.6477546],[-79.4420494,43.6478185],[-79.4421804,43.6477918],[-79.4421555,43.647728]]]}},{"type":"Feature","properties":{"form":"apartments"},"geometry":{"type":"Polygon","coordinates":[[[-79.4421294,43.647661],[-79.4419984,43.6476877],[-79.4420232,43.6477515],[-79.4421542,43.6477249],[-79.4421294,43.647661]]]}},{"type":"Feature","properties":{"form":"apartments"},"geometry":{"type":"Polygon","coordinates":[[[-79.4421086,43.6475926],[-79.4419776,43.6476193],[-79.4420024,43.6476831],[-79.4421334,43.6476565],[-79.4421086,43.6475926]]]}},{"type":"Feature","properties":{"form":"apartments"},"geometry":{"type":"Polygon","coordinates":[[[-79.4420825,43.6475247],[-79.4419515,43.6475513],[-79.4419763,43.6476152],[-79.4421073,43.6475885],[-79.4420825,43.6475247]]]}},{"type":"Feature","properties":{"form":"apartments"},"geometry":{"type":"Polygon","coordinates":[[[-79.4420556,43.6474567],[-79.4419246,43.6474834],[-79.4419495,43.6475473],[-79.4420805,43.6475206],[-79.4420556,43.6474567]]]}},{"type":"Feature","properties":{"form":"apartments"},"geometry":{"type":"Polygon","coordinates":[[[-79.4420315,43.6473883],[-79.4419005,43.647415],[-79.4419253,43.6474789],[-79.4420563,43.6474522],[-79.4420315,43.6473883]]]}},{"type":"Feature","properties":{"form":"apartments"},"geometry":{"type":"Polygon","coordinates":[[[-79.442006,43.6473204],[-79.441875,43.6473471],[-79.4418998,43.6474109],[-79.4420308,43.6473843],[-79.442006,43.6473204]]]}},{"type":"Feature","properties":{"form":"apartments"},"geometry":{"type":"Polygon","coordinates":[[[-79.441979,43.6472511],[-79.441848,43.6472778],[-79.4418729,43.6473417],[-79.4420039,43.647315],[-79.441979,43.6472511]]]}},{"type":"Feature","properties":{"form":"houses"},"geometry":{"type":"Polygon","coordinates":[[[-79.4481835,43.6559505],[-79.4483574,43.6558648],[-79.4481152,43.6556072],[-79.4479409,43.6556927],[-79.4481835,43.6559505]]]}},{"type":"Feature","properties":{"form":"other"},"geometry":{"type":"Polygon","coordinates":[[[-79.4264144,43.662536],[-79.4264771,43.6626842],[-79.4263239,43.6627182],[-79.4263016,43.6626656],[-79.4261201,43.6627084],[-79.4260727,43.6626027],[-79.4262758,43.662556],[-79.426308,43.6626367],[-79.4263311,43.6626316],[-79.4263012,43.6625611],[-79.4264144,43.662536]]]}},{"type":"Feature","properties":{"form":"houses"},"geometry":{"type":"Polygon","coordinates":[[[-79.4523497,43.6553527],[-79.4525557,43.6553131],[-79.4525267,43.6552396],[-79.4523208,43.6552799],[-79.4523497,43.6553527]]]}},{"type":"Feature","properties":{"form":"apartments"},"geometry":{"type":"Polygon","coordinates":[[[-79.4630156,43.6653154],[-79.462406,43.665313],[-79.4624079,43.6650363],[-79.4630189,43.6650478],[-79.4630156,43.6653154]]]}},{"type":"Feature","properties":{"form":"other"},"geometry":{"type":"Polygon","coordinates":[[[-79.4090756,43.6354716],[-79.4085041,43.6355779],[-79.4084466,43.635416],[-79.4090181,43.6353098],[-79.4090412,43.6353749],[-79.4090813,43.6353815],[-79.409051,43.6354023],[-79.4090756,43.6354716]]]}},{"type":"Feature","properties":{"form":"apartments"},"geometry":{"type":"Polygon","coordinates":[[[-79.4037054,43.6459604],[-79.4038623,43.6459282],[-79.4038343,43.6458567],[-79.4036774,43.6458889],[-79.4037054,43.6459604]]]}},{"type":"Feature","properties":{"form":"apartments"},"geometry":{"type":"Polygon","coordinates":[[[-79.4242846,43.6877601],[-79.4244503,43.6875605],[-79.4245886,43.6876205],[-79.4244229,43.6878201],[-79.4242846,43.6877601]]]}},{"type":"Feature","properties":{"form":"houses"},"geometry":{"type":"Polygon","coordinates":[[[-79.4298506,43.6724844],[-79.4296135,43.6725359],[-79.4295075,43.6722809],[-79.4297445,43.6722293],[-79.4298506,43.6724844]]]}},{"type":"Feature","properties":{"form":"houses"},"geometry":{"type":"Polygon","coordinates":[[[-79.4294957,43.6725664],[-79.4292586,43.672618],[-79.4291526,43.6723629],[-79.4293896,43.6723114],[-79.4294957,43.6725664]]]}},{"type":"Feature","properties":{"form":"houses"},"geometry":{"type":"Polygon","coordinates":[[[-79.4291369,43.6726467],[-79.4288998,43.6726983],[-79.4287938,43.6724432],[-79.4290308,43.6723916],[-79.4291369,43.6726467]]]}},{"type":"Feature","properties":{"form":"houses"},"geometry":{"type":"Polygon","coordinates":[[[-79.4297066,43.6720981],[-79.4297139,43.6720661],[-79.4296653,43.671988],[-79.4287282,43.6721871],[-79.4287747,43.6723014],[-79.4297066,43.6720981]]]}},{"type":"Feature","properties":{"form":"other"},"geometry":{"type":"Polygon","coordinates":[[[-79.4375314,43.6334327],[-79.437558,43.6334075],[-79.43752,43.6333866],[-79.4374934,43.6334119],[-79.4375314,43.6334327]]]}},{"type":"Feature","properties":{"form":"apartments"},"geometry":{"type":"Polygon","coordinates":[[[-79.4307393,43.6548506],[-79.4306655,43.6546652],[-79.4305019,43.6546982],[-79.4305837,43.6548811],[-79.4307393,43.6548506]]]}},{"type":"Feature","properties":{"form":"apartments"},"geometry":{"type":"Polygon","coordinates":[[[-79.4303644,43.6550148],[-79.4305307,43.6549811],[-79.4304349,43.6547652],[-79.4302779,43.6547965],[-79.4303644,43.6550148]]]}},{"type":"Feature","properties":{"form":"apartments"},"geometry":{"type":"Polygon","coordinates":[[[-79.4308909,43.6550665],[-79.4308494,43.6549575],[-79.4303789,43.6550511],[-79.4304271,43.655178],[-79.4308909,43.6550665]]]}},{"type":"Feature","properties":{"form":"other"},"geometry":{"type":"Polygon","coordinates":[[[-79.3910942,43.6192099],[-79.3910721,43.61924],[-79.3911003,43.6193233],[-79.3912082,43.619292],[-79.391227,43.6192619],[-79.3912029,43.6192342],[-79.3910942,43.6192099]]]}},{"type":"Feature","properties":{"form":"other"},"geometry":{"type":"Polygon","coordinates":[[[-79.3736001,43.6200638],[-79.3735933,43.6201037],[-79.3735454,43.6200994],[-79.3735522,43.6200596],[-79.3736001,43.6200638]]]}},{"type":"Feature","properties":{"form":"other"},"geometry":{"type":"Polygon","coordinates":[[[-79.3653638,43.6207633],[-79.3652793,43.6208022],[-79.3652245,43.6207397],[-79.365309,43.6207009],[-79.3653638,43.6207633]]]}},{"type":"Feature","properties":{"form":"houses"},"geometry":{"type":"Polygon","coordinates":[[[-79.346613,43.6632655],[-79.3466713,43.663399],[-79.346331,43.6634755],[-79.3462736,43.6633417],[-79.346613,43.6632655]]]}},{"type":"Feature","properties":{"form":"houses"},"geometry":{"type":"Polygon","coordinates":[[[-79.3466713,43.663399],[-79.346613,43.6632655],[-79.3471049,43.663155],[-79.3471623,43.6632887],[-79.3466713,43.663399]]]}},{"type":"Feature","properties":{"form":"apartments"},"geometry":{"type":"Polygon","coordinates":[[[-79.3534311,43.6585117],[-79.353248,43.6585523],[-79.3532111,43.6584654],[-79.3533942,43.6584248],[-79.3534311,43.6585117]]]}},{"type":"Feature","properties":{"form":"other"},"geometry":{"type":"Polygon","coordinates":[[[-79.3531776,43.6584728],[-79.3531005,43.6582912],[-79.3533172,43.6582431],[-79.3533942,43.6584248],[-79.3531776,43.6584728]]]}},{"type":"Feature","properties":{"form":"other"},"geometry":{"type":"Polygon","coordinates":[[[-79.3530073,43.6586057],[-79.353248,43.6585523],[-79.3532111,43.6584654],[-79.3530946,43.6584913],[-79.352998,43.6582634],[-79.3528738,43.658291],[-79.3530073,43.6586057]]]}},{"type":"Feature","properties":{"form":"other"},"geometry":{"type":"Polygon","coordinates":[[[-79.390533,43.6202823],[-79.3905322,43.6203269],[-79.3904249,43.6203259],[-79.3904257,43.6202813],[-79.390533,43.6202823]]]}},{"type":"Feature","properties":{"form":"other"},"geometry":{"type":"Polygon","coordinates":[[[-79.3736022,43.6207522],[-79.3735517,43.6207956],[-79.373476,43.6207495],[-79.3735265,43.6207061],[-79.3736022,43.6207522]]]}},{"type":"Feature","properties":{"form":"other"},"geometry":{"type":"Polygon","coordinates":[[[-79.3744417,43.6201939],[-79.3744173,43.6202031],[-79.3743646,43.6201625],[-79.3744075,43.6201463],[-79.3744417,43.6201939]]]}},{"type":"Feature","properties":{"form":"other"},"geometry":{"type":"Polygon","coordinates":[[[-79.3722751,43.6205075],[-79.3723228,43.6205557],[-79.3722335,43.620602],[-79.3721858,43.6205538],[-79.3722751,43.6205075]]]}},{"type":"Feature","properties":{"form":"other"},"geometry":{"type":"Polygon","coordinates":[[[-79.332583,43.6492006],[-79.3330272,43.6489425],[-79.3329025,43.6488301],[-79.3324583,43.6490882],[-79.332583,43.6492006]]]}},{"type":"Feature","properties":{"form":"other"},"geometry":{"type":"Polygon","coordinates":[[[-79.3328103,43.6493053],[-79.3334507,43.6489516],[-79.3333288,43.648836],[-79.3326428,43.6492148],[-79.3327001,43.6492692],[-79.3327457,43.649244],[-79.3328103,43.6493053]]]}},{"type":"Feature","properties":{"form":"other"},"geometry":{"type":"Polygon","coordinates":[[[-79.3390744,43.6488328],[-79.3389011,43.6486247],[-79.3389584,43.6485986],[-79.3388302,43.6484511],[-79.3387337,43.6484949],[-79.3387856,43.6485547],[-79.3387328,43.6485788],[-79.3387449,43.6486859],[-79.3388709,43.6488276],[-79.3388388,43.6488431],[-79.3388897,43.6489072],[-79.3390744,43.6488328]]]}},{"type":"Feature","properties":{"form":"other"},"geometry":{"type":"Polygon","coordinates":[[[-79.3266485,43.6422205],[-79.3268992,43.6418047],[-79.3266128,43.6417143],[-79.3263622,43.6421302],[-79.3266485,43.6422205]]]}},{"type":"Feature","properties":{"form":"other"},"geometry":{"type":"Polygon","coordinates":[[[-79.3261661,43.6437931],[-79.3262938,43.6432568],[-79.3259299,43.6432114],[-79.3258021,43.6437477],[-79.3261661,43.6437931]]]}},{"type":"Feature","properties":{"form":"other"},"geometry":{"type":"Polygon","coordinates":[[[-79.4116619,43.6448034],[-79.4116078,43.6446547],[-79.4115585,43.6446641],[-79.4116125,43.6448128],[-79.4116619,43.6448034]]]}},{"type":"Feature","properties":{"form":"apartments"},"geometry":{"type":"Polygon","coordinates":[[[-79.4120879,43.644827],[-79.4120309,43.6446732],[-79.4120872,43.6446632],[-79.4120426,43.6445584],[-79.4116252,43.6446445],[-79.4116634,43.6447467],[-79.4117157,43.6447365],[-79.4117734,43.6448913],[-79.4120879,43.644827]]]}},{"type":"Feature","properties":{"form":"other"},"geometry":{"type":"Polygon","coordinates":[[[-79.4294497,43.6310564],[-79.4293951,43.6310628],[-79.4293739,43.6309689],[-79.4294284,43.6309624],[-79.4294497,43.6310564]]]}},{"type":"Feature","properties":{"form":"houses"},"geometry":{"type":"Polygon","coordinates":[[[-79.3994824,43.6582241],[-79.3993616,43.6582494],[-79.3994172,43.6583881],[-79.3994662,43.6583778],[-79.3994513,43.6583406],[-79.3995231,43.6583255],[-79.3994824,43.6582241]]]}},{"type":"Feature","properties":{"form":"houses"},"geometry":{"type":"Polygon","coordinates":[[[-79.4035683,43.6418551],[-79.4036544,43.6418387],[-79.4036274,43.6417645],[-79.403644,43.6417613],[-79.4035977,43.6416728],[-79.403493,43.6416931],[-79.4035683,43.6418551]]]}},{"type":"Feature","properties":{"form":"houses"},"geometry":{"type":"Polygon","coordinates":[[[-79.4033687,43.6417321],[-79.4034281,43.6418583],[-79.4035266,43.6418396],[-79.4034767,43.641696],[-79.4033687,43.6417321]]]}},{"type":"Feature","properties":{"form":"apartments"},"geometry":{"type":"Polygon","coordinates":[[[-79.4034558,43.6419827],[-79.403342,43.6420092],[-79.4032444,43.6417525],[-79.4033633,43.6417333],[-79.4034558,43.6419827]]]}},{"type":"Feature","properties":{"form":"houses"},"geometry":{"type":"Polygon","coordinates":[[[-79.4031123,43.6415628],[-79.4030635,43.6414392],[-79.4030148,43.6414493],[-79.4030322,43.6414931],[-79.4030106,43.6414975],[-79.4029933,43.6414536],[-79.4029049,43.6414719],[-79.4029216,43.6415141],[-79.4028964,43.6415194],[-79.4028797,43.641477],[-79.4027952,43.6414945],[-79.4028272,43.6416219],[-79.4031123,43.6415628]]]}},{"type":"Feature","properties":{"form":"other"},"geometry":{"type":"Polygon","coordinates":[[[-79.4064686,43.6419669],[-79.4065551,43.6418636],[-79.4066819,43.6418447],[-79.4066745,43.6418151],[-79.4064277,43.6418597],[-79.4063835,43.6419252],[-79.4064686,43.6419669]]]}},{"type":"Feature","properties":{"form":"other"},"geometry":{"type":"Polygon","coordinates":[[[-79.4051706,43.6421197],[-79.4052013,43.6422118],[-79.405371,43.6421821],[-79.4053403,43.6420901],[-79.4051706,43.6421197]]]}},{"type":"Feature","properties":{"form":"apartments"},"geometry":{"type":"Polygon","coordinates":[[[-79.4773483,43.6257053],[-79.4777748,43.6258026],[-79.4781323,43.625947],[-79.4782013,43.6257965],[-79.4778543,43.6255992],[-79.4776803,43.6255495],[-79.4777282,43.6254055],[-79.4774262,43.6253553],[-79.4774131,43.6255121],[-79.4773483,43.6257053]]]}},{"type":"Feature","properties":{"form":"apartments"},"geometry":{"type":"Polygon","coordinates":[[[-79.4189645,43.6409358],[-79.4189887,43.6410562],[-79.418542,43.6411034],[-79.4179542,43.6410853],[-79.4179614,43.6409638],[-79.4185257,43.6409811],[-79.4189645,43.6409358]]]}},{"type":"Feature","properties":{"form":"other"},"geometry":{"type":"Polygon","coordinates":[[[-79.4033944,43.6338946],[-79.4032277,43.6339678],[-79.4031065,43.6338231],[-79.4032731,43.63375],[-79.4033944,43.6338946]]]}},{"type":"Feature","properties":{"form":"other"},"geometry":{"type":"Polygon","coordinates":[[[-79.3914661,43.6511658],[-79.3914381,43.6510995],[-79.3911315,43.6511673],[-79.3911595,43.6512336],[-79.3914661,43.6511658]]]}},{"type":"Feature","properties":{"form":"apartments"},"geometry":{"type":"Polygon","coordinates":[[[-79.3844893,43.6697148],[-79.384268,43.6691652],[-79.3838999,43.6692438],[-79.3839139,43.6692768],[-79.3840092,43.6692559],[-79.3842177,43.6697725],[-79.3844893,43.6697148]]]}},{"type":"Feature","properties":{"form":"apartments"},"geometry":{"type":"Polygon","coordinates":[[[-79.3773734,43.6709101],[-79.3774763,43.6711538],[-79.3768112,43.6712965],[-79.3767436,43.671139],[-79.3768793,43.6711087],[-79.3768448,43.6710268],[-79.3773734,43.6709101]]]}},{"type":"Feature","properties":{"form":"houses"},"geometry":{"type":"Polygon","coordinates":[[[-79.4592683,43.667712],[-79.4592506,43.6676697],[-79.4594056,43.6676091],[-79.4594336,43.6676757],[-79.4592683,43.667712]]]}},{"type":"Feature","properties":{"form":"apartments"},"geometry":{"type":"Polygon","coordinates":[[[-79.4534423,43.6597574],[-79.4533584,43.6595641],[-79.4530009,43.6596451],[-79.453174,43.6598204],[-79.4534423,43.6597574]]]}},{"type":"Feature","properties":{"form":"houses"},"geometry":{"type":"Polygon","coordinates":[[[-79.4411667,43.6475426],[-79.4411789,43.6475758],[-79.4409072,43.6476408],[-79.4408907,43.647596],[-79.4411667,43.6475426]]]}},{"type":"Feature","properties":{"form":"houses"},"geometry":{"type":"Polygon","coordinates":[[[-79.441197,43.6480722],[-79.4411802,43.6480271],[-79.4413681,43.6479903],[-79.441385,43.6480353],[-79.441197,43.6480722]]]}},{"type":"Feature","properties":{"form":"other"},"geometry":{"type":"Polygon","coordinates":[[[-79.4408792,43.6475113],[-79.4410843,43.6474672],[-79.4411021,43.6475153],[-79.4409028,43.6475542],[-79.4408792,43.6475113]]]}},{"type":"Feature","properties":{"form":"other"},"geometry":{"type":"Polygon","coordinates":[[[-79.4411247,43.6477125],[-79.4409429,43.6477578],[-79.4409076,43.647664],[-79.4410957,43.6476354],[-79.4411247,43.6477125]]]}},{"type":"Feature","properties":{"form":"houses"},"geometry":{"type":"Polygon","coordinates":[[[-79.4413123,43.6479506],[-79.4413264,43.6479894],[-79.4412595,43.6480086],[-79.4411205,43.6480352],[-79.4411023,43.6480046],[-79.4413123,43.6479506]]]}},{"type":"Feature","properties":{"form":"other"},"geometry":{"type":"Polygon","coordinates":[[[-79.4363704,43.6491711],[-79.4363795,43.6492143],[-79.4361747,43.6492516],[-79.4361601,43.6492094],[-79.4363704,43.6491711]]]}},{"type":"Feature","properties":{"form":"other"},"geometry":{"type":"Polygon","coordinates":[[[-79.4309459,43.6749935],[-79.4308702,43.6750097],[-79.4307796,43.6748203],[-79.4308808,43.6748155],[-79.4309459,43.6749935]]]}},{"type":"Feature","properties":{"form":"other"},"geometry":{"type":"Polygon","coordinates":[[[-79.4309821,43.6748107],[-79.4310652,43.6748058],[-79.4311066,43.6749642],[-79.4310388,43.6749714],[-79.4309821,43.6748107]]]}},{"type":"Feature","properties":{"form":"other"},"geometry":{"type":"Polygon","coordinates":[[[-79.4310652,43.6748058],[-79.4311537,43.6747981],[-79.4312027,43.674944],[-79.4311307,43.674965],[-79.4310652,43.6748058]]]}},{"type":"Feature","properties":{"form":"other"},"geometry":{"type":"Polygon","coordinates":[[[-79.4311537,43.6747981],[-79.4312315,43.6747918],[-79.4312775,43.6749531],[-79.4312027,43.674944],[-79.4311537,43.6747981]]]}},{"type":"Feature","properties":{"form":"other"},"geometry":{"type":"Polygon","coordinates":[[[-79.4312315,43.6747918],[-79.4313187,43.6747845],[-79.43142,43.675042],[-79.4313433,43.6750466],[-79.4313147,43.6749783],[-79.4312872,43.6749652],[-79.4312315,43.6747918]]]}},{"type":"Feature","properties":{"form":"other"},"geometry":{"type":"Polygon","coordinates":[[[-79.4313187,43.6747845],[-79.4313872,43.6747777],[-79.431493,43.6750357],[-79.43142,43.675042],[-79.4313187,43.6747845]]]}},{"type":"Feature","properties":{"form":"houses"},"geometry":{"type":"Polygon","coordinates":[[[-79.4280985,43.6734686],[-79.4279469,43.6735006],[-79.4279272,43.6734512],[-79.428074,43.6734095],[-79.4280985,43.6734686]]]}},{"type":"Feature","properties":{"form":"other"},"geometry":{"type":"Polygon","coordinates":[[[-79.4308808,43.6748155],[-79.4309821,43.6748107],[-79.431027,43.6749752],[-79.4309459,43.6749935],[-79.4308808,43.6748155]]]}},{"type":"Feature","properties":{"form":"houses"},"geometry":{"type":"Polygon","coordinates":[[[-79.4280608,43.6733562],[-79.4280733,43.6734053],[-79.4279252,43.673439],[-79.4278914,43.6733938],[-79.4280608,43.6733562]]]}},{"type":"Feature","properties":{"form":"houses"},"geometry":{"type":"Polygon","coordinates":[[[-79.4280442,43.6733428],[-79.4278773,43.6733746],[-79.4278573,43.6733272],[-79.4280233,43.673286],[-79.4280442,43.6733428]]]}},{"type":"Feature","properties":{"form":"other"},"geometry":{"type":"Polygon","coordinates":[[[-79.4283109,43.6736068],[-79.4282456,43.6736222],[-79.4282328,43.6735936],[-79.4282981,43.6735782],[-79.4283109,43.6736068]]]}},{"type":"Feature","properties":{"form":"other"},"geometry":{"type":"Polygon","coordinates":[[[-79.4283572,43.6736086],[-79.4283552,43.6736487],[-79.428257,43.6736496],[-79.4282499,43.6736329],[-79.4283572,43.6736086]]]}},{"type":"Feature","properties":{"form":"houses"},"geometry":{"type":"Polygon","coordinates":[[[-79.4305277,43.6750641],[-79.4304872,43.6750284],[-79.4306555,43.6749886],[-79.4306728,43.6750304],[-79.4305277,43.6750641]]]}},{"type":"Feature","properties":{"form":"houses"},"geometry":{"type":"Polygon","coordinates":[[[-79.4281672,43.67353],[-79.4281357,43.6735415],[-79.4281846,43.6735789],[-79.4279858,43.6736209],[-79.4279509,43.6735337],[-79.4281517,43.6734913],[-79.4281672,43.67353]]]}},{"type":"Feature","properties":{"form":"other"},"geometry":{"type":"Polygon","coordinates":[[[-79.4587496,43.683471],[-79.4587,43.6834957],[-79.4586622,43.6834566],[-79.4587103,43.6834282],[-79.4587496,43.683471]]]}},{"type":"Feature","properties":{"form":"other"},"geometry":{"type":"Polygon","coordinates":[[[-79.4282455,43.6815723],[-79.4281809,43.681586],[-79.4281582,43.6815293],[-79.4282228,43.6815156],[-79.4282455,43.6815723]]]}},{"type":"Feature","properties":{"form":"other"},"geometry":{"type":"Polygon","coordinates":[[[-79.4303248,43.6811782],[-79.4302682,43.6811891],[-79.430243,43.6811199],[-79.4302995,43.681109],[-79.4303248,43.6811782]]]}},{"type":"Feature","properties":{"form":"other"},"geometry":{"type":"Polygon","coordinates":[[[-79.4297489,43.6813],[-79.4296829,43.6813146],[-79.4296578,43.6812545],[-79.4297239,43.68124],[-79.4297489,43.6813]]]}},{"type":"Feature","properties":{"form":"houses"},"geometry":{"type":"Polygon","coordinates":[[[-79.4427198,43.6538916],[-79.4424705,43.6539428],[-79.4424376,43.6538576],[-79.4426891,43.653812],[-79.4427198,43.6538916]]]}},{"type":"Feature","properties":{"form":"other"},"geometry":{"type":"Polygon","coordinates":[[[-79.4419384,43.6508569],[-79.441947,43.6508802],[-79.4418629,43.6508964],[-79.4418544,43.6508732],[-79.4419384,43.6508569]]]}},{"type":"Feature","properties":{"form":"other"},"geometry":{"type":"Polygon","coordinates":[[[-79.4433993,43.6549628],[-79.4433097,43.654982],[-79.4432467,43.6548608],[-79.4433583,43.6548217],[-79.4433993,43.6549628]]]}},{"type":"Feature","properties":{"form":"other"},"geometry":{"type":"Polygon","coordinates":[[[-79.444171,43.6563311],[-79.4441352,43.6563388],[-79.4441071,43.6562929],[-79.4441514,43.6562833],[-79.444171,43.6563311]]]}},{"type":"Feature","properties":{"form":"houses"},"geometry":{"type":"Polygon","coordinates":[[[-79.4433235,43.6546778],[-79.4433295,43.6546929],[-79.4432991,43.6546993],[-79.443251,43.6545791],[-79.4433023,43.6545684],[-79.4433144,43.6545986],[-79.4433337,43.6545946],[-79.4433637,43.6546694],[-79.4433235,43.6546778]]]}},{"type":"Feature","properties":{"form":"other"},"geometry":{"type":"Polygon","coordinates":[[[-79.4435332,43.6554239],[-79.4434741,43.6554407],[-79.44343,43.6553],[-79.4434779,43.6552896],[-79.4435332,43.6554239]]]}},{"type":"Feature","properties":{"form":"houses"},"geometry":{"type":"Polygon","coordinates":[[[-79.4432251,43.6545808],[-79.4432751,43.6547078],[-79.4432026,43.6547228],[-79.4431526,43.6545957],[-79.4432251,43.6545808]]]}},{"type":"Feature","properties":{"form":"houses"},"geometry":{"type":"Polygon","coordinates":[[[-79.4484227,43.6405334],[-79.4484604,43.6406331],[-79.4483809,43.640649],[-79.4483347,43.6405267],[-79.4484227,43.6405334]]]}},{"type":"Feature","properties":{"form":"houses"},"geometry":{"type":"Polygon","coordinates":[[[-79.4489149,43.6404376],[-79.4489718,43.6405574],[-79.4488914,43.640574],[-79.4488376,43.6404364],[-79.4489149,43.6404376]]]}},{"type":"Feature","properties":{"form":"houses"},"geometry":{"type":"Polygon","coordinates":[[[-79.4488798,43.6405626],[-79.4487865,43.6405819],[-79.4487333,43.6404459],[-79.4488038,43.6404314],[-79.4488133,43.6404554],[-79.448836,43.6404508],[-79.4488798,43.6405626]]]}},{"type":"Feature","properties":{"form":"houses"},"geometry":{"type":"Polygon","coordinates":[[[-79.4483721,43.6406478],[-79.4482931,43.6406831],[-79.4482205,43.6404927],[-79.448275,43.6404818],[-79.4482851,43.6405084],[-79.4483166,43.6405021],[-79.4483721,43.6406478]]]}},{"type":"Feature","properties":{"form":"houses"},"geometry":{"type":"Polygon","coordinates":[[[-79.4484785,43.6404746],[-79.4485237,43.6406266],[-79.4484699,43.6406211],[-79.448428,43.640511],[-79.4484565,43.6405053],[-79.4484472,43.6404808],[-79.4484785,43.6404746]]]}},{"type":"Feature","properties":{"form":"houses"},"geometry":{"type":"Polygon","coordinates":[[[-79.4488117,43.6402777],[-79.4487785,43.6402844],[-79.4487907,43.6403163],[-79.4486259,43.6403466],[-79.4486019,43.6402841],[-79.448799,43.6402446],[-79.4488117,43.6402777]]]}},{"type":"Feature","properties":{"form":"other"},"geometry":{"type":"Polygon","coordinates":[[[-79.451103,43.6413177],[-79.4510903,43.6414922],[-79.4510119,43.6414913],[-79.4509896,43.6414538],[-79.4509816,43.6414701],[-79.4508443,43.6414686],[-79.450848,43.6412988],[-79.4509831,43.6413041],[-79.4509834,43.6413365],[-79.4509936,43.6413164],[-79.451103,43.6413177]]]}},{"type":"Feature","properties":{"form":"houses"},"geometry":{"type":"Polygon","coordinates":[[[-79.4485543,43.6404932],[-79.4485932,43.6404629],[-79.4486026,43.640487],[-79.4486338,43.6404806],[-79.4486804,43.6405996],[-79.4486023,43.6406157],[-79.4485543,43.6404932]]]}},{"type":"Feature","properties":{"form":"houses"},"geometry":{"type":"Polygon","coordinates":[[[-79.4487703,43.6405703],[-79.4486816,43.6405877],[-79.4486381,43.6404765],[-79.4487265,43.6404583],[-79.4487703,43.6405703]]]}},{"type":"Feature","properties":{"form":"other"},"geometry":{"type":"Polygon","coordinates":[[[-79.4307356,43.6699261],[-79.4306691,43.6699583],[-79.4305791,43.6697347],[-79.4306546,43.6697178],[-79.4307356,43.6699261]]]}},{"type":"Feature","properties":{"form":"other"},"geometry":{"type":"Polygon","coordinates":[[[-79.4309504,43.6699272],[-79.4308996,43.669956],[-79.4308438,43.6698324],[-79.430893,43.6698215],[-79.4309504,43.6699272]]]}},{"type":"Feature","properties":{"form":"other"},"geometry":{"type":"Polygon","coordinates":[[[-79.4307624,43.6699866],[-79.4307161,43.6698408],[-79.4307684,43.6698301],[-79.4308416,43.6699852],[-79.4307624,43.6699866]]]}},{"type":"Feature","properties":{"form":"other"},"geometry":{"type":"Polygon","coordinates":[[[-79.4309768,43.669767],[-79.4310317,43.6699009],[-79.4309652,43.6699165],[-79.4309039,43.6697839],[-79.4309768,43.669767]]]}},{"type":"Feature","properties":{"form":"other"},"geometry":{"type":"Polygon","coordinates":[[[-79.4311827,43.6698966],[-79.4311143,43.6699123],[-79.4310536,43.6697613],[-79.4311123,43.6697489],[-79.4311827,43.6698966]]]}},{"type":"Feature","properties":{"form":"other"},"geometry":{"type":"Polygon","coordinates":[[[-79.4311094,43.6699158],[-79.4310504,43.6699275],[-79.4309814,43.6697688],[-79.43105,43.6697556],[-79.4311094,43.6699158]]]}},{"type":"Feature","properties":{"form":"other"},"geometry":{"type":"Polygon","coordinates":[[[-79.4300933,43.6698807],[-79.4301959,43.6701229],[-79.4300227,43.6701613],[-79.4299202,43.6699191],[-79.4300933,43.6698807]]]}},{"type":"Feature","properties":{"form":"other"},"geometry":{"type":"Polygon","coordinates":[[[-79.4298838,43.6699544],[-79.4299715,43.6701651],[-79.4297493,43.6702135],[-79.429626,43.6699175],[-79.430063,43.6698223],[-79.4300846,43.6698742],[-79.4298497,43.6699324],[-79.4298838,43.6699544]]]}},{"type":"Feature","properties":{"form":"other"},"geometry":{"type":"Polygon","coordinates":[[[-79.4294412,43.6701107],[-79.4293753,43.669952],[-79.4294806,43.6699304],[-79.4295631,43.6701368],[-79.4294412,43.6701107]]]}},{"type":"Feature","properties":{"form":"other"},"geometry":{"type":"Polygon","coordinates":[[[-79.4393736,43.6704228],[-79.4393921,43.6704663],[-79.4393175,43.670483],[-79.439299,43.6704395],[-79.4393736,43.6704228]]]}},{"type":"Feature","properties":{"form":"other"},"geometry":{"type":"Polygon","coordinates":[[[-79.4247657,43.6714682],[-79.4247025,43.6716377],[-79.4245548,43.6717053],[-79.4244404,43.6717282],[-79.4243131,43.6714074],[-79.4246575,43.671332],[-79.4246688,43.6713581],[-79.4247149,43.6713479],[-79.4247657,43.6714682]]]}},{"type":"Feature","properties":{"form":"other"},"geometry":{"type":"Polygon","coordinates":[[[-79.426622,43.6713658],[-79.4264039,43.6713984],[-79.4264216,43.671457],[-79.4260186,43.6715355],[-79.4259951,43.6714659],[-79.4249354,43.6716513],[-79.4249112,43.6715679],[-79.4250349,43.6715411],[-79.42499,43.6713936],[-79.4251959,43.6713487],[-79.4253444,43.6713327],[-79.4254008,43.6714717],[-79.4256495,43.6714276],[-79.425668,43.6714518],[-79.425816,43.6714273],[-79.4264393,43.6712784],[-79.4264264,43.6712473],[-79.4262883,43.6712777],[-79.4262177,43.6712686],[-79.4261146,43.6713025],[-79.4261232,43.6713236],[-79.4257289,43.6714118],[-79.4256883,43.671393],[-79.4254824,43.6714382],[-79.4254096,43.6712684],[-79.4251918,43.6713176],[-79.4251836,43.6712988],[-79.4250681,43.6713027],[-79.4250079,43.6711539],[-79.4253395,43.6710654],[-79.4253642,43.6710765],[-79.4254671,43.6709298],[-79.4259294,43.6708308],[-79.4259471,43.6708765],[-79.4261403,43.670833],[-79.4261673,43.6708988],[-79.4264088,43.6708455],[-79.4264528,43.6709664],[-79.4264198,43.6709713],[-79.4264145,43.6709493],[-79.4258107,43.6710812],[-79.4258492,43.671167],[-79.4260331,43.6711275],[-79.4261669,43.6711416],[-79.4264978,43.6710688],[-79.426622,43.6713658]]]}},{"type":"Feature","properties":{"form":"other"},"geometry":{"type":"Polygon","coordinates":[[[-79.4264873,43.6707047],[-79.4265208,43.6707236],[-79.4265973,43.6709104],[-79.4264557,43.6709405],[-79.426369,43.6707321],[-79.4264873,43.6707047]]]}},{"type":"Feature","properties":{"form":"other"},"geometry":{"type":"Polygon","coordinates":[[[-79.4737061,43.6839992],[-79.4737374,43.6839733],[-79.4737571,43.6840227],[-79.4737186,43.6840308],[-79.4737061,43.6839992]]]}},{"type":"Feature","properties":{"form":"other"},"geometry":{"type":"Polygon","coordinates":[[[-79.4763264,43.6805755],[-79.4763619,43.6805865],[-79.4763314,43.6806381],[-79.4762959,43.6806271],[-79.4763264,43.6805755]]]}},{"type":"Feature","properties":{"form":"other"},"geometry":{"type":"Polygon","coordinates":[[[-79.4754179,43.6829964],[-79.4754395,43.6830412],[-79.4753349,43.6830676],[-79.4753134,43.6830229],[-79.4754179,43.6829964]]]}},{"type":"Feature","properties":{"form":"other"},"geometry":{"type":"Polygon","coordinates":[[[-79.4681626,43.6763234],[-79.4682763,43.6763833],[-79.4681578,43.6765017],[-79.4680441,43.6764419],[-79.4681626,43.6763234]]]}},{"type":"Feature","properties":{"form":"other"},"geometry":{"type":"Polygon","coordinates":[[[-79.4208035,43.6716762],[-79.4207404,43.6716895],[-79.4206796,43.6715373],[-79.4207439,43.6715236],[-79.4208035,43.6716762]]]}},{"type":"Feature","properties":{"form":"other"},"geometry":{"type":"Polygon","coordinates":[[[-79.4207404,43.6716895],[-79.4206771,43.6717021],[-79.4206174,43.6715503],[-79.4206796,43.6715373],[-79.4207404,43.6716895]]]}},{"type":"Feature","properties":{"form":"other"},"geometry":{"type":"Polygon","coordinates":[[[-79.4206771,43.6717021],[-79.420612,43.6717157],[-79.4205641,43.6715943],[-79.4206297,43.6715809],[-79.4206771,43.6717021]]]}},{"type":"Feature","properties":{"form":"other"},"geometry":{"type":"Polygon","coordinates":[[[-79.420612,43.6717157],[-79.4204216,43.6717543],[-79.4203793,43.6716451],[-79.4204442,43.671632],[-79.4204265,43.6715864],[-79.4204903,43.6715735],[-79.4205064,43.671615],[-79.4205681,43.6716025],[-79.420612,43.6717157]]]}},{"type":"Feature","properties":{"form":"other"},"geometry":{"type":"Polygon","coordinates":[[[-79.421064,43.6716163],[-79.420994,43.6716306],[-79.4209313,43.6714676],[-79.4210019,43.6714535],[-79.421064,43.6716163]]]}},{"type":"Feature","properties":{"form":"other"},"geometry":{"type":"Polygon","coordinates":[[[-79.4211576,43.6715969],[-79.4210774,43.6713803],[-79.4211425,43.6713676],[-79.4212227,43.6715843],[-79.4211576,43.6715969]]]}},{"type":"Feature","properties":{"form":"other"},"geometry":{"type":"Polygon","coordinates":[[[-79.4211576,43.6715969],[-79.4211048,43.6716073],[-79.4210724,43.6715201],[-79.4211253,43.6715098],[-79.4211576,43.6715969]]]}},{"type":"Feature","properties":{"form":"other"},"geometry":{"type":"Polygon","coordinates":[[[-79.420994,43.6716306],[-79.4209207,43.6716451],[-79.4208697,43.6715099],[-79.4209429,43.6714954],[-79.420994,43.6716306]]]}},{"type":"Feature","properties":{"form":"other"},"geometry":{"type":"Polygon","coordinates":[[[-79.421546,43.6709198],[-79.4213913,43.6709523],[-79.4213407,43.6708257],[-79.4217568,43.6707382],[-79.421774,43.6707812],[-79.421513,43.6708361],[-79.421546,43.6709198]]]}},{"type":"Feature","properties":{"form":"other"},"geometry":{"type":"Polygon","coordinates":[[[-79.421546,43.6709198],[-79.421513,43.6708361],[-79.4215787,43.6708223],[-79.4215929,43.6708581],[-79.4215669,43.6708636],[-79.4215864,43.6709124],[-79.421546,43.6709198]]]}},{"type":"Feature","properties":{"form":"houses"},"geometry":{"type":"Polygon","coordinates":[[[-79.4205693,43.6702009],[-79.42061,43.6703496],[-79.4205192,43.670368],[-79.4204496,43.6702242],[-79.4205693,43.6702009]]]}},{"type":"Feature","properties":{"form":"houses"},"geometry":{"type":"Polygon","coordinates":[[[-79.4203594,43.6702433],[-79.4204017,43.6703912],[-79.4203112,43.6704101],[-79.4202402,43.6702663],[-79.4203594,43.6702433]]]}},{"type":"Feature","properties":{"form":"houses"},"geometry":{"type":"Polygon","coordinates":[[[-79.420435,43.6702285],[-79.4204772,43.6703767],[-79.420431,43.6703861],[-79.4203726,43.6702359],[-79.420435,43.6702285]]]}},{"type":"Feature","properties":{"form":"houses"},"geometry":{"type":"Polygon","coordinates":[[[-79.4216726,43.6710833],[-79.4216846,43.6711155],[-79.421492,43.6711535],[-79.4214725,43.6711015],[-79.4216726,43.6710833]]]}},{"type":"Feature","properties":{"form":"houses"},"geometry":{"type":"Polygon","coordinates":[[[-79.4217234,43.6711621],[-79.4214892,43.6712093],[-79.4214704,43.6711603],[-79.4217067,43.6711184],[-79.4217234,43.6711621]]]}},{"type":"Feature","properties":{"form":"houses"},"geometry":{"type":"Polygon","coordinates":[[[-79.4216083,43.6710216],[-79.4216241,43.6710637],[-79.4214823,43.6710916],[-79.4214559,43.6710516],[-79.4216083,43.6710216]]]}},{"type":"Feature","properties":{"form":"houses"},"geometry":{"type":"Polygon","coordinates":[[[-79.4211537,43.6709704],[-79.4211698,43.671013],[-79.4209964,43.6710475],[-79.4209838,43.6710143],[-79.4211537,43.6709704]]]}},{"type":"Feature","properties":{"form":"houses"},"geometry":{"type":"Polygon","coordinates":[[[-79.4211202,43.6709634],[-79.4209212,43.6710031],[-79.4209107,43.6709753],[-79.4210751,43.6709151],[-79.4211202,43.6709634]]]}},{"type":"Feature","properties":{"form":"houses"},"geometry":{"type":"Polygon","coordinates":[[[-79.4211844,43.6710175],[-79.4212033,43.6710675],[-79.420962,43.6710974],[-79.4209495,43.6710644],[-79.4211844,43.6710175]]]}},{"type":"Feature","properties":{"form":"houses"},"geometry":{"type":"Polygon","coordinates":[[[-79.4208772,43.6709132],[-79.4211016,43.6708689],[-79.4211139,43.670901],[-79.4208908,43.670949],[-79.4208772,43.6709132]]]}},{"type":"Feature","properties":{"form":"other"},"geometry":{"type":"Polygon","coordinates":[[[-79.4208414,43.6711342],[-79.4207569,43.6711529],[-79.4207334,43.6710906],[-79.4208185,43.6710736],[-79.4208414,43.6711342]]]}},{"type":"Feature","properties":{"form":"other"},"geometry":{"type":"Polygon","coordinates":[[[-79.421064,43.6716163],[-79.420996,43.671437],[-79.4210384,43.6714287],[-79.4211048,43.6716073],[-79.421064,43.6716163]]]}},{"type":"Feature","properties":{"form":"other"},"geometry":{"type":"Polygon","coordinates":[[[-79.4207439,43.6715236],[-79.4208032,43.6715028],[-79.420869,43.6716633],[-79.4208035,43.6716762],[-79.4207439,43.6715236]]]}},{"type":"Feature","properties":{"form":"other"},"geometry":{"type":"Polygon","coordinates":[[[-79.4505432,43.6523323],[-79.4505019,43.6523715],[-79.4503671,43.652298],[-79.4503929,43.6522687],[-79.4505432,43.6523323]]]}},{"type":"Feature","properties":{"form":"other"},"geometry":{"type":"Polygon","coordinates":[[[-79.4506695,43.6525993],[-79.4507246,43.6525137],[-79.4508067,43.6525522],[-79.4507418,43.6526314],[-79.4506695,43.6525993]]]}},{"type":"Feature","properties":{"form":"other"},"geometry":{"type":"Polygon","coordinates":[[[-79.4507984,43.6526684],[-79.4507519,43.6527233],[-79.4506311,43.6526695],[-79.4506776,43.6526145],[-79.4507984,43.6526684]]]}},{"type":"Feature","properties":{"form":"other"},"geometry":{"type":"Polygon","coordinates":[[[-79.4504192,43.6522433],[-79.4503911,43.6522304],[-79.4504365,43.6521784],[-79.4506179,43.652248],[-79.4505486,43.6523273],[-79.4504038,43.652261],[-79.4504192,43.6522433]]]}},{"type":"Feature","properties":{"form":"other"},"geometry":{"type":"Polygon","coordinates":[[[-79.4504821,43.6521802],[-79.4505678,43.6520806],[-79.4505197,43.6520589],[-79.4505371,43.6520386],[-79.4507106,43.6521108],[-79.4505971,43.6522321],[-79.4504821,43.6521802]]]}},{"type":"Feature","properties":{"form":"other"},"geometry":{"type":"Polygon","coordinates":[[[-79.4465965,43.652166],[-79.4465036,43.6522782],[-79.4464544,43.6522553],[-79.4465574,43.6521479],[-79.4465965,43.652166]]]}},{"type":"Feature","properties":{"form":"other"},"geometry":{"type":"Polygon","coordinates":[[[-79.4509206,43.651913],[-79.4508713,43.6519911],[-79.450726,43.6519272],[-79.4507607,43.6518859],[-79.4508237,43.6519137],[-79.4508568,43.6518743],[-79.4509206,43.651913]]]}},{"type":"Feature","properties":{"form":"other"},"geometry":{"type":"Polygon","coordinates":[[[-79.4507151,43.6520982],[-79.450559,43.6520335],[-79.4505756,43.6520145],[-79.4506064,43.6520286],[-79.4506944,43.6519282],[-79.4508334,43.6519976],[-79.4508073,43.6520274],[-79.4507781,43.652014],[-79.4507151,43.6520982]]]}},{"type":"Feature","properties":{"form":"other"},"geometry":{"type":"Polygon","coordinates":[[[-79.4455223,43.6511686],[-79.4454478,43.6511217],[-79.445622,43.6510421],[-79.4456492,43.6510588],[-79.4455223,43.6511686]]]}},{"type":"Feature","properties":{"form":"other"},"geometry":{"type":"Polygon","coordinates":[[[-79.4506254,43.6526805],[-79.4507419,43.6527323],[-79.4507296,43.6527469],[-79.4507483,43.6527552],[-79.4507128,43.6527972],[-79.4505776,43.6527371],[-79.4506254,43.6526805]]]}},{"type":"Feature","properties":{"form":"other"},"geometry":{"type":"Polygon","coordinates":[[[-79.4525472,43.6545777],[-79.4525816,43.6547018],[-79.4522365,43.6547676],[-79.4522173,43.6547225],[-79.4521724,43.6547317],[-79.4521486,43.6546661],[-79.4525472,43.6545777]]]}},{"type":"Feature","properties":{"form":"other"},"geometry":{"type":"Polygon","coordinates":[[[-79.4521192,43.653682],[-79.4521611,43.6536734],[-79.4521751,43.6537092],[-79.4521339,43.6537176],[-79.4521192,43.653682]]]}},{"type":"Feature","properties":{"form":"other"},"geometry":{"type":"Polygon","coordinates":[[[-79.452365,43.6539594],[-79.4524273,43.6541312],[-79.452018,43.6542244],[-79.4518968,43.6537419],[-79.4521192,43.653682],[-79.4521411,43.6537362],[-79.4521127,43.653742],[-79.4521288,43.6537831],[-79.4520577,43.6538075],[-79.4522026,43.6537777],[-79.4522254,43.6538361],[-79.4523199,43.6538167],[-79.4523585,43.6539155],[-79.4521807,43.6539533],[-79.4521993,43.6539951],[-79.452365,43.6539594]]]}},{"type":"Feature","properties":{"form":"other"},"geometry":{"type":"Polygon","coordinates":[[[-79.4523003,43.6537648],[-79.4522213,43.6537795],[-79.4522032,43.6537285],[-79.4522821,43.6537138],[-79.4523003,43.6537648]]]}},{"type":"Feature","properties":{"form":"other"},"geometry":{"type":"Polygon","coordinates":[[[-79.4530985,43.6573589],[-79.4530643,43.657366],[-79.453073,43.6573879],[-79.4528803,43.6574251],[-79.4528493,43.6573476],[-79.4530752,43.6573005],[-79.4530985,43.6573589]]]}},{"type":"Feature","properties":{"form":"other"},"geometry":{"type":"Polygon","coordinates":[[[-79.4542076,43.6557196],[-79.4541761,43.6557591],[-79.4540954,43.6557767],[-79.4540504,43.6556667],[-79.4541451,43.6556501],[-79.4541911,43.655672],[-79.4542076,43.6557196]]]}},{"type":"Feature","properties":{"form":"other"},"geometry":{"type":"Polygon","coordinates":[[[-79.4524244,43.6541903],[-79.4522915,43.6542164],[-79.452307,43.654258],[-79.4521854,43.6542901],[-79.4523089,43.6542746],[-79.4523323,43.6543524],[-79.4520675,43.6544131],[-79.4520232,43.6542263],[-79.4524107,43.6541537],[-79.4524244,43.6541903]]]}},{"type":"Feature","properties":{"form":"other"},"geometry":{"type":"Polygon","coordinates":[[[-79.4523199,43.6544702],[-79.4522908,43.6544763],[-79.4522978,43.6544946],[-79.4521348,43.6545189],[-79.4521151,43.6544693],[-79.4520848,43.6544757],[-79.4520681,43.6544142],[-79.452255,43.6543761],[-79.4522633,43.6543967],[-79.4522975,43.6543895],[-79.4523095,43.6544198],[-79.452274,43.6544272],[-79.4523199,43.6544702]]]}},{"type":"Feature","properties":{"form":"other"},"geometry":{"type":"Polygon","coordinates":[[[-79.4522946,43.6552244],[-79.4522912,43.6551836],[-79.4525057,43.655147],[-79.4525333,43.6552158],[-79.4523591,43.6552628],[-79.4523402,43.6552159],[-79.4522946,43.6552244]]]}},{"type":"Feature","properties":{"form":"other"},"geometry":{"type":"Polygon","coordinates":[[[-79.4520572,43.6535682],[-79.4520893,43.653667],[-79.4519005,43.6537083],[-79.4518601,43.6536115],[-79.4520572,43.6535682]]]}},{"type":"Feature","properties":{"form":"other"},"geometry":{"type":"Polygon","coordinates":[[[-79.4524348,43.655059],[-79.4524737,43.6550734],[-79.4524451,43.6550798],[-79.4524635,43.655126],[-79.452268,43.6551682],[-79.4522501,43.655105],[-79.4522838,43.6550985],[-79.4522671,43.6550498],[-79.4524195,43.6550192],[-79.4524348,43.655059]]]}},{"type":"Feature","properties":{"form":"other"},"geometry":{"type":"Polygon","coordinates":[[[-79.4524341,43.6550097],[-79.4522398,43.6550481],[-79.4522066,43.654936],[-79.4523881,43.654896],[-79.4524341,43.6550097]]]}},{"type":"Feature","properties":{"form":"other"},"geometry":{"type":"Polygon","coordinates":[[[-79.4524303,43.6544777],[-79.4524501,43.6545301],[-79.4523307,43.6545539],[-79.4523465,43.6545957],[-79.45232,43.654601],[-79.452327,43.6546194],[-79.452139,43.6546617],[-79.4521236,43.6546025],[-79.4521763,43.6545874],[-79.4521541,43.6545287],[-79.4524303,43.6544777]]]}},{"type":"Feature","properties":{"form":"other"},"geometry":{"type":"Polygon","coordinates":[[[-79.4523546,43.6547654],[-79.4523939,43.6548671],[-79.4522689,43.6548925],[-79.4522468,43.654835],[-79.4521841,43.6548484],[-79.452173,43.6548045],[-79.4523546,43.6547654]]]}},{"type":"Feature","properties":{"form":"other"},"geometry":{"type":"Polygon","coordinates":[[[-79.4500874,43.6559636],[-79.4500967,43.6559876],[-79.4499381,43.6560197],[-79.4499288,43.6559958],[-79.4500874,43.6559636]]]}},{"type":"Feature","properties":{"form":"houses"},"geometry":{"type":"Polygon","coordinates":[[[-79.4514399,43.6593063],[-79.4516296,43.6592669],[-79.4517849,43.6594275],[-79.4519054,43.6597414],[-79.4516317,43.6597918],[-79.4514399,43.6593063]]]}},{"type":"Feature","properties":{"form":"houses"},"geometry":{"type":"Polygon","coordinates":[[[-79.4506803,43.6596545],[-79.4506063,43.6594687],[-79.4512389,43.6593365],[-79.4513129,43.6595242],[-79.4506803,43.6596545]]]}},{"type":"Feature","properties":{"form":"houses"},"geometry":{"type":"Polygon","coordinates":[[[-79.4514294,43.6598172],[-79.4507955,43.6599442],[-79.4507215,43.6597589],[-79.4512235,43.6596547],[-79.451215,43.6596309],[-79.4513456,43.6596033],[-79.4514294,43.6598172]]]}},{"type":"Feature","properties":{"form":"other"},"geometry":{"type":"Polygon","coordinates":[[[-79.45052,43.6587645],[-79.4504214,43.6587584],[-79.4503561,43.6586321],[-79.4504676,43.6586069],[-79.45052,43.6587645]]]}},{"type":"Feature","properties":{"form":"other"},"geometry":{"type":"Polygon","coordinates":[[[-79.450629,43.6587147],[-79.4505408,43.6587329],[-79.4504827,43.6586234],[-79.4505966,43.6585999],[-79.450629,43.6587147]]]}},{"type":"Feature","properties":{"form":"other"},"geometry":{"type":"Polygon","coordinates":[[[-79.4503561,43.6586495],[-79.4503862,43.6587655],[-79.4502965,43.658784],[-79.4502363,43.6586742],[-79.4503561,43.6586495]]]}},{"type":"Feature","properties":{"form":"other"},"geometry":{"type":"Polygon","coordinates":[[[-79.4508249,43.6586742],[-79.4507603,43.6586875],[-79.4507334,43.6586526],[-79.4507537,43.6587047],[-79.4506676,43.6587224],[-79.4506,43.6585794],[-79.4507759,43.6585486],[-79.4508249,43.6586742]]]}},{"type":"Feature","properties":{"form":"other"},"geometry":{"type":"Polygon","coordinates":[[[-79.4506194,43.6597222],[-79.4505012,43.6597472],[-79.4504162,43.6595355],[-79.4505344,43.6595105],[-79.4506194,43.6597222]]]}},{"type":"Feature","properties":{"form":"other"},"geometry":{"type":"Polygon","coordinates":[[[-79.3606076,43.6591585],[-79.360045,43.659281],[-79.3599618,43.6590791],[-79.3600004,43.6590711],[-79.3599759,43.6590564],[-79.3597459,43.6584901],[-79.3599763,43.6584269],[-79.3600269,43.6585604],[-79.3600463,43.658557],[-79.3602123,43.6590021],[-79.3603725,43.6589551],[-79.3603969,43.6590176],[-79.3605388,43.6589868],[-79.3606076,43.6591585]]]}},{"type":"Feature","properties":{"form":"other"},"geometry":{"type":"Polygon","coordinates":[[[-79.3592256,43.6270473],[-79.3592567,43.6270644],[-79.3592299,43.6270901],[-79.3591987,43.6270731],[-79.3592256,43.6270473]]]}},{"type":"Feature","properties":{"form":"houses"},"geometry":{"type":"Polygon","coordinates":[[[-79.3590465,43.6269192],[-79.359198,43.627003],[-79.359137,43.6270608],[-79.3589778,43.6269727],[-79.3590465,43.6269192]]]}},{"type":"Feature","properties":{"form":"houses"},"geometry":{"type":"Polygon","coordinates":[[[-79.3564561,43.6321763],[-79.356401,43.6322824],[-79.3563405,43.6322658],[-79.3563491,43.6322494],[-79.3562971,43.6322239],[-79.356338,43.6321459],[-79.3564561,43.6321763]]]}},{"type":"Feature","properties":{"form":"houses"},"geometry":{"type":"Polygon","coordinates":[[[-79.3562776,43.632505],[-79.3562246,43.6325834],[-79.3561303,43.632549],[-79.3561783,43.6324456],[-79.3562242,43.6324585],[-79.3562092,43.6324867],[-79.3562776,43.632505]]]}},{"type":"Feature","properties":{"form":"houses"},"geometry":{"type":"Polygon","coordinates":[[[-79.355742,43.631963],[-79.3557073,43.6320662],[-79.3555695,43.6320306],[-79.3556493,43.6319344],[-79.355742,43.631963]]]}},{"type":"Feature","properties":{"form":"houses"},"geometry":{"type":"Polygon","coordinates":[[[-79.354924,43.6301372],[-79.3548939,43.6302127],[-79.3547463,43.6301669],[-79.3547958,43.6301104],[-79.354924,43.6301372]]]}},{"type":"Feature","properties":{"form":"houses"},"geometry":{"type":"Polygon","coordinates":[[[-79.3559488,43.6328128],[-79.3559094,43.6328818],[-79.3557947,43.6328403],[-79.3558418,43.6327737],[-79.3559488,43.6328128]]]}},{"type":"Feature","properties":{"form":"houses"},"geometry":{"type":"Polygon","coordinates":[[[-79.3561741,43.6320896],[-79.356124,43.6321862],[-79.3560308,43.6321609],[-79.3560827,43.6320609],[-79.3561741,43.6320896]]]}},{"type":"Feature","properties":{"form":"houses"},"geometry":{"type":"Polygon","coordinates":[[[-79.356006,43.6322714],[-79.3559543,43.6323712],[-79.3558399,43.63234],[-79.3558817,43.6322375],[-79.356006,43.6322714]]]}},{"type":"Feature","properties":{"form":"houses"},"geometry":{"type":"Polygon","coordinates":[[[-79.3560341,43.6320538],[-79.3559819,43.6321459],[-79.3558838,43.632118],[-79.3559203,43.6320309],[-79.3560341,43.6320538]]]}},{"type":"Feature","properties":{"form":"houses"},"geometry":{"type":"Polygon","coordinates":[[[-79.3564271,43.6325324],[-79.3563816,43.6326211],[-79.3562869,43.6325956],[-79.3563042,43.6325137],[-79.3564271,43.6325324]]]}},{"type":"Feature","properties":{"form":"houses"},"geometry":{"type":"Polygon","coordinates":[[[-79.3560263,43.6330159],[-79.3559837,43.6331114],[-79.3559034,43.6330925],[-79.3559179,43.6330601],[-79.3558843,43.6330522],[-79.3559273,43.6329967],[-79.3560263,43.6330159]]]}},{"type":"Feature","properties":{"form":"houses"},"geometry":{"type":"Polygon","coordinates":[[[-79.3557087,43.6323338],[-79.3556665,43.6324205],[-79.355579,43.6324031],[-79.3556318,43.6322946],[-79.3557087,43.6323338]]]}},{"type":"Feature","properties":{"form":"houses"},"geometry":{"type":"Polygon","coordinates":[[[-79.3563269,43.6321323],[-79.3562671,43.6322275],[-79.3561695,43.6321869],[-79.3562219,43.6320981],[-79.3563269,43.6321323]]]}},{"type":"Feature","properties":{"form":"houses"},"geometry":{"type":"Polygon","coordinates":[[[-79.3554563,43.632874],[-79.3554123,43.6329561],[-79.3553219,43.6329307],[-79.3553659,43.6328486],[-79.3554563,43.632874]]]}},{"type":"Feature","properties":{"form":"houses"},"geometry":{"type":"Polygon","coordinates":[[[-79.3553282,43.6328458],[-79.3552881,43.6329096],[-79.3551524,43.6328646],[-79.3551927,43.6328009],[-79.3553282,43.6328458]]]}},{"type":"Feature","properties":{"form":"houses"},"geometry":{"type":"Polygon","coordinates":[[[-79.3552854,43.6329457],[-79.3552498,43.6329581],[-79.3552229,43.6330056],[-79.3551169,43.6329741],[-79.3551563,43.6329047],[-79.3552854,43.6329457]]]}},{"type":"Feature","properties":{"form":"houses"},"geometry":{"type":"Polygon","coordinates":[[[-79.3551147,43.6331855],[-79.3550888,43.6332269],[-79.3549794,43.633191],[-79.3550278,43.6331136],[-79.3551047,43.6331389],[-79.3550822,43.6331749],[-79.3551147,43.6331855]]]}},{"type":"Feature","properties":{"form":"houses"},"geometry":{"type":"Polygon","coordinates":[[[-79.3558455,43.6322585],[-79.3558098,43.6323223],[-79.3557003,43.6323007],[-79.3557523,43.6322013],[-79.3558195,43.6322212],[-79.3558052,43.6322466],[-79.3558455,43.6322585]]]}},{"type":"Feature","properties":{"form":"houses"},"geometry":{"type":"Polygon","coordinates":[[[-79.356235,43.6319698],[-79.3561672,43.6320627],[-79.3560724,43.6320367],[-79.3561385,43.6319433],[-79.356235,43.6319698]]]}},{"type":"Feature","properties":{"form":"houses"},"geometry":{"type":"Polygon","coordinates":[[[-79.3560942,43.6319302],[-79.3560491,43.6320264],[-79.3559511,43.6319978],[-79.3560033,43.6319038],[-79.3560942,43.6319302]]]}},{"type":"Feature","properties":{"form":"houses"},"geometry":{"type":"Polygon","coordinates":[[[-79.3557157,43.6321915],[-79.3556673,43.6322829],[-79.3555658,43.6322632],[-79.3556181,43.6321644],[-79.3557157,43.6321915]]]}},{"type":"Feature","properties":{"form":"houses"},"geometry":{"type":"Polygon","coordinates":[[[-79.3558708,43.6323787],[-79.3558137,43.6324713],[-79.3557277,43.6324389],[-79.3557783,43.6323508],[-79.3558708,43.6323787]]]}},{"type":"Feature","properties":{"form":"houses"},"geometry":{"type":"Polygon","coordinates":[[[-79.3561272,43.6324544],[-79.3560819,43.6325393],[-79.3559887,43.6325131],[-79.356034,43.6324281],[-79.3561272,43.6324544]]]}},{"type":"Feature","properties":{"form":"houses"},"geometry":{"type":"Polygon","coordinates":[[[-79.355657,43.6325371],[-79.3556279,43.6325946],[-79.3556477,43.6325998],[-79.3556025,43.6326443],[-79.35552,43.6326018],[-79.3555652,43.6325127],[-79.355657,43.6325371]]]}},{"type":"Feature","properties":{"form":"houses"},"geometry":{"type":"Polygon","coordinates":[[[-79.355502,43.6325126],[-79.3554965,43.6325973],[-79.3553444,43.6325715],[-79.3553577,43.6324988],[-79.355502,43.6325126]]]}},{"type":"Feature","properties":{"form":"houses"},"geometry":{"type":"Polygon","coordinates":[[[-79.3547543,43.6300199],[-79.3547248,43.6300887],[-79.3545797,43.630056],[-79.3546103,43.6299848],[-79.3547543,43.6300199]]]}},{"type":"Feature","properties":{"form":"houses"},"geometry":{"type":"Polygon","coordinates":[[[-79.3558936,43.6320121],[-79.3558457,43.6321076],[-79.3557518,43.6320828],[-79.355772,43.6320426],[-79.3557546,43.632038],[-79.3557992,43.6319873],[-79.3558936,43.6320121]]]}},{"type":"Feature","properties":{"form":"houses"},"geometry":{"type":"Polygon","coordinates":[[[-79.3560096,43.6324037],[-79.3559578,43.6325055],[-79.3558553,43.6324779],[-79.3558678,43.6324532],[-79.3558517,43.6324488],[-79.3559071,43.6323761],[-79.3560096,43.6324037]]]}},{"type":"Feature","properties":{"form":"houses"},"geometry":{"type":"Polygon","coordinates":[[[-79.3547905,43.6299238],[-79.3547598,43.6299955],[-79.354622,43.6299647],[-79.3546527,43.6298929],[-79.3547905,43.6299238]]]}},{"type":"Feature","properties":{"form":"houses"},"geometry":{"type":"Polygon","coordinates":[[[-79.355578,43.6321514],[-79.3555611,43.6322663],[-79.3553831,43.6322402],[-79.3554138,43.6321299],[-79.355578,43.6321514]]]}},{"type":"Feature","properties":{"form":"houses"},"geometry":{"type":"Polygon","coordinates":[[[-79.3563691,43.6320103],[-79.3563162,43.6321047],[-79.3562215,43.6320677],[-79.3562761,43.6319836],[-79.3563691,43.6320103]]]}},{"type":"Feature","properties":{"form":"houses"},"geometry":{"type":"Polygon","coordinates":[[[-79.3543524,43.6321593],[-79.3542778,43.632247],[-79.3541914,43.6322071],[-79.3542732,43.6321228],[-79.3543524,43.6321593]]]}},{"type":"Feature","properties":{"form":"houses"},"geometry":{"type":"Polygon","coordinates":[[[-79.3544781,43.630724],[-79.3544597,43.6307846],[-79.3544365,43.6307936],[-79.3543201,43.6307751],[-79.3543423,43.6307023],[-79.3544781,43.630724]]]}},{"type":"Feature","properties":{"form":"houses"},"geometry":{"type":"Polygon","coordinates":[[[-79.3550027,43.6327079],[-79.3549778,43.6327538],[-79.3548595,43.6327201],[-79.3548962,43.6326526],[-79.3549949,43.6326807],[-79.3549831,43.6327024],[-79.3550027,43.6327079]]]}},{"type":"Feature","properties":{"form":"houses"},"geometry":{"type":"Polygon","coordinates":[[[-79.3543938,43.6329826],[-79.3543328,43.6330579],[-79.3542449,43.6330198],[-79.3542968,43.6329387],[-79.3543938,43.6329826]]]}},{"type":"Feature","properties":{"form":"houses"},"geometry":{"type":"Polygon","coordinates":[[[-79.3564018,43.6324233],[-79.356353,43.632488],[-79.3562468,43.6324602],[-79.3563059,43.6323631],[-79.3563987,43.6323868],[-79.3564018,43.6324233]]]}},{"type":"Feature","properties":{"form":"houses"},"geometry":{"type":"Polygon","coordinates":[[[-79.356262,43.6323429],[-79.3562108,43.6324386],[-79.356119,43.6324127],[-79.3561661,43.6323158],[-79.356262,43.6323429]]]}},{"type":"Feature","properties":{"form":"houses"},"geometry":{"type":"Polygon","coordinates":[[[-79.3547074,43.6329512],[-79.3546437,43.6330362],[-79.3545546,43.6329993],[-79.3546209,43.6329154],[-79.3547074,43.6329512]]]}},{"type":"Feature","properties":{"form":"other"},"geometry":{"type":"Polygon","coordinates":[[[-79.3549585,43.6296616],[-79.3548537,43.629761],[-79.3546931,43.6296723],[-79.354798,43.6295729],[-79.3549585,43.6296616]]]}},{"type":"Feature","properties":{"form":"houses"},"geometry":{"type":"Polygon","coordinates":[[[-79.3544442,43.6319949],[-79.3543479,43.6321101],[-79.3542491,43.6320668],[-79.3543573,43.6319569],[-79.3544442,43.6319949]]]}},{"type":"Feature","properties":{"form":"houses"},"geometry":{"type":"Polygon","coordinates":[[[-79.3563747,43.6327366],[-79.3563147,43.6328363],[-79.3562385,43.632815],[-79.3562728,43.6327144],[-79.3563747,43.6327366]]]}},{"type":"Feature","properties":{"form":"houses"},"geometry":{"type":"Polygon","coordinates":[[[-79.3555269,43.6326572],[-79.3554638,43.6327348],[-79.3553352,43.6326799],[-79.3553983,43.6326024],[-79.3555269,43.6326572]]]}},{"type":"Feature","properties":{"form":"houses"},"geometry":{"type":"Polygon","coordinates":[[[-79.355672,43.6326959],[-79.3556174,43.6327971],[-79.3555244,43.632767],[-79.3555862,43.6326671],[-79.355672,43.6326959]]]}},{"type":"Feature","properties":{"form":"houses"},"geometry":{"type":"Polygon","coordinates":[[[-79.3547119,43.6326939],[-79.3546529,43.6327669],[-79.3545571,43.6327351],[-79.354629,43.6326588],[-79.3547119,43.6326939]]]}},{"type":"Feature","properties":{"form":"houses"},"geometry":{"type":"Polygon","coordinates":[[[-79.3540512,43.6326709],[-79.353986,43.6327586],[-79.3538865,43.6327199],[-79.3539652,43.6326375],[-79.3540512,43.6326709]]]}},{"type":"Feature","properties":{"form":"houses"},"geometry":{"type":"Polygon","coordinates":[[[-79.3553936,43.6304182],[-79.3553502,43.6304826],[-79.3552021,43.6304186],[-79.3552521,43.630356],[-79.3553936,43.6304182]]]}},{"type":"Feature","properties":{"form":"houses"},"geometry":{"type":"Polygon","coordinates":[[[-79.3548843,43.6326115],[-79.354818,43.6326919],[-79.3547302,43.6326494],[-79.3547939,43.6325721],[-79.3548843,43.6326115]]]}},{"type":"Feature","properties":{"form":"houses"},"geometry":{"type":"Polygon","coordinates":[[[-79.3541401,43.6328594],[-79.3540714,43.632946],[-79.3539861,43.6329106],[-79.354054,43.6328236],[-79.3541401,43.6328594]]]}},{"type":"Feature","properties":{"form":"houses"},"geometry":{"type":"Polygon","coordinates":[[[-79.354056,43.632414],[-79.35402,43.6324527],[-79.3540394,43.6324622],[-79.3539808,43.6324997],[-79.3538943,43.6324574],[-79.3539727,43.6323733],[-79.354056,43.632414]]]}},{"type":"Feature","properties":{"form":"houses"},"geometry":{"type":"Polygon","coordinates":[[[-79.3542858,43.6317061],[-79.3542195,43.631788],[-79.3541294,43.6317498],[-79.3541957,43.6316679],[-79.3542858,43.6317061]]]}},{"type":"Feature","properties":{"form":"houses"},"geometry":{"type":"Polygon","coordinates":[[[-79.3550403,43.6318612],[-79.3549683,43.6319509],[-79.3548778,43.6319116],[-79.3548879,43.6318672],[-79.3549469,43.6318206],[-79.3550403,43.6318612]]]}},{"type":"Feature","properties":{"form":"houses"},"geometry":{"type":"Polygon","coordinates":[[[-79.3548047,43.6304659],[-79.3547828,43.6305362],[-79.3546618,43.6305164],[-79.3546837,43.6304461],[-79.3548047,43.6304659]]]}},{"type":"Feature","properties":{"form":"houses"},"geometry":{"type":"Polygon","coordinates":[[[-79.3537738,43.6322954],[-79.3537483,43.6323413],[-79.3537239,43.6323342],[-79.3536948,43.6323673],[-79.353592,43.6323202],[-79.3536302,43.6322515],[-79.3537738,43.6322954]]]}},{"type":"Feature","properties":{"form":"houses"},"geometry":{"type":"Polygon","coordinates":[[[-79.3541521,43.6316539],[-79.3541142,43.6317006],[-79.3539795,43.6316708],[-79.3540212,43.6315981],[-79.3541521,43.6316539]]]}},{"type":"Feature","properties":{"form":"houses"},"geometry":{"type":"Polygon","coordinates":[[[-79.3544462,43.6308317],[-79.3544233,43.6309076],[-79.3542842,43.6308856],[-79.3543071,43.6308097],[-79.3544462,43.6308317]]]}},{"type":"Feature","properties":{"form":"houses"},"geometry":{"type":"Polygon","coordinates":[[[-79.3543708,43.6323922],[-79.3542991,43.6324838],[-79.3542147,43.6324492],[-79.3542864,43.6323576],[-79.3543708,43.6323922]]]}},{"type":"Feature","properties":{"form":"houses"},"geometry":{"type":"Polygon","coordinates":[[[-79.3547629,43.6325617],[-79.3546957,43.6326452],[-79.3545965,43.6326034],[-79.3546689,43.6325133],[-79.3547629,43.6325617]]]}},{"type":"Feature","properties":{"form":"houses"},"geometry":{"type":"Polygon","coordinates":[[[-79.3542425,43.6323392],[-79.3541763,43.6324501],[-79.3540849,43.6323899],[-79.3540988,43.6323733],[-79.3540792,43.6323646],[-79.3541541,43.6323037],[-79.3542425,43.6323392]]]}},{"type":"Feature","properties":{"form":"houses"},"geometry":{"type":"Polygon","coordinates":[[[-79.3541784,43.6324696],[-79.3541453,43.6325142],[-79.3541068,43.6324992],[-79.3540732,43.6325445],[-79.354028,43.6325269],[-79.3540772,43.6324302],[-79.3541784,43.6324696]]]}},{"type":"Feature","properties":{"form":"houses"},"geometry":{"type":"Polygon","coordinates":[[[-79.3545866,43.6326328],[-79.3545108,43.6327213],[-79.3544241,43.6326835],[-79.3544983,43.6325943],[-79.3545866,43.6326328]]]}},{"type":"Feature","properties":{"form":"houses"},"geometry":{"type":"Polygon","coordinates":[[[-79.3550031,43.6299558],[-79.3549103,43.6300357],[-79.3548272,43.6299993],[-79.3549295,43.6299111],[-79.3550031,43.6299558]]]}},{"type":"Feature","properties":{"form":"houses"},"geometry":{"type":"Polygon","coordinates":[[[-79.354837,43.6327579],[-79.3547756,43.6328367],[-79.3546759,43.6327961],[-79.3547374,43.6327172],[-79.354837,43.6327579]]]}},{"type":"Feature","properties":{"form":"houses"},"geometry":{"type":"Polygon","coordinates":[[[-79.3551356,43.6323256],[-79.3551081,43.6324143],[-79.3549619,43.6323766],[-79.3550071,43.6322825],[-79.3551356,43.6323256]]]}},{"type":"Feature","properties":{"form":"houses"},"geometry":{"type":"Polygon","coordinates":[[[-79.3539437,43.6323675],[-79.3538545,43.632461],[-79.353746,43.6324216],[-79.3538102,43.6322989],[-79.3539437,43.6323675]]]}},{"type":"Feature","properties":{"form":"houses"},"geometry":{"type":"Polygon","coordinates":[[[-79.3548562,43.63303],[-79.3548104,43.633092],[-79.3546914,43.633046],[-79.3547371,43.632984],[-79.3548562,43.63303]]]}},{"type":"Feature","properties":{"form":"houses"},"geometry":{"type":"Polygon","coordinates":[[[-79.3545524,43.6328619],[-79.3544778,43.6329544],[-79.3543767,43.6329116],[-79.3544514,43.6328192],[-79.3545524,43.6328619]]]}},{"type":"Feature","properties":{"form":"houses"},"geometry":{"type":"Polygon","coordinates":[[[-79.354181,43.6327375],[-79.3541198,43.6328169],[-79.3540058,43.6327709],[-79.3540963,43.6327033],[-79.354181,43.6327375]]]}},{"type":"Feature","properties":{"form":"houses"},"geometry":{"type":"Polygon","coordinates":[[[-79.3554012,43.6305193],[-79.3553932,43.6305529],[-79.355331,43.6305498],[-79.3553249,43.6305754],[-79.355159,43.6305394],[-79.3551762,43.6304672],[-79.3554012,43.6305193]]]}},{"type":"Feature","properties":{"form":"houses"},"geometry":{"type":"Polygon","coordinates":[[[-79.3539297,43.6326244],[-79.3538548,43.6327132],[-79.3537513,43.6326674],[-79.3538262,43.6325787],[-79.3539297,43.6326244]]]}},{"type":"Feature","properties":{"form":"houses"},"geometry":{"type":"Polygon","coordinates":[[[-79.3536548,43.6325056],[-79.3535909,43.6325988],[-79.353477,43.632552],[-79.3535376,43.6324635],[-79.3536548,43.6325056]]]}},{"type":"Feature","properties":{"form":"houses"},"geometry":{"type":"Polygon","coordinates":[[[-79.3538426,43.6321592],[-79.3538015,43.6322289],[-79.3536772,43.6321905],[-79.3537183,43.6321208],[-79.3538426,43.6321592]]]}},{"type":"Feature","properties":{"form":"houses"},"geometry":{"type":"Polygon","coordinates":[[[-79.3550155,43.6308873],[-79.3549876,43.6309851],[-79.3548944,43.6309712],[-79.3549249,43.6308645],[-79.3550155,43.6308873]]]}},{"type":"Feature","properties":{"form":"houses"},"geometry":{"type":"Polygon","coordinates":[[[-79.3549391,43.6319848],[-79.3548744,43.6320703],[-79.3547846,43.6320347],[-79.3548362,43.6319665],[-79.3549391,43.6319848]]]}},{"type":"Feature","properties":{"form":"houses"},"geometry":{"type":"Polygon","coordinates":[[[-79.353572,43.6326271],[-79.3535151,43.6327004],[-79.3534116,43.6326711],[-79.3534556,43.63259],[-79.353572,43.6326271]]]}},{"type":"Feature","properties":{"form":"houses"},"geometry":{"type":"Polygon","coordinates":[[[-79.3539096,43.6319474],[-79.3538332,43.6320443],[-79.3537794,43.6320287],[-79.3538185,43.6319209],[-79.3539096,43.6319474]]]}},{"type":"Feature","properties":{"form":"houses"},"geometry":{"type":"Polygon","coordinates":[[[-79.3547503,43.6323244],[-79.3546821,43.6324093],[-79.3545883,43.6323698],[-79.3546565,43.6322849],[-79.3547503,43.6323244]]]}},{"type":"Feature","properties":{"form":"houses"},"geometry":{"type":"Polygon","coordinates":[[[-79.3546486,43.6302086],[-79.3546195,43.6302737],[-79.3544904,43.6302435],[-79.3545195,43.6301783],[-79.3546486,43.6302086]]]}},{"type":"Feature","properties":{"form":"houses"},"geometry":{"type":"Polygon","coordinates":[[[-79.3544665,43.6302869],[-79.3545953,43.6303151],[-79.3545782,43.6303955],[-79.3544344,43.630364],[-79.3544665,43.6302869]]]}},{"type":"Feature","properties":{"form":"houses"},"geometry":{"type":"Polygon","coordinates":[[[-79.3546969,43.6301088],[-79.3546648,43.630179],[-79.3545367,43.6301483],[-79.3545688,43.6300781],[-79.3546969,43.6301088]]]}},{"type":"Feature","properties":{"form":"houses"},"geometry":{"type":"Polygon","coordinates":[[[-79.3545539,43.6305395],[-79.3545349,43.630601],[-79.354379,43.6305758],[-79.354398,43.6305142],[-79.3545539,43.6305395]]]}},{"type":"Feature","properties":{"form":"houses"},"geometry":{"type":"Polygon","coordinates":[[[-79.3546942,43.6308252],[-79.3546445,43.6309161],[-79.3545623,43.6308809],[-79.3545698,43.6308035],[-79.3546942,43.6308252]]]}},{"type":"Feature","properties":{"form":"houses"},"geometry":{"type":"Polygon","coordinates":[[[-79.3595193,43.6292143],[-79.359453,43.6292681],[-79.3593184,43.6291695],[-79.3593393,43.6291501],[-79.3593146,43.6291361],[-79.359351,43.6291193],[-79.3595193,43.6292143]]]}},{"type":"Feature","properties":{"form":"houses"},"geometry":{"type":"Polygon","coordinates":[[[-79.3584389,43.6286939],[-79.3583482,43.6287764],[-79.3582703,43.628718],[-79.3583029,43.6286708],[-79.3583324,43.6286831],[-79.3583648,43.6286524],[-79.3584389,43.6286939]]]}},{"type":"Feature","properties":{"form":"houses"},"geometry":{"type":"Polygon","coordinates":[[[-79.3551098,43.6300358],[-79.3550133,43.6301081],[-79.3549435,43.6300643],[-79.3550233,43.6299816],[-79.3551098,43.6300358]]]}},{"type":"Feature","properties":{"form":"houses"},"geometry":{"type":"Polygon","coordinates":[[[-79.3582655,43.6284547],[-79.3581527,43.6285525],[-79.3581109,43.6285281],[-79.3581963,43.6284515],[-79.3581513,43.6284252],[-79.3581765,43.6284027],[-79.3582655,43.6284547]]]}},{"type":"Feature","properties":{"form":"houses"},"geometry":{"type":"Polygon","coordinates":[[[-79.3548488,43.630358],[-79.3548239,43.6304328],[-79.3546762,43.6304232],[-79.3547063,43.630333],[-79.3548488,43.630358]]]}},{"type":"Feature","properties":{"form":"houses"},"geometry":{"type":"Polygon","coordinates":[[[-79.3586331,43.6287508],[-79.358505,43.6288706],[-79.3584193,43.6288018],[-79.3585325,43.6286944],[-79.3586331,43.6287508]]]}},{"type":"Feature","properties":{"form":"houses"},"geometry":{"type":"Polygon","coordinates":[[[-79.3595138,43.6283734],[-79.3594049,43.6284707],[-79.3593132,43.6284196],[-79.3594186,43.6283204],[-79.3595138,43.6283734]]]}},{"type":"Feature","properties":{"form":"houses"},"geometry":{"type":"Polygon","coordinates":[[[-79.356542,43.6328191],[-79.3565306,43.6328902],[-79.3564003,43.6328793],[-79.3564117,43.6328082],[-79.356542,43.6328191]]]}},{"type":"Feature","properties":{"form":"houses"},"geometry":{"type":"Polygon","coordinates":[[[-79.3581182,43.6289461],[-79.3580234,43.6290339],[-79.3579836,43.6290409],[-79.3578483,43.6289365],[-79.3579454,43.6288755],[-79.3581182,43.6289461]]]}},{"type":"Feature","properties":{"form":"houses"},"geometry":{"type":"Polygon","coordinates":[[[-79.3582799,43.6283334],[-79.3581998,43.6283869],[-79.3580551,43.6282952],[-79.35808,43.6282755],[-79.3580574,43.6282605],[-79.3581038,43.6282238],[-79.3582799,43.6283334]]]}},{"type":"Feature","properties":{"form":"houses"},"geometry":{"type":"Polygon","coordinates":[[[-79.3593937,43.6273742],[-79.3593009,43.6274584],[-79.3592087,43.6274081],[-79.3592981,43.6273221],[-79.3593937,43.6273742]]]}},{"type":"Feature","properties":{"form":"houses"},"geometry":{"type":"Polygon","coordinates":[[[-79.3590613,43.6281196],[-79.358976,43.6281992],[-79.3588893,43.6281502],[-79.3589507,43.6280929],[-79.358999,43.6281201],[-79.3590228,43.6280979],[-79.3590613,43.6281196]]]}},{"type":"Feature","properties":{"form":"houses"},"geometry":{"type":"Polygon","coordinates":[[[-79.3594892,43.6279399],[-79.3593948,43.6280271],[-79.3593165,43.6279827],[-79.3594109,43.6278955],[-79.3594892,43.6279399]]]}},{"type":"Feature","properties":{"form":"houses"},"geometry":{"type":"Polygon","coordinates":[[[-79.3592171,43.6290983],[-79.3591046,43.6292025],[-79.3590049,43.629145],[-79.3591212,43.6290441],[-79.3592171,43.6290983]]]}},{"type":"Feature","properties":{"form":"houses"},"geometry":{"type":"Polygon","coordinates":[[[-79.3598194,43.6272002],[-79.3597711,43.6272741],[-79.3596423,43.6272203],[-79.3597555,43.6271386],[-79.3598194,43.6272002]]]}},{"type":"Feature","properties":{"form":"houses"},"geometry":{"type":"Polygon","coordinates":[[[-79.3548321,43.6298352],[-79.3547979,43.629901],[-79.3546659,43.6298652],[-79.3547001,43.6297993],[-79.3548321,43.6298352]]]}},{"type":"Feature","properties":{"form":"houses"},"geometry":{"type":"Polygon","coordinates":[[[-79.3599394,43.6281989],[-79.359835,43.6282857],[-79.3597614,43.6282254],[-79.3598467,43.6281464],[-79.3599394,43.6281989]]]}},{"type":"Feature","properties":{"form":"houses"},"geometry":{"type":"Polygon","coordinates":[[[-79.3595228,43.6270307],[-79.3594122,43.6271329],[-79.3593333,43.6271118],[-79.3593238,43.6270708],[-79.359424,43.6269758],[-79.3595228,43.6270307]]]}},{"type":"Feature","properties":{"form":"houses"},"geometry":{"type":"Polygon","coordinates":[[[-79.3616213,43.6272634],[-79.3615547,43.6273254],[-79.3613998,43.6272384],[-79.3614526,43.6271891],[-79.3616213,43.6272634]]]}},{"type":"Feature","properties":{"form":"houses"},"geometry":{"type":"Polygon","coordinates":[[[-79.3600892,43.6282776],[-79.359967,43.6283998],[-79.35987,43.6283451],[-79.3600157,43.628209],[-79.3600892,43.6282776]]]}},{"type":"Feature","properties":{"form":"houses"},"geometry":{"type":"Polygon","coordinates":[[[-79.3603539,43.6284055],[-79.3602805,43.6284717],[-79.3601664,43.6283954],[-79.3602586,43.6283397],[-79.3603539,43.6284055]]]}},{"type":"Feature","properties":{"form":"houses"},"geometry":{"type":"Polygon","coordinates":[[[-79.3591889,43.6277877],[-79.3590866,43.6278794],[-79.3589931,43.6278278],[-79.3590983,43.6277237],[-79.3591889,43.6277877]]]}},{"type":"Feature","properties":{"form":"houses"},"geometry":{"type":"Polygon","coordinates":[[[-79.3598275,43.6285358],[-79.3597181,43.6286369],[-79.3596149,43.6285783],[-79.3596999,43.6284812],[-79.3597515,43.628502],[-79.3597417,43.6285299],[-79.359775,43.6284992],[-79.3598275,43.6285358]]]}},{"type":"Feature","properties":{"form":"houses"},"geometry":{"type":"Polygon","coordinates":[[[-79.3607161,43.6277177],[-79.3606029,43.6278156],[-79.360553,43.6277871],[-79.3605722,43.6277695],[-79.3605258,43.6277246],[-79.3606171,43.6276874],[-79.3607161,43.6277177]]]}},{"type":"Feature","properties":{"form":"houses"},"geometry":{"type":"Polygon","coordinates":[[[-79.3598529,43.6267184],[-79.3597935,43.626793],[-79.3596808,43.6267469],[-79.3597896,43.6266494],[-79.3598244,43.6266694],[-79.3598025,43.6266894],[-79.3598529,43.6267184]]]}},{"type":"Feature","properties":{"form":"other"},"geometry":{"type":"Polygon","coordinates":[[[-79.357384,43.6292756],[-79.357353,43.6293927],[-79.357279,43.6293825],[-79.3573099,43.6292653],[-79.357384,43.6292756]]]}},{"type":"Feature","properties":{"form":"other"},"geometry":{"type":"Polygon","coordinates":[[[-79.3576396,43.6297045],[-79.3575939,43.6297375],[-79.35742,43.629611],[-79.3574743,43.6295719],[-79.3576396,43.6297045]]]}},{"type":"Feature","properties":{"form":"houses"},"geometry":{"type":"Polygon","coordinates":[[[-79.360418,43.6275481],[-79.3603138,43.6276454],[-79.3602263,43.6275958],[-79.3603505,43.627482],[-79.360418,43.6275481]]]}},{"type":"Feature","properties":{"form":"houses"},"geometry":{"type":"Polygon","coordinates":[[[-79.3600309,43.6287426],[-79.3599795,43.6287914],[-79.3597989,43.6287047],[-79.3598845,43.6286618],[-79.3600309,43.6287426]]]}},{"type":"Feature","properties":{"form":"houses"},"geometry":{"type":"Polygon","coordinates":[[[-79.3587541,43.627664],[-79.3586864,43.6277269],[-79.3585147,43.6276428],[-79.3585991,43.6275644],[-79.3587541,43.627664]]]}},{"type":"Feature","properties":{"form":"houses"},"geometry":{"type":"Polygon","coordinates":[[[-79.3610499,43.6269667],[-79.3609187,43.6270869],[-79.3608352,43.6270392],[-79.360968,43.6269198],[-79.3610499,43.6269667]]]}},{"type":"Feature","properties":{"form":"houses"},"geometry":{"type":"Polygon","coordinates":[[[-79.3600131,43.6276804],[-79.3598973,43.6277975],[-79.3598006,43.6277434],[-79.3598673,43.6276636],[-79.3599298,43.6276338],[-79.3600131,43.6276804]]]}},{"type":"Feature","properties":{"form":"houses"},"geometry":{"type":"Polygon","coordinates":[[[-79.3596726,43.6275577],[-79.3595952,43.6276298],[-79.359502,43.6275769],[-79.3595654,43.6275023],[-79.3596034,43.6274983],[-79.3596726,43.6275577]]]}},{"type":"Feature","properties":{"form":"houses"},"geometry":{"type":"Polygon","coordinates":[[[-79.3602518,43.6285109],[-79.3601924,43.6285842],[-79.3600322,43.6285004],[-79.3601095,43.6284295],[-79.3602518,43.6285109]]]}},{"type":"Feature","properties":{"form":"houses"},"geometry":{"type":"Polygon","coordinates":[[[-79.3602748,43.6278979],[-79.3601967,43.6279614],[-79.3600982,43.6278979],[-79.3601763,43.6278344],[-79.3602748,43.6278979]]]}},{"type":"Feature","properties":{"form":"houses"},"geometry":{"type":"Polygon","coordinates":[[[-79.3614996,43.627387],[-79.3614313,43.6274457],[-79.361279,43.6273606],[-79.3613741,43.6273121],[-79.3614996,43.627387]]]}},{"type":"Feature","properties":{"form":"houses"},"geometry":{"type":"Polygon","coordinates":[[[-79.3607705,43.6280538],[-79.3607038,43.6281121],[-79.3605486,43.628034],[-79.360576,43.6279895],[-79.3606291,43.6279642],[-79.3607705,43.6280538]]]}},{"type":"Feature","properties":{"form":"houses"},"geometry":{"type":"Polygon","coordinates":[[[-79.360139,43.6286396],[-79.3600918,43.6286834],[-79.3599439,43.6286002],[-79.3599911,43.6285563],[-79.360139,43.6286396]]]}},{"type":"Feature","properties":{"form":"houses"},"geometry":{"type":"Polygon","coordinates":[[[-79.3599744,43.6272867],[-79.3598518,43.6273924],[-79.3597634,43.6273422],[-79.3598751,43.6272299],[-79.3599744,43.6272867]]]}},{"type":"Feature","properties":{"form":"houses"},"geometry":{"type":"Polygon","coordinates":[[[-79.3598089,43.628117],[-79.3596948,43.6281971],[-79.3596044,43.6281456],[-79.359656,43.6280663],[-79.3596952,43.6280623],[-79.3598089,43.628117]]]}},{"type":"Feature","properties":{"form":"houses"},"geometry":{"type":"Polygon","coordinates":[[[-79.3598478,43.6276286],[-79.3597505,43.6277194],[-79.3596417,43.6276583],[-79.359739,43.6275675],[-79.3598478,43.6276286]]]}},{"type":"Feature","properties":{"form":"houses"},"geometry":{"type":"Polygon","coordinates":[[[-79.3604143,43.6279845],[-79.360343,43.6280512],[-79.3602632,43.6280064],[-79.3602782,43.6279924],[-79.3602569,43.6279804],[-79.3603408,43.6279181],[-79.3603698,43.6279343],[-79.3603529,43.6279501],[-79.3604143,43.6279845]]]}},{"type":"Feature","properties":{"form":"houses"},"geometry":{"type":"Polygon","coordinates":[[[-79.3608945,43.6272892],[-79.3608058,43.6273974],[-79.3607116,43.6273444],[-79.3608175,43.6272459],[-79.3608945,43.6272892]]]}},{"type":"Feature","properties":{"form":"houses"},"geometry":{"type":"Polygon","coordinates":[[[-79.3605706,43.627638],[-79.3604456,43.6277564],[-79.3603913,43.6277245],[-79.3604311,43.627689],[-79.3603931,43.6276666],[-79.3604446,43.6276207],[-79.3604648,43.6276325],[-79.3605031,43.6275983],[-79.3605706,43.627638]]]}},{"type":"Feature","properties":{"form":"houses"},"geometry":{"type":"Polygon","coordinates":[[[-79.3601205,43.6273678],[-79.360025,43.6274568],[-79.3599505,43.6274149],[-79.3599692,43.6273974],[-79.3599455,43.6273841],[-79.3600223,43.6273126],[-79.3601205,43.6273678]]]}},{"type":"Feature","properties":{"form":"houses"},"geometry":{"type":"Polygon","coordinates":[[[-79.3608847,43.6279568],[-79.3608288,43.6280084],[-79.3606576,43.6279117],[-79.3607238,43.6278505],[-79.3608178,43.6278899],[-79.360821,43.6279206],[-79.3608847,43.6279568]]]}},{"type":"Feature","properties":{"form":"houses"},"geometry":{"type":"Polygon","coordinates":[[[-79.3591914,43.6282154],[-79.3591337,43.6282712],[-79.3590302,43.6282422],[-79.3591256,43.6281501],[-79.3591914,43.6282154]]]}},{"type":"Feature","properties":{"form":"houses"},"geometry":{"type":"Polygon","coordinates":[[[-79.3593786,43.6282791],[-79.3592782,43.6283728],[-79.35918,43.6283176],[-79.3592804,43.628224],[-79.3593786,43.6282791]]]}},{"type":"Feature","properties":{"form":"houses"},"geometry":{"type":"Polygon","coordinates":[[[-79.3604374,43.6266194],[-79.3603353,43.6267031],[-79.3602692,43.6266783],[-79.3602909,43.626658],[-79.3602715,43.6266471],[-79.3603435,43.6265796],[-79.3604374,43.6266194]]]}},{"type":"Feature","properties":{"form":"houses"},"geometry":{"type":"Polygon","coordinates":[[[-79.3592514,43.6272497],[-79.3592191,43.6272805],[-79.3592423,43.6272932],[-79.3591626,43.6273693],[-79.3590576,43.6273235],[-79.3591455,43.6272396],[-79.3591709,43.6272535],[-79.3592028,43.627223],[-79.3592514,43.6272497]]]}},{"type":"Feature","properties":{"form":"houses"},"geometry":{"type":"Polygon","coordinates":[[[-79.3601527,43.6277843],[-79.3600486,43.6278867],[-79.3599503,43.6278329],[-79.360054,43.6277303],[-79.3601527,43.6277843]]]}},{"type":"Feature","properties":{"form":"houses"},"geometry":{"type":"Polygon","coordinates":[[[-79.3595627,43.6274344],[-79.3594503,43.627542],[-79.35936,43.6274926],[-79.359467,43.6273903],[-79.3595627,43.6274344]]]}},{"type":"Feature","properties":{"form":"houses"},"geometry":{"type":"Polygon","coordinates":[[[-79.3596538,43.6271334],[-79.359545,43.6272346],[-79.3594469,43.6271794],[-79.359483,43.6271457],[-79.3594668,43.6271366],[-79.3595741,43.6270609],[-79.3596363,43.6270959],[-79.3596178,43.6271131],[-79.3596538,43.6271334]]]}},{"type":"Feature","properties":{"form":"houses"},"geometry":{"type":"Polygon","coordinates":[[[-79.3605856,43.6271529],[-79.3605056,43.6272276],[-79.3603966,43.6271653],[-79.3604937,43.6271014],[-79.3605856,43.6271529]]]}},{"type":"Feature","properties":{"form":"houses"},"geometry":{"type":"Polygon","coordinates":[[[-79.3590464,43.6276961],[-79.3589625,43.6277731],[-79.3588683,43.6277193],[-79.3589521,43.6276423],[-79.3590464,43.6276961]]]}},{"type":"Feature","properties":{"form":"houses"},"geometry":{"type":"Polygon","coordinates":[[[-79.3589216,43.628034],[-79.3588383,43.6281104],[-79.358734,43.6280616],[-79.3588386,43.6279655],[-79.3589216,43.628034]]]}},{"type":"Feature","properties":{"form":"houses"},"geometry":{"type":"Polygon","coordinates":[[[-79.3601503,43.6275572],[-79.360041,43.6275208],[-79.3601797,43.6273883],[-79.3602657,43.6274484],[-79.3601503,43.6275572]]]}},{"type":"Feature","properties":{"form":"houses"},"geometry":{"type":"Polygon","coordinates":[[[-79.3596399,43.6280358],[-79.3595559,43.6281132],[-79.3594602,43.6280588],[-79.3595521,43.6279741],[-79.3596399,43.6280358]]]}},{"type":"Feature","properties":{"form":"houses"},"geometry":{"type":"Polygon","coordinates":[[[-79.3612574,43.6275989],[-79.3612099,43.6276412],[-79.361083,43.6275666],[-79.3611305,43.6275243],[-79.3612574,43.6275989]]]}},{"type":"Feature","properties":{"form":"houses"},"geometry":{"type":"Polygon","coordinates":[[[-79.3600513,43.626761],[-79.3599184,43.626886],[-79.359824,43.6268334],[-79.3599538,43.6267113],[-79.3600513,43.626761]]]}},{"type":"Feature","properties":{"form":"houses"},"geometry":{"type":"Polygon","coordinates":[[[-79.36064,43.6281706],[-79.3605922,43.6282143],[-79.3604469,43.6281471],[-79.3604856,43.6280859],[-79.36064,43.6281706]]]}},{"type":"Feature","properties":{"form":"houses"},"geometry":{"type":"Polygon","coordinates":[[[-79.3613729,43.6274945],[-79.3613331,43.627532],[-79.3612652,43.6275345],[-79.3611689,43.6274738],[-79.3612117,43.6274335],[-79.3611847,43.6274184],[-79.361224,43.6273814],[-79.3613194,43.6274274],[-79.3613729,43.6274945]]]}},{"type":"Feature","properties":{"form":"houses"},"geometry":{"type":"Polygon","coordinates":[[[-79.3593448,43.6278562],[-79.3592339,43.6279591],[-79.3591306,43.6279008],[-79.3592588,43.6278077],[-79.3593448,43.6278562]]]}},{"type":"Feature","properties":{"form":"houses"},"geometry":{"type":"Polygon","coordinates":[[[-79.3613148,43.6271209],[-79.3612067,43.6272217],[-79.3611474,43.6271883],[-79.3612555,43.6270876],[-79.3613148,43.6271209]]]}},{"type":"Feature","properties":{"form":"houses"},"geometry":{"type":"Polygon","coordinates":[[[-79.3607787,43.6272041],[-79.3606669,43.6273066],[-79.3605592,43.6272595],[-79.3606421,43.6271835],[-79.3606667,43.6271976],[-79.3607054,43.6271621],[-79.3607787,43.6272041]]]}},{"type":"Feature","properties":{"form":"houses"},"geometry":{"type":"Polygon","coordinates":[[[-79.3611635,43.6270336],[-79.3611343,43.6270605],[-79.3611532,43.6270713],[-79.3610586,43.6271584],[-79.3609751,43.6271108],[-79.3611048,43.6270002],[-79.3611635,43.6270336]]]}},{"type":"Feature","properties":{"form":"houses"},"geometry":{"type":"Polygon","coordinates":[[[-79.3591799,43.6268144],[-79.3593278,43.6268992],[-79.3592338,43.6269653],[-79.3591287,43.6268653],[-79.3591799,43.6268144]]]}},{"type":"Feature","properties":{"form":"houses"},"geometry":{"type":"Polygon","coordinates":[[[-79.3608682,43.6268669],[-79.3607444,43.6269812],[-79.3606852,43.6269476],[-79.3607099,43.6269025],[-79.3607252,43.6269112],[-79.3607784,43.6268621],[-79.3607572,43.62685],[-79.3607881,43.6268214],[-79.3608682,43.6268669]]]}},{"type":"Feature","properties":{"form":"houses"},"geometry":{"type":"Polygon","coordinates":[[[-79.3601751,43.6268693],[-79.3600565,43.6269802],[-79.3599606,43.6269137],[-79.3600776,43.6268147],[-79.3601751,43.6268693]]]}},{"type":"Feature","properties":{"form":"other"},"geometry":{"type":"Polygon","coordinates":[[[-79.3589723,43.6272779],[-79.3590163,43.6273026],[-79.358978,43.6273383],[-79.358934,43.6273136],[-79.3589723,43.6272779]]]}},{"type":"Feature","properties":{"form":"houses"},"geometry":{"type":"Polygon","coordinates":[[[-79.3599284,43.626307],[-79.359881,43.6263612],[-79.3597419,43.6262841],[-79.3597882,43.6262403],[-79.3599284,43.626307]]]}},{"type":"Feature","properties":{"form":"houses"},"geometry":{"type":"Polygon","coordinates":[[[-79.3588634,43.6271351],[-79.3589888,43.6272074],[-79.358923,43.6272672],[-79.3587564,43.6271711],[-79.3588043,43.6271277],[-79.3588455,43.6271514],[-79.3588634,43.6271351]]]}},{"type":"Feature","properties":{"form":"houses"},"geometry":{"type":"Polygon","coordinates":[[[-79.3605133,43.6266644],[-79.3605774,43.6267039],[-79.3604937,43.626775],[-79.3604591,43.6267829],[-79.3604098,43.6267525],[-79.3605133,43.6266644]]]}},{"type":"Feature","properties":{"form":"houses"},"geometry":{"type":"Polygon","coordinates":[[[-79.359453,43.6265545],[-79.3596026,43.6266373],[-79.3595321,43.626704],[-79.3593825,43.6266211],[-79.359453,43.6265545]]]}},{"type":"Feature","properties":{"form":"houses"},"geometry":{"type":"Polygon","coordinates":[[[-79.360875,43.6277626],[-79.3609994,43.6278351],[-79.3609741,43.6278579],[-79.3609956,43.6278704],[-79.360946,43.6279152],[-79.3607941,43.6278354],[-79.360875,43.6277626]]]}},{"type":"Feature","properties":{"form":"houses"},"geometry":{"type":"Polygon","coordinates":[[[-79.3596953,43.6265268],[-79.3596446,43.6265746],[-79.3595027,43.6264956],[-79.3595535,43.6264478],[-79.3596953,43.6265268]]]}},{"type":"Feature","properties":{"form":"houses"},"geometry":{"type":"Polygon","coordinates":[[[-79.3592278,43.6287137],[-79.3593209,43.6287673],[-79.3592394,43.6288416],[-79.3591516,43.6288101],[-79.3592278,43.6287137]]]}},{"type":"Feature","properties":{"form":"houses"},"geometry":{"type":"Polygon","coordinates":[[[-79.3594649,43.6288612],[-79.3593838,43.6289327],[-79.3592914,43.6288778],[-79.3593725,43.6288063],[-79.3594649,43.6288612]]]}},{"type":"Feature","properties":{"form":"houses"},"geometry":{"type":"Polygon","coordinates":[[[-79.3602064,43.6269187],[-79.3603013,43.6269738],[-79.3602224,43.627045],[-79.3601175,43.6269988],[-79.3602064,43.6269187]]]}},{"type":"Feature","properties":{"form":"houses"},"geometry":{"type":"Polygon","coordinates":[[[-79.3599891,43.6264929],[-79.359974,43.6264593],[-79.3600493,43.6264089],[-79.3600807,43.6264055],[-79.3601415,43.6264597],[-79.3600564,43.6265322],[-79.3599891,43.6264929]]]}},{"type":"Feature","properties":{"form":"houses"},"geometry":{"type":"Polygon","coordinates":[[[-79.3595947,43.6283784],[-79.359692,43.6284327],[-79.3595719,43.6285454],[-79.3594555,43.628509],[-79.3595947,43.6283784]]]}},{"type":"Feature","properties":{"form":"houses"},"geometry":{"type":"Polygon","coordinates":[[[-79.358825,43.6275958],[-79.3588953,43.6276428],[-79.3588667,43.6276691],[-79.358623,43.6275368],[-79.3586987,43.6274672],[-79.3588529,43.627555],[-79.358825,43.6275958]]]}},{"type":"Feature","properties":{"form":"houses"},"geometry":{"type":"Polygon","coordinates":[[[-79.3591138,43.6271005],[-79.3590304,43.6271772],[-79.3588505,43.6270746],[-79.3589338,43.626998],[-79.3591138,43.6271005]]]}},{"type":"Feature","properties":{"form":"houses"},"geometry":{"type":"Polygon","coordinates":[[[-79.3607406,43.6267951],[-79.3606129,43.6269066],[-79.3605593,43.6268746],[-79.3606047,43.6268258],[-79.3605643,43.626808],[-79.3606388,43.6267428],[-79.3607406,43.6267951]]]}},{"type":"Feature","properties":{"form":"houses"},"geometry":{"type":"Polygon","coordinates":[[[-79.3544785,43.63192],[-79.3544592,43.6319437],[-79.3544156,43.631925],[-79.354435,43.6319013],[-79.3544785,43.63192]]]}},{"type":"Feature","properties":{"form":"other"},"geometry":{"type":"Polygon","coordinates":[[[-79.3582959,43.6297188],[-79.3583476,43.6297525],[-79.3582431,43.6298371],[-79.3581914,43.6298035],[-79.3582959,43.6297188]]]}},{"type":"Feature","properties":{"form":"houses"},"geometry":{"type":"Polygon","coordinates":[[[-79.3546068,43.6322138],[-79.3545329,43.6321793],[-79.3545986,43.6321055],[-79.3546726,43.63214],[-79.3546068,43.6322138]]]}},{"type":"Feature","properties":{"form":"houses"},"geometry":{"type":"Polygon","coordinates":[[[-79.3537187,43.6325564],[-79.3537758,43.632581],[-79.353718,43.6326512],[-79.3536215,43.6326096],[-79.3536563,43.6325673],[-79.3537187,43.6325564]]]}},{"type":"Feature","properties":{"form":"houses"},"geometry":{"type":"Polygon","coordinates":[[[-79.3565997,43.6324586],[-79.3565949,43.6325262],[-79.356478,43.6325218],[-79.3564833,43.6324463],[-79.3565997,43.6324586]]]}},{"type":"Feature","properties":{"form":"other"},"geometry":{"type":"Polygon","coordinates":[[[-79.3571628,43.6310717],[-79.3570977,43.6310718],[-79.3570974,43.630994],[-79.3571625,43.6309939],[-79.3571628,43.6310717]]]}},{"type":"Feature","properties":{"form":"houses"},"geometry":{"type":"Polygon","coordinates":[[[-79.3542226,43.6329009],[-79.3541539,43.6329849],[-79.354096,43.63296],[-79.3541647,43.6328761],[-79.3542226,43.6329009]]]}},{"type":"Feature","properties":{"form":"houses"},"geometry":{"type":"Polygon","coordinates":[[[-79.3547737,43.6323399],[-79.3549002,43.6323738],[-79.35483,43.6324675],[-79.3547449,43.632434],[-79.354784,43.6323819],[-79.3547517,43.6323692],[-79.3547737,43.6323399]]]}},{"type":"Feature","properties":{"form":"houses"},"geometry":{"type":"Polygon","coordinates":[[[-79.3551816,43.6330372],[-79.3551439,43.633102],[-79.3550312,43.6330677],[-79.3550688,43.6330028],[-79.3551816,43.6330372]]]}},{"type":"Feature","properties":{"form":"houses"},"geometry":{"type":"Polygon","coordinates":[[[-79.3586253,43.6288369],[-79.3587133,43.62889],[-79.3586461,43.6289482],[-79.3585582,43.6288951],[-79.3586253,43.6288369]]]}},{"type":"Feature","properties":{"form":"houses"},"geometry":{"type":"Polygon","coordinates":[[[-79.354576,43.633041],[-79.3546593,43.6330793],[-79.3545863,43.6331624],[-79.354503,43.6331241],[-79.354576,43.633041]]]}},{"type":"Feature","properties":{"form":"houses"},"geometry":{"type":"Polygon","coordinates":[[[-79.353732,43.632679],[-79.3536732,43.6327793],[-79.3535876,43.6327453],[-79.3536444,43.6326705],[-79.3536798,43.6326582],[-79.353732,43.632679]]]}},{"type":"Feature","properties":{"form":"houses"},"geometry":{"type":"Polygon","coordinates":[[[-79.3544231,43.6304101],[-79.35454,43.630432],[-79.3545148,43.6305022],[-79.354398,43.6304803],[-79.3544231,43.6304101]]]}},{"type":"Feature","properties":{"form":"houses"},"geometry":{"type":"Polygon","coordinates":[[[-79.3540851,43.6319919],[-79.3540009,43.631952],[-79.3540626,43.6318703],[-79.3541506,43.6319052],[-79.3540851,43.6319919]]]}},{"type":"Feature","properties":{"form":"houses"},"geometry":{"type":"Polygon","coordinates":[[[-79.3545319,43.6324679],[-79.3546228,43.6325067],[-79.3545577,43.6325866],[-79.3544668,43.6325478],[-79.3545319,43.6324679]]]}},{"type":"Feature","properties":{"form":"houses"},"geometry":{"type":"Polygon","coordinates":[[[-79.3544334,43.6329946],[-79.3545172,43.6330276],[-79.3544565,43.6331084],[-79.3543727,43.6330755],[-79.3544334,43.6329946]]]}},{"type":"Feature","properties":{"form":"houses"},"geometry":{"type":"Polygon","coordinates":[[[-79.3562909,43.632891],[-79.3563877,43.6329017],[-79.3563396,43.6329924],[-79.3562459,43.6329759],[-79.3562909,43.632891]]]}},{"type":"Feature","properties":{"form":"houses"},"geometry":{"type":"Polygon","coordinates":[[[-79.3550919,43.6320728],[-79.3552179,43.6320954],[-79.3551948,43.6321628],[-79.3550689,43.6321403],[-79.3550919,43.6320728]]]}},{"type":"Feature","properties":{"form":"houses"},"geometry":{"type":"Polygon","coordinates":[[[-79.3591644,43.6286899],[-79.3590895,43.6287621],[-79.3589973,43.628712],[-79.3590627,43.6286489],[-79.3591644,43.6286899]]]}},{"type":"Feature","properties":{"form":"houses"},"geometry":{"type":"Polygon","coordinates":[[[-79.3549619,43.6328208],[-79.3549496,43.6328369],[-79.3549748,43.6328469],[-79.354915,43.6328879],[-79.3548108,43.6328466],[-79.3548607,43.6327807],[-79.3549619,43.6328208]]]}},{"type":"Feature","properties":{"form":"houses"},"geometry":{"type":"Polygon","coordinates":[[[-79.3560534,43.6328116],[-79.3560967,43.6328244],[-79.3560429,43.6329197],[-79.355943,43.6328901],[-79.3559863,43.6328135],[-79.3560429,43.6328302],[-79.3560534,43.6328116]]]}},{"type":"Feature","properties":{"form":"houses"},"geometry":{"type":"Polygon","coordinates":[[[-79.3574716,43.6285712],[-79.3575474,43.6285778],[-79.3575277,43.6286984],[-79.3574519,43.6286919],[-79.3574716,43.6285712]]]}},{"type":"Feature","properties":{"form":"houses"},"geometry":{"type":"Polygon","coordinates":[[[-79.3546408,43.6322403],[-79.3547086,43.6321551],[-79.3547883,43.6321962],[-79.3547098,43.632276],[-79.3546408,43.6322403]]]}},{"type":"Feature","properties":{"form":"houses"},"geometry":{"type":"Polygon","coordinates":[[[-79.3548114,43.6317692],[-79.354899,43.6318066],[-79.3548346,43.6318854],[-79.3547471,43.631848],[-79.3548114,43.6317692]]]}},{"type":"Feature","properties":{"form":"houses"},"geometry":{"type":"Polygon","coordinates":[[[-79.3550711,43.6318751],[-79.3551483,43.6319086],[-79.3550747,43.6319975],[-79.3549975,43.6319639],[-79.3550711,43.6318751]]]}},{"type":"Feature","properties":{"form":"houses"},"geometry":{"type":"Polygon","coordinates":[[[-79.3557066,43.6325574],[-79.3557999,43.6325806],[-79.3557548,43.6326757],[-79.3556615,43.6326526],[-79.3557066,43.6325574]]]}},{"type":"Feature","properties":{"form":"houses"},"geometry":{"type":"Polygon","coordinates":[[[-79.3543896,43.6321844],[-79.3544798,43.6322275],[-79.3544099,43.6323041],[-79.3543197,43.632261],[-79.3543896,43.6321844]]]}},{"type":"Feature","properties":{"form":"houses"},"geometry":{"type":"Polygon","coordinates":[[[-79.3544642,43.6317728],[-79.354542,43.6318062],[-79.3544722,43.6318913],[-79.3543911,43.6318565],[-79.3544611,43.6317469],[-79.3544791,43.6317546],[-79.3544642,43.6317728]]]}},{"type":"Feature","properties":{"form":"houses"},"geometry":{"type":"Polygon","coordinates":[[[-79.3557721,43.6329628],[-79.3558641,43.6329834],[-79.355824,43.6330771],[-79.3557319,43.6330565],[-79.3557721,43.6329628]]]}},{"type":"Feature","properties":{"form":"houses"},"geometry":{"type":"Polygon","coordinates":[[[-79.3550599,43.632022],[-79.3549856,43.6321102],[-79.35491,43.6320751],[-79.354987,43.6319882],[-79.3550599,43.632022]]]}},{"type":"Feature","properties":{"form":"houses"},"geometry":{"type":"Polygon","coordinates":[[[-79.3557904,43.6327295],[-79.3557829,43.6327453],[-79.3558162,43.6327536],[-79.3557805,43.6328287],[-79.3556854,43.6328051],[-79.3556939,43.6327873],[-79.3556701,43.6327814],[-79.355691,43.6327372],[-79.3557904,43.6327295]]]}},{"type":"Feature","properties":{"form":"houses"},"geometry":{"type":"Polygon","coordinates":[[[-79.3546535,43.6331064],[-79.3547808,43.6331521],[-79.3547377,43.6332149],[-79.3546323,43.633177],[-79.3546188,43.6331571],[-79.3546535,43.6331064]]]}},{"type":"Feature","properties":{"form":"houses"},"geometry":{"type":"Polygon","coordinates":[[[-79.3545722,43.6318283],[-79.3546605,43.6318672],[-79.3545933,43.631947],[-79.354505,43.631908],[-79.3545722,43.6318283]]]}},{"type":"Feature","properties":{"form":"houses"},"geometry":{"type":"Polygon","coordinates":[[[-79.3549416,43.6324149],[-79.3550724,43.632452],[-79.3550424,43.6325075],[-79.3549338,43.6325081],[-79.3549454,43.6324867],[-79.3549084,43.6324762],[-79.3549416,43.6324149]]]}},{"type":"Feature","properties":{"form":"houses"},"geometry":{"type":"Polygon","coordinates":[[[-79.3551723,43.631961],[-79.3552875,43.6320127],[-79.3552333,43.6320759],[-79.3551181,43.6320242],[-79.3551723,43.631961]]]}},{"type":"Feature","properties":{"form":"houses"},"geometry":{"type":"Polygon","coordinates":[[[-79.3542832,43.6319671],[-79.3542089,43.6320535],[-79.3541239,43.6320152],[-79.3541983,43.6319288],[-79.3542832,43.6319671]]]}},{"type":"Feature","properties":{"form":"houses"},"geometry":{"type":"Polygon","coordinates":[[[-79.3540059,43.6318628],[-79.3539681,43.631929],[-79.3538366,43.6318896],[-79.3538744,43.6318234],[-79.3540059,43.6318628]]]}},{"type":"Feature","properties":{"form":"houses"},"geometry":{"type":"Polygon","coordinates":[[[-79.355849,43.632606],[-79.3559443,43.6326315],[-79.3558957,43.6327269],[-79.3558003,43.6327014],[-79.355849,43.632606]]]}},{"type":"Feature","properties":{"form":"houses"},"geometry":{"type":"Polygon","coordinates":[[[-79.3546348,43.6316925],[-79.3545614,43.6317796],[-79.3544748,43.6317414],[-79.3545482,43.6316543],[-79.3546348,43.6316925]]]}},{"type":"Feature","properties":{"form":"houses"},"geometry":{"type":"Polygon","coordinates":[[[-79.3561987,43.6328543],[-79.3561912,43.6328699],[-79.3562208,43.6328775],[-79.3561838,43.6329534],[-79.3560724,43.632925],[-79.3561106,43.6328467],[-79.3561987,43.6328543]]]}},{"type":"Feature","properties":{"form":"houses"},"geometry":{"type":"Polygon","coordinates":[[[-79.3555241,43.6322861],[-79.3555166,43.6323169],[-79.3555455,43.6323206],[-79.3555365,43.6323571],[-79.3553852,43.6323375],[-79.35539,43.6323179],[-79.3553591,43.6323139],[-79.3553663,43.6322844],[-79.3553977,43.6322884],[-79.3554021,43.6322704],[-79.3555241,43.6322861]]]}},{"type":"Feature","properties":{"form":"houses"},"geometry":{"type":"Polygon","coordinates":[[[-79.3559707,43.6327533],[-79.3559833,43.6327319],[-79.3559447,43.6327201],[-79.3559914,43.6326403],[-79.3560857,43.6326692],[-79.3560265,43.6327704],[-79.3559707,43.6327533]]]}},{"type":"Feature","properties":{"form":"houses"},"geometry":{"type":"Polygon","coordinates":[[[-79.3556408,43.6329116],[-79.3557361,43.6329336],[-79.3556835,43.6330404],[-79.3555876,43.6330148],[-79.3556408,43.6329116]]]}},{"type":"Feature","properties":{"form":"houses"},"geometry":{"type":"Polygon","coordinates":[[[-79.3538744,43.6327487],[-79.3538059,43.6328354],[-79.3537221,43.6328007],[-79.3537685,43.632742],[-79.3537439,43.6327318],[-79.353766,43.6327038],[-79.3538744,43.6327487]]]}},{"type":"Feature","properties":{"form":"houses"},"geometry":{"type":"Polygon","coordinates":[[[-79.3543702,43.631575],[-79.3543118,43.6316693],[-79.3542143,43.6316311],[-79.3542877,43.6315401],[-79.3543702,43.631575]]]}},{"type":"Feature","properties":{"form":"houses"},"geometry":{"type":"Polygon","coordinates":[[[-79.3565143,43.6320491],[-79.356466,43.6321498],[-79.3563717,43.6321262],[-79.35642,43.6320254],[-79.3565143,43.6320491]]]}},{"type":"Feature","properties":{"form":"houses"},"geometry":{"type":"Polygon","coordinates":[[[-79.3562132,43.632701],[-79.3561606,43.6327997],[-79.3560579,43.6327711],[-79.3561105,43.6326723],[-79.3562132,43.632701]]]}},{"type":"Feature","properties":{"form":"houses"},"geometry":{"type":"Polygon","coordinates":[[[-79.3547117,43.6318772],[-79.3547998,43.6319152],[-79.3547185,43.632014],[-79.3546303,43.631976],[-79.3547117,43.6318772]]]}},{"type":"Feature","properties":{"form":"houses"},"geometry":{"type":"Polygon","coordinates":[[[-79.355953,43.6318923],[-79.3559172,43.6320017],[-79.3558047,43.63197],[-79.3558605,43.6318663],[-79.355953,43.6318923]]]}},{"type":"Feature","properties":{"form":"houses"},"geometry":{"type":"Polygon","coordinates":[[[-79.3542472,43.6318084],[-79.3542893,43.6317385],[-79.3544093,43.6317623],[-79.3543409,43.6318477],[-79.3542472,43.6318084]]]}},{"type":"Feature","properties":{"form":"houses"},"geometry":{"type":"Polygon","coordinates":[[[-79.3545045,43.631631],[-79.3544362,43.6317133],[-79.3543202,43.6316897],[-79.3544203,43.6315943],[-79.3545045,43.631631]]]}},{"type":"Feature","properties":{"form":"houses"},"geometry":{"type":"Polygon","coordinates":[[[-79.3544952,43.6324607],[-79.3544323,43.6325618],[-79.3543227,43.6325072],[-79.3544065,43.6324237],[-79.3544952,43.6324607]]]}},{"type":"Feature","properties":{"form":"houses"},"geometry":{"type":"Polygon","coordinates":[[[-79.3543047,43.6328175],[-79.3543389,43.6328319],[-79.3542875,43.632896],[-79.3541838,43.6328502],[-79.3542568,43.6327591],[-79.3543277,43.6327888],[-79.3543047,43.6328175]]]}},{"type":"Feature","properties":{"form":"houses"},"geometry":{"type":"Polygon","coordinates":[[[-79.3546345,43.6322725],[-79.3545326,43.6323514],[-79.3544518,43.6323159],[-79.3545174,43.6322377],[-79.3546345,43.6322725]]]}},{"type":"Feature","properties":{"form":"houses"},"geometry":{"type":"Polygon","coordinates":[[[-79.3542084,43.6315411],[-79.3541541,43.6316103],[-79.3540398,43.6315633],[-79.3540556,43.6315433],[-79.3540344,43.6315346],[-79.3540658,43.6314946],[-79.3542084,43.6315411]]]}},{"type":"Feature","properties":{"form":"houses"},"geometry":{"type":"Polygon","coordinates":[[[-79.3542034,43.6320761],[-79.3541775,43.6321049],[-79.3541991,43.6321151],[-79.3541371,43.632184],[-79.3540524,43.632144],[-79.3541403,43.6320463],[-79.3542034,43.6320761]]]}},{"type":"Feature","properties":{"form":"houses"},"geometry":{"type":"Polygon","coordinates":[[[-79.3589431,43.6289797],[-79.3590269,43.6290291],[-79.3589344,43.6291112],[-79.3588469,43.6290388],[-79.3589431,43.6289797]]]}},{"type":"Feature","properties":{"form":"houses"},"geometry":{"type":"Polygon","coordinates":[[[-79.354003,43.6319937],[-79.3540965,43.6320317],[-79.3540161,43.6321353],[-79.3539226,43.6320972],[-79.354003,43.6319937]]]}},{"type":"Feature","properties":{"form":"houses"},"geometry":{"type":"Polygon","coordinates":[[[-79.3579193,43.6290384],[-79.3578445,43.6291001],[-79.3577159,43.6290384],[-79.3578027,43.6289733],[-79.3579193,43.6290384]]]}},{"type":"Feature","properties":{"form":"houses"},"geometry":{"type":"Polygon","coordinates":[[[-79.3585145,43.6278797],[-79.3584463,43.6279113],[-79.3583485,43.6278617],[-79.358331,43.6278798],[-79.3582911,43.6278595],[-79.3583515,43.6277971],[-79.3585145,43.6278797]]]}},{"type":"Feature","properties":{"form":"houses"},"geometry":{"type":"Polygon","coordinates":[[[-79.3543188,43.6325317],[-79.3542512,43.6326183],[-79.3541562,43.6325743],[-79.3542206,43.6324916],[-79.3543188,43.6325317]]]}},{"type":"Feature","properties":{"form":"houses"},"geometry":{"type":"Polygon","coordinates":[[[-79.3596555,43.6291113],[-79.3595905,43.6291672],[-79.3594694,43.6290935],[-79.3594882,43.6290773],[-79.3594658,43.6290637],[-79.359512,43.6290239],[-79.3596555,43.6291113]]]}},{"type":"Feature","properties":{"form":"houses"},"geometry":{"type":"Polygon","coordinates":[[[-79.3594349,43.6293164],[-79.3593525,43.6293714],[-79.3592132,43.6293093],[-79.3592896,43.6292365],[-79.3594349,43.6293164]]]}},{"type":"Feature","properties":{"form":"houses"},"geometry":{"type":"Polygon","coordinates":[[[-79.3564056,43.6329162],[-79.3565304,43.6329365],[-79.3565039,43.6330219],[-79.3563791,43.6330016],[-79.3564056,43.6329162]]]}},{"type":"Feature","properties":{"form":"houses"},"geometry":{"type":"Polygon","coordinates":[[[-79.3587162,43.6284441],[-79.3586923,43.6284656],[-79.3587163,43.6284796],[-79.3586778,43.6285142],[-79.3586399,43.6284921],[-79.3586259,43.6285046],[-79.3586458,43.628523],[-79.3586182,43.6285478],[-79.3585322,43.6285053],[-79.3586363,43.6283906],[-79.3587162,43.6284441]]]}},{"type":"Feature","properties":{"form":"houses"},"geometry":{"type":"Polygon","coordinates":[[[-79.3583685,43.6282025],[-79.3583057,43.6282566],[-79.3581817,43.6281814],[-79.3582444,43.6281272],[-79.3583685,43.6282025]]]}},{"type":"Feature","properties":{"form":"houses"},"geometry":{"type":"Polygon","coordinates":[[[-79.3585678,43.6277979],[-79.3584977,43.6278274],[-79.3583926,43.6277651],[-79.3584892,43.6276798],[-79.3586002,43.6277456],[-79.3585518,43.6277884],[-79.3585678,43.6277979]]]}},{"type":"Feature","properties":{"form":"other"},"geometry":{"type":"Polygon","coordinates":[[[-79.3589933,43.6296934],[-79.3590097,43.6297026],[-79.3589689,43.629741],[-79.3588247,43.6296721],[-79.358869,43.6296304],[-79.3588482,43.6296188],[-79.3589072,43.6295926],[-79.3590072,43.6296487],[-79.3590203,43.629668],[-79.3589933,43.6296934]]]}},{"type":"Feature","properties":{"form":"houses"},"geometry":{"type":"Polygon","coordinates":[[[-79.3566325,43.6323009],[-79.3565107,43.6322892],[-79.356523,43.6322244],[-79.3566446,43.6322365],[-79.3566325,43.6323009]]]}},{"type":"Feature","properties":{"form":"houses"},"geometry":{"type":"Polygon","coordinates":[[[-79.3566691,43.6321038],[-79.3566582,43.632161],[-79.3566114,43.6321982],[-79.3565068,43.6321877],[-79.3565219,43.6321084],[-79.356544,43.6321106],[-79.3565502,43.6320783],[-79.3566691,43.6321038]]]}},{"type":"Feature","properties":{"form":"houses"},"geometry":{"type":"Polygon","coordinates":[[[-79.3558246,43.6318521],[-79.3557743,43.6319549],[-79.3556832,43.6319213],[-79.3557298,43.6318276],[-79.3558246,43.6318521]]]}},{"type":"Feature","properties":{"form":"houses"},"geometry":{"type":"Polygon","coordinates":[[[-79.3565932,43.6325753],[-79.3565705,43.6326623],[-79.3564942,43.6326557],[-79.35646,43.6326287],[-79.3564706,43.6325647],[-79.3565932,43.6325753]]]}},{"type":"Feature","properties":{"form":"houses"},"geometry":{"type":"Polygon","coordinates":[[[-79.3562954,43.6330955],[-79.35624,43.633191],[-79.3561508,43.6331655],[-79.3561997,43.6330681],[-79.3562954,43.6330955]]]}},{"type":"Feature","properties":{"form":"houses"},"geometry":{"type":"Polygon","coordinates":[[[-79.3549044,43.6302692],[-79.3548587,43.6303254],[-79.354727,43.6302967],[-79.354759,43.630211],[-79.3548902,43.6302397],[-79.3548801,43.6302639],[-79.3549044,43.6302692]]]}},{"type":"Feature","properties":{"form":"other"},"geometry":{"type":"Polygon","coordinates":[[[-79.3551803,43.6297744],[-79.3551189,43.6298429],[-79.3550396,43.6298056],[-79.3550885,43.6297512],[-79.3550626,43.629739],[-79.3550752,43.629725],[-79.3551803,43.6297744]]]}},{"type":"Feature","properties":{"form":"other"},"geometry":{"type":"Polygon","coordinates":[[[-79.3574284,43.6295491],[-79.3573537,43.6295635],[-79.3573123,43.6294503],[-79.3573869,43.629436],[-79.3574284,43.6295491]]]}},{"type":"Feature","properties":{"form":"houses"},"geometry":{"type":"Polygon","coordinates":[[[-79.3585697,43.628348],[-79.3584826,43.628429],[-79.3583984,43.6283816],[-79.3584856,43.6283005],[-79.3585697,43.628348]]]}},{"type":"Feature","properties":{"form":"houses"},"geometry":{"type":"Polygon","coordinates":[[[-79.3581062,43.6284169],[-79.3580669,43.6284521],[-79.3579478,43.6283912],[-79.3579981,43.6283454],[-79.3581062,43.6284169]]]}},{"type":"Feature","properties":{"form":"houses"},"geometry":{"type":"Polygon","coordinates":[[[-79.3550409,43.63077],[-79.3550284,43.630856],[-79.3549141,43.6308472],[-79.3549266,43.6307613],[-79.3550409,43.63077]]]}},{"type":"Feature","properties":{"form":"houses"},"geometry":{"type":"Polygon","coordinates":[[[-79.3547456,43.6306751],[-79.3547271,43.6307561],[-79.3546167,43.6307382],[-79.3546395,43.630658],[-79.3547456,43.6306751]]]}},{"type":"Feature","properties":{"form":"houses"},"geometry":{"type":"Polygon","coordinates":[[[-79.3547751,43.6305755],[-79.3547516,43.6306459],[-79.3546185,43.6306226],[-79.354642,43.6305522],[-79.3547751,43.6305755]]]}},{"type":"Feature","properties":{"form":"houses"},"geometry":{"type":"Polygon","coordinates":[[[-79.3553204,43.6306771],[-79.3552875,43.630694],[-79.355157,43.6306678],[-79.3551767,43.6305861],[-79.3553111,43.6306034],[-79.3552985,43.6306556],[-79.3553204,43.6306771]]]}},{"type":"Feature","properties":{"form":"houses"},"geometry":{"type":"Polygon","coordinates":[[[-79.3582777,43.6286419],[-79.3581907,43.6286937],[-79.3580978,43.6286356],[-79.3581704,43.6285748],[-79.3582777,43.6286419]]]}},{"type":"Feature","properties":{"form":"houses"},"geometry":{"type":"Polygon","coordinates":[[[-79.3540119,43.6327994],[-79.3539404,43.6328914],[-79.3538524,43.6328556],[-79.3539239,43.6327636],[-79.3540119,43.6327994]]]}},{"type":"Feature","properties":{"form":"houses"},"geometry":{"type":"Polygon","coordinates":[[[-79.3602893,43.6265333],[-79.3601577,43.6266373],[-79.360097,43.6266031],[-79.3601949,43.6264839],[-79.3602893,43.6265333]]]}},{"type":"Feature","properties":{"form":"houses"},"geometry":{"type":"Polygon","coordinates":[[[-79.3545131,43.6306321],[-79.3544927,43.6307059],[-79.354321,43.6306756],[-79.3543456,43.6306025],[-79.3545131,43.6306321]]]}},{"type":"Feature","properties":{"form":"houses"},"geometry":{"type":"Polygon","coordinates":[[[-79.3586695,43.6278919],[-79.3587947,43.6279351],[-79.3586788,43.6280408],[-79.3585885,43.6279889],[-79.3586695,43.6278919]]]}},{"type":"Feature","properties":{"form":"houses"},"geometry":{"type":"Polygon","coordinates":[[[-79.3589826,43.6285827],[-79.3590048,43.6285951],[-79.3589411,43.6286552],[-79.3589664,43.6286692],[-79.3588986,43.6287211],[-79.3588259,43.6286768],[-79.3588536,43.6286506],[-79.3588363,43.628641],[-79.3589474,43.628536],[-79.3590007,43.6285656],[-79.3589826,43.6285827]]]}},{"type":"Feature","properties":{"form":"houses"},"geometry":{"type":"Polygon","coordinates":[[[-79.3610752,43.6273626],[-79.3609632,43.6274662],[-79.3608787,43.6274184],[-79.3609135,43.6273862],[-79.360897,43.6273769],[-79.3609905,43.6273146],[-79.3610752,43.6273626]]]}},{"type":"Feature","properties":{"form":"houses"},"geometry":{"type":"Polygon","coordinates":[[[-79.3604642,43.6270504],[-79.3603674,43.6271405],[-79.3602802,43.6270737],[-79.3603651,43.6269946],[-79.3604642,43.6270504]]]}},{"type":"Feature","properties":{"form":"houses"},"geometry":{"type":"Polygon","coordinates":[[[-79.3598077,43.6264276],[-79.3597792,43.6264544],[-79.3597488,43.6264374],[-79.3597322,43.6264531],[-79.3596208,43.626391],[-79.3596659,43.6263486],[-79.3598077,43.6264276]]]}},{"type":"Feature","properties":{"form":"houses"},"geometry":{"type":"Polygon","coordinates":[[[-79.3596677,43.6289517],[-79.359743,43.6290097],[-79.3597033,43.6290433],[-79.3595251,43.628953],[-79.3595998,43.6288896],[-79.3596814,43.6289401],[-79.3596677,43.6289517]]]}},{"type":"Feature","properties":{"form":"houses"},"geometry":{"type":"Polygon","coordinates":[[[-79.3560603,43.6330294],[-79.3561626,43.6330543],[-79.3561136,43.6331598],[-79.3560353,43.6331407],[-79.3560603,43.6330294]]]}},{"type":"Feature","properties":{"form":"houses"},"geometry":{"type":"Polygon","coordinates":[[[-79.3587055,43.6289814],[-79.358816,43.6288663],[-79.3589221,43.6289305],[-79.3587984,43.6290376],[-79.3587055,43.6289814]]]}},{"type":"Feature","properties":{"form":"houses"},"geometry":{"type":"Polygon","coordinates":[[[-79.3580788,43.6285476],[-79.3579932,43.6286216],[-79.3578314,43.6285127],[-79.3579113,43.6284527],[-79.3580788,43.6285476]]]}},{"type":"Feature","properties":{"form":"houses"},"geometry":{"type":"Polygon","coordinates":[[[-79.3587562,43.6284505],[-79.3588837,43.6285179],[-79.3587792,43.6286153],[-79.3587547,43.6286015],[-79.3587203,43.6286335],[-79.3586733,43.6286071],[-79.3587079,43.6285749],[-79.3586807,43.6285596],[-79.3587109,43.6285314],[-79.358685,43.6285168],[-79.3587562,43.6284505]]]}},{"type":"Feature","properties":{"form":"houses"},"geometry":{"type":"Polygon","coordinates":[[[-79.3555986,43.6329183],[-79.3555464,43.633015],[-79.355451,43.632988],[-79.3555032,43.6328913],[-79.3555986,43.6329183]]]}},{"type":"Feature","properties":{"form":"other"},"geometry":{"type":"Polygon","coordinates":[[[-79.3124494,43.6598848],[-79.3124847,43.6598581],[-79.3125385,43.6598974],[-79.3124996,43.6599255],[-79.3124494,43.6598848]]]}},{"type":"Feature","properties":{"form":"other"},"geometry":{"type":"Polygon","coordinates":[[[-79.3135327,43.6611197],[-79.3135628,43.6610948],[-79.3137272,43.6612025],[-79.3136971,43.6612241],[-79.3135327,43.6611197]]]}},{"type":"Feature","properties":{"form":"other"},"geometry":{"type":"Polygon","coordinates":[[[-79.3133647,43.6603754],[-79.3132665,43.6603217],[-79.3132732,43.6603047],[-79.3133376,43.6602879],[-79.3134196,43.6603347],[-79.3133647,43.6603754]]]}},{"type":"Feature","properties":{"form":"other"},"geometry":{"type":"Polygon","coordinates":[[[-79.3124182,43.6597941],[-79.3124593,43.6597896],[-79.3124718,43.6598438],[-79.3124298,43.6598484],[-79.3124182,43.6597941]]]}},{"type":"Feature","properties":{"form":"other"},"geometry":{"type":"Polygon","coordinates":[[[-79.3101971,43.6615418],[-79.3102405,43.6615164],[-79.3102736,43.6615461],[-79.3102302,43.6615716],[-79.3101971,43.6615418]]]}},{"type":"Feature","properties":{"form":"other"},"geometry":{"type":"Polygon","coordinates":[[[-79.3135556,43.6610773],[-79.3136316,43.6610105],[-79.3136626,43.6610298],[-79.3136802,43.6610143],[-79.3138307,43.6611141],[-79.3137341,43.6611927],[-79.3135556,43.6610773]]]}},{"type":"Feature","properties":{"form":"other"},"geometry":{"type":"Polygon","coordinates":[[[-79.3138091,43.6607776],[-79.3139121,43.660706],[-79.3140866,43.660843],[-79.3139886,43.6609124],[-79.3138091,43.6607776]]]}},{"type":"Feature","properties":{"form":"other"},"geometry":{"type":"Polygon","coordinates":[[[-79.312508,43.6597345],[-79.3125476,43.6596899],[-79.3125834,43.6597036],[-79.3125444,43.6597517],[-79.312508,43.6597345]]]}},{"type":"Feature","properties":{"form":"other"},"geometry":{"type":"Polygon","coordinates":[[[-79.311276,43.6591579],[-79.3113072,43.6591398],[-79.3113393,43.6591682],[-79.3113101,43.6591866],[-79.311276,43.6591579]]]}},{"type":"Feature","properties":{"form":"houses"},"geometry":{"type":"Polygon","coordinates":[[[-79.3217435,43.6643204],[-79.3218835,43.6642901],[-79.3219038,43.6643392],[-79.3217638,43.6643695],[-79.3217435,43.6643204]]]}},{"type":"Feature","properties":{"form":"houses"},"geometry":{"type":"Polygon","coordinates":[[[-79.3211425,43.6645753],[-79.3213022,43.6645373],[-79.32132,43.6645766],[-79.3211631,43.6646209],[-79.3211425,43.6645753]]]}},{"type":"Feature","properties":{"form":"houses"},"geometry":{"type":"Polygon","coordinates":[[[-79.3217905,43.6644187],[-79.3217834,43.6644019],[-79.321747,43.6644099],[-79.3217353,43.6643819],[-79.3219064,43.6643445],[-79.3219251,43.6643892],[-79.3217905,43.6644187]]]}},{"type":"Feature","properties":{"form":"houses"},"geometry":{"type":"Polygon","coordinates":[[[-79.3210368,43.6643438],[-79.3210211,43.6643041],[-79.3211588,43.6642754],[-79.321286,43.6642593],[-79.3213022,43.6643004],[-79.3210368,43.6643438]]]}},{"type":"Feature","properties":{"form":"houses"},"geometry":{"type":"Polygon","coordinates":[[[-79.3212149,43.6647142],[-79.3213571,43.6646833],[-79.3213798,43.6647386],[-79.3213147,43.6647527],[-79.3213312,43.6647928],[-79.3212253,43.6648158],[-79.3212015,43.664758],[-79.3212303,43.6647517],[-79.3212149,43.6647142]]]}},{"type":"Feature","properties":{"form":"houses"},"geometry":{"type":"Polygon","coordinates":[[[-79.3215269,43.663847],[-79.321684,43.6638046],[-79.3217147,43.6638812],[-79.321554,43.6639148],[-79.3215269,43.663847]]]}},{"type":"Feature","properties":{"form":"houses"},"geometry":{"type":"Polygon","coordinates":[[[-79.3215154,43.6638252],[-79.3214877,43.663759],[-79.3216418,43.6637103],[-79.3216797,43.6638008],[-79.3215154,43.6638252]]]}},{"type":"Feature","properties":{"form":"houses"},"geometry":{"type":"Polygon","coordinates":[[[-79.3216656,43.66432],[-79.3216526,43.6642894],[-79.3216856,43.664282],[-79.3216847,43.6642523],[-79.3218449,43.664205],[-79.3218772,43.6642807],[-79.3216656,43.66432]]]}},{"type":"Feature","properties":{"form":"houses"},"geometry":{"type":"Polygon","coordinates":[[[-79.3215971,43.6640058],[-79.3215691,43.6639396],[-79.3217209,43.6638897],[-79.3217571,43.6639751],[-79.3215971,43.6640058]]]}},{"type":"Feature","properties":{"form":"apartments"},"geometry":{"type":"Polygon","coordinates":[[[-79.3206882,43.6636609],[-79.3208644,43.6636276],[-79.320895,43.6637044],[-79.3207202,43.6637411],[-79.3206882,43.6636609]]]}},{"type":"Feature","properties":{"form":"houses"},"geometry":{"type":"Polygon","coordinates":[[[-79.3211526,43.6646334],[-79.3213206,43.6646027],[-79.3213568,43.6646771],[-79.3211941,43.6647188],[-79.3211526,43.6646334]]]}},{"type":"Feature","properties":{"form":"houses"},"geometry":{"type":"Polygon","coordinates":[[[-79.3216358,43.6640961],[-79.3215797,43.6640362],[-79.3217583,43.6639808],[-79.3217961,43.6640713],[-79.3216358,43.6640961]]]}},{"type":"Feature","properties":{"form":"houses"},"geometry":{"type":"Polygon","coordinates":[[[-79.3218302,43.6645204],[-79.3218093,43.6644727],[-79.3217694,43.6644819],[-79.3217581,43.6644563],[-79.3219523,43.6644037],[-79.3219839,43.664476],[-79.3218302,43.6645204]]]}},{"type":"Feature","properties":{"form":"houses"},"geometry":{"type":"Polygon","coordinates":[[[-79.321708,43.6641571],[-79.3217007,43.6641387],[-79.3216418,43.6641511],[-79.3216295,43.6641207],[-79.3217951,43.6640858],[-79.3218391,43.664195],[-79.3216492,43.6642469],[-79.3216322,43.6642048],[-79.3216653,43.6641978],[-79.3216535,43.6641685],[-79.321708,43.6641571]]]}},{"type":"Feature","properties":{"form":"houses"},"geometry":{"type":"Polygon","coordinates":[[[-79.3210938,43.6644237],[-79.3212441,43.6643907],[-79.321295,43.6645132],[-79.3211447,43.6645461],[-79.3210938,43.6644237]]]}},{"type":"Feature","properties":{"form":"houses"},"geometry":{"type":"Polygon","coordinates":[[[-79.3208817,43.6639277],[-79.320831,43.6639263],[-79.3207967,43.6638483],[-79.3209387,43.6638017],[-79.3209474,43.6638214],[-79.3209921,43.6638111],[-79.3210196,43.6638735],[-79.3208817,43.6639277]]]}},{"type":"Feature","properties":{"form":"houses"},"geometry":{"type":"Polygon","coordinates":[[[-79.3206772,43.6648836],[-79.3208649,43.6648303],[-79.3208855,43.6648789],[-79.3206935,43.664922],[-79.3206772,43.6648836]]]}},{"type":"Feature","properties":{"form":"houses"},"geometry":{"type":"Polygon","coordinates":[[[-79.3206575,43.6648254],[-79.3208459,43.6647824],[-79.320865,43.6648278],[-79.3206762,43.6648696],[-79.3206575,43.6648254]]]}},{"type":"Feature","properties":{"form":"houses"},"geometry":{"type":"Polygon","coordinates":[[[-79.3204503,43.6643113],[-79.3206346,43.6642533],[-79.320676,43.664346],[-79.3204835,43.6643913],[-79.3204503,43.6643113]]]}},{"type":"Feature","properties":{"form":"houses"},"geometry":{"type":"Polygon","coordinates":[[[-79.3206093,43.6647108],[-79.3205811,43.6646738],[-79.3206164,43.6646563],[-79.3207796,43.6646254],[-79.3207979,43.6646705],[-79.3206093,43.6647108]]]}},{"type":"Feature","properties":{"form":"houses"},"geometry":{"type":"Polygon","coordinates":[[[-79.3204526,43.6640564],[-79.3204168,43.6639542],[-79.3205003,43.6639355],[-79.3205154,43.663971],[-79.32049,43.6639767],[-79.3205,43.6640001],[-79.3205482,43.6639893],[-79.3205659,43.664031],[-79.3204526,43.6640564]]]}},{"type":"Feature","properties":{"form":"houses"},"geometry":{"type":"Polygon","coordinates":[[[-79.3204888,43.6644008],[-79.3206747,43.6643552],[-79.3206961,43.6644056],[-79.3205087,43.6644476],[-79.3204888,43.6644008]]]}},{"type":"Feature","properties":{"form":"houses"},"geometry":{"type":"Polygon","coordinates":[[[-79.3204282,43.6641865],[-79.3205658,43.6641548],[-79.3206261,43.6642399],[-79.3204263,43.6642892],[-79.3204054,43.6642413],[-79.3204479,43.6642315],[-79.3204282,43.6641865]]]}},{"type":"Feature","properties":{"form":"apartments"},"geometry":{"type":"Polygon","coordinates":[[[-79.3209563,43.6636149],[-79.3210874,43.6635865],[-79.3211338,43.6636994],[-79.3210027,43.6637278],[-79.3209563,43.6636149]]]}},{"type":"Feature","properties":{"form":"houses"},"geometry":{"type":"Polygon","coordinates":[[[-79.3212315,43.6643764],[-79.321065,43.6644089],[-79.3210491,43.6643657],[-79.3212178,43.6643394],[-79.3212315,43.6643764]]]}},{"type":"Feature","properties":{"form":"houses"},"geometry":{"type":"Polygon","coordinates":[[[-79.3210228,43.6643011],[-79.3208643,43.663939],[-79.3210018,43.6639223],[-79.3210292,43.6639847],[-79.3210073,43.6639897],[-79.3210258,43.664032],[-79.3210494,43.6640266],[-79.3210827,43.6641029],[-79.3210583,43.6641085],[-79.3211456,43.6642656],[-79.3210228,43.6643011]]]}},{"type":"Feature","properties":{"form":"houses"},"geometry":{"type":"Polygon","coordinates":[[[-79.320617,43.6646494],[-79.3205991,43.664606],[-79.3207526,43.6645679],[-79.3207723,43.6646157],[-79.320617,43.6646494]]]}},{"type":"Feature","properties":{"form":"houses"},"geometry":{"type":"Polygon","coordinates":[[[-79.3206141,43.6647144],[-79.3207802,43.6646799],[-79.3207986,43.6647266],[-79.3206325,43.6647611],[-79.3206141,43.6647144]]]}},{"type":"Feature","properties":{"form":"houses"},"geometry":{"type":"Polygon","coordinates":[[[-79.3205403,43.6644458],[-79.3207009,43.6644138],[-79.3207201,43.6644589],[-79.320561,43.6644946],[-79.3205403,43.6644458]]]}},{"type":"Feature","properties":{"form":"other"},"geometry":{"type":"Polygon","coordinates":[[[-79.3211827,43.6635494],[-79.3215774,43.66346],[-79.3216769,43.6636918],[-79.3213585,43.663782],[-79.3213715,43.6638123],[-79.3213023,43.663828],[-79.3211827,43.6635494]]]}},{"type":"Feature","properties":{"form":"houses"},"geometry":{"type":"Polygon","coordinates":[[[-79.3206302,43.6647673],[-79.3208029,43.6647313],[-79.3208221,43.6647801],[-79.3206494,43.6648161],[-79.3206302,43.6647673]]]}},{"type":"Feature","properties":{"form":"houses"},"geometry":{"type":"Polygon","coordinates":[[[-79.3207313,43.6649202],[-79.3208909,43.6648844],[-79.3209112,43.6649322],[-79.3207171,43.6649757],[-79.3207029,43.6649424],[-79.3207375,43.6649346],[-79.3207313,43.6649202]]]}},{"type":"Feature","properties":{"form":"houses"},"geometry":{"type":"Polygon","coordinates":[[[-79.3203848,43.6640779],[-79.3205178,43.6640482],[-79.3205563,43.6641394],[-79.3204234,43.664169],[-79.3203848,43.6640779]]]}},{"type":"Feature","properties":{"form":"houses"},"geometry":{"type":"Polygon","coordinates":[[[-79.320562,43.6645044],[-79.3207245,43.6644688],[-79.3207397,43.6645649],[-79.3205999,43.6645955],[-79.320562,43.6645044]]]}},{"type":"Feature","properties":{"form":"houses"},"geometry":{"type":"Polygon","coordinates":[[[-79.3207455,43.6649739],[-79.3209228,43.6649342],[-79.3209543,43.6650085],[-79.320777,43.6650482],[-79.3207455,43.6649739]]]}},{"type":"Feature","properties":{"form":"houses"},"geometry":{"type":"Polygon","coordinates":[[[-79.3204347,43.6637273],[-79.3205024,43.6638925],[-79.3203587,43.6639233],[-79.320291,43.6637581],[-79.3204347,43.6637273]]]}},{"type":"Feature","properties":{"form":"houses"},"geometry":{"type":"Polygon","coordinates":[[[-79.3200174,43.6638235],[-79.320172,43.6637871],[-79.3203068,43.6640869],[-79.3201522,43.6641233],[-79.3200174,43.6638235]]]}},{"type":"Feature","properties":{"form":"houses"},"geometry":{"type":"Polygon","coordinates":[[[-79.3148804,43.6702951],[-79.314927,43.6703899],[-79.3148104,43.6704201],[-79.3147638,43.6703253],[-79.3148804,43.6702951]]]}},{"type":"Feature","properties":{"form":"houses"},"geometry":{"type":"Polygon","coordinates":[[[-79.3147724,43.6703777],[-79.314814,43.6704587],[-79.3146869,43.6704932],[-79.3146453,43.6704122],[-79.3147724,43.6703777]]]}},{"type":"Feature","properties":{"form":"houses"},"geometry":{"type":"Polygon","coordinates":[[[-79.3146335,43.6704157],[-79.3146742,43.6704954],[-79.3145476,43.6705295],[-79.3145069,43.6704498],[-79.3146335,43.6704157]]]}},{"type":"Feature","properties":{"form":"houses"},"geometry":{"type":"Polygon","coordinates":[[[-79.3143875,43.6705336],[-79.314319,43.6703995],[-79.3144467,43.6703651],[-79.3145152,43.6704992],[-79.3143875,43.6705336]]]}},{"type":"Feature","properties":{"form":"houses"},"geometry":{"type":"Polygon","coordinates":[[[-79.3142457,43.6705616],[-79.3141767,43.6704275],[-79.3143038,43.670393],[-79.3143728,43.6705271],[-79.3142457,43.6705616]]]}},{"type":"Feature","properties":{"form":"houses"},"geometry":{"type":"Polygon","coordinates":[[[-79.3141044,43.6705914],[-79.3140363,43.6704594],[-79.3141604,43.6704257],[-79.3142284,43.6705577],[-79.3141044,43.6705914]]]}},{"type":"Feature","properties":{"form":"houses"},"geometry":{"type":"Polygon","coordinates":[[[-79.3141502,43.6710485],[-79.3140229,43.6710828],[-79.3139546,43.6709502],[-79.3140819,43.6709159],[-79.3141502,43.6710485]]]}},{"type":"Feature","properties":{"form":"houses"},"geometry":{"type":"Polygon","coordinates":[[[-79.3142865,43.6710059],[-79.3141592,43.6710401],[-79.3140908,43.670907],[-79.3142182,43.6708728],[-79.3142865,43.6710059]]]}},{"type":"Feature","properties":{"form":"houses"},"geometry":{"type":"Polygon","coordinates":[[[-79.3144269,43.6709739],[-79.3142996,43.6710078],[-79.3142315,43.6708741],[-79.3143589,43.6708402],[-79.3144269,43.6709739]]]}},{"type":"Feature","properties":{"form":"houses"},"geometry":{"type":"Polygon","coordinates":[[[-79.3145628,43.670931],[-79.314432,43.6709656],[-79.3143648,43.6708329],[-79.3144957,43.6707982],[-79.3145628,43.670931]]]}},{"type":"Feature","properties":{"form":"houses"},"geometry":{"type":"Polygon","coordinates":[[[-79.3146458,43.6709147],[-79.3145717,43.6709336],[-79.3145065,43.6707995],[-79.3145806,43.6707806],[-79.3146458,43.6709147]]]}},{"type":"Feature","properties":{"form":"houses"},"geometry":{"type":"Polygon","coordinates":[[[-79.3147318,43.6707588],[-79.314605,43.6707923],[-79.3145647,43.6707126],[-79.3146916,43.6706791],[-79.3147318,43.6707588]]]}},{"type":"Feature","properties":{"form":"houses"},"geometry":{"type":"Polygon","coordinates":[[[-79.3139693,43.6706358],[-79.3138985,43.6704989],[-79.314024,43.6704647],[-79.3140948,43.6706016],[-79.3139693,43.6706358]]]}},{"type":"Feature","properties":{"form":"houses"},"geometry":{"type":"Polygon","coordinates":[[[-79.3138152,43.670672],[-79.3136625,43.6707121],[-79.3136366,43.6706613],[-79.3136612,43.6706549],[-79.3136048,43.6705762],[-79.3137467,43.6705379],[-79.3138152,43.670672]]]}},{"type":"Feature","properties":{"form":"houses"},"geometry":{"type":"Polygon","coordinates":[[[-79.3140113,43.6710864],[-79.3138701,43.6711241],[-79.3138418,43.6710388],[-79.3138172,43.6710454],[-79.3137906,43.6709932],[-79.313943,43.6709525],[-79.3140113,43.6710864]]]}},{"type":"Feature","properties":{"form":"houses"},"geometry":{"type":"Polygon","coordinates":[[[-79.313827,43.6706684],[-79.3137585,43.6705351],[-79.3138858,43.6705006],[-79.3139543,43.670634],[-79.313827,43.6706684]]]}},{"type":"Feature","properties":{"form":"houses"},"geometry":{"type":"Polygon","coordinates":[[[-79.3220276,43.6638757],[-79.3221912,43.6638469],[-79.3222043,43.6638795],[-79.3220439,43.6639156],[-79.3220276,43.6638757]]]}},{"type":"Feature","properties":{"form":"houses"},"geometry":{"type":"Polygon","coordinates":[[[-79.3267282,43.6627776],[-79.3265859,43.6627969],[-79.3265708,43.6627651],[-79.3267029,43.6627247],[-79.3267282,43.6627776]]]}},{"type":"Feature","properties":{"form":"houses"},"geometry":{"type":"Polygon","coordinates":[[[-79.3261714,43.6625405],[-79.3261194,43.6624513],[-79.3262368,43.6624257],[-79.3262603,43.6625212],[-79.3261714,43.6625405]]]}},{"type":"Feature","properties":{"form":"houses"},"geometry":{"type":"Polygon","coordinates":[[[-79.322004,43.6637608],[-79.3221746,43.6637363],[-79.3221921,43.6637766],[-79.3220271,43.6638142],[-79.322004,43.6637608]]]}},{"type":"Feature","properties":{"form":"houses"},"geometry":{"type":"Polygon","coordinates":[[[-79.3220085,43.6638227],[-79.3221667,43.6637866],[-79.3221861,43.6638316],[-79.3220279,43.6638676],[-79.3220085,43.6638227]]]}},{"type":"Feature","properties":{"form":"houses"},"geometry":{"type":"Polygon","coordinates":[[[-79.3262934,43.6625118],[-79.3262386,43.662418],[-79.3263648,43.6623916],[-79.326387,43.6624922],[-79.3262934,43.6625118]]]}},{"type":"Feature","properties":{"form":"houses"},"geometry":{"type":"Polygon","coordinates":[[[-79.3219713,43.6636664],[-79.3221215,43.6636501],[-79.3221463,43.6637155],[-79.3220046,43.6637542],[-79.3219713,43.6636664]]]}},{"type":"Feature","properties":{"form":"other"},"geometry":{"type":"Polygon","coordinates":[[[-79.3264179,43.6626618],[-79.3266856,43.6625971],[-79.3267305,43.662695],[-79.3264628,43.6627597],[-79.3264179,43.6626618]]]}},{"type":"Feature","properties":{"form":"houses"},"geometry":{"type":"Polygon","coordinates":[[[-79.3222362,43.6643316],[-79.322396,43.6642939],[-79.3224267,43.664362],[-79.322271,43.6644088],[-79.3222362,43.6643316]]]}},{"type":"Feature","properties":{"form":"houses"},"geometry":{"type":"Polygon","coordinates":[[[-79.3222726,43.6644129],[-79.3224359,43.6643905],[-79.3224621,43.664453],[-79.3223088,43.6644992],[-79.3222726,43.6644129]]]}},{"type":"Feature","properties":{"form":"houses"},"geometry":{"type":"Polygon","coordinates":[[[-79.3220994,43.664025],[-79.322286,43.6639979],[-79.3223116,43.6640579],[-79.3221368,43.664113],[-79.3220994,43.664025]]]}},{"type":"Feature","properties":{"form":"other"},"geometry":{"type":"Polygon","coordinates":[[[-79.3263672,43.6623562],[-79.3265672,43.6623123],[-79.3266297,43.6624621],[-79.3264297,43.662506],[-79.3263672,43.6623562]]]}},{"type":"Feature","properties":{"form":"houses"},"geometry":{"type":"Polygon","coordinates":[[[-79.3220879,43.6640177],[-79.3220465,43.6639233],[-79.3221681,43.6638952],[-79.322177,43.6639156],[-79.3222229,43.663905],[-79.3222463,43.6639584],[-79.3221991,43.6639693],[-79.3222091,43.6639921],[-79.3220879,43.6640177]]]}},{"type":"Feature","properties":{"form":"houses"},"geometry":{"type":"Polygon","coordinates":[[[-79.3259853,43.662445],[-79.3260804,43.6624246],[-79.3261485,43.6625924],[-79.3260534,43.6626127],[-79.3259853,43.662445]]]}},{"type":"Feature","properties":{"form":"houses"},"geometry":{"type":"Polygon","coordinates":[[[-79.3225013,43.6644588],[-79.3225241,43.6645111],[-79.3223329,43.6645547],[-79.3223101,43.6645023],[-79.3225013,43.6644588]]]}},{"type":"Feature","properties":{"form":"other"},"geometry":{"type":"Polygon","coordinates":[[[-79.3264285,43.662517],[-79.3266384,43.6624686],[-79.3266737,43.6625496],[-79.3264639,43.6625979],[-79.3264285,43.662517]]]}},{"type":"Feature","properties":{"form":"houses"},"geometry":{"type":"Polygon","coordinates":[[[-79.3273493,43.6626287],[-79.3269547,43.6627189],[-79.3269169,43.6626316],[-79.3273115,43.6625415],[-79.3273493,43.6626287]]]}},{"type":"Feature","properties":{"form":"houses"},"geometry":{"type":"Polygon","coordinates":[[[-79.3261361,43.6628308],[-79.32626,43.6628031],[-79.3262888,43.662871],[-79.3261649,43.6628987],[-79.3261361,43.6628308]]]}},{"type":"Feature","properties":{"form":"apartments"},"geometry":{"type":"Polygon","coordinates":[[[-79.3263311,43.6711727],[-79.3261295,43.6712164],[-79.3260489,43.6710163],[-79.3262525,43.6709731],[-79.3263311,43.6711727]]]}},{"type":"Feature","properties":{"form":"apartments"},"geometry":{"type":"Polygon","coordinates":[[[-79.3260958,43.6712174],[-79.3258944,43.6712677],[-79.3258125,43.6710677],[-79.3260167,43.6710243],[-79.3260958,43.6712174]]]}},{"type":"Feature","properties":{"form":"houses"},"geometry":{"type":"Polygon","coordinates":[[[-79.3291918,43.6617765],[-79.3294248,43.6617448],[-79.3294459,43.661796],[-79.3292201,43.6618451],[-79.3291918,43.6617765]]]}},{"type":"Feature","properties":{"form":"houses"},"geometry":{"type":"Polygon","coordinates":[[[-79.3219285,43.6774272],[-79.3218937,43.6773469],[-79.3219403,43.6773364],[-79.3218966,43.6772336],[-79.321851,43.6772439],[-79.3218171,43.6771654],[-79.322034,43.6771153],[-79.3221471,43.6773787],[-79.3219285,43.6774272]]]}},{"type":"Feature","properties":{"form":"other"},"geometry":{"type":"Polygon","coordinates":[[[-79.3240311,43.6782884],[-79.3239865,43.6783057],[-79.3240035,43.6783286],[-79.3238977,43.67837],[-79.3238804,43.6783466],[-79.3238563,43.6783559],[-79.3238109,43.6782939],[-79.3238353,43.6782845],[-79.3235813,43.677942],[-79.3236962,43.6778971],[-79.3239411,43.6782436],[-79.3239857,43.6782264],[-79.3240311,43.6782884]]]}},{"type":"Feature","properties":{"form":"houses"},"geometry":{"type":"Polygon","coordinates":[[[-79.3236532,43.677838],[-79.3234985,43.6778988],[-79.3234593,43.6778463],[-79.3234952,43.6778322],[-79.3234397,43.6777579],[-79.3235586,43.6777112],[-79.3236532,43.677838]]]}},{"type":"Feature","properties":{"form":"houses"},"geometry":{"type":"Polygon","coordinates":[[[-79.327188,43.6781909],[-79.3272763,43.6781719],[-79.3273008,43.6782319],[-79.3272125,43.6782509],[-79.327188,43.6781909]]]}},{"type":"Feature","properties":{"form":"houses"},"geometry":{"type":"Polygon","coordinates":[[[-79.3399859,43.6582702],[-79.3400553,43.6582554],[-79.3401552,43.6585003],[-79.3400858,43.6585151],[-79.3399859,43.6582702]]]}},{"type":"Feature","properties":{"form":"houses"},"geometry":{"type":"Polygon","coordinates":[[[-79.3406187,43.658442],[-79.340445,43.6584795],[-79.3403193,43.6581729],[-79.340493,43.6581354],[-79.3406187,43.658442]]]}},{"type":"Feature","properties":{"form":"other"},"geometry":{"type":"Polygon","coordinates":[[[-79.3406852,43.6582601],[-79.3405837,43.6582813],[-79.3405261,43.6581363],[-79.3406276,43.6581151],[-79.3406852,43.6582601]]]}},{"type":"Feature","properties":{"form":"other"},"geometry":{"type":"Polygon","coordinates":[[[-79.3413362,43.6574456],[-79.3414421,43.6574227],[-79.3415668,43.6577272],[-79.3414623,43.6577497],[-79.3413362,43.6574456]]]}},{"type":"Feature","properties":{"form":"houses"},"geometry":{"type":"Polygon","coordinates":[[[-79.341271,43.6566538],[-79.3410937,43.6566926],[-79.3409134,43.6562577],[-79.3410907,43.6562189],[-79.341271,43.6566538]]]}},{"type":"Feature","properties":{"form":"houses"},"geometry":{"type":"Polygon","coordinates":[[[-79.3469775,43.6586974],[-79.3467351,43.6587506],[-79.3466263,43.6584914],[-79.3468687,43.6584381],[-79.3469775,43.6586974]]]}},{"type":"Feature","properties":{"form":"houses"},"geometry":{"type":"Polygon","coordinates":[[[-79.3466427,43.6580388],[-79.3464573,43.6580768],[-79.3464366,43.658028],[-79.3464565,43.6580238],[-79.3464486,43.6579748],[-79.3466031,43.6579404],[-79.3466427,43.6580388]]]}},{"type":"Feature","properties":{"form":"other"},"geometry":{"type":"Polygon","coordinates":[[[-79.3512403,43.6573141],[-79.3505251,43.6574723],[-79.3504801,43.6573653],[-79.3507667,43.6573019],[-79.3507889,43.6573548],[-79.3512183,43.6572597],[-79.3512403,43.6573141]]]}},{"type":"Feature","properties":{"form":"other"},"geometry":{"type":"Polygon","coordinates":[[[-79.3568041,43.6605432],[-79.3567664,43.6604498],[-79.356915,43.6604182],[-79.356931,43.6604579],[-79.3568818,43.6604683],[-79.3568888,43.6604857],[-79.3569385,43.6604752],[-79.3569531,43.6605115],[-79.3568041,43.6605432]]]}},{"type":"Feature","properties":{"form":"other"},"geometry":{"type":"Polygon","coordinates":[[[-79.3508552,43.6623782],[-79.3507636,43.6622011],[-79.3508772,43.6621758],[-79.3509188,43.6623139],[-79.3508838,43.6623218],[-79.3509033,43.6623676],[-79.3508552,43.6623782]]]}},{"type":"Feature","properties":{"form":"other"},"geometry":{"type":"Polygon","coordinates":[[[-79.3509115,43.6622654],[-79.3511261,43.6622184],[-79.3511887,43.6623513],[-79.3509776,43.6623982],[-79.3509634,43.6623606],[-79.3510518,43.6623346],[-79.3509033,43.6623676],[-79.3508838,43.6623218],[-79.3509188,43.6623139],[-79.3509115,43.6622654]]]}},{"type":"Feature","properties":{"form":"other"},"geometry":{"type":"Polygon","coordinates":[[[-79.3511081,43.6621758],[-79.3508975,43.6622233],[-79.350877,43.6621731],[-79.3510873,43.6621264],[-79.3511081,43.6621758]]]}},{"type":"Feature","properties":{"form":"other"},"geometry":{"type":"Polygon","coordinates":[[[-79.3512254,43.6630945],[-79.3511411,43.6628965],[-79.3513901,43.662841],[-79.3514744,43.6630391],[-79.3512254,43.6630945]]]}},{"type":"Feature","properties":{"form":"other"},"geometry":{"type":"Polygon","coordinates":[[[-79.3508975,43.6622233],[-79.3511081,43.6621758],[-79.3511261,43.6622184],[-79.3509115,43.6622654],[-79.3508975,43.6622233]]]}},{"type":"Feature","properties":{"form":"other"},"geometry":{"type":"Polygon","coordinates":[[[-79.3505499,43.6618995],[-79.350875,43.6618271],[-79.350886,43.661853],[-79.3509621,43.6618361],[-79.3510046,43.6619368],[-79.3506034,43.6620261],[-79.3505499,43.6618995]]]}},{"type":"Feature","properties":{"form":"other"},"geometry":{"type":"Polygon","coordinates":[[[-79.3508777,43.6616431],[-79.3509436,43.6617995],[-79.3505469,43.6618869],[-79.3504844,43.6617383],[-79.3508777,43.6616431]]]}},{"type":"Feature","properties":{"form":"other"},"geometry":{"type":"Polygon","coordinates":[[[-79.3508251,43.6623387],[-79.3508552,43.6623782],[-79.3507615,43.6623991],[-79.3507437,43.6623568],[-79.3508251,43.6623387]]]}},{"type":"Feature","properties":{"form":"other"},"geometry":{"type":"Polygon","coordinates":[[[-79.3507367,43.6621512],[-79.3508434,43.6621278],[-79.3508234,43.6620798],[-79.3509227,43.6620579],[-79.3507456,43.662076],[-79.3507247,43.662026],[-79.3507646,43.6620172],[-79.3507568,43.6619986],[-79.3510112,43.6619426],[-79.3510833,43.6621152],[-79.3507542,43.6621929],[-79.3507367,43.6621512]]]}},{"type":"Feature","properties":{"form":"houses"},"geometry":{"type":"Polygon","coordinates":[[[-79.3572389,43.6606174],[-79.3568533,43.6606971],[-79.3568164,43.660591],[-79.3569225,43.6605673],[-79.3569363,43.6605999],[-79.3569642,43.6605936],[-79.3569517,43.6605639],[-79.3570567,43.6605404],[-79.3570699,43.6605716],[-79.357096,43.6605658],[-79.3570834,43.6605361],[-79.3571918,43.6604957],[-79.3572389,43.6606174]]]}},{"type":"Feature","properties":{"form":"other"},"geometry":{"type":"Polygon","coordinates":[[[-79.3570666,43.6652475],[-79.3570349,43.6652526],[-79.3570249,43.6652199],[-79.3570565,43.6652147],[-79.3570666,43.6652475]]]}},{"type":"Feature","properties":{"form":"houses"},"geometry":{"type":"Polygon","coordinates":[[[-79.3622157,43.65777],[-79.3621772,43.6576756],[-79.3626706,43.6575659],[-79.36271,43.6576639],[-79.3622157,43.65777]]]}},{"type":"Feature","properties":{"form":"houses"},"geometry":{"type":"Polygon","coordinates":[[[-79.3623675,43.6581305],[-79.3623272,43.6580365],[-79.3628192,43.6579251],[-79.3628616,43.6580225],[-79.3623675,43.6581305]]]}},{"type":"Feature","properties":{"form":"other"},"geometry":{"type":"Polygon","coordinates":[[[-79.3625767,43.6579165],[-79.362496,43.6579339],[-79.3624509,43.6578238],[-79.3625317,43.6578064],[-79.3625767,43.6579165]]]}},{"type":"Feature","properties":{"form":"houses"},"geometry":{"type":"Polygon","coordinates":[[[-79.3622996,43.6579781],[-79.3622549,43.6578674],[-79.3623882,43.6578381],[-79.3624344,43.6579484],[-79.3622996,43.6579781]]]}},{"type":"Feature","properties":{"form":"other"},"geometry":{"type":"Polygon","coordinates":[[[-79.360264,43.6582567],[-79.3601867,43.6582035],[-79.3603947,43.6581578],[-79.3604165,43.6582187],[-79.360264,43.6582567]]]}},{"type":"Feature","properties":{"form":"houses"},"geometry":{"type":"Polygon","coordinates":[[[-79.3626587,43.6578989],[-79.3626124,43.6577886],[-79.3627458,43.6577591],[-79.3627934,43.6578692],[-79.3626587,43.6578989]]]}},{"type":"Feature","properties":{"form":"other"},"geometry":{"type":"Polygon","coordinates":[[[-79.3558862,43.6528053],[-79.3558502,43.6528136],[-79.3558124,43.6527269],[-79.3562899,43.6526173],[-79.355854,43.6527315],[-79.3558862,43.6528053]]]}},{"type":"Feature","properties":{"form":"other"},"geometry":{"type":"Polygon","coordinates":[[[-79.3338438,43.6930838],[-79.3338545,43.69311],[-79.3337824,43.6931255],[-79.3337717,43.6930993],[-79.3338438,43.6930838]]]}},{"type":"Feature","properties":{"form":"other"},"geometry":{"type":"Polygon","coordinates":[[[-79.3338438,43.6930838],[-79.333915,43.6930684],[-79.3339258,43.6930946],[-79.3338545,43.69311],[-79.3338438,43.6930838]]]}},{"type":"Feature","properties":{"form":"houses"},"geometry":{"type":"Polygon","coordinates":[[[-79.4167257,43.6731327],[-79.4167375,43.6731618],[-79.4167103,43.673171],[-79.4165321,43.6732073],[-79.4165218,43.6731771],[-79.4167257,43.6731327]]]}},{"type":"Feature","properties":{"form":"houses"},"geometry":{"type":"Polygon","coordinates":[[[-79.417083,43.6730923],[-79.4170663,43.6730487],[-79.4172064,43.6730188],[-79.4172399,43.67306],[-79.417083,43.6730923]]]}},{"type":"Feature","properties":{"form":"apartments"},"geometry":{"type":"Polygon","coordinates":[[[-79.4170287,43.6730116],[-79.4169959,43.6729401],[-79.4174281,43.6728451],[-79.4175152,43.6730538],[-79.4172945,43.673098],[-79.4172409,43.6729668],[-79.4170287,43.6730116]]]}},{"type":"Feature","properties":{"form":"houses"},"geometry":{"type":"Polygon","coordinates":[[[-79.4169413,43.6728146],[-79.4168977,43.6726834],[-79.4169539,43.6726711],[-79.417001,43.672784],[-79.4169868,43.6728046],[-79.4169413,43.6728146]]]}},{"type":"Feature","properties":{"form":"houses"},"geometry":{"type":"Polygon","coordinates":[[[-79.4167127,43.6730995],[-79.4164693,43.6731481],[-79.4164571,43.6731158],[-79.4166767,43.6730666],[-79.4167127,43.6730995]]]}},{"type":"Feature","properties":{"form":"houses"},"geometry":{"type":"Polygon","coordinates":[[[-79.4166034,43.6728719],[-79.4166136,43.6728979],[-79.4165079,43.6729197],[-79.4164328,43.6729327],[-79.4164229,43.6729074],[-79.4166034,43.6728719]]]}},{"type":"Feature","properties":{"form":"other"},"geometry":{"type":"Polygon","coordinates":[[[-79.4166779,43.672805],[-79.4165579,43.6728455],[-79.4165284,43.6727715],[-79.416631,43.6727483],[-79.416661,43.6727608],[-79.4166779,43.672805]]]}},{"type":"Feature","properties":{"form":"houses"},"geometry":{"type":"Polygon","coordinates":[[[-79.4165177,43.6729584],[-79.4165082,43.6729366],[-79.4165552,43.6729154],[-79.4166786,43.6728941],[-79.4166893,43.6729213],[-79.4165177,43.6729584]]]}},{"type":"Feature","properties":{"form":"houses"},"geometry":{"type":"Polygon","coordinates":[[[-79.4167283,43.673205],[-79.4167417,43.6732365],[-79.4165558,43.6732779],[-79.4165222,43.6732477],[-79.4167283,43.673205]]]}},{"type":"Feature","properties":{"form":"houses"},"geometry":{"type":"Polygon","coordinates":[[[-79.4167465,43.6729984],[-79.4167585,43.6730288],[-79.4167416,43.6730448],[-79.4166466,43.6730644],[-79.4165777,43.6730733],[-79.4165272,43.6730412],[-79.4167465,43.6729984]]]}},{"type":"Feature","properties":{"form":"houses"},"geometry":{"type":"Polygon","coordinates":[[[-79.4170696,43.6727824],[-79.4170414,43.672783],[-79.4170463,43.6728137],[-79.4170149,43.6728206],[-79.4169585,43.6726703],[-79.4170214,43.6726565],[-79.4170696,43.6727824]]]}},{"type":"Feature","properties":{"form":"houses"},"geometry":{"type":"Polygon","coordinates":[[[-79.4172769,43.6726013],[-79.417332,43.6725892],[-79.4173875,43.6727222],[-79.4173318,43.6727345],[-79.4172769,43.6726013]]]}},{"type":"Feature","properties":{"form":"houses"},"geometry":{"type":"Polygon","coordinates":[[[-79.4171541,43.6726297],[-79.4172043,43.6726186],[-79.417257,43.6727716],[-79.4172126,43.6727814],[-79.4171541,43.6726297]]]}},{"type":"Feature","properties":{"form":"other"},"geometry":{"type":"Polygon","coordinates":[[[-79.4176367,43.6727854],[-79.4177245,43.6730076],[-79.4176358,43.6730159],[-79.417611,43.6729532],[-79.4175123,43.672942],[-79.4174719,43.6728399],[-79.4176367,43.6727854]]]}},{"type":"Feature","properties":{"form":"apartments"},"geometry":{"type":"Polygon","coordinates":[[[-79.4175033,43.6825076],[-79.4176702,43.6829377],[-79.4176213,43.6829479],[-79.4176856,43.6831065],[-79.4180622,43.6830277],[-79.4179941,43.6829042],[-79.4180299,43.6828965],[-79.417864,43.6824348],[-79.4175033,43.6825076]]]}},{"type":"Feature","properties":{"form":"other"},"geometry":{"type":"Polygon","coordinates":[[[-79.4167181,43.6852004],[-79.4166024,43.6852218],[-79.4165795,43.6851601],[-79.4166948,43.6851376],[-79.4167181,43.6852004]]]}},{"type":"Feature","properties":{"form":"other"},"geometry":{"type":"Polygon","coordinates":[[[-79.4163017,43.6844606],[-79.416243,43.6844719],[-79.4162193,43.6844067],[-79.4162781,43.6843954],[-79.4163017,43.6844606]]]}},{"type":"Feature","properties":{"form":"other"},"geometry":{"type":"Polygon","coordinates":[[[-79.4138853,43.6716061],[-79.4138491,43.6715205],[-79.4142622,43.6714015],[-79.4143091,43.6715124],[-79.4138853,43.6716061]]]}},{"type":"Feature","properties":{"form":"other"},"geometry":{"type":"Polygon","coordinates":[[[-79.4139105,43.6716755],[-79.4138853,43.6716061],[-79.4142837,43.671518],[-79.4143128,43.6715876],[-79.4139105,43.6716755]]]}},{"type":"Feature","properties":{"form":"other"},"geometry":{"type":"Polygon","coordinates":[[[-79.4139286,43.6717186],[-79.4139105,43.6716755],[-79.4143128,43.6715876],[-79.4143301,43.6716303],[-79.4139286,43.6717186]]]}},{"type":"Feature","properties":{"form":"other"},"geometry":{"type":"Polygon","coordinates":[[[-79.4139491,43.6717657],[-79.4139286,43.6717186],[-79.4140914,43.6716828],[-79.4141114,43.6717295],[-79.4139491,43.6717657]]]}},{"type":"Feature","properties":{"form":"other"},"geometry":{"type":"Polygon","coordinates":[[[-79.4139684,43.6718077],[-79.4139491,43.6717657],[-79.4143519,43.6716769],[-79.41437,43.6717206],[-79.4139684,43.6718077]]]}},{"type":"Feature","properties":{"form":"apartments"},"geometry":{"type":"Polygon","coordinates":[[[-79.4139986,43.671881],[-79.4139684,43.6718077],[-79.41437,43.6717206],[-79.4144011,43.6717942],[-79.4139986,43.671881]]]}},{"type":"Feature","properties":{"form":"houses"},"geometry":{"type":"Polygon","coordinates":[[[-79.4140431,43.6713522],[-79.4140075,43.6713594],[-79.4140166,43.6713829],[-79.4138507,43.6714141],[-79.4138369,43.6713152],[-79.4138132,43.6713201],[-79.4137992,43.671284],[-79.4139648,43.6712466],[-79.4139732,43.6712683],[-79.4140178,43.6712593],[-79.4140431,43.6713522]]]}},{"type":"Feature","properties":{"form":"houses"},"geometry":{"type":"Polygon","coordinates":[[[-79.4139916,43.6712078],[-79.4139536,43.6712155],[-79.4139637,43.6712414],[-79.4137946,43.6712736],[-79.4137838,43.6711762],[-79.4137579,43.6711815],[-79.4137432,43.6711437],[-79.4139092,43.6711048],[-79.4139182,43.6711278],[-79.4139567,43.67112],[-79.4139916,43.6712078]]]}},{"type":"Feature","properties":{"form":"houses"},"geometry":{"type":"Polygon","coordinates":[[[-79.4140709,43.6714274],[-79.4140472,43.6714599],[-79.4139005,43.671489],[-79.4138521,43.6714265],[-79.4140266,43.671389],[-79.4140581,43.6713938],[-79.4140709,43.6714274]]]}},{"type":"Feature","properties":{"form":"houses"},"geometry":{"type":"Polygon","coordinates":[[[-79.4139142,43.6710279],[-79.4137103,43.6710757],[-79.4136917,43.6710304],[-79.4137212,43.671024],[-79.4137132,43.6710044],[-79.4136821,43.6710112],[-79.4136667,43.6709737],[-79.4138735,43.670929],[-79.4139142,43.6710279]]]}},{"type":"Feature","properties":{"form":"other"},"geometry":{"type":"Polygon","coordinates":[[[-79.4144292,43.6722689],[-79.4143201,43.6722928],[-79.4142732,43.6721798],[-79.4143822,43.6721559],[-79.4144292,43.6722689]]]}},{"type":"Feature","properties":{"form":"apartments"},"geometry":{"type":"Polygon","coordinates":[[[-79.4096595,43.6744247],[-79.4095835,43.6744572],[-79.4095241,43.6743891],[-79.4095045,43.6743197],[-79.4096243,43.6742959],[-79.4096595,43.6744247]]]}},{"type":"Feature","properties":{"form":"apartments"},"geometry":{"type":"Polygon","coordinates":[[[-79.4098474,43.6743663],[-79.4097983,43.6743542],[-79.4097292,43.6742187],[-79.409786,43.674207],[-79.4098474,43.6743663]]]}},{"type":"Feature","properties":{"form":"houses"},"geometry":{"type":"Polygon","coordinates":[[[-79.4138505,43.6733762],[-79.4139133,43.6733636],[-79.4139556,43.6734745],[-79.4138957,43.6734865],[-79.4138505,43.6733762]]]}},{"type":"Feature","properties":{"form":"houses"},"geometry":{"type":"Polygon","coordinates":[[[-79.4097274,43.6743868],[-79.4096821,43.6743962],[-79.4096134,43.6742631],[-79.4096738,43.6742506],[-79.4097274,43.6743868]]]}},{"type":"Feature","properties":{"form":"houses"},"geometry":{"type":"Polygon","coordinates":[[[-79.4100897,43.6741489],[-79.4101484,43.6741498],[-79.4102025,43.67432],[-79.4101681,43.6743271],[-79.4101429,43.6742954],[-79.4100897,43.6741489]]]}},{"type":"Feature","properties":{"form":"apartments"},"geometry":{"type":"Polygon","coordinates":[[[-79.4101995,43.6741217],[-79.4102652,43.6741266],[-79.4102981,43.6742579],[-79.4102548,43.6742669],[-79.4101995,43.6741217]]]}},{"type":"Feature","properties":{"form":"houses"},"geometry":{"type":"Polygon","coordinates":[[[-79.4112424,43.673898],[-79.4113073,43.6739017],[-79.4113558,43.6740647],[-79.4113127,43.6740736],[-79.4112424,43.673898]]]}},{"type":"Feature","properties":{"form":"houses"},"geometry":{"type":"Polygon","coordinates":[[[-79.4111339,43.6739226],[-79.41119,43.673911],[-79.411225,43.6740476],[-79.4111872,43.6740554],[-79.4111339,43.6739226]]]}},{"type":"Feature","properties":{"form":"houses"},"geometry":{"type":"Polygon","coordinates":[[[-79.4114246,43.674048],[-79.4113799,43.6740573],[-79.4113047,43.6738841],[-79.411355,43.6738737],[-79.4114246,43.674048]]]}},{"type":"Feature","properties":{"form":"houses"},"geometry":{"type":"Polygon","coordinates":[[[-79.4137535,43.6735163],[-79.4136876,43.6735291],[-79.4136463,43.6733998],[-79.4137046,43.673389],[-79.4137535,43.6735163]]]}},{"type":"Feature","properties":{"form":"apartments"},"geometry":{"type":"Polygon","coordinates":[[[-79.4140516,43.6734286],[-79.4139599,43.673448],[-79.4139202,43.6733369],[-79.4140111,43.6733176],[-79.4140516,43.6734286]]]}},{"type":"Feature","properties":{"form":"other"},"geometry":{"type":"Polygon","coordinates":[[[-79.4142118,43.6734104],[-79.4142248,43.6734455],[-79.4141717,43.6734558],[-79.4140985,43.6732974],[-79.4142765,43.6732628],[-79.4143388,43.6734315],[-79.4142675,43.6734431],[-79.4142525,43.6734025],[-79.4142118,43.6734104]]]}},{"type":"Feature","properties":{"form":"houses"},"geometry":{"type":"Polygon","coordinates":[[[-79.405625,43.6787371],[-79.405557,43.6788224],[-79.4053627,43.6787414],[-79.4054294,43.6786715],[-79.405625,43.6787371]]]}},{"type":"Feature","properties":{"form":"houses"},"geometry":{"type":"Polygon","coordinates":[[[-79.4053514,43.6788909],[-79.4052554,43.6789684],[-79.4051506,43.6789004],[-79.4052487,43.6788243],[-79.4053514,43.6788909]]]}},{"type":"Feature","properties":{"form":"houses"},"geometry":{"type":"Polygon","coordinates":[[[-79.4053355,43.6791636],[-79.4053332,43.6791851],[-79.4053844,43.6791879],[-79.4053659,43.6793239],[-79.4053993,43.6793258],[-79.4053921,43.679379],[-79.4051185,43.6793369],[-79.4051219,43.6793048],[-79.4052497,43.6793119],[-79.4052543,43.6792747],[-79.4052089,43.6792717],[-79.4052149,43.6792152],[-79.405245,43.6792168],[-79.4052499,43.6791712],[-79.4052736,43.6791602],[-79.4053355,43.6791636]]]}},{"type":"Feature","properties":{"form":"houses"},"geometry":{"type":"Polygon","coordinates":[[[-79.4056886,43.678613],[-79.405653,43.6787093],[-79.4054352,43.6786671],[-79.4054772,43.6785884],[-79.4056886,43.678613]]]}},{"type":"Feature","properties":{"form":"houses"},"geometry":{"type":"Polygon","coordinates":[[[-79.4054633,43.6788126],[-79.4053653,43.6788908],[-79.4052612,43.6788226],[-79.405357,43.678743],[-79.4054633,43.6788126]]]}},{"type":"Feature","properties":{"form":"apartments"},"geometry":{"type":"Polygon","coordinates":[[[-79.413514,43.6705971],[-79.4138965,43.6705136],[-79.4139161,43.6705624],[-79.4135561,43.6706387],[-79.4135309,43.6706393],[-79.413514,43.6705971]]]}},{"type":"Feature","properties":{"form":"other"},"geometry":{"type":"Polygon","coordinates":[[[-79.4042772,43.6757878],[-79.4043187,43.6758953],[-79.4042434,43.6759105],[-79.4042019,43.675803],[-79.4042772,43.6757878]]]}},{"type":"Feature","properties":{"form":"houses"},"geometry":{"type":"Polygon","coordinates":[[[-79.4062609,43.6751686],[-79.406307,43.6752852],[-79.4062199,43.6753033],[-79.4061737,43.6751866],[-79.4062609,43.6751686]]]}},{"type":"Feature","properties":{"form":"other"},"geometry":{"type":"Polygon","coordinates":[[[-79.4075873,43.6751951],[-79.407451,43.675222],[-79.4074455,43.6752074],[-79.407489,43.6751989],[-79.4074673,43.6751408],[-79.4075602,43.6751225],[-79.4075873,43.6751951]]]}},{"type":"Feature","properties":{"form":"houses"},"geometry":{"type":"Polygon","coordinates":[[[-79.4060375,43.6753614],[-79.4059717,43.6753746],[-79.4059153,43.6752277],[-79.4059874,43.6752303],[-79.4060375,43.6753614]]]}},{"type":"Feature","properties":{"form":"other"},"geometry":{"type":"Polygon","coordinates":[[[-79.4079179,43.6633229],[-79.407931,43.6633551],[-79.4078553,43.6633713],[-79.4078422,43.6633391],[-79.4079179,43.6633229]]]}},{"type":"Feature","properties":{"form":"other"},"geometry":{"type":"Polygon","coordinates":[[[-79.4103446,43.6620101],[-79.4103692,43.6620053],[-79.4103614,43.6619844],[-79.41054,43.6619495],[-79.410594,43.6621084],[-79.4101554,43.6621974],[-79.4101286,43.662128],[-79.4101463,43.6621244],[-79.4101259,43.6620881],[-79.4101425,43.6620756],[-79.4100916,43.6620187],[-79.4101155,43.6620135],[-79.4101071,43.6619898],[-79.410349,43.6619423],[-79.4103574,43.6619651],[-79.4103299,43.6619704],[-79.4103446,43.6620101]]]}},{"type":"Feature","properties":{"form":"apartments"},"geometry":{"type":"Polygon","coordinates":[[[-79.4023719,43.6897698],[-79.4019977,43.689848],[-79.4019041,43.6896194],[-79.4022749,43.6895393],[-79.4023719,43.6897698]]]}},{"type":"Feature","properties":{"form":"apartments"},"geometry":{"type":"Polygon","coordinates":[[[-79.3990135,43.6864403],[-79.3989484,43.6864533],[-79.3989611,43.6864877],[-79.3987057,43.6865396],[-79.3987178,43.6865736],[-79.3985776,43.6866002],[-79.3984194,43.6861624],[-79.398945,43.6860339],[-79.3990054,43.6862046],[-79.398929,43.6862191],[-79.3990135,43.6864403]]]}},{"type":"Feature","properties":{"form":"houses"},"geometry":{"type":"Polygon","coordinates":[[[-79.399228,43.6862846],[-79.3991753,43.686295],[-79.3991129,43.6861293],[-79.399165,43.686119],[-79.399228,43.6862846]]]}},{"type":"Feature","properties":{"form":"houses"},"geometry":{"type":"Polygon","coordinates":[[[-79.4001634,43.6860908],[-79.4002554,43.6860847],[-79.4002885,43.6861752],[-79.4002003,43.686192],[-79.4001634,43.6860908]]]}},{"type":"Feature","properties":{"form":"other"},"geometry":{"type":"Polygon","coordinates":[[[-79.4076067,43.6617336],[-79.4076498,43.6618456],[-79.4075869,43.6618583],[-79.4075438,43.6617463],[-79.4076067,43.6617336]]]}},{"type":"Feature","properties":{"form":"other"},"geometry":{"type":"Polygon","coordinates":[[[-79.4090995,43.6615649],[-79.4090179,43.6615802],[-79.408971,43.6614763],[-79.4090023,43.661469],[-79.4089929,43.6614477],[-79.4090481,43.6614349],[-79.4090995,43.6615649]]]}},{"type":"Feature","properties":{"form":"other"},"geometry":{"type":"Polygon","coordinates":[[[-79.4076663,43.6618404],[-79.4076173,43.6617206],[-79.4077452,43.6617211],[-79.4077821,43.6618171],[-79.4076663,43.6618404]]]}},{"type":"Feature","properties":{"form":"other"},"geometry":{"type":"Polygon","coordinates":[[[-79.4074523,43.6617475],[-79.4074751,43.6618274],[-79.4072654,43.6618655],[-79.4072227,43.6617813],[-79.4074523,43.6617475]]]}},{"type":"Feature","properties":{"form":"other"},"geometry":{"type":"Polygon","coordinates":[[[-79.4089689,43.6615945],[-79.4086081,43.6616653],[-79.408566,43.6615377],[-79.4087239,43.6615142],[-79.4087895,43.6615816],[-79.4089488,43.6615466],[-79.4089689,43.6615945]]]}},{"type":"Feature","properties":{"form":"other"},"geometry":{"type":"Polygon","coordinates":[[[-79.4075002,43.6618301],[-79.4075146,43.6618702],[-79.4072829,43.6619141],[-79.4072664,43.6618681],[-79.4075002,43.6618301]]]}},{"type":"Feature","properties":{"form":"other"},"geometry":{"type":"Polygon","coordinates":[[[-79.371049,43.6656733],[-79.3709022,43.6657149],[-79.3708855,43.6656979],[-79.3709179,43.6656675],[-79.3709937,43.6656512],[-79.371049,43.6656733]]]}},{"type":"Feature","properties":{"form":"houses"},"geometry":{"type":"Polygon","coordinates":[[[-79.3640247,43.6643136],[-79.3639905,43.6643209],[-79.3639772,43.6642878],[-79.3640114,43.6642805],[-79.3640247,43.6643136]]]}},{"type":"Feature","properties":{"form":"houses"},"geometry":{"type":"Polygon","coordinates":[[[-79.344648,43.6661773],[-79.3440305,43.6663269],[-79.3439772,43.6663291],[-79.3439593,43.6662857],[-79.344026,43.6661847],[-79.3445812,43.6660636],[-79.344648,43.6661773]]]}},{"type":"Feature","properties":{"form":"houses"},"geometry":{"type":"Polygon","coordinates":[[[-79.3445486,43.6659897],[-79.3443451,43.6660571],[-79.3442374,43.6658577],[-79.3442727,43.6658474],[-79.3442421,43.6657914],[-79.3442576,43.6657691],[-79.3441842,43.6657401],[-79.3442197,43.6656784],[-79.344287,43.6657004],[-79.3443634,43.6656742],[-79.3445486,43.6659897]]]}},{"type":"Feature","properties":{"form":"apartments"},"geometry":{"type":"Polygon","coordinates":[[[-79.3417738,43.6655544],[-79.3418808,43.6658081],[-79.3415283,43.6658859],[-79.3414907,43.6657967],[-79.341374,43.6658224],[-79.3413042,43.6656567],[-79.3414473,43.6656252],[-79.3414338,43.6655933],[-79.3416418,43.6655475],[-79.3416557,43.6655805],[-79.3417738,43.6655544]]]}},{"type":"Feature","properties":{"form":"apartments"},"geometry":{"type":"Polygon","coordinates":[[[-79.3418379,43.6663813],[-79.3420885,43.6663268],[-79.342145,43.6664638],[-79.3418944,43.6665183],[-79.3418379,43.6663813]]]}},{"type":"Feature","properties":{"form":"other"},"geometry":{"type":"Polygon","coordinates":[[[-79.3404093,43.6641199],[-79.3402972,43.6641466],[-79.340248,43.664085],[-79.3403773,43.6640491],[-79.3404093,43.6641199]]]}},{"type":"Feature","properties":{"form":"houses"},"geometry":{"type":"Polygon","coordinates":[[[-79.3345189,43.6671238],[-79.3343667,43.6671519],[-79.3343835,43.6671835],[-79.3340831,43.6672601],[-79.3340415,43.6671544],[-79.3344881,43.6670404],[-79.3345189,43.6671238]]]}},{"type":"Feature","properties":{"form":"houses"},"geometry":{"type":"Polygon","coordinates":[[[-79.3380978,43.6729974],[-79.3382604,43.672949],[-79.3382913,43.6730088],[-79.3380692,43.6730631],[-79.3380571,43.6730318],[-79.3380982,43.6730234],[-79.3380978,43.6729974]]]}},{"type":"Feature","properties":{"form":"houses"},"geometry":{"type":"Polygon","coordinates":[[[-79.3380035,43.672918],[-79.3381993,43.6728723],[-79.3382524,43.6729399],[-79.338032,43.6729875],[-79.3380035,43.672918]]]}},{"type":"Feature","properties":{"form":"other"},"geometry":{"type":"Polygon","coordinates":[[[-79.416147,43.6583603],[-79.4157487,43.6584438],[-79.4156869,43.6583387],[-79.4160206,43.6582709],[-79.4160323,43.6583012],[-79.4161175,43.6582838],[-79.416147,43.6583603]]]}},{"type":"Feature","properties":{"form":"other"},"geometry":{"type":"Polygon","coordinates":[[[-79.4003163,43.6668291],[-79.400276,43.6666944],[-79.4003635,43.6666942],[-79.4004088,43.6668101],[-79.4003163,43.6668291]]]}},{"type":"Feature","properties":{"form":"houses"},"geometry":{"type":"Polygon","coordinates":[[[-79.4016014,43.6651865],[-79.4015493,43.6651975],[-79.401467,43.6650354],[-79.4015372,43.6650274],[-79.4016014,43.6651865]]]}},{"type":"Feature","properties":{"form":"houses"},"geometry":{"type":"Polygon","coordinates":[[[-79.4013785,43.6650439],[-79.4014496,43.6650297],[-79.4015031,43.6652115],[-79.4014507,43.6652219],[-79.4013785,43.6650439]]]}},{"type":"Feature","properties":{"form":"other"},"geometry":{"type":"Polygon","coordinates":[[[-79.360237,43.6751631],[-79.359551,43.6753164],[-79.359546,43.6753033],[-79.360237,43.6751631]]]}},{"type":"Feature","properties":{"form":"other"},"geometry":{"type":"Polygon","coordinates":[[[-79.4141332,43.6299412],[-79.4141196,43.6299027],[-79.414047,43.6298694],[-79.4140713,43.6298235],[-79.4142065,43.6298381],[-79.4142362,43.6299219],[-79.4141332,43.6299412]]]}},{"type":"Feature","properties":{"form":"other"},"geometry":{"type":"Polygon","coordinates":[[[-79.4135111,43.6289334],[-79.4134099,43.6289339],[-79.4134087,43.6288015],[-79.4135099,43.628801],[-79.4135111,43.6289334]]]}},{"type":"Feature","properties":{"form":"other"},"geometry":{"type":"Polygon","coordinates":[[[-79.4129856,43.6277197],[-79.4128555,43.627749],[-79.4128168,43.6276589],[-79.4129469,43.6276296],[-79.4129856,43.6277197]]]}},{"type":"Feature","properties":{"form":"other"},"geometry":{"type":"Polygon","coordinates":[[[-79.4150931,43.6274367],[-79.4150881,43.627356],[-79.4152327,43.6273547],[-79.415234,43.6274334],[-79.4152037,43.6274718],[-79.4151336,43.6274789],[-79.4150931,43.6274367]]]}},{"type":"Feature","properties":{"form":"other"},"geometry":{"type":"Polygon","coordinates":[[[-79.4139383,43.6299173],[-79.4138202,43.6299416],[-79.4137354,43.6298944],[-79.4137143,43.6298332],[-79.4137802,43.6298212],[-79.4138264,43.6298406],[-79.4138392,43.6298777],[-79.4139271,43.6298848],[-79.4139383,43.6299173]]]}},{"type":"Feature","properties":{"form":"other"},"geometry":{"type":"Polygon","coordinates":[[[-79.4136037,43.6288611],[-79.4136028,43.6289895],[-79.413538,43.6289892],[-79.4135389,43.6288609],[-79.4136037,43.6288611]]]}},{"type":"Feature","properties":{"form":"other"},"geometry":{"type":"Polygon","coordinates":[[[-79.4158969,43.628226],[-79.4158342,43.6282127],[-79.4157654,43.628248],[-79.4157033,43.6282346],[-79.415697,43.6282148],[-79.4158105,43.6281311],[-79.4159162,43.6281792],[-79.4158969,43.628226]]]}},{"type":"Feature","properties":{"form":"other"},"geometry":{"type":"Polygon","coordinates":[[[-79.4136635,43.629277],[-79.4137736,43.629325],[-79.4136851,43.6294321],[-79.413575,43.6293841],[-79.4136635,43.629277]]]}},{"type":"Feature","properties":{"form":"other"},"geometry":{"type":"Polygon","coordinates":[[[-79.4155828,43.6269313],[-79.4156269,43.626939],[-79.4156162,43.6269709],[-79.4155721,43.6269632],[-79.4155828,43.6269313]]]}},{"type":"Feature","properties":{"form":"other"},"geometry":{"type":"Polygon","coordinates":[[[-79.4154865,43.6270622],[-79.4155299,43.6269926],[-79.4155804,43.6270091],[-79.415537,43.6270788],[-79.4154865,43.6270622]]]}},{"type":"Feature","properties":{"form":"apartments"},"geometry":{"type":"Polygon","coordinates":[[[-79.3525561,43.6877483],[-79.3528142,43.6876977],[-79.3528465,43.6877839],[-79.3525884,43.6878345],[-79.3525561,43.6877483]]]}},{"type":"Feature","properties":{"form":"apartments"},"geometry":{"type":"Polygon","coordinates":[[[-79.3545932,43.6866815],[-79.354639,43.6866028],[-79.3550849,43.6866877],[-79.3550339,43.6868289],[-79.3545879,43.686744],[-79.3546094,43.6866845],[-79.3545932,43.6866815]]]}},{"type":"Feature","properties":{"form":"houses"},"geometry":{"type":"Polygon","coordinates":[[[-79.3491233,43.6884507],[-79.3492629,43.6884059],[-79.3492993,43.6885028],[-79.3491536,43.6885316],[-79.3491233,43.6884507]]]}},{"type":"Feature","properties":{"form":"houses"},"geometry":{"type":"Polygon","coordinates":[[[-79.3492015,43.6886701],[-79.3493877,43.6886389],[-79.3493981,43.6886671],[-79.3493711,43.6886723],[-79.3494033,43.6887597],[-79.3492458,43.6887903],[-79.3492015,43.6886701]]]}},{"type":"Feature","properties":{"form":"houses"},"geometry":{"type":"Polygon","coordinates":[[[-79.3484493,43.6912843],[-79.3485437,43.6912571],[-79.3485877,43.6913738],[-79.3484904,43.6913931],[-79.3484493,43.6912843]]]}},{"type":"Feature","properties":{"form":"other"},"geometry":{"type":"Polygon","coordinates":[[[-79.3561305,43.692536],[-79.3558975,43.6926161],[-79.3558541,43.6924756],[-79.3560663,43.6924288],[-79.3560857,43.6924748],[-79.3561234,43.6924814],[-79.3561305,43.692536]]]}},{"type":"Feature","properties":{"form":"apartments"},"geometry":{"type":"Polygon","coordinates":[[[-79.3530665,43.6888867],[-79.3530108,43.6888813],[-79.3529619,43.6887559],[-79.3530826,43.6887152],[-79.3530887,43.6887309],[-79.3531536,43.6887175],[-79.3532059,43.6888041],[-79.3531859,43.6888082],[-79.3531998,43.6888437],[-79.3530665,43.6888867]]]}},{"type":"Feature","properties":{"form":"apartments"},"geometry":{"type":"Polygon","coordinates":[[[-79.3525964,43.6887946],[-79.3527544,43.6887632],[-79.3528441,43.6890014],[-79.3526837,43.6890333],[-79.3525964,43.6887946]]]}},{"type":"Feature","properties":{"form":"other"},"geometry":{"type":"Polygon","coordinates":[[[-79.3776597,43.6654581],[-79.377542,43.6654853],[-79.3775291,43.6654543],[-79.3774686,43.6654565],[-79.3776415,43.6654171],[-79.3776597,43.6654581]]]}},{"type":"Feature","properties":{"form":"houses"},"geometry":{"type":"Polygon","coordinates":[[[-79.3787889,43.668722],[-79.3787184,43.6687365],[-79.3787033,43.6686979],[-79.3787737,43.6686833],[-79.3787889,43.668722]]]}},{"type":"Feature","properties":{"form":"houses"},"geometry":{"type":"Polygon","coordinates":[[[-79.3774306,43.6709739],[-79.3774408,43.6709325],[-79.3775258,43.6709286],[-79.3775898,43.6710952],[-79.3774853,43.6711164],[-79.3774306,43.6709739]]]}},{"type":"Feature","properties":{"form":"apartments"},"geometry":{"type":"Polygon","coordinates":[[[-79.3990095,43.657364],[-79.3990607,43.6574901],[-79.398991,43.6575034],[-79.3990374,43.6576175],[-79.3991261,43.6576002],[-79.3992448,43.6578922],[-79.3987678,43.6579769],[-79.3985761,43.6575066],[-79.3987488,43.6574694],[-79.3987809,43.6575484],[-79.3988711,43.6575292],[-79.3988265,43.6574194],[-79.3988385,43.6574004],[-79.3990095,43.657364]]]}},{"type":"Feature","properties":{"form":"other"},"geometry":{"type":"Polygon","coordinates":[[[-79.391728,43.6553287],[-79.3915157,43.6553609],[-79.391506,43.6553335],[-79.3914517,43.6553436],[-79.3914344,43.6552948],[-79.3915762,43.655279],[-79.3915691,43.6552591],[-79.391695,43.6552356],[-79.391728,43.6553287]]]}},{"type":"Feature","properties":{"form":"other"},"geometry":{"type":"Polygon","coordinates":[[[-79.3914618,43.6552761],[-79.3913233,43.6553128],[-79.3912978,43.6552515],[-79.3914417,43.655228],[-79.3914618,43.6552761]]]}},{"type":"Feature","properties":{"form":"other"},"geometry":{"type":"Polygon","coordinates":[[[-79.3969554,43.6617279],[-79.3968454,43.661761],[-79.3968421,43.6617532],[-79.3969554,43.6617279]]]}},{"type":"Feature","properties":{"form":"other"},"geometry":{"type":"Polygon","coordinates":[[[-79.3954156,43.6594255],[-79.3954437,43.6594917],[-79.3952533,43.659534],[-79.3952252,43.6594678],[-79.3954156,43.6594255]]]}},{"type":"Feature","properties":{"form":"houses"},"geometry":{"type":"Polygon","coordinates":[[[-79.3685894,43.690708],[-79.3686615,43.6906329],[-79.3687498,43.6906469],[-79.368665,43.6907462],[-79.3685894,43.690708]]]}},{"type":"Feature","properties":{"form":"other"},"geometry":{"type":"Polygon","coordinates":[[[-79.3721081,43.6705527],[-79.3720162,43.6705734],[-79.3719793,43.6704873],[-79.3720713,43.6704665],[-79.3721081,43.6705527]]]}},{"type":"Feature","properties":{"form":"other"},"geometry":{"type":"Polygon","coordinates":[[[-79.3721417,43.6706415],[-79.3720492,43.6706604],[-79.3720161,43.6705749],[-79.3721086,43.6705561],[-79.3721417,43.6706415]]]}},{"type":"Feature","properties":{"form":"other"},"geometry":{"type":"Polygon","coordinates":[[[-79.3850655,43.6821089],[-79.3849756,43.6820889],[-79.3850213,43.6819747],[-79.3848356,43.681883],[-79.3849027,43.681815],[-79.3850691,43.6818871],[-79.3850484,43.6819078],[-79.3851205,43.6819371],[-79.3850655,43.6821089]]]}},{"type":"Feature","properties":{"form":"other"},"geometry":{"type":"Polygon","coordinates":[[[-79.3804922,43.6789826],[-79.3804487,43.6791472],[-79.3802906,43.6791252],[-79.3803052,43.6790747],[-79.3802599,43.6790677],[-79.3802774,43.6789957],[-79.3803396,43.6790036],[-79.3803507,43.6789519],[-79.3804922,43.6789826]]]}},{"type":"Feature","properties":{"form":"other"},"geometry":{"type":"Polygon","coordinates":[[[-79.3806597,43.6788388],[-79.3806397,43.6789683],[-79.3804998,43.6789493],[-79.3804908,43.6789759],[-79.3804396,43.6789681],[-79.3804624,43.6788118],[-79.3806597,43.6788388]]]}},{"type":"Feature","properties":{"form":"other"},"geometry":{"type":"Polygon","coordinates":[[[-79.3813309,43.677499],[-79.3812455,43.6775299],[-79.3811343,43.6773683],[-79.3812197,43.6773374],[-79.3813309,43.677499]]]}},{"type":"Feature","properties":{"form":"houses"},"geometry":{"type":"Polygon","coordinates":[[[-79.3779607,43.6764334],[-79.3781553,43.6763799],[-79.3781981,43.6764014],[-79.3782186,43.6764564],[-79.3781858,43.6764628],[-79.3781959,43.6764899],[-79.378071,43.6765145],[-79.3780546,43.6764704],[-79.3779799,43.676485],[-79.3779607,43.6764334]]]}},{"type":"Feature","properties":{"form":"other"},"geometry":{"type":"Polygon","coordinates":[[[-79.3780944,43.6762549],[-79.3778517,43.6763066],[-79.3777937,43.6762229],[-79.3779809,43.6761565],[-79.3779903,43.6761797],[-79.3780581,43.6761652],[-79.3780944,43.6762549]]]}},{"type":"Feature","properties":{"form":"other"},"geometry":{"type":"Polygon","coordinates":[[[-79.3774804,43.675906],[-79.3775012,43.6759686],[-79.3773531,43.6760012],[-79.3773274,43.6759385],[-79.3774804,43.675906]]]}},{"type":"Feature","properties":{"form":"other"},"geometry":{"type":"Polygon","coordinates":[[[-79.3779832,43.6760022],[-79.3777425,43.6760531],[-79.3777176,43.6759937],[-79.3778104,43.6759733],[-79.3777367,43.6758665],[-79.3779137,43.6758401],[-79.3779832,43.6760022]]]}},{"type":"Feature","properties":{"form":"other"},"geometry":{"type":"Polygon","coordinates":[[[-79.3759357,43.6716106],[-79.3758728,43.6716255],[-79.3758488,43.6715969],[-79.375742,43.6714169],[-79.3757693,43.6713926],[-79.3758172,43.6713815],[-79.3759357,43.6716106]]]}},{"type":"Feature","properties":{"form":"other"},"geometry":{"type":"Polygon","coordinates":[[[-79.3779991,43.6763763],[-79.3779672,43.6763651],[-79.3779555,43.6763364],[-79.3779745,43.6763193],[-79.378157,43.6762817],[-79.3781798,43.6763375],[-79.3781593,43.6763417],[-79.3781683,43.6763647],[-79.3779775,43.6764038],[-79.3779692,43.6763824],[-79.3779991,43.6763763]]]}},{"type":"Feature","properties":{"form":"other"},"geometry":{"type":"Polygon","coordinates":[[[-79.4051964,43.6534434],[-79.4052042,43.6534613],[-79.4051282,43.6534787],[-79.4051204,43.6534608],[-79.4051964,43.6534434]]]}},{"type":"Feature","properties":{"form":"other"},"geometry":{"type":"Polygon","coordinates":[[[-79.3997338,43.650532],[-79.3997723,43.6506364],[-79.3996989,43.6506507],[-79.399669,43.6505697],[-79.3996917,43.6505653],[-79.3996756,43.6505033],[-79.3998145,43.6504593],[-79.3998341,43.6505125],[-79.3997338,43.650532]]]}},{"type":"Feature","properties":{"form":"apartments"},"geometry":{"type":"Polygon","coordinates":[[[-79.401107,43.6435738],[-79.4014002,43.6435146],[-79.4014754,43.6437105],[-79.4011823,43.6437697],[-79.401107,43.6435738]]]}},{"type":"Feature","properties":{"form":"apartments"},"geometry":{"type":"Polygon","coordinates":[[[-79.3997225,43.6376928],[-79.3996383,43.6377093],[-79.399514,43.6373763],[-79.3997847,43.6373176],[-79.3999222,43.6376743],[-79.3997303,43.6377148],[-79.3997225,43.6376928]]]}},{"type":"Feature","properties":{"form":"other"},"geometry":{"type":"Polygon","coordinates":[[[-79.4054205,43.6390932],[-79.4053163,43.6391689],[-79.4052468,43.639124],[-79.4053339,43.6390372],[-79.4054205,43.6390932]]]}},{"type":"Feature","properties":{"form":"other"},"geometry":{"type":"Polygon","coordinates":[[[-79.3941823,43.6424223],[-79.3941419,43.6424326],[-79.3941171,43.6423815],[-79.3941575,43.6423712],[-79.3941823,43.6424223]]]}},{"type":"Feature","properties":{"form":"other"},"geometry":{"type":"Polygon","coordinates":[[[-79.396451,43.6344912],[-79.3963677,43.6345261],[-79.3963253,43.6344728],[-79.3964086,43.6344378],[-79.396451,43.6344912]]]}},{"type":"Feature","properties":{"form":"other"},"geometry":{"type":"Polygon","coordinates":[[[-79.4013373,43.6357986],[-79.4011074,43.6358488],[-79.4010417,43.6357867],[-79.4010709,43.6357697],[-79.4011084,43.6358041],[-79.4012615,43.6357236],[-79.4013373,43.6357986]]]}},{"type":"Feature","properties":{"form":"other"},"geometry":{"type":"Polygon","coordinates":[[[-79.404943,43.6358555],[-79.4049221,43.635895],[-79.404867,43.6358785],[-79.4048888,43.6358423],[-79.404943,43.6358555]]]}},{"type":"Feature","properties":{"form":"houses"},"geometry":{"type":"Polygon","coordinates":[[[-79.404889,43.6413188],[-79.4045198,43.6412679],[-79.4044705,43.6411364],[-79.4046713,43.6411433],[-79.4046576,43.6411879],[-79.4046853,43.6411924],[-79.4046993,43.6411465],[-79.404795,43.641162],[-79.4047804,43.6412099],[-79.4048071,43.6412142],[-79.404827,43.6411491],[-79.4049221,43.6411594],[-79.404889,43.6413188]]]}},{"type":"Feature","properties":{"form":"houses"},"geometry":{"type":"Polygon","coordinates":[[[-79.4039106,43.6420803],[-79.4038894,43.642029],[-79.4039377,43.642036],[-79.4040419,43.6420027],[-79.4040918,43.6421238],[-79.4036932,43.6422038],[-79.4035783,43.641949],[-79.4037007,43.6419223],[-79.4037177,43.6419636],[-79.4036436,43.6419797],[-79.4036707,43.6420454],[-79.4037916,43.6420165],[-79.4038113,43.6420642],[-79.4038279,43.6420606],[-79.4038097,43.6420166],[-79.4038492,43.642008],[-79.4038807,43.6420867],[-79.4039106,43.6420803]]]}},{"type":"Feature","properties":{"form":"other"},"geometry":{"type":"Polygon","coordinates":[[[-79.4053411,43.6422583],[-79.4053585,43.6423065],[-79.4053009,43.6423174],[-79.4052862,43.6422766],[-79.4053411,43.6422583]]]}},{"type":"Feature","properties":{"form":"other"},"geometry":{"type":"Polygon","coordinates":[[[-79.4072232,43.641735],[-79.4070903,43.6417751],[-79.4070724,43.6417291],[-79.4072098,43.6417008],[-79.4072232,43.641735]]]}},{"type":"Feature","properties":{"form":"other"},"geometry":{"type":"Polygon","coordinates":[[[-79.406786,43.6420858],[-79.4067012,43.6420349],[-79.4068195,43.6419361],[-79.4069025,43.6419886],[-79.406786,43.6420858]]]}},{"type":"Feature","properties":{"form":"other"},"geometry":{"type":"Polygon","coordinates":[[[-79.4070644,43.6417286],[-79.4070929,43.6418404],[-79.4070122,43.6418571],[-79.4069564,43.641751],[-79.4070644,43.6417286]]]}},{"type":"Feature","properties":{"form":"other"},"geometry":{"type":"Polygon","coordinates":[[[-79.4069874,43.6418648],[-79.4068986,43.6418842],[-79.4067718,43.6418046],[-79.4067972,43.6417798],[-79.4068578,43.6418044],[-79.4068485,43.6417787],[-79.4069538,43.6417569],[-79.4069874,43.6418648]]]}},{"type":"Feature","properties":{"form":"other"},"geometry":{"type":"Polygon","coordinates":[[[-79.4071159,43.6421097],[-79.4068892,43.6421559],[-79.406847,43.6420472],[-79.4069593,43.6419767],[-79.4070874,43.6420359],[-79.4071159,43.6421097]]]}},{"type":"Feature","properties":{"form":"other"},"geometry":{"type":"Polygon","coordinates":[[[-79.4067845,43.6419435],[-79.4066813,43.6420382],[-79.4066036,43.6419935],[-79.4067163,43.6419043],[-79.4067845,43.6419435]]]}},{"type":"Feature","properties":{"form":"other"},"geometry":{"type":"Polygon","coordinates":[[[-79.4061782,43.6461994],[-79.4062072,43.6462752],[-79.4063082,43.646255],[-79.4063207,43.6462878],[-79.4061358,43.6463344],[-79.4060791,43.6461862],[-79.4062537,43.6461513],[-79.4062654,43.646182],[-79.4061782,43.6461994]]]}},{"type":"Feature","properties":{"form":"other"},"geometry":{"type":"Polygon","coordinates":[[[-79.4052258,43.6417293],[-79.4052431,43.6417001],[-79.4052208,43.6416931],[-79.4052548,43.6416358],[-79.4053391,43.6416643],[-79.405292,43.6417437],[-79.4052258,43.6417293]]]}},{"type":"Feature","properties":{"form":"other"},"geometry":{"type":"Polygon","coordinates":[[[-79.407919,43.6424137],[-79.4080129,43.6423954],[-79.4080038,43.6423829],[-79.4081272,43.6423294],[-79.4081814,43.6424052],[-79.4079359,43.6424564],[-79.407919,43.6424137]]]}},{"type":"Feature","properties":{"form":"houses"},"geometry":{"type":"Polygon","coordinates":[[[-79.4073777,43.6417869],[-79.4072532,43.641861],[-79.4072269,43.6418415],[-79.4072591,43.6418091],[-79.4072192,43.6418367],[-79.4071606,43.6418022],[-79.4072654,43.6417118],[-79.4073777,43.6417869]]]}},{"type":"Feature","properties":{"form":"houses"},"geometry":{"type":"Polygon","coordinates":[[[-79.4078382,43.6422784],[-79.407981,43.6422153],[-79.4080909,43.6423373],[-79.4079229,43.6423971],[-79.407877,43.6423357],[-79.4079327,43.6423137],[-79.4079149,43.6422899],[-79.4078624,43.6423106],[-79.4078382,43.6422784]]]}},{"type":"Feature","properties":{"form":"other"},"geometry":{"type":"Polygon","coordinates":[[[-79.405084,43.64168],[-79.4050285,43.6416872],[-79.405004,43.6415888],[-79.405127,43.6415913],[-79.4051455,43.6416657],[-79.4050921,43.6416728],[-79.4050772,43.6416527],[-79.405084,43.64168]]]}},{"type":"Feature","properties":{"form":"houses"},"geometry":{"type":"Polygon","coordinates":[[[-79.4042654,43.642087],[-79.4042274,43.6419725],[-79.4043218,43.6419517],[-79.4043385,43.6419917],[-79.4043566,43.6419877],[-79.4043325,43.6419301],[-79.4043782,43.64192],[-79.4043858,43.641938],[-79.4044297,43.6419283],[-79.4044765,43.6420016],[-79.4045529,43.6419847],[-79.4045741,43.6420354],[-79.4042654,43.642087]]]}},{"type":"Feature","properties":{"form":"houses"},"geometry":{"type":"Polygon","coordinates":[[[-79.4049905,43.6419611],[-79.4048396,43.641992],[-79.4047378,43.6417452],[-79.4047659,43.641739],[-79.4047137,43.6416124],[-79.4046698,43.6416219],[-79.4046218,43.6415054],[-79.4046841,43.6414919],[-79.4047788,43.6415227],[-79.4047971,43.6415834],[-79.4048278,43.6416004],[-79.4049108,43.6415865],[-79.4049355,43.6416495],[-79.4048554,43.6416724],[-79.4048986,43.6417104],[-79.4048373,43.641724],[-79.4049358,43.6417125],[-79.4049568,43.6417437],[-79.4049685,43.6417788],[-79.4048723,43.6417949],[-79.4049516,43.6417952],[-79.4049667,43.641852],[-79.4048984,43.641873],[-79.4049073,43.6418895],[-79.4049588,43.6418786],[-79.4049905,43.6419611]]]}},{"type":"Feature","properties":{"form":"other"},"geometry":{"type":"Polygon","coordinates":[[[-79.405631,43.6417539],[-79.4056554,43.6418139],[-79.4055581,43.6418348],[-79.405516,43.6417312],[-79.4055782,43.6417178],[-79.405596,43.6417614],[-79.405631,43.6417539]]]}},{"type":"Feature","properties":{"form":"other"},"geometry":{"type":"Polygon","coordinates":[[[-79.4278035,43.6618731],[-79.4277284,43.6618906],[-79.4276271,43.6616485],[-79.4277009,43.6616276],[-79.4278035,43.6618731]]]}},{"type":"Feature","properties":{"form":"other"},"geometry":{"type":"Polygon","coordinates":[[[-79.4279071,43.6616816],[-79.4279794,43.661667],[-79.4280604,43.6618842],[-79.4279906,43.6618973],[-79.4279071,43.6616816]]]}},{"type":"Feature","properties":{"form":"other"},"geometry":{"type":"Polygon","coordinates":[[[-79.4277009,43.6616276],[-79.4277807,43.6616101],[-79.42788,43.661859],[-79.4278035,43.6618731],[-79.4277009,43.6616276]]]}},{"type":"Feature","properties":{"form":"other"},"geometry":{"type":"Polygon","coordinates":[[[-79.4279906,43.6618973],[-79.4279061,43.6619153],[-79.4277807,43.6616101],[-79.4278698,43.6615915],[-79.4279906,43.6618973]]]}},{"type":"Feature","properties":{"form":"other"},"geometry":{"type":"Polygon","coordinates":[[[-79.4299641,43.6611223],[-79.4301774,43.6610747],[-79.430307,43.6613847],[-79.4300927,43.6614326],[-79.4299641,43.6611223]]]}},{"type":"Feature","properties":{"form":"other"},"geometry":{"type":"Polygon","coordinates":[[[-79.4301774,43.6610747],[-79.4302547,43.6610581],[-79.4303659,43.6613223],[-79.4302879,43.6613398],[-79.4301774,43.6610747]]]}},{"type":"Feature","properties":{"form":"other"},"geometry":{"type":"Polygon","coordinates":[[[-79.4302547,43.6610581],[-79.4303212,43.6610435],[-79.4304533,43.6613573],[-79.4303868,43.6613719],[-79.4302547,43.6610581]]]}},{"type":"Feature","properties":{"form":"other"},"geometry":{"type":"Polygon","coordinates":[[[-79.4290767,43.661876],[-79.4291654,43.6620872],[-79.4289857,43.6621267],[-79.428897,43.6619155],[-79.4290767,43.661876]]]}},{"type":"Feature","properties":{"form":"other"},"geometry":{"type":"Polygon","coordinates":[[[-79.4297258,43.6606486],[-79.4294764,43.660702],[-79.4294542,43.6606479],[-79.4297036,43.6605945],[-79.4297258,43.6606486]]]}},{"type":"Feature","properties":{"form":"other"},"geometry":{"type":"Polygon","coordinates":[[[-79.4303552,43.6603957],[-79.4301485,43.6604381],[-79.4301255,43.6603793],[-79.4303322,43.660337],[-79.4303552,43.6603957]]]}},{"type":"Feature","properties":{"form":"other"},"geometry":{"type":"Polygon","coordinates":[[[-79.4301595,43.6587863],[-79.4299252,43.6588351],[-79.4299142,43.6588073],[-79.4299342,43.6588026],[-79.4299256,43.6587793],[-79.4301388,43.6587339],[-79.4301595,43.6587863]]]}},{"type":"Feature","properties":{"form":"other"},"geometry":{"type":"Polygon","coordinates":[[[-79.395489,43.6750862],[-79.3955833,43.6750673],[-79.39565,43.6752552],[-79.3955783,43.6752696],[-79.3955503,43.6752464],[-79.395489,43.6750862]]]}},{"type":"Feature","properties":{"form":"other"},"geometry":{"type":"Polygon","coordinates":[[[-79.396025,43.6737967],[-79.3957073,43.6738619],[-79.3956847,43.6738043],[-79.3960221,43.6737368],[-79.396025,43.6737967]]]}},{"type":"Feature","properties":{"form":"apartments"},"geometry":{"type":"Polygon","coordinates":[[[-79.393974,43.670151],[-79.3938383,43.6698262],[-79.3943458,43.6697227],[-79.3944215,43.6699102],[-79.3943712,43.6699214],[-79.394391,43.6699704],[-79.3942951,43.6699915],[-79.3943303,43.6700739],[-79.393974,43.670151]]]}},{"type":"Feature","properties":{"form":"other"},"geometry":{"type":"Polygon","coordinates":[[[-79.3941775,43.675066],[-79.3937741,43.6750111],[-79.3934554,43.6748696],[-79.3937479,43.6747225],[-79.3938505,43.6747995],[-79.3940556,43.6747579],[-79.3941775,43.675066]]]}},{"type":"Feature","properties":{"form":"other"},"geometry":{"type":"Polygon","coordinates":[[[-79.391529,43.6733323],[-79.3915389,43.6733591],[-79.3914421,43.6733779],[-79.3914322,43.6733512],[-79.391529,43.6733323]]]}},{"type":"Feature","properties":{"form":"other"},"geometry":{"type":"Polygon","coordinates":[[[-79.392423,43.6741244],[-79.3924582,43.6742447],[-79.3923878,43.6742601],[-79.3922549,43.6741892],[-79.3922631,43.6741595],[-79.392423,43.6741244]]]}},{"type":"Feature","properties":{"form":"other"},"geometry":{"type":"Polygon","coordinates":[[[-79.3960945,43.6739237],[-79.3961234,43.6739749],[-79.3960085,43.6740133],[-79.3957542,43.6740664],[-79.3957306,43.6740074],[-79.3960945,43.6739237]]]}},{"type":"Feature","properties":{"form":"other"},"geometry":{"type":"Polygon","coordinates":[[[-79.4144245,43.6546181],[-79.4144751,43.6547047],[-79.4143497,43.6547297],[-79.4143196,43.6546499],[-79.4144245,43.6546181]]]}},{"type":"Feature","properties":{"form":"other"},"geometry":{"type":"Polygon","coordinates":[[[-79.4145994,43.6546799],[-79.4144787,43.654704],[-79.4144482,43.6546232],[-79.414569,43.6545995],[-79.4145994,43.6546799]]]}},{"type":"Feature","properties":{"form":"other"},"geometry":{"type":"Polygon","coordinates":[[[-79.414881,43.6546222],[-79.4147548,43.6546492],[-79.4147225,43.6545695],[-79.4148487,43.6545426],[-79.414881,43.6546222]]]}},{"type":"Feature","properties":{"form":"other"},"geometry":{"type":"Polygon","coordinates":[[[-79.4128216,43.6549291],[-79.4125755,43.6549855],[-79.412553,43.6549823],[-79.4125343,43.6549363],[-79.4128048,43.6548878],[-79.4128216,43.6549291]]]}},{"type":"Feature","properties":{"form":"other"},"geometry":{"type":"Polygon","coordinates":[[[-79.4146661,43.6546671],[-79.4146843,43.6547141],[-79.4146246,43.6547263],[-79.4145853,43.6545859],[-79.4147003,43.654573],[-79.4147314,43.6546537],[-79.4146661,43.6546671]]]}},{"type":"Feature","properties":{"form":"other"},"geometry":{"type":"Polygon","coordinates":[[[-79.414311,43.6547647],[-79.4143186,43.6547844],[-79.414202,43.6548082],[-79.4141758,43.6547937],[-79.414131,43.6546778],[-79.4142923,43.654647],[-79.4143306,43.6547607],[-79.414311,43.6547647]]]}},{"type":"Feature","properties":{"form":"other"},"geometry":{"type":"Polygon","coordinates":[[[-79.4141362,43.6547343],[-79.4140318,43.6547872],[-79.4140654,43.6547855],[-79.4140777,43.6548163],[-79.4140441,43.6548234],[-79.4140513,43.6548413],[-79.4138936,43.6548745],[-79.4138383,43.6547877],[-79.4138573,43.6547837],[-79.413839,43.6547379],[-79.414115,43.6546813],[-79.4141362,43.6547343]]]}},{"type":"Feature","properties":{"form":"other"},"geometry":{"type":"Polygon","coordinates":[[[-79.4330527,43.6529144],[-79.4330687,43.6529602],[-79.4328551,43.6530015],[-79.4328219,43.6529065],[-79.433017,43.6528744],[-79.4330324,43.6529182],[-79.4330527,43.6529144]]]}},{"type":"Feature","properties":{"form":"other"},"geometry":{"type":"Polygon","coordinates":[[[-79.4345713,43.6525546],[-79.4346082,43.6526526],[-79.4344171,43.6526831],[-79.4343981,43.6526316],[-79.4343683,43.6526374],[-79.4343548,43.6526008],[-79.4345713,43.6525546]]]}},{"type":"Feature","properties":{"form":"other"},"geometry":{"type":"Polygon","coordinates":[[[-79.4289728,43.6512264],[-79.4289844,43.6512562],[-79.4289342,43.6512665],[-79.4288868,43.6511446],[-79.4289668,43.6511282],[-79.4290026,43.6512203],[-79.4289728,43.6512264]]]}},{"type":"Feature","properties":{"form":"other"},"geometry":{"type":"Polygon","coordinates":[[[-79.3692214,43.622303],[-79.3692137,43.6222306],[-79.3690669,43.6222387],[-79.3690746,43.6223111],[-79.3692214,43.622303]]]}},{"type":"Feature","properties":{"form":"other"},"geometry":{"type":"Polygon","coordinates":[[[-79.3861632,43.6230974],[-79.3861683,43.6230567],[-79.3859553,43.6230428],[-79.3859505,43.6230814],[-79.3860642,43.6230888],[-79.3860609,43.623115],[-79.3861632,43.6230974]]]}},{"type":"Feature","properties":{"form":"other"},"geometry":{"type":"Polygon","coordinates":[[[-79.3863476,43.6235101],[-79.3863291,43.623473],[-79.3862268,43.6234998],[-79.3862453,43.6235369],[-79.3863476,43.6235101]]]}},{"type":"Feature","properties":{"form":"other"},"geometry":{"type":"Polygon","coordinates":[[[-79.3863034,43.6234217],[-79.386283,43.6233829],[-79.3861743,43.6234129],[-79.3861947,43.6234516],[-79.3863034,43.6234217]]]}},{"type":"Feature","properties":{"form":"other"},"geometry":{"type":"Polygon","coordinates":[[[-79.3862074,43.6233301],[-79.386184,43.6232653],[-79.386079,43.6232852],[-79.3861024,43.62335],[-79.3862074,43.6233301]]]}},{"type":"Feature","properties":{"form":"other"},"geometry":{"type":"Polygon","coordinates":[[[-79.3859539,43.6221382],[-79.3859877,43.6219704],[-79.3858238,43.6219532],[-79.3857901,43.6221209],[-79.3859539,43.6221382]]]}},{"type":"Feature","properties":{"form":"other"},"geometry":{"type":"Polygon","coordinates":[[[-79.4118451,43.6279579],[-79.4118645,43.6280035],[-79.4119229,43.6280258],[-79.4119859,43.6280117],[-79.4120168,43.6279695],[-79.4119973,43.6279239],[-79.411939,43.6279016],[-79.4118759,43.6279156],[-79.4118451,43.6279579]]]}},{"type":"Feature","properties":{"form":"other"},"geometry":{"type":"Polygon","coordinates":[[[-79.4010294,43.6324952],[-79.401002,43.6325098],[-79.4007231,43.6322356],[-79.4007505,43.6322209],[-79.4010294,43.6324952]]]}},{"type":"Feature","properties":{"form":"other"},"geometry":{"type":"Polygon","coordinates":[[[-79.4009666,43.6322418],[-79.4009437,43.6322231],[-79.4008462,43.6322856],[-79.4008692,43.6323043],[-79.4009666,43.6322418]]]}},{"type":"Feature","properties":{"form":"other"},"geometry":{"type":"Polygon","coordinates":[[[-79.4010027,43.6322724],[-79.4009857,43.6322563],[-79.4008762,43.6323166],[-79.4008932,43.6323327],[-79.4010027,43.6322724]]]}},{"type":"Feature","properties":{"form":"other"},"geometry":{"type":"Polygon","coordinates":[[[-79.4010787,43.6323348],[-79.4010242,43.6322827],[-79.4009068,43.6323469],[-79.4009613,43.632399],[-79.4010787,43.6323348]]]}},{"type":"Feature","properties":{"form":"other"},"geometry":{"type":"Polygon","coordinates":[[[-79.4010957,43.6324417],[-79.4010431,43.6323884],[-79.400981,43.6324205],[-79.4010335,43.6324738],[-79.4010957,43.6324417]]]}},{"type":"Feature","properties":{"form":"other"},"geometry":{"type":"Polygon","coordinates":[[[-79.3826559,43.6223457],[-79.3826041,43.6222138],[-79.3824246,43.6222507],[-79.382456,43.6223309],[-79.3823826,43.622346],[-79.3823946,43.6223768],[-79.382371,43.6223817],[-79.3823791,43.6224026],[-79.3826559,43.6223457]]]}},{"type":"Feature","properties":{"form":"other"},"geometry":{"type":"Polygon","coordinates":[[[-79.382597,43.6221472],[-79.3825507,43.6220267],[-79.3824792,43.622041],[-79.3825254,43.6221616],[-79.382597,43.6221472]]]}},{"type":"Feature","properties":{"form":"other"},"geometry":{"type":"Polygon","coordinates":[[[-79.3686122,43.6235864],[-79.3686342,43.6234506],[-79.3685422,43.6234428],[-79.3685202,43.6235786],[-79.3686122,43.6235864]]]}},{"type":"Feature","properties":{"form":"other"},"geometry":{"type":"Polygon","coordinates":[[[-79.3682277,43.6233096],[-79.3682055,43.6231378],[-79.3681086,43.6231444],[-79.3681308,43.6233162],[-79.3682277,43.6233096]]]}},{"type":"Feature","properties":{"form":"houses"},"geometry":{"type":"Polygon","coordinates":[[[-79.4069452,43.6535208],[-79.4069671,43.6535745],[-79.406691,43.6536333],[-79.4066692,43.6535796],[-79.4069452,43.6535208]]]}},{"type":"Feature","properties":{"form":"houses"},"geometry":{"type":"Polygon","coordinates":[[[-79.4323982,43.6337327],[-79.4324643,43.6337208],[-79.4325004,43.6338671],[-79.4324476,43.6338766],[-79.4323982,43.6337327]]]}},{"type":"Feature","properties":{"form":"houses"},"geometry":{"type":"Polygon","coordinates":[[[-79.4321692,43.633806],[-79.4321368,43.6338122],[-79.4321495,43.6338473],[-79.4319754,43.6338937],[-79.4319165,43.6337646],[-79.4320421,43.6337313],[-79.4321507,43.6337367],[-79.4321584,43.6337576],[-79.4321213,43.6337647],[-79.4321544,43.6337652],[-79.4321692,43.633806]]]}},{"type":"Feature","properties":{"form":"houses"},"geometry":{"type":"Polygon","coordinates":[[[-79.4322179,43.6339284],[-79.4321358,43.633972],[-79.4320127,43.6339973],[-79.4319774,43.6339096],[-79.432167,43.6338803],[-79.4322032,43.6338909],[-79.4322179,43.6339284]]]}},{"type":"Feature","properties":{"form":"houses"},"geometry":{"type":"Polygon","coordinates":[[[-79.4322698,43.6341647],[-79.432097,43.6342004],[-79.4320738,43.6341412],[-79.432228,43.6341094],[-79.4322698,43.6341647]]]}},{"type":"Feature","properties":{"form":"other"},"geometry":{"type":"Polygon","coordinates":[[[-79.4227969,43.6335668],[-79.4227391,43.6335823],[-79.4226435,43.6333953],[-79.4227036,43.6333791],[-79.4227969,43.6335668]]]}},{"type":"Feature","properties":{"form":"other"},"geometry":{"type":"Polygon","coordinates":[[[-79.4261115,43.6334661],[-79.4256171,43.6336089],[-79.4255814,43.6335217],[-79.4254349,43.6335491],[-79.4254199,43.6335165],[-79.4259592,43.6333838],[-79.4259706,43.633405],[-79.4260635,43.6333778],[-79.4261115,43.6334661]]]}},{"type":"Feature","properties":{"form":"other"},"geometry":{"type":"Polygon","coordinates":[[[-79.4257695,43.6368563],[-79.4256615,43.6368779],[-79.4256254,43.6367834],[-79.4257334,43.6367618],[-79.4257695,43.6368563]]]}},{"type":"Feature","properties":{"form":"other"},"geometry":{"type":"Polygon","coordinates":[[[-79.4231366,43.6354097],[-79.4230511,43.6354287],[-79.4229928,43.6352906],[-79.4230784,43.6352717],[-79.4231366,43.6354097]]]}},{"type":"Feature","properties":{"form":"other"},"geometry":{"type":"Polygon","coordinates":[[[-79.4240896,43.6369496],[-79.4239931,43.6369711],[-79.423971,43.6369189],[-79.4240676,43.6368974],[-79.4240896,43.6369496]]]}},{"type":"Feature","properties":{"form":"houses"},"geometry":{"type":"Polygon","coordinates":[[[-79.4321701,43.6340412],[-79.4320192,43.6340687],[-79.4319982,43.6340082],[-79.4321492,43.6339806],[-79.4321701,43.6340412]]]}},{"type":"Feature","properties":{"form":"houses"},"geometry":{"type":"Polygon","coordinates":[[[-79.4322114,43.6341089],[-79.4320601,43.6341345],[-79.4320361,43.6340753],[-79.4321849,43.6340435],[-79.4322114,43.6341089]]]}},{"type":"Feature","properties":{"form":"houses"},"geometry":{"type":"Polygon","coordinates":[[[-79.4327773,43.6339277],[-79.4327214,43.6339397],[-79.4326502,43.633798],[-79.4327236,43.6337959],[-79.4327773,43.6339277]]]}},{"type":"Feature","properties":{"form":"apartments"},"geometry":{"type":"Polygon","coordinates":[[[-79.3831446,43.6413911],[-79.3831973,43.6415305],[-79.3829085,43.6415948],[-79.3827774,43.6414696],[-79.3831446,43.6413911]]]}},{"type":"Feature","properties":{"form":"apartments"},"geometry":{"type":"Polygon","coordinates":[[[-79.3835288,43.6423478],[-79.3832632,43.6417615],[-79.3834883,43.641715],[-79.3835655,43.6418344],[-79.3837487,43.6422967],[-79.3835288,43.6423478]]]}},{"type":"Feature","properties":{"form":"other"},"geometry":{"type":"Polygon","coordinates":[[[-79.4658359,43.645914],[-79.4659365,43.6459271],[-79.4659631,43.6458196],[-79.4658625,43.6458066],[-79.4658359,43.645914]]]}},{"type":"Feature","properties":{"form":"other"},"geometry":{"type":"Polygon","coordinates":[[[-79.4798953,43.67235],[-79.4796829,43.6718303],[-79.4798599,43.6717791],[-79.4800864,43.6723116],[-79.4798953,43.67235]]]}},{"type":"Feature","properties":{"form":"other"},"geometry":{"type":"Polygon","coordinates":[[[-79.4605279,43.6742543],[-79.4606463,43.6742275],[-79.4607231,43.674417],[-79.4606081,43.674444],[-79.4605279,43.6742543]]]}},{"type":"Feature","properties":{"form":"apartments"},"geometry":{"type":"Polygon","coordinates":[[[-79.4331197,43.6800033],[-79.4330295,43.6797776],[-79.4325008,43.67989],[-79.4325867,43.6801208],[-79.4331197,43.6800033]]]}},{"type":"Feature","properties":{"form":"apartments"},"geometry":{"type":"Polygon","coordinates":[[[-79.4187781,43.6839536],[-79.4186972,43.6837451],[-79.4191147,43.6836605],[-79.4191963,43.6838622],[-79.4187781,43.6839536]]]}},{"type":"Feature","properties":{"form":"other"},"geometry":{"type":"Polygon","coordinates":[[[-79.3920257,43.6817864],[-79.3919595,43.6816194],[-79.3920689,43.6815968],[-79.392135,43.6817638],[-79.3920257,43.6817864]]]}},{"type":"Feature","properties":{"form":"apartments"},"geometry":{"type":"Polygon","coordinates":[[[-79.3589359,43.6602636],[-79.3587627,43.6603031],[-79.3587096,43.6601781],[-79.358881,43.6601398],[-79.3589359,43.6602636]]]}},{"type":"Feature","properties":{"form":"apartments"},"geometry":{"type":"Polygon","coordinates":[[[-79.4330688,43.6442382],[-79.4330593,43.6442141],[-79.4331078,43.6442042],[-79.4331004,43.6441851],[-79.4332504,43.644154],[-79.4332661,43.6441978],[-79.4330688,43.6442382]]]}},{"type":"Feature","properties":{"form":"apartments"},"geometry":{"type":"Polygon","coordinates":[[[-79.3624003,43.6454912],[-79.3620814,43.6456001],[-79.3618762,43.645259],[-79.3613768,43.64544],[-79.3612456,43.6452375],[-79.3620171,43.6449572],[-79.3621332,43.6450903],[-79.3624003,43.6454912]]]}},{"type":"Feature","properties":{"form":"apartments"},"geometry":{"type":"Polygon","coordinates":[[[-79.4040013,43.6591068],[-79.4036321,43.6591818],[-79.4036072,43.6591127],[-79.4039765,43.6590425],[-79.4040013,43.6591068]]]}},{"type":"Feature","properties":{"form":"other"},"geometry":{"type":"Polygon","coordinates":[[[-79.4018554,43.6589108],[-79.4018104,43.6589227],[-79.401782,43.6588491],[-79.4018274,43.6588391],[-79.4018554,43.6589108]]]}},{"type":"Feature","properties":{"form":"other"},"geometry":{"type":"Polygon","coordinates":[[[-79.3717363,43.6207039],[-79.371771,43.6207885],[-79.3718476,43.6208168],[-79.3719346,43.6208039],[-79.3719982,43.6207218],[-79.3719526,43.6206517],[-79.3719665,43.6206375],[-79.3718803,43.6206122],[-79.3717638,43.620639],[-79.3717327,43.6206647],[-79.3717508,43.6206753],[-79.3717363,43.6207039]]]}},{"type":"Feature","properties":{"form":"other"},"geometry":{"type":"Polygon","coordinates":[[[-79.3772493,43.6164089],[-79.3772092,43.616412],[-79.3772044,43.6163793],[-79.3772445,43.6163762],[-79.3772493,43.6164089]]]}},{"type":"Feature","properties":{"form":"apartments"},"geometry":{"type":"Polygon","coordinates":[[[-79.4244617,43.6711659],[-79.4245232,43.6713416],[-79.4242812,43.6713908],[-79.4244056,43.6717381],[-79.4233809,43.6719332],[-79.4231855,43.6714094],[-79.4241955,43.671216],[-79.4242013,43.6712339],[-79.4242433,43.671227],[-79.4242357,43.6712079],[-79.4244617,43.6711659]]]}},{"type":"Feature","properties":{"form":"other"},"geometry":{"type":"Polygon","coordinates":[[[-79.4010329,43.6644628],[-79.4009391,43.6644833],[-79.4009162,43.6644283],[-79.4010099,43.6644078],[-79.4010329,43.6644628]]]}},{"type":"Feature","properties":{"form":"other"},"geometry":{"type":"Polygon","coordinates":[[[-79.4007542,43.6643945],[-79.4005934,43.6644287],[-79.4006141,43.6644815],[-79.4007749,43.6644473],[-79.4007542,43.6643945]]]}},{"type":"Feature","properties":{"form":"apartments"},"geometry":{"type":"Polygon","coordinates":[[[-79.378705,43.6612597],[-79.3786843,43.661214],[-79.3786528,43.6612208],[-79.3785321,43.660981],[-79.3784533,43.6609976],[-79.3784057,43.6608773],[-79.37878,43.660798],[-79.3789568,43.6612049],[-79.378705,43.6612597]]]}},{"type":"Feature","properties":{"form":"other"},"geometry":{"type":"Polygon","coordinates":[[[-79.3434273,43.6136268],[-79.3434373,43.6135461],[-79.3433965,43.6135428],[-79.3433891,43.6136245],[-79.3434273,43.6136268]]]}},{"type":"Feature","properties":{"form":"other"},"geometry":{"type":"Polygon","coordinates":[[[-79.3419262,43.662638],[-79.3420318,43.6626143],[-79.3420164,43.6625782],[-79.3419107,43.6626019],[-79.3419262,43.662638]]]}},{"type":"Feature","properties":{"form":"other"},"geometry":{"type":"Polygon","coordinates":[[[-79.3432576,43.6648258],[-79.3432439,43.6647941],[-79.3433114,43.6647789],[-79.3433251,43.6648106],[-79.3432576,43.6648258]]]}},{"type":"Feature","properties":{"form":"other"},"geometry":{"type":"Polygon","coordinates":[[[-79.4037164,43.6386196],[-79.4036941,43.6385963],[-79.4037265,43.6385801],[-79.4037487,43.6386034],[-79.4037164,43.6386196]]]}},{"type":"Feature","properties":{"form":"other"},"geometry":{"type":"Polygon","coordinates":[[[-79.4127777,43.6277776],[-79.4128276,43.6277559],[-79.4127742,43.6276321],[-79.4126098,43.6276692],[-79.4126569,43.6277786],[-79.4127399,43.6277984],[-79.4127846,43.6277936],[-79.4127777,43.6277776]]]}},{"type":"Feature","properties":{"form":"other"},"geometry":{"type":"Polygon","coordinates":[[[-79.3661449,43.6845871],[-79.3662329,43.6845696],[-79.3661613,43.6843815],[-79.3660732,43.684399],[-79.3661449,43.6845871]]]}},{"type":"Feature","properties":{"form":"other"},"geometry":{"type":"Polygon","coordinates":[[[-79.4254902,43.6374764],[-79.4252638,43.637533],[-79.4252762,43.6375685],[-79.4255038,43.6375116],[-79.4254902,43.6374764]]]}},{"type":"Feature","properties":{"form":"other"},"geometry":{"type":"Polygon","coordinates":[[[-79.4144029,43.6290519],[-79.4143169,43.6289557],[-79.4144246,43.6289052],[-79.4145107,43.6290013],[-79.4144029,43.6290519]]]}},{"type":"Feature","properties":{"form":"other"},"geometry":{"type":"Polygon","coordinates":[[[-79.4158186,43.6294782],[-79.4157816,43.6293668],[-79.4159271,43.6293415],[-79.4159641,43.629453],[-79.4158186,43.6294782]]]}},{"type":"Feature","properties":{"form":"other"},"geometry":{"type":"Polygon","coordinates":[[[-79.4161165,43.6295343],[-79.4160243,43.6295646],[-79.4159676,43.6293467],[-79.4160508,43.6293213],[-79.4161165,43.6295343]]]}},{"type":"Feature","properties":{"form":"other"},"geometry":{"type":"Polygon","coordinates":[[[-79.414415,43.6304918],[-79.4144663,43.6304841],[-79.4144557,43.6304475],[-79.4144045,43.6304553],[-79.414415,43.6304918]]]}},{"type":"Feature","properties":{"form":"apartments"},"geometry":{"type":"Polygon","coordinates":[[[-79.4179594,43.6278193],[-79.4177823,43.6278571],[-79.4178142,43.6279548],[-79.4176987,43.6279745],[-79.4176932,43.6279576],[-79.4175881,43.6279513],[-79.4175543,43.6279865],[-79.4175199,43.6279702],[-79.4175959,43.627882],[-79.4175748,43.6278182],[-79.4176769,43.6277469],[-79.4178148,43.627568],[-79.4178471,43.6275834],[-79.4176765,43.6277836],[-79.4176833,43.6278049],[-79.4178421,43.6277708],[-79.4178263,43.6277238],[-79.4178856,43.6277134],[-79.4179008,43.6277623],[-79.4179423,43.6277579],[-79.4179594,43.6278193]]]}},{"type":"Feature","properties":{"form":"other"},"geometry":{"type":"Polygon","coordinates":[[[-79.4211446,43.6337251],[-79.4212995,43.6335834],[-79.4211988,43.6335273],[-79.4210432,43.6336713],[-79.4211446,43.6337251]]]}},{"type":"Feature","properties":{"form":"other"},"geometry":{"type":"Polygon","coordinates":[[[-79.4214742,43.6336588],[-79.421392,43.633735],[-79.4215129,43.6338034],[-79.4213869,43.63392],[-79.4212284,43.6338304],[-79.4212745,43.6337877],[-79.4212011,43.6337462],[-79.4212498,43.6337012],[-79.4212189,43.6336837],[-79.4213325,43.6335786],[-79.4214742,43.6336588]]]}},{"type":"Feature","properties":{"form":"other"},"geometry":{"type":"Polygon","coordinates":[[[-79.383403,43.6128039],[-79.3834076,43.6127101],[-79.3833138,43.6127077],[-79.3833092,43.6128014],[-79.383403,43.6128039]]]}},{"type":"Feature","properties":{"form":"other"},"geometry":{"type":"Polygon","coordinates":[[[-79.3835718,43.6127666],[-79.3835765,43.6126729],[-79.3834827,43.6126704],[-79.383478,43.6127642],[-79.3835718,43.6127666]]]}},{"type":"Feature","properties":{"form":"other"},"geometry":{"type":"Polygon","coordinates":[[[-79.3834812,43.6126621],[-79.3836106,43.6126653],[-79.3836139,43.6125974],[-79.3834844,43.6125942],[-79.3834812,43.6126621]]]}},{"type":"Feature","properties":{"form":"other"},"geometry":{"type":"Polygon","coordinates":[[[-79.3833415,43.6126605],[-79.3834709,43.6126638],[-79.3834742,43.6125958],[-79.3833447,43.6125926],[-79.3833415,43.6126605]]]}},{"type":"Feature","properties":{"form":"other"},"geometry":{"type":"Polygon","coordinates":[[[-79.3831975,43.6126528],[-79.383327,43.612656],[-79.3833302,43.6125881],[-79.3832007,43.6125849],[-79.3831975,43.6126528]]]}},{"type":"Feature","properties":{"form":"other"},"geometry":{"type":"Polygon","coordinates":[[[-79.381428,43.6138164],[-79.3812403,43.6138423],[-79.3812211,43.6137824],[-79.3814094,43.6137517],[-79.381428,43.6138164]]]}},{"type":"Feature","properties":{"form":"other"},"geometry":{"type":"Polygon","coordinates":[[[-79.386438,43.6276398],[-79.3864048,43.6276229],[-79.38641,43.627608],[-79.3864506,43.6276053],[-79.3864617,43.6276191],[-79.386438,43.6276398]]]}},{"type":"Feature","properties":{"form":"other"},"geometry":{"type":"Polygon","coordinates":[[[-79.38706,43.6251863],[-79.3871199,43.6251686],[-79.3870878,43.6251115],[-79.3870279,43.6251292],[-79.38706,43.6251863]]]}},{"type":"Feature","properties":{"form":"other"},"geometry":{"type":"Polygon","coordinates":[[[-79.3867754,43.625024],[-79.3867256,43.6249551],[-79.3868003,43.6249268],[-79.3868501,43.6249957],[-79.3867754,43.625024]]]}},{"type":"Feature","properties":{"form":"other"},"geometry":{"type":"Polygon","coordinates":[[[-79.3867388,43.624945],[-79.386676,43.6248689],[-79.3867408,43.6248409],[-79.3868214,43.6249092],[-79.3867388,43.624945]]]}},{"type":"Feature","properties":{"form":"other"},"geometry":{"type":"Polygon","coordinates":[[[-79.3873943,43.6253922],[-79.3873937,43.6252684],[-79.3874178,43.6252683],[-79.3874176,43.6252324],[-79.3872954,43.6252327],[-79.3872962,43.6253924],[-79.3873943,43.6253922]]]}},{"type":"Feature","properties":{"form":"other"},"geometry":{"type":"Polygon","coordinates":[[[-79.3873533,43.6252229],[-79.3873504,43.6251437],[-79.3872995,43.6251447],[-79.3873024,43.6252239],[-79.3873533,43.6252229]]]}},{"type":"Feature","properties":{"form":"other"},"geometry":{"type":"Polygon","coordinates":[[[-79.3826996,43.6223318],[-79.3826533,43.6222205],[-79.3827069,43.6222088],[-79.3827532,43.6223201],[-79.3826996,43.6223318]]]}},{"type":"Feature","properties":{"form":"other"},"geometry":{"type":"Polygon","coordinates":[[[-79.3826207,43.622085],[-79.3825969,43.6220272],[-79.3826468,43.6220164],[-79.3826706,43.6220742],[-79.3826207,43.622085]]]}},{"type":"Feature","properties":{"form":"other"},"geometry":{"type":"Polygon","coordinates":[[[-79.3836005,43.6248626],[-79.3835907,43.6247507],[-79.3835151,43.6247541],[-79.3835249,43.6248661],[-79.3836005,43.6248626]]]}},{"type":"Feature","properties":{"form":"other"},"geometry":{"type":"Polygon","coordinates":[[[-79.3830466,43.625126],[-79.3830927,43.6250854],[-79.3830404,43.6250542],[-79.3829943,43.6250948],[-79.3830466,43.625126]]]}},{"type":"Feature","properties":{"form":"other"},"geometry":{"type":"Polygon","coordinates":[[[-79.3836552,43.6244585],[-79.3835433,43.6244507],[-79.3835339,43.6243866],[-79.383604,43.6243822],[-79.3836006,43.6243537],[-79.3836436,43.624351],[-79.3836552,43.6244585]]]}},{"type":"Feature","properties":{"form":"other"},"geometry":{"type":"Polygon","coordinates":[[[-79.3834764,43.623977],[-79.3834999,43.6239748],[-79.3834941,43.6239426],[-79.3834706,43.6239448],[-79.3834764,43.623977]]]}},{"type":"Feature","properties":{"form":"other"},"geometry":{"type":"Polygon","coordinates":[[[-79.3716929,43.6187999],[-79.3718181,43.6187416],[-79.3715838,43.6184835],[-79.3714235,43.6185632],[-79.3714563,43.6185996],[-79.371494,43.6185797],[-79.3716929,43.6187999]]]}},{"type":"Feature","properties":{"form":"other"},"geometry":{"type":"Polygon","coordinates":[[[-79.3852772,43.6136562],[-79.3853155,43.6136397],[-79.3853508,43.6136538],[-79.3853525,43.6136839],[-79.3852793,43.6136878],[-79.3852772,43.6136562]]]}},{"type":"Feature","properties":{"form":"other"},"geometry":{"type":"Polygon","coordinates":[[[-79.3674311,43.6237492],[-79.3673556,43.6236727],[-79.3675108,43.6235918],[-79.3675845,43.6236727],[-79.3674311,43.6237492]]]}},{"type":"Feature","properties":{"form":"other"},"geometry":{"type":"Polygon","coordinates":[[[-79.3672665,43.6236916],[-79.3673156,43.6236672],[-79.3674067,43.6237634],[-79.3673577,43.6237877],[-79.3672665,43.6236916]]]}},{"type":"Feature","properties":{"form":"other"},"geometry":{"type":"Polygon","coordinates":[[[-79.3694609,43.6236733],[-79.3694716,43.6236411],[-79.3694284,43.6236336],[-79.3694177,43.6236658],[-79.3694609,43.6236733]]]}},{"type":"Feature","properties":{"form":"other"},"geometry":{"type":"Polygon","coordinates":[[[-79.3668998,43.6228677],[-79.3668822,43.6228451],[-79.3669071,43.622835],[-79.3669246,43.6228576],[-79.3668998,43.6228677]]]}},{"type":"Feature","properties":{"form":"other"},"geometry":{"type":"Polygon","coordinates":[[[-79.3706231,43.6236013],[-79.3706532,43.6234584],[-79.3704702,43.6234284],[-79.3704178,43.6235786],[-79.3706231,43.6236013]]]}},{"type":"Feature","properties":{"form":"other"},"geometry":{"type":"Polygon","coordinates":[[[-79.359907,43.6259264],[-79.3599488,43.6258922],[-79.3598871,43.6258527],[-79.3598465,43.6258878],[-79.359907,43.6259264]]]}},{"type":"Feature","properties":{"form":"other"},"geometry":{"type":"Polygon","coordinates":[[[-79.3707891,43.622079],[-79.37079,43.622005],[-79.3705966,43.6220038],[-79.3705958,43.6220779],[-79.3707891,43.622079]]]}},{"type":"Feature","properties":{"form":"other"},"geometry":{"type":"Polygon","coordinates":[[[-79.367558,43.6225637],[-79.3675739,43.6224941],[-79.3673091,43.6224624],[-79.3672932,43.622532],[-79.367558,43.6225637]]]}},{"type":"Feature","properties":{"form":"other"},"geometry":{"type":"Polygon","coordinates":[[[-79.3683855,43.6218023],[-79.3683797,43.6217342],[-79.3686496,43.6217221],[-79.3686555,43.6217901],[-79.3683855,43.6218023]]]}},{"type":"Feature","properties":{"form":"other"},"geometry":{"type":"Polygon","coordinates":[[[-79.3572553,43.6270531],[-79.3572851,43.6270277],[-79.3572073,43.6269798],[-79.3571775,43.6270052],[-79.3572553,43.6270531]]]}},{"type":"Feature","properties":{"form":"other"},"geometry":{"type":"Polygon","coordinates":[[[-79.3757685,43.6401801],[-79.3757691,43.640066],[-79.375841,43.6400643],[-79.3758525,43.6400993],[-79.3758144,43.6401753],[-79.3757685,43.6401801]]]}},{"type":"Feature","properties":{"form":"other"},"geometry":{"type":"Polygon","coordinates":[[[-79.375564,43.6400741],[-79.3757507,43.6400088],[-79.3755579,43.6397198],[-79.3754984,43.6397406],[-79.3756362,43.6399471],[-79.3755089,43.6399916],[-79.375564,43.6400741]]]}},{"type":"Feature","properties":{"form":"other"},"geometry":{"type":"Polygon","coordinates":[[[-79.3229702,43.6590838],[-79.3229526,43.6590443],[-79.3228941,43.6590579],[-79.3229118,43.6590974],[-79.3229702,43.6590838]]]}},{"type":"Feature","properties":{"form":"other"},"geometry":{"type":"Polygon","coordinates":[[[-79.3236382,43.6452713],[-79.3236629,43.6451753],[-79.323552,43.6451604],[-79.3235273,43.6452564],[-79.3236382,43.6452713]]]}},{"type":"Feature","properties":{"form":"other"},"geometry":{"type":"Polygon","coordinates":[[[-79.3209294,43.6460576],[-79.3209371,43.6460184],[-79.3209007,43.6460147],[-79.320893,43.6460538],[-79.3209294,43.6460576]]]}},{"type":"Feature","properties":{"form":"other"},"geometry":{"type":"Polygon","coordinates":[[[-79.3308436,43.6313197],[-79.330852,43.6312652],[-79.3308185,43.6312625],[-79.3308101,43.631317],[-79.3308436,43.6313197]]]}},{"type":"Feature","properties":{"form":"other"},"geometry":{"type":"Polygon","coordinates":[[[-79.3531727,43.6409443],[-79.3530802,43.6408509],[-79.3533852,43.6406927],[-79.3534777,43.6407862],[-79.3531727,43.6409443]]]}},{"type":"Feature","properties":{"form":"apartments"},"geometry":{"type":"Polygon","coordinates":[[[-79.4788818,43.6229326],[-79.478517,43.6234482],[-79.4789695,43.6235838],[-79.4791334,43.6232904],[-79.4789937,43.6232484],[-79.4790287,43.6231817],[-79.4795989,43.6233506],[-79.4797589,43.6233999],[-79.4795515,43.6237705],[-79.4798841,43.6238676],[-79.479923,43.6238321],[-79.4802072,43.6233266],[-79.4788818,43.6229326]]]}},{"type":"Feature","properties":{"form":"other"},"geometry":{"type":"Polygon","coordinates":[[[-79.4102543,43.630331],[-79.410224,43.6303433],[-79.4102336,43.6303248],[-79.4102543,43.630331]]]}},{"type":"Feature","properties":{"form":"other"},"geometry":{"type":"Polygon","coordinates":[[[-79.3589119,43.6753357],[-79.358862,43.6752765],[-79.3589341,43.6752447],[-79.3589839,43.675304],[-79.3589119,43.6753357]]]}},{"type":"Feature","properties":{"form":"other"},"geometry":{"type":"Polygon","coordinates":[[[-79.3873858,43.6424542],[-79.3875168,43.6425158],[-79.3875846,43.642427],[-79.3874484,43.6423716],[-79.3873858,43.6424542]]]}},{"type":"Feature","properties":{"form":"apartments"},"geometry":{"type":"Polygon","coordinates":[[[-79.4112852,43.6398701],[-79.4111166,43.6393916],[-79.4112435,43.6393497],[-79.4113824,43.6393412],[-79.4115521,43.6398206],[-79.4112852,43.6398701]]]}},{"type":"Feature","properties":{"form":"apartments"},"geometry":{"type":"Polygon","coordinates":[[[-79.410203,43.639906],[-79.4087162,43.6398652],[-79.4087265,43.639806],[-79.4097138,43.639598],[-79.4097125,43.6395823],[-79.4101255,43.639514],[-79.4102261,43.6398315],[-79.4101753,43.6398313],[-79.410203,43.639906]]]}},{"type":"Feature","properties":{"form":"apartments"},"geometry":{"type":"Polygon","coordinates":[[[-79.4093632,43.6395622],[-79.4088551,43.6396629],[-79.4088118,43.6396235],[-79.4089054,43.6393868],[-79.4088464,43.63924],[-79.4092028,43.6391676],[-79.4093632,43.6395622]]]}},{"type":"Feature","properties":{"form":"other"},"geometry":{"type":"Polygon","coordinates":[[[-79.4113843,43.6393487],[-79.4111065,43.6393984],[-79.4111007,43.6393552],[-79.4113648,43.6393044],[-79.4113843,43.6393487]]]}},{"type":"Feature","properties":{"form":"apartments"},"geometry":{"type":"Polygon","coordinates":[[[-79.3719671,43.6418319],[-79.3716491,43.6413233],[-79.3718847,43.6412391],[-79.3719053,43.6412731],[-79.3719454,43.6412611],[-79.3722035,43.6417302],[-79.372262,43.6417046],[-79.3723454,43.6418058],[-79.3722844,43.6418322],[-79.3723276,43.6419],[-79.3720871,43.6419806],[-79.3720666,43.6419488],[-79.3720231,43.641945],[-79.371698,43.6420859],[-79.3720529,43.6426082],[-79.3719278,43.64265],[-79.3711749,43.6415122],[-79.3712932,43.6414733],[-79.3716237,43.6419784],[-79.3719671,43.6418319]]]}},{"type":"Feature","properties":{"form":"apartments"},"geometry":{"type":"Polygon","coordinates":[[[-79.3726525,43.6412805],[-79.3724857,43.6410329],[-79.3722515,43.6411193],[-79.3722721,43.6411462],[-79.3722369,43.6411674],[-79.3723789,43.6413446],[-79.372173,43.6413928],[-79.3722244,43.6415078],[-79.3724562,43.6414536],[-79.3726881,43.6417709],[-79.3729359,43.6416981],[-79.3729144,43.6416613],[-79.3729433,43.6416513],[-79.3727277,43.64139],[-79.373108,43.6413009],[-79.3731428,43.6413643],[-79.373401,43.6412901],[-79.3733727,43.6412389],[-79.3734703,43.641216],[-79.3734189,43.641101],[-79.373311,43.6411263],[-79.3731267,43.6407907],[-79.3728685,43.640865],[-79.3730461,43.6411883],[-79.3726525,43.6412805]]]}},{"type":"Feature","properties":{"form":"apartments"},"geometry":{"type":"Polygon","coordinates":[[[-79.3638021,43.6449707],[-79.3634107,43.6444031],[-79.3626103,43.6446986],[-79.3629803,43.6452441],[-79.3638021,43.6449707]]]}},{"type":"Feature","properties":{"form":"apartments"},"geometry":{"type":"Polygon","coordinates":[[[-79.3677887,43.6441195],[-79.3682147,43.6439654],[-79.3678268,43.6436957],[-79.3675693,43.6437908],[-79.3677887,43.6441195]]]}},{"type":"Feature","properties":{"form":"apartments"},"geometry":{"type":"Polygon","coordinates":[[[-79.3998759,43.6384916],[-79.3996374,43.6385482],[-79.3996145,43.6384986],[-79.3996373,43.6384932],[-79.3995412,43.6382821],[-79.3998172,43.6383012],[-79.3998759,43.6384916]]]}},{"type":"Feature","properties":{"form":"apartments"},"geometry":{"type":"Polygon","coordinates":[[[-79.3815533,43.6423098],[-79.3813987,43.6419781],[-79.381388,43.6418505],[-79.3814879,43.6417306],[-79.3820847,43.641389],[-79.3821845,43.6415757],[-79.3822132,43.6416786],[-79.3821108,43.641784],[-79.3820324,43.6418165],[-79.3820063,43.6417984],[-79.3819292,43.641807],[-79.3818131,43.6418529],[-79.3817629,43.6419457],[-79.3818372,43.6420839],[-79.381806,43.6421292],[-79.381848,43.6422227],[-79.3823399,43.6421287],[-79.3815533,43.6423098]]]}},{"type":"Feature","properties":{"form":"other"},"geometry":{"type":"Polygon","coordinates":[[[-79.418104,43.6434638],[-79.4180454,43.6434759],[-79.4179887,43.6434876],[-79.4179984,43.6435148],[-79.4181137,43.6434895],[-79.418104,43.6434638]]]}},{"type":"Feature","properties":{"form":"other"},"geometry":{"type":"Polygon","coordinates":[[[-79.3785306,43.6415256],[-79.3787176,43.6418002],[-79.3787562,43.6417845],[-79.3785709,43.6415117],[-79.3785306,43.6415256]]]}},{"type":"Feature","properties":{"form":"other"},"geometry":{"type":"Polygon","coordinates":[[[-79.3769384,43.640752],[-79.376357,43.6409515],[-79.3763434,43.6409259],[-79.37692,43.6407297],[-79.3769384,43.640752]]]}},{"type":"Feature","properties":{"form":"other"},"geometry":{"type":"Polygon","coordinates":[[[-79.3763935,43.6414493],[-79.376235,43.6411839],[-79.3762025,43.6411955],[-79.3763613,43.6414614],[-79.3763935,43.6414493]]]}},{"type":"Feature","properties":{"form":"apartments"},"geometry":{"type":"Polygon","coordinates":[[[-79.3919452,43.6454726],[-79.3921524,43.6459712],[-79.3913777,43.6461419],[-79.3912904,43.6459229],[-79.3917617,43.6458146],[-79.3917502,43.6457868],[-79.3917756,43.645781],[-79.3917453,43.6457096],[-79.3914389,43.6457741],[-79.3913712,43.6456004],[-79.3919452,43.6454726]]]}},{"type":"Feature","properties":{"form":"other"},"geometry":{"type":"Polygon","coordinates":[[[-79.3799585,43.6427507],[-79.3797115,43.6428723],[-79.3796911,43.6428447],[-79.3799355,43.6427216],[-79.3799585,43.6427507]]]}},{"type":"Feature","properties":{"form":"other"},"geometry":{"type":"Polygon","coordinates":[[[-79.3791303,43.6423436],[-79.3795298,43.6427624],[-79.3795886,43.6427403],[-79.3791841,43.6423163],[-79.3791303,43.6423436]]]}},{"type":"Feature","properties":{"form":"apartments"},"geometry":{"type":"Polygon","coordinates":[[[-79.3702061,43.6468969],[-79.3701887,43.6468509],[-79.3701642,43.6468561],[-79.3701813,43.6469023],[-79.3702061,43.6468969]]]}},{"type":"Feature","properties":{"form":"other"},"geometry":{"type":"Polygon","coordinates":[[[-79.3550712,43.6498794],[-79.355012,43.6497263],[-79.3545839,43.6498129],[-79.3546431,43.649966],[-79.3550712,43.6498794]]]}},{"type":"Feature","properties":{"form":"other"},"geometry":{"type":"Polygon","coordinates":[[[-79.3800675,43.6521523],[-79.3800124,43.6521641],[-79.3800404,43.6524467],[-79.3800912,43.6524361],[-79.3800675,43.6521523]]]}},{"type":"Feature","properties":{"form":"other"},"geometry":{"type":"Polygon","coordinates":[[[-79.3844822,43.6440729],[-79.3843605,43.6440999],[-79.3841721,43.643643],[-79.3846365,43.6432436],[-79.3856749,43.643023],[-79.3857077,43.6431143],[-79.3847059,43.64333],[-79.3843163,43.6436619],[-79.3844822,43.6440729]]]}},{"type":"Feature","properties":{"form":"other"},"geometry":{"type":"Polygon","coordinates":[[[-79.3844055,43.6430954],[-79.3841319,43.6431594],[-79.3841508,43.6432036],[-79.3843921,43.6431485],[-79.3845906,43.6432827],[-79.3846289,43.64325],[-79.3844055,43.6430954]]]}},{"type":"Feature","properties":{"form":"other"},"geometry":{"type":"Polygon","coordinates":[[[-79.3880901,43.6431992],[-79.3881381,43.6431898],[-79.3879697,43.6427689],[-79.3879194,43.6427796],[-79.3880901,43.6431992]]]}},{"type":"Feature","properties":{"form":"apartments"},"geometry":{"type":"Polygon","coordinates":[[[-79.3876189,43.6494946],[-79.388537,43.6493101],[-79.3886055,43.6494719],[-79.3876987,43.6496776],[-79.3876189,43.6494946]]]}},{"type":"Feature","properties":{"form":"other"},"geometry":{"type":"Polygon","coordinates":[[[-79.3786516,43.6442656],[-79.3782682,43.6443615],[-79.3782384,43.6442931],[-79.3786266,43.6442016],[-79.3786516,43.6442656]]]}},{"type":"Feature","properties":{"form":"apartments"},"geometry":{"type":"Polygon","coordinates":[[[-79.3893509,43.6479545],[-79.3898094,43.6478548],[-79.3897075,43.6475976],[-79.389504,43.6476403],[-79.3895432,43.64774],[-79.3894846,43.6477521],[-79.3894433,43.6476529],[-79.3892408,43.6476949],[-79.3893509,43.6479545]]]}},{"type":"Feature","properties":{"form":"apartments"},"geometry":{"type":"Polygon","coordinates":[[[-79.3899218,43.6478312],[-79.3898202,43.647853],[-79.3896197,43.6473603],[-79.3898983,43.6473006],[-79.3900083,43.6475663],[-79.3899575,43.6475777],[-79.3899218,43.6478312]]]}},{"type":"Feature","properties":{"form":"apartments"},"geometry":{"type":"Polygon","coordinates":[[[-79.3888672,43.6468876],[-79.3886903,43.6469251],[-79.3888794,43.6473928],[-79.3890586,43.6473539],[-79.3888672,43.6468876]]]}},{"type":"Feature","properties":{"form":"other"},"geometry":{"type":"Polygon","coordinates":[[[-79.4007462,43.6639547],[-79.4008188,43.6639397],[-79.4008467,43.6640101],[-79.400774,43.6640252],[-79.4007462,43.6639547]]]}},{"type":"Feature","properties":{"form":"other"},"geometry":{"type":"Polygon","coordinates":[[[-79.3417668,43.641289],[-79.3416858,43.6412212],[-79.3415565,43.6413021],[-79.3416375,43.6413699],[-79.3417668,43.641289]]]}},{"type":"Feature","properties":{"form":"houses"},"geometry":{"type":"Polygon","coordinates":[[[-79.4116421,43.6521196],[-79.4115481,43.6518837],[-79.4116975,43.6518525],[-79.4117915,43.6520884],[-79.4116421,43.6521196]]]}},{"type":"Feature","properties":{"form":"houses"},"geometry":{"type":"Polygon","coordinates":[[[-79.411736,43.6523555],[-79.4116421,43.6521196],[-79.4117915,43.6520884],[-79.4118854,43.6523243],[-79.411736,43.6523555]]]}},{"type":"Feature","properties":{"form":"houses"},"geometry":{"type":"Polygon","coordinates":[[[-79.41183,43.6525913],[-79.411736,43.6523555],[-79.4118854,43.6523243],[-79.4119794,43.6525602],[-79.41183,43.6525913]]]}},{"type":"Feature","properties":{"form":"apartments"},"geometry":{"type":"Polygon","coordinates":[[[-79.4194647,43.6463342],[-79.4196119,43.6467315],[-79.4192416,43.6468082],[-79.4192078,43.6467669],[-79.4190771,43.6464115],[-79.4194647,43.6463342]]]}},{"type":"Feature","properties":{"form":"apartments"},"geometry":{"type":"Polygon","coordinates":[[[-79.3991952,43.6499765],[-79.3994547,43.649928],[-79.399218,43.6492856],[-79.3989471,43.6493419],[-79.3991952,43.6499765]]]}},{"type":"Feature","properties":{"form":"houses"},"geometry":{"type":"Polygon","coordinates":[[[-79.3995797,43.6499033],[-79.3995425,43.6498125],[-79.3997946,43.6497592],[-79.399804,43.6497854],[-79.4001819,43.6497053],[-79.4002084,43.6497708],[-79.3995797,43.6499033]]]}},{"type":"Feature","properties":{"form":"other"},"geometry":{"type":"Polygon","coordinates":[[[-79.3994949,43.6494947],[-79.3997785,43.6494317],[-79.3997383,43.649337],[-79.3994527,43.6493996],[-79.3994949,43.6494947]]]}},{"type":"Feature","properties":{"form":"houses"},"geometry":{"type":"Polygon","coordinates":[[[-79.3999435,43.6495758],[-79.4001078,43.6495413],[-79.3999428,43.6491464],[-79.3997698,43.6491842],[-79.3999435,43.6495758]]]}},{"type":"Feature","properties":{"form":"houses"},"geometry":{"type":"Polygon","coordinates":[[[-79.4485291,43.6406078],[-79.4484785,43.6404746],[-79.4485455,43.6404814],[-79.4485879,43.6405932],[-79.4485804,43.6406143],[-79.4485291,43.6406078]]]}},{"type":"Feature","properties":{"form":"other"},"geometry":{"type":"Polygon","coordinates":[[[-79.3916104,43.662068],[-79.3913319,43.6621298],[-79.3912927,43.6620629],[-79.3915914,43.6619962],[-79.3916104,43.662068]]]}},{"type":"Feature","properties":{"form":"other"},"geometry":{"type":"Polygon","coordinates":[[[-79.3563315,43.6581874],[-79.3563677,43.6582755],[-79.3566652,43.658209],[-79.3566809,43.6582484],[-79.3567325,43.6582364],[-79.3566818,43.65811],[-79.3563315,43.6581874]]]}},{"type":"Feature","properties":{"form":"houses"},"geometry":{"type":"Polygon","coordinates":[[[-79.3581713,43.6604247],[-79.3580201,43.6604577],[-79.3578806,43.660131],[-79.3580399,43.6600939],[-79.3581713,43.6604247]]]}},{"type":"Feature","properties":{"form":"houses"},"geometry":{"type":"Polygon","coordinates":[[[-79.3584953,43.6603558],[-79.3583441,43.6603888],[-79.3582046,43.6600621],[-79.3583639,43.660025],[-79.3584953,43.6603558]]]}},{"type":"Feature","properties":{"form":"other"},"geometry":{"type":"Polygon","coordinates":[[[-79.3602646,43.6605687],[-79.3601009,43.6601835],[-79.360102,43.6602018],[-79.3600633,43.6602111],[-79.360056,43.6601936],[-79.3599663,43.6602143],[-79.3599739,43.6602314],[-79.3599404,43.660239],[-79.3599326,43.6602217],[-79.3598429,43.6602422],[-79.3598507,43.6602593],[-79.3597202,43.66027],[-79.3597275,43.6602873],[-79.3596944,43.6602947],[-79.359687,43.6602773],[-79.3595972,43.660298],[-79.3596048,43.6603149],[-79.3595638,43.6603057],[-79.3592496,43.6603938],[-79.3594023,43.6607474],[-79.3595059,43.6607245],[-79.3595269,43.6607546],[-79.3602508,43.6605908],[-79.3602428,43.6605736],[-79.3602646,43.6605687]]]}},{"type":"Feature","properties":{"form":"other"},"geometry":{"type":"Polygon","coordinates":[[[-79.3596554,43.6621235],[-79.3587944,43.6623147],[-79.3586061,43.6618735],[-79.3588323,43.6618236],[-79.358916,43.6620214],[-79.3589969,43.6620052],[-79.3590324,43.662088],[-79.3594282,43.6619985],[-79.3594193,43.6619785],[-79.3594559,43.6619707],[-79.3593563,43.661735],[-79.3594784,43.6617068],[-79.3596554,43.6621235]]]}},{"type":"Feature","properties":{"form":"apartments"},"geometry":{"type":"Polygon","coordinates":[[[-79.3596849,43.6615084],[-79.3594975,43.6610459],[-79.3594596,43.6610532],[-79.3594495,43.6610318],[-79.359825,43.6609471],[-79.3598337,43.6609678],[-79.3597949,43.6609765],[-79.359807,43.6610083],[-79.3604271,43.6608759],[-79.3604493,43.6609292],[-79.3604012,43.6609395],[-79.360557,43.661326],[-79.3596849,43.6615084]]]}},{"type":"Feature","properties":{"form":"other"},"geometry":{"type":"Polygon","coordinates":[[[-79.3658425,43.6603695],[-79.3657943,43.6603803],[-79.3657705,43.6603228],[-79.3658151,43.6603054],[-79.3658425,43.6603695]]]}},{"type":"Feature","properties":{"form":"other"},"geometry":{"type":"Polygon","coordinates":[[[-79.3633617,43.6604902],[-79.3633228,43.6603842],[-79.3637311,43.6603005],[-79.3637683,43.6604026],[-79.3633617,43.6604902]]]}},{"type":"Feature","properties":{"form":"other"},"geometry":{"type":"Polygon","coordinates":[[[-79.4034898,43.6406902],[-79.4038956,43.640609],[-79.4038345,43.640449],[-79.4034286,43.6405302],[-79.4034898,43.6406902]]]}},{"type":"Feature","properties":{"form":"other"},"geometry":{"type":"Polygon","coordinates":[[[-79.4183505,43.6338886],[-79.4176461,43.6340787],[-79.4170955,43.6329928],[-79.4178004,43.6328277],[-79.4178826,43.6329914],[-79.4177787,43.6330166],[-79.4177858,43.6330357],[-79.4178939,43.6330065],[-79.4179576,43.633132],[-79.4178504,43.633162],[-79.4178578,43.6331766],[-79.4179615,43.6331476],[-79.4181753,43.6335661],[-79.418069,43.6335934],[-79.4180786,43.6336125],[-79.4181853,43.6335854],[-79.4182431,43.6337001],[-79.4181494,43.6337268],[-79.4181577,43.6337428],[-79.4182534,43.6337152],[-79.4183505,43.6338886]]]}},{"type":"Feature","properties":{"form":"other"},"geometry":{"type":"Polygon","coordinates":[[[-79.4187559,43.6326065],[-79.4185336,43.6326458],[-79.4185212,43.6326225],[-79.4184852,43.6326325],[-79.4184564,43.6325784],[-79.4184396,43.6325831],[-79.4184614,43.6326239],[-79.4183821,43.632646],[-79.4183898,43.6326654],[-79.4183018,43.6326893],[-79.4182738,43.6326354],[-79.4182909,43.6326917],[-79.4181253,43.63272],[-79.4181035,43.6326782],[-79.4180803,43.6326845],[-79.4181097,43.6327409],[-79.4180783,43.6327495],[-79.4180886,43.6327693],[-79.4178872,43.6328416],[-79.4176756,43.6327715],[-79.4178216,43.6326809],[-79.4186545,43.6324512],[-79.4188257,43.6324512],[-79.4188259,43.6324922],[-79.4187559,43.6326065]]]}},{"type":"Feature","properties":{"form":"other"},"geometry":{"type":"Polygon","coordinates":[[[-79.4187944,43.6326053],[-79.418869,43.6326967],[-79.4190565,43.6330753],[-79.4191165,43.6330596],[-79.4191246,43.6330758],[-79.4190697,43.6330902],[-79.4191409,43.6332284],[-79.41925,43.6332004],[-79.4192578,43.6332163],[-79.419151,43.6332437],[-79.4192744,43.633487],[-79.4192916,43.6335804],[-79.4194842,43.6336446],[-79.4194957,43.6335145],[-79.4197801,43.6334873],[-79.4194028,43.6327563],[-79.4194317,43.6327479],[-79.41924,43.6324415],[-79.4189978,43.6325538],[-79.4188842,43.6324641],[-79.4187944,43.6326053]]]}},{"type":"Feature","properties":{"form":"other"},"geometry":{"type":"Polygon","coordinates":[[[-79.4194646,43.6338019],[-79.4194163,43.6337156],[-79.4194599,43.6337044],[-79.4194483,43.633683],[-79.4193738,43.6337025],[-79.4193159,43.6335885],[-79.4192916,43.6335804],[-79.4192855,43.6335287],[-79.4188006,43.6325955],[-79.4178286,43.6328615],[-79.4183505,43.6338886],[-79.4176461,43.6340787],[-79.4170955,43.6329928],[-79.4172321,43.6329605],[-79.4177144,43.6326065],[-79.4187324,43.6323275],[-79.4189337,43.6323206],[-79.4191119,43.6323775],[-79.4191736,43.6324233],[-79.4193587,43.6323731],[-79.4195333,43.6327187],[-79.419584,43.6327041],[-79.4197986,43.6331235],[-79.4197463,43.6331367],[-79.4199702,43.6335763],[-79.4198335,43.6336151],[-79.4198738,43.6336953],[-79.4194646,43.6338019]]]}},{"type":"Feature","properties":{"form":"other"},"geometry":{"type":"Polygon","coordinates":[[[-79.3664581,43.6846807],[-79.3663628,43.6847018],[-79.3663799,43.684741],[-79.3664734,43.6847198],[-79.3664581,43.6846807]]]}},{"type":"Feature","properties":{"form":"apartments"},"geometry":{"type":"Polygon","coordinates":[[[-79.3891407,43.6590835],[-79.389076,43.6589274],[-79.3890212,43.6589395],[-79.3890861,43.6590957],[-79.3891407,43.6590835]]]}},{"type":"Feature","properties":{"form":"other"},"geometry":{"type":"Polygon","coordinates":[[[-79.3913548,43.6555133],[-79.3909397,43.6556042],[-79.3908699,43.6555014],[-79.3908941,43.6554961],[-79.3908746,43.6554461],[-79.3911764,43.6553806],[-79.3911623,43.6553493],[-79.3912759,43.6553246],[-79.3913548,43.6555133]]]}},{"type":"Feature","properties":{"form":"apartments"},"geometry":{"type":"Polygon","coordinates":[[[-79.3976433,43.6582343],[-79.3975801,43.6580748],[-79.3976338,43.6580644],[-79.397614,43.658012],[-79.3975583,43.6580229],[-79.3974936,43.6578536],[-79.3976113,43.657831],[-79.3976418,43.6579145],[-79.3978755,43.6578681],[-79.3979778,43.6581354],[-79.3976433,43.6582343]]]}},{"type":"Feature","properties":{"form":"other"},"geometry":{"type":"Polygon","coordinates":[[[-79.4173558,43.6382475],[-79.4172665,43.6380122],[-79.4160405,43.6382533],[-79.4160712,43.6383841],[-79.4168847,43.6385003],[-79.4169376,43.6383328],[-79.4173558,43.6382475]]]}},{"type":"Feature","properties":{"form":"other"},"geometry":{"type":"Polygon","coordinates":[[[-79.3549102,43.6658739],[-79.354813,43.6658958],[-79.3547157,43.6659178],[-79.3547265,43.6659423],[-79.3549204,43.6658977],[-79.3549102,43.6658739]]]}},{"type":"Feature","properties":{"form":"other"},"geometry":{"type":"Polygon","coordinates":[[[-79.3751341,43.6666416],[-79.3748201,43.6668633],[-79.3747106,43.6668495],[-79.3746057,43.6665848],[-79.3750734,43.6664897],[-79.3751341,43.6666416]]]}},{"type":"Feature","properties":{"form":"apartments"},"geometry":{"type":"Polygon","coordinates":[[[-79.3792771,43.6620134],[-79.3788334,43.6621042],[-79.378864,43.6621901],[-79.3789311,43.6621758],[-79.379062,43.6624969],[-79.3794446,43.662414],[-79.3792771,43.6620134]]]}},{"type":"Feature","properties":{"form":"apartments"},"geometry":{"type":"Polygon","coordinates":[[[-79.3839353,43.6619323],[-79.3835485,43.6620156],[-79.383507,43.661962],[-79.3834786,43.6619681],[-79.3833923,43.6617589],[-79.3833895,43.6617383],[-79.3834338,43.6617289],[-79.3833928,43.6616299],[-79.3837794,43.6615489],[-79.3839353,43.6619323]]]}},{"type":"Feature","properties":{"form":"other"},"geometry":{"type":"Polygon","coordinates":[[[-79.3739797,43.6440977],[-79.3748333,43.6438822],[-79.3745276,43.6432563],[-79.3737229,43.6435032],[-79.3737484,43.6435552],[-79.3737363,43.6435775],[-79.3739797,43.6440977]]]}},{"type":"Feature","properties":{"form":"other"},"geometry":{"type":"Polygon","coordinates":[[[-79.3548497,43.6650394],[-79.3548415,43.6650234],[-79.3548863,43.6650114],[-79.3548946,43.6650274],[-79.3548497,43.6650394]]]}},{"type":"Feature","properties":{"form":"apartments"},"geometry":{"type":"Polygon","coordinates":[[[-79.3835083,43.6638825],[-79.3839253,43.6637932],[-79.3836102,43.6630205],[-79.3831656,43.6631141],[-79.383454,43.6638102],[-79.3834774,43.6638061],[-79.3835083,43.6638825]]]}},{"type":"Feature","properties":{"form":"other"},"geometry":{"type":"Polygon","coordinates":[[[-79.3845104,43.6618111],[-79.3844128,43.6615552],[-79.3843461,43.6615691],[-79.3843605,43.6616047],[-79.3840119,43.6616776],[-79.3841003,43.6618919],[-79.3845104,43.6618111]]]}},{"type":"Feature","properties":{"form":"apartments"},"geometry":{"type":"Polygon","coordinates":[[[-79.3893681,43.6615386],[-79.3893827,43.6614304],[-79.3893415,43.6614272],[-79.3893214,43.6615483],[-79.3893681,43.6615386]]]}},{"type":"Feature","properties":{"form":"other"},"geometry":{"type":"Polygon","coordinates":[[[-79.389274,43.6630691],[-79.3888174,43.6631673],[-79.3888074,43.663144],[-79.3892639,43.663045],[-79.389274,43.6630691]]]}},{"type":"Feature","properties":{"form":"other"},"geometry":{"type":"Polygon","coordinates":[[[-79.3888566,43.6667363],[-79.3888868,43.6668047],[-79.389444,43.666673],[-79.3894098,43.6666034],[-79.3888566,43.6667363]]]}},{"type":"Feature","properties":{"form":"apartments"},"geometry":{"type":"Polygon","coordinates":[[[-79.3910636,43.668151],[-79.3907321,43.6682231],[-79.3907234,43.6682014],[-79.3906969,43.6682073],[-79.3906181,43.6680154],[-79.3906389,43.6680108],[-79.3906279,43.6679841],[-79.3909645,43.6679115],[-79.3910636,43.668151]]]}},{"type":"Feature","properties":{"form":"apartments"},"geometry":{"type":"Polygon","coordinates":[[[-79.3849404,43.667028],[-79.3847259,43.6670749],[-79.3847624,43.6671651],[-79.3849774,43.6671197],[-79.3849404,43.667028]]]}},{"type":"Feature","properties":{"form":"apartments"},"geometry":{"type":"Polygon","coordinates":[[[-79.3726346,43.671876],[-79.3713941,43.6717101],[-79.3713944,43.6716764],[-79.3713525,43.6716372],[-79.3713538,43.6715925],[-79.3713934,43.6715542],[-79.3713921,43.6715195],[-79.3724602,43.6714997],[-79.3726346,43.671876]]]}},{"type":"Feature","properties":{"form":"other"},"geometry":{"type":"Polygon","coordinates":[[[-79.4000651,43.6673906],[-79.4000185,43.667385],[-79.4000231,43.6673983],[-79.4000651,43.6673906]]]}},{"type":"Feature","properties":{"form":"other"},"geometry":{"type":"Polygon","coordinates":[[[-79.4386591,43.6689075],[-79.4386277,43.6688703],[-79.4386417,43.668817],[-79.4387135,43.6687835],[-79.4389194,43.6687704],[-79.4389287,43.6687175],[-79.4388583,43.6686831],[-79.4388483,43.6686477],[-79.4388724,43.6686244],[-79.4389603,43.6686322],[-79.4390401,43.6688063],[-79.4390297,43.6688391],[-79.4386591,43.6689075]]]}},{"type":"Feature","properties":{"form":"other"},"geometry":{"type":"Polygon","coordinates":[[[-79.3508435,43.6599126],[-79.350815,43.6598429],[-79.3507645,43.6598537],[-79.350793,43.6599234],[-79.3508435,43.6599126]]]}},{"type":"Feature","properties":{"form":"apartments"},"geometry":{"type":"Polygon","coordinates":[[[-79.3416856,43.6576826],[-79.3415713,43.6574116],[-79.3418345,43.6573545],[-79.3415968,43.6567977],[-79.3419858,43.6567122],[-79.3423352,43.6575388],[-79.3416856,43.6576826]]]}},{"type":"Feature","properties":{"form":"other"},"geometry":{"type":"Polygon","coordinates":[[[-79.3478289,43.6562384],[-79.3477597,43.6560716],[-79.3478216,43.6560582],[-79.3478482,43.6561225],[-79.3479496,43.6561005],[-79.3479921,43.656203],[-79.3478289,43.6562384]]]}},{"type":"Feature","properties":{"form":"other"},"geometry":{"type":"Polygon","coordinates":[[[-79.3479836,43.6561823],[-79.3481944,43.656133],[-79.3481472,43.656038],[-79.3478532,43.6560633],[-79.3478798,43.6561156],[-79.3479496,43.6561005],[-79.3479836,43.6561823]]]}},{"type":"Feature","properties":{"form":"apartments"},"geometry":{"type":"Polygon","coordinates":[[[-79.429837,43.6437834],[-79.4293733,43.6438763],[-79.429307,43.6437055],[-79.4294586,43.6436731],[-79.4293982,43.6434984],[-79.4295323,43.6434707],[-79.4297549,43.6435638],[-79.429837,43.6437834]]]}},{"type":"Feature","properties":{"form":"apartments"},"geometry":{"type":"Polygon","coordinates":[[[-79.4300601,43.6444374],[-79.4296207,43.6445247],[-79.4295541,43.6443481],[-79.4297136,43.644317],[-79.4296582,43.6441728],[-79.4294978,43.6442031],[-79.4294326,43.6440289],[-79.4297211,43.6439703],[-79.4296647,43.6438183],[-79.4297014,43.6438111],[-79.4297603,43.6439625],[-79.4298717,43.6439399],[-79.4300601,43.6444374]]]}},{"type":"Feature","properties":{"form":"apartments"},"geometry":{"type":"Polygon","coordinates":[[[-79.4302863,43.6449117],[-79.4301599,43.6445866],[-79.4296807,43.6446817],[-79.4298041,43.64501],[-79.4302863,43.6449117]]]}},{"type":"Feature","properties":{"form":"other"},"geometry":{"type":"Polygon","coordinates":[[[-79.3907241,43.6707191],[-79.3908203,43.6709535],[-79.3906893,43.6709808],[-79.3904827,43.670512],[-79.3908615,43.6704295],[-79.3909601,43.6706659],[-79.3907241,43.6707191]]]}},{"type":"Feature","properties":{"form":"apartments"},"geometry":{"type":"Polygon","coordinates":[[[-79.3946099,43.6703652],[-79.3944798,43.6700431],[-79.3940272,43.6701395],[-79.394154,43.6704603],[-79.3946099,43.6703652]]]}},{"type":"Feature","properties":{"form":"apartments"},"geometry":{"type":"Polygon","coordinates":[[[-79.3979476,43.6754522],[-79.3975979,43.6755315],[-79.3976469,43.6756578],[-79.3976871,43.6756498],[-79.3977414,43.6757856],[-79.3980473,43.6757231],[-79.3979476,43.6754522]]]}},{"type":"Feature","properties":{"form":"other"},"geometry":{"type":"Polygon","coordinates":[[[-79.4201995,43.6370391],[-79.4209673,43.6369016],[-79.4211429,43.637371],[-79.4203796,43.6375229],[-79.4201995,43.6370391]]]}},{"type":"Feature","properties":{"form":"other"},"geometry":{"type":"Polygon","coordinates":[[[-79.4208716,43.6368246],[-79.4209038,43.6369108],[-79.4205552,43.6369704],[-79.4205261,43.6368913],[-79.4208716,43.6368246]]]}},{"type":"Feature","properties":{"form":"other"},"geometry":{"type":"Polygon","coordinates":[[[-79.4206417,43.6374705],[-79.420701,43.6376302],[-79.420622,43.6376451],[-79.4206133,43.6376237],[-79.4204311,43.6376618],[-79.4203796,43.6375229],[-79.4206417,43.6374705]]]}},{"type":"Feature","properties":{"form":"other"},"geometry":{"type":"Polygon","coordinates":[[[-79.4228429,43.6319941],[-79.4228149,43.6319385],[-79.4228923,43.6319186],[-79.4229196,43.631974],[-79.4228429,43.6319941]]]}},{"type":"Feature","properties":{"form":"other"},"geometry":{"type":"Polygon","coordinates":[[[-79.4684035,43.6356726],[-79.4670995,43.6362466],[-79.4668854,43.6359963],[-79.4681618,43.6354071],[-79.4684035,43.6356726]]]}},{"type":"Feature","properties":{"form":"houses"},"geometry":{"type":"Polygon","coordinates":[[[-79.4753102,43.629661],[-79.4752251,43.6295805],[-79.4748791,43.6298503],[-79.4749951,43.6299061],[-79.4753102,43.629661]]]}},{"type":"Feature","properties":{"form":"other"},"geometry":{"type":"Polygon","coordinates":[[[-79.4773701,43.6289078],[-79.4772847,43.6289126],[-79.477136,43.6288647],[-79.4771078,43.6289484],[-79.477162,43.628958],[-79.4772055,43.628998],[-79.4773412,43.6289912],[-79.4773701,43.6289078]]]}},{"type":"Feature","properties":{"form":"apartments"},"geometry":{"type":"Polygon","coordinates":[[[-79.4794046,43.624918],[-79.4788869,43.6247719],[-79.4790459,43.6244247],[-79.4794522,43.6245418],[-79.4793521,43.6247302],[-79.4794804,43.6247634],[-79.4794046,43.624918]]]}},{"type":"Feature","properties":{"form":"apartments"},"geometry":{"type":"Polygon","coordinates":[[[-79.4783163,43.6242098],[-79.4780957,43.6241462],[-79.4779019,43.6244845],[-79.4785624,43.6246665],[-79.4786563,43.6244947],[-79.4782278,43.6243733],[-79.4783163,43.6242098]]]}},{"type":"Feature","properties":{"form":"other"},"geometry":{"type":"Polygon","coordinates":[[[-79.4335415,43.6502889],[-79.4334537,43.6503059],[-79.4334299,43.6502416],[-79.4335177,43.6502246],[-79.4335415,43.6502889]]]}},{"type":"Feature","properties":{"form":"other"},"geometry":{"type":"Polygon","coordinates":[[[-79.4337079,43.6502635],[-79.4335886,43.6502871],[-79.4335639,43.6502218],[-79.4336832,43.6501982],[-79.4337079,43.6502635]]]}},{"type":"Feature","properties":{"form":"other"},"geometry":{"type":"Polygon","coordinates":[[[-79.3401373,43.6504164],[-79.3395521,43.6497737],[-79.3394661,43.649664],[-79.3397328,43.6495512],[-79.3403624,43.6503231],[-79.3401373,43.6504164]]]}},{"type":"Feature","properties":{"form":"other"},"geometry":{"type":"Polygon","coordinates":[[[-79.3392007,43.6484693],[-79.3390259,43.6482551],[-79.3400067,43.6478496],[-79.3401695,43.6480469],[-79.3392007,43.6484693]]]}},{"type":"Feature","properties":{"form":"apartments"},"geometry":{"type":"Polygon","coordinates":[[[-79.4003211,43.6862095],[-79.3999501,43.6862811],[-79.4000316,43.6865019],[-79.4004026,43.6864303],[-79.4003211,43.6862095]]]}},{"type":"Feature","properties":{"form":"other"},"geometry":{"type":"Polygon","coordinates":[[[-79.4066121,43.6761537],[-79.406464,43.6761843],[-79.4066504,43.676659],[-79.4068093,43.676627],[-79.4068006,43.6766023],[-79.4068971,43.6765824],[-79.4069058,43.6766072],[-79.4070775,43.6765718],[-79.4068898,43.6760965],[-79.4067429,43.676128],[-79.4068777,43.6764752],[-79.4067476,43.6765014],[-79.4066121,43.6761537]]]}},{"type":"Feature","properties":{"form":"other"},"geometry":{"type":"Polygon","coordinates":[[[-79.3513269,43.6626575],[-79.3512891,43.6625664],[-79.3509129,43.6626481],[-79.3509332,43.6626971],[-79.3510722,43.6626669],[-79.351088,43.6627049],[-79.3513269,43.6626575]]]}},{"type":"Feature","properties":{"form":"other"},"geometry":{"type":"Polygon","coordinates":[[[-79.3513553,43.662818],[-79.3511005,43.6628603],[-79.3510833,43.6628185],[-79.3513333,43.6627646],[-79.3513553,43.662818]]]}},{"type":"Feature","properties":{"form":"other"},"geometry":{"type":"Polygon","coordinates":[[[-79.3513682,43.6627569],[-79.3511233,43.6628099],[-79.3510839,43.6627148],[-79.3513269,43.6626575],[-79.3513682,43.6627569]]]}},{"type":"Feature","properties":{"form":"other"},"geometry":{"type":"Polygon","coordinates":[[[-79.3848334,43.6171514],[-79.3848031,43.617039],[-79.3848461,43.6170329],[-79.3848354,43.6169932],[-79.3848903,43.6169854],[-79.3848779,43.6169394],[-79.3848342,43.6169456],[-79.3848236,43.6169065],[-79.3846054,43.6169509],[-79.3846166,43.6169925],[-79.3846487,43.616988],[-79.384698,43.6171706],[-79.3848334,43.6171514]]]}},{"type":"Feature","properties":{"form":"other"},"geometry":{"type":"Polygon","coordinates":[[[-79.384996,43.6169129],[-79.3849746,43.6168395],[-79.3851655,43.6168103],[-79.385187,43.6168836],[-79.384996,43.6169129]]]}},{"type":"Feature","properties":{"form":"other"},"geometry":{"type":"Polygon","coordinates":[[[-79.3847751,43.6166993],[-79.3847398,43.6165631],[-79.3848726,43.6165451],[-79.384908,43.6166812],[-79.3847751,43.6166993]]]}},{"type":"Feature","properties":{"form":"apartments"},"geometry":{"type":"Polygon","coordinates":[[[-79.4038008,43.6904666],[-79.4036837,43.6905258],[-79.4036404,43.6904913],[-79.4035143,43.6905572],[-79.4034082,43.6905711],[-79.4033477,43.6904909],[-79.4034055,43.6904681],[-79.4032676,43.6902852],[-79.403669,43.6901898],[-79.4037312,43.6902703],[-79.4036931,43.6902857],[-79.4038008,43.6904666]]]}},{"type":"Feature","properties":{"form":"other"},"geometry":{"type":"Polygon","coordinates":[[[-79.4119937,43.6862179],[-79.4122475,43.6861658],[-79.4122408,43.6861439],[-79.4122649,43.6861391],[-79.4122059,43.685983],[-79.4121818,43.6859873],[-79.4121502,43.6859078],[-79.4119068,43.6859461],[-79.4119937,43.6862179]]]}},{"type":"Feature","properties":{"form":"other"},"geometry":{"type":"Polygon","coordinates":[[[-79.4171586,43.6846495],[-79.4171217,43.6846566],[-79.4170935,43.6845859],[-79.4166289,43.6846663],[-79.416687,43.6847893],[-79.4166396,43.6847993],[-79.4167422,43.6850505],[-79.4167683,43.6850456],[-79.4167764,43.6850694],[-79.4167502,43.6850747],[-79.4168696,43.6853594],[-79.4169105,43.6853502],[-79.4169246,43.685387],[-79.4172505,43.6853167],[-79.4172397,43.6852891],[-79.417351,43.6852634],[-79.4173237,43.6851852],[-79.4173727,43.6851751],[-79.4171586,43.6846495]]]}},{"type":"Feature","properties":{"form":"apartments"},"geometry":{"type":"Polygon","coordinates":[[[-79.4147907,43.6853093],[-79.4147258,43.6851465],[-79.4143829,43.685218],[-79.414399,43.6852557],[-79.4143538,43.6852651],[-79.4143444,43.6852414],[-79.4140415,43.6853046],[-79.4141545,43.6855879],[-79.4142935,43.6855589],[-79.4142835,43.6855338],[-79.4144898,43.6854919],[-79.4145462,43.6856333],[-79.4145841,43.6856254],[-79.4146002,43.685663],[-79.4149773,43.685584],[-79.4149117,43.6854177],[-79.4146072,43.6854802],[-79.4146242,43.6855248],[-79.4145506,43.6855411],[-79.4144848,43.6853655],[-79.4147907,43.6853093]]]}},{"type":"Feature","properties":{"form":"other"},"geometry":{"type":"Polygon","coordinates":[[[-79.3558019,43.6544771],[-79.3557682,43.6544028],[-79.3558947,43.6543728],[-79.3559284,43.6544471],[-79.3558019,43.6544771]]]}},{"type":"Feature","properties":{"form":"other"},"geometry":{"type":"Polygon","coordinates":[[[-79.3951297,43.6598457],[-79.3950571,43.659719],[-79.3950183,43.659727],[-79.3950909,43.6598538],[-79.3951297,43.6598457]]]}},{"type":"Feature","properties":{"form":"other"},"geometry":{"type":"Polygon","coordinates":[[[-79.3930619,43.6597398],[-79.3930712,43.6597644],[-79.3931063,43.6597571],[-79.3930966,43.6597321],[-79.3930619,43.6597398]]]}},{"type":"Feature","properties":{"form":"apartments"},"geometry":{"type":"Polygon","coordinates":[[[-79.39317,43.6604869],[-79.3931371,43.6604081],[-79.393175,43.6603999],[-79.3932076,43.6604789],[-79.39317,43.6604869]]]}},{"type":"Feature","properties":{"form":"other"},"geometry":{"type":"Polygon","coordinates":[[[-79.3936238,43.6597781],[-79.3935349,43.6596384],[-79.3935081,43.6596444],[-79.3935985,43.6597838],[-79.3936238,43.6597781]]]}},{"type":"Feature","properties":{"form":"other"},"geometry":{"type":"Polygon","coordinates":[[[-79.3997198,43.659048],[-79.3992334,43.659144],[-79.3992406,43.659162],[-79.3995405,43.6591134],[-79.3997296,43.659075],[-79.3997198,43.659048]]]}},{"type":"Feature","properties":{"form":"other"},"geometry":{"type":"Polygon","coordinates":[[[-79.3899439,43.6639818],[-79.3899898,43.6641264],[-79.3901013,43.6641017],[-79.3900301,43.6639455],[-79.3900029,43.6639176],[-79.389859,43.6639493],[-79.3898778,43.663996],[-79.3899439,43.6639818]]]}},{"type":"Feature","properties":{"form":"apartments"},"geometry":{"type":"Polygon","coordinates":[[[-79.4005206,43.6584761],[-79.4011931,43.6583429],[-79.4011151,43.6581315],[-79.4009588,43.6581631],[-79.4009475,43.6581389],[-79.40043,43.658245],[-79.4005206,43.6584761]]]}},{"type":"Feature","properties":{"form":"apartments"},"geometry":{"type":"Polygon","coordinates":[[[-79.44343,43.653692],[-79.4431919,43.6537439],[-79.4432022,43.653785],[-79.4429856,43.6538308],[-79.4429299,43.6536944],[-79.4428235,43.6535884],[-79.4424845,43.6536536],[-79.4425114,43.6537297],[-79.4424012,43.6537507],[-79.4423275,43.6535593],[-79.442828,43.6534604],[-79.443052,43.6533893],[-79.4431638,43.6536385],[-79.4432934,43.6536134],[-79.4431968,43.6533718],[-79.4432903,43.6533514],[-79.44343,43.653692]]]}},{"type":"Feature","properties":{"form":"apartments"},"geometry":{"type":"Polygon","coordinates":[[[-79.4133207,43.6734698],[-79.4120262,43.6737545],[-79.4121663,43.6740944],[-79.4124332,43.6740353],[-79.4124641,43.6741129],[-79.4134927,43.6739004],[-79.4133207,43.6734698]]]}},{"type":"Feature","properties":{"form":"other"},"geometry":{"type":"Polygon","coordinates":[[[-79.4477606,43.6670708],[-79.4472901,43.6671855],[-79.4471788,43.6669111],[-79.4467186,43.6670083],[-79.4468795,43.667436],[-79.4488402,43.6670703],[-79.448633,43.6665591],[-79.448572,43.666546],[-79.4485163,43.6664116],[-79.4482726,43.6664545],[-79.4485029,43.6670203],[-79.4479336,43.6671275],[-79.4479135,43.667079],[-79.4477773,43.6671077],[-79.4477606,43.6670708]]]}},{"type":"Feature","properties":{"form":"other"},"geometry":{"type":"Polygon","coordinates":[[[-79.4122117,43.632445],[-79.4122826,43.6324181],[-79.4122434,43.632363],[-79.4121695,43.6323922],[-79.4122117,43.632445]]]}},{"type":"Feature","properties":{"form":"apartments"},"geometry":{"type":"Polygon","coordinates":[[[-79.3410576,43.6653828],[-79.3408642,43.6654249],[-79.3410563,43.6658843],[-79.3412541,43.6658417],[-79.3410576,43.6653828]]]}},{"type":"Feature","properties":{"form":"apartments"},"geometry":{"type":"Polygon","coordinates":[[[-79.3407559,43.6651621],[-79.3408699,43.6654391],[-79.3402402,43.6656054],[-79.340203,43.6655181],[-79.3403468,43.6654866],[-79.3403019,43.6653848],[-79.3401587,43.6654171],[-79.3401162,43.6653212],[-79.3403602,43.6652513],[-79.3403733,43.6652824],[-79.340436,43.6652683],[-79.3404233,43.6652373],[-79.3407559,43.6651621]]]}},{"type":"Feature","properties":{"form":"other"},"geometry":{"type":"Polygon","coordinates":[[[-79.3677523,43.6440636],[-79.3677212,43.6440192],[-79.3675382,43.6440827],[-79.3675678,43.6441264],[-79.3677523,43.6440636]]]}},{"type":"Feature","properties":{"form":"other"},"geometry":{"type":"Polygon","coordinates":[[[-79.4716057,43.6719244],[-79.4716177,43.6718889],[-79.471597,43.6718853],[-79.4715851,43.6719208],[-79.4716057,43.6719244]]]}},{"type":"Feature","properties":{"form":"other"},"geometry":{"type":"Polygon","coordinates":[[[-79.3411121,43.6478783],[-79.3420379,43.6474854],[-79.3421512,43.6476253],[-79.3426391,43.6474223],[-79.3427837,43.6476039],[-79.3429288,43.6475431],[-79.3431661,43.6478397],[-79.3416093,43.648492],[-79.3411121,43.6478783]]]}},{"type":"Feature","properties":{"form":"other"},"geometry":{"type":"Polygon","coordinates":[[[-79.3405035,43.647131],[-79.3410135,43.6469159],[-79.3414725,43.6474821],[-79.3409625,43.6476985],[-79.3405035,43.647131]]]}},{"type":"Feature","properties":{"form":"other"},"geometry":{"type":"Polygon","coordinates":[[[-79.3495145,43.6505904],[-79.3493482,43.6504733],[-79.3496612,43.6502405],[-79.3498274,43.6503575],[-79.3495145,43.6505904]]]}},{"type":"Feature","properties":{"form":"other"},"geometry":{"type":"Polygon","coordinates":[[[-79.4608514,43.6734336],[-79.4609403,43.673647],[-79.4609188,43.6736516],[-79.4609262,43.6736698],[-79.4609715,43.6737157],[-79.4610224,43.6738396],[-79.4606053,43.6739341],[-79.4605329,43.6737656],[-79.4606815,43.6737329],[-79.460605,43.6735515],[-79.4606473,43.673542],[-79.460628,43.6734939],[-79.4608514,43.6734336]]]}},{"type":"Feature","properties":{"form":"other"},"geometry":{"type":"Polygon","coordinates":[[[-79.3955542,43.6330164],[-79.3952172,43.6331984],[-79.3949221,43.6329122],[-79.3953356,43.6326889],[-79.3953516,43.6327044],[-79.3952751,43.6327457],[-79.3955542,43.6330164]]]}},{"type":"Feature","properties":{"form":"other"},"geometry":{"type":"Polygon","coordinates":[[[-79.3949879,43.6320857],[-79.395092,43.6321857],[-79.3952894,43.6323751],[-79.3951411,43.6324553],[-79.3948434,43.6321644],[-79.3949879,43.6320857]]]}},{"type":"Feature","properties":{"form":"apartments"},"geometry":{"type":"Polygon","coordinates":[[[-79.4782761,43.6703167],[-79.4778181,43.6704181],[-79.4779126,43.6706509],[-79.478256,43.6705747],[-79.4783317,43.6707593],[-79.4779965,43.6708357],[-79.4780535,43.6709729],[-79.4789453,43.6707731],[-79.4789077,43.6706931],[-79.4788534,43.6707047],[-79.4788293,43.6706533],[-79.4785631,43.6707139],[-79.4784162,43.6703681],[-79.4783083,43.6703933],[-79.4782761,43.6703167]]]}},{"type":"Feature","properties":{"form":"other"},"geometry":{"type":"Polygon","coordinates":[[[-79.3959656,43.6330257],[-79.3958999,43.6330612],[-79.3958392,43.6330023],[-79.3959049,43.6329668],[-79.3959656,43.6330257]]]}},{"type":"Feature","properties":{"form":"other"},"geometry":{"type":"Polygon","coordinates":[[[-79.400014,43.6379332],[-79.399693,43.6379783],[-79.3997344,43.6380672],[-79.4000382,43.6380364],[-79.400014,43.6379332]]]}},{"type":"Feature","properties":{"form":"apartments"},"geometry":{"type":"Polygon","coordinates":[[[-79.38565,43.6644888],[-79.3856473,43.6645422],[-79.3856011,43.6645773],[-79.3852629,43.6646814],[-79.3851867,43.664669],[-79.3849747,43.664204],[-79.3849748,43.664165],[-79.3850546,43.664107],[-79.3854716,43.6640944],[-79.38565,43.6644888]]]}},{"type":"Feature","properties":{"form":"other"},"geometry":{"type":"Polygon","coordinates":[[[-79.3188188,43.6568017],[-79.3187836,43.6568464],[-79.3187176,43.6568656],[-79.3186265,43.6568347],[-79.3186047,43.6567876],[-79.3186516,43.6567232],[-79.3187203,43.6567098],[-79.3188077,43.6567508],[-79.3188188,43.6568017]]]}},{"type":"Feature","properties":{"form":"other"},"geometry":{"type":"Polygon","coordinates":[[[-79.3334385,43.6463759],[-79.3334956,43.6463368],[-79.333574,43.6463333],[-79.3336351,43.6463648],[-79.3336505,43.6464397],[-79.3335757,43.6464927],[-79.3335044,43.6464921],[-79.3334294,43.6464324],[-79.3334385,43.6463759]]]}},{"type":"Feature","properties":{"form":"other"},"geometry":{"type":"Polygon","coordinates":[[[-79.3866658,43.6413515],[-79.3866755,43.641393],[-79.3866228,43.6414192],[-79.3864771,43.6413344],[-79.3864925,43.6413039],[-79.3865427,43.641291],[-79.3866658,43.6413515]]]}},{"type":"Feature","properties":{"form":"other"},"geometry":{"type":"Polygon","coordinates":[[[-79.3395354,43.652285],[-79.3395528,43.6522365],[-79.3395269,43.6522078],[-79.3394585,43.6521998],[-79.3394124,43.6522363],[-79.3394471,43.6522949],[-79.3395354,43.652285]]]}},{"type":"Feature","properties":{"form":"other"},"geometry":{"type":"Polygon","coordinates":[[[-79.3590182,43.6479041],[-79.3595382,43.6476605],[-79.3595869,43.6477184],[-79.3596275,43.6477005],[-79.3596477,43.6477245],[-79.3596072,43.6477423],[-79.3596569,43.6478014],[-79.3591692,43.6480162],[-79.3591205,43.6479583],[-79.3590789,43.6479766],[-79.359057,43.6479506],[-79.3590986,43.6479323],[-79.3590804,43.6479107],[-79.3590391,43.6479289],[-79.3590182,43.6479041]]]}},{"type":"Feature","properties":{"form":"other"},"geometry":{"type":"Polygon","coordinates":[[[-79.3541929,43.6402565],[-79.354121,43.6401705],[-79.3541431,43.6401608],[-79.3541084,43.6401193],[-79.3541746,43.6400904],[-79.3542785,43.6402189],[-79.3541929,43.6402565]]]}},{"type":"Feature","properties":{"form":"other"},"geometry":{"type":"Polygon","coordinates":[[[-79.3536253,43.6407895],[-79.3535307,43.6406971],[-79.3537732,43.640567],[-79.3538678,43.6406594],[-79.3536253,43.6407895]]]}},{"type":"Feature","properties":{"form":"other"},"geometry":{"type":"Polygon","coordinates":[[[-79.4007745,43.6499525],[-79.40076,43.6499119],[-79.400818,43.6499011],[-79.4008324,43.6499417],[-79.4007745,43.6499525]]]}},{"type":"Feature","properties":{"form":"apartments"},"geometry":{"type":"Polygon","coordinates":[[[-79.4095914,43.6394052],[-79.4093822,43.6388695],[-79.4102123,43.6386557],[-79.4102301,43.6387018],[-79.4103649,43.6386756],[-79.4105751,43.6392029],[-79.4095914,43.6394052]]]}},{"type":"Feature","properties":{"form":"apartments"},"geometry":{"type":"Polygon","coordinates":[[[-79.4118539,43.6387472],[-79.4118052,43.6387792],[-79.4117962,43.6388416],[-79.4114804,43.6389025],[-79.4113918,43.6386671],[-79.4114301,43.6386593],[-79.4113892,43.6385487],[-79.4115347,43.638458],[-79.4115742,43.6384953],[-79.4116332,43.6384643],[-79.4117804,43.6386081],[-79.4118547,43.6386281],[-79.4118614,43.6386519],[-79.4118215,43.6386588],[-79.4118539,43.6387472]]]}},{"type":"Feature","properties":{"form":"apartments"},"geometry":{"type":"Polygon","coordinates":[[[-79.4109681,43.6391602],[-79.4107696,43.6386365],[-79.4110646,43.6385764],[-79.4112651,43.6391009],[-79.4109681,43.6391602]]]}},{"type":"Feature","properties":{"form":"apartments"},"geometry":{"type":"Polygon","coordinates":[[[-79.3551104,43.6517479],[-79.3550279,43.6515476],[-79.3549575,43.6515626],[-79.3549126,43.6514597],[-79.3543153,43.6517897],[-79.3543932,43.651996],[-79.3547329,43.6518315],[-79.3551104,43.6517479]]]}},{"type":"Feature","properties":{"form":"apartments"},"geometry":{"type":"Polygon","coordinates":[[[-79.3560813,43.6515267],[-79.3559025,43.6511429],[-79.3551718,43.6513397],[-79.3553283,43.6516989],[-79.3560813,43.6515267]]]}},{"type":"Feature","properties":{"form":"apartments"},"geometry":{"type":"Polygon","coordinates":[[[-79.3561326,43.6510903],[-79.3568991,43.6509586],[-79.3570496,43.6513035],[-79.3562946,43.6514782],[-79.3561326,43.6510903]]]}},{"type":"Feature","properties":{"form":"apartments"},"geometry":{"type":"Polygon","coordinates":[[[-79.3581735,43.6596141],[-79.3582137,43.6596058],[-79.3581641,43.6594836],[-79.3581329,43.6594905],[-79.3581181,43.659455],[-79.3576392,43.6595621],[-79.3578238,43.6599624],[-79.3578018,43.6599673],[-79.3578389,43.6600543],[-79.3583498,43.6599435],[-79.3583022,43.6598207],[-79.3582586,43.65983],[-79.3581735,43.6596141]]]}},{"type":"Feature","properties":{"form":"apartments"},"geometry":{"type":"Polygon","coordinates":[[[-79.3592309,43.6610946],[-79.3583706,43.6612872],[-79.3585724,43.6617563],[-79.3594368,43.66157],[-79.3592309,43.6610946]]]}},{"type":"Feature","properties":{"form":"apartments"},"geometry":{"type":"Polygon","coordinates":[[[-79.3777009,43.6720487],[-79.3775658,43.6717155],[-79.3776101,43.6717063],[-79.377532,43.6714926],[-79.3772879,43.6715292],[-79.3773851,43.6717634],[-79.3770897,43.6718285],[-79.3772237,43.6721556],[-79.3777009,43.6720487]]]}},{"type":"Feature","properties":{"form":"other"},"geometry":{"type":"Polygon","coordinates":[[[-79.3799731,43.6559807],[-79.3798896,43.6559982],[-79.3798657,43.6559363],[-79.3799478,43.6559186],[-79.3799731,43.6559807]]]}},{"type":"Feature","properties":{"form":"other"},"geometry":{"type":"Polygon","coordinates":[[[-79.380297,43.6563734],[-79.380495,43.6563295],[-79.3805069,43.6563269],[-79.3804687,43.6562446],[-79.3802615,43.6562915],[-79.380297,43.6563734]]]}},{"type":"Feature","properties":{"form":"other"},"geometry":{"type":"Polygon","coordinates":[[[-79.3962828,43.632607],[-79.3962469,43.6325734],[-79.3962038,43.6325975],[-79.3962398,43.6326311],[-79.3962828,43.632607]]]}},{"type":"Feature","properties":{"form":"other"},"geometry":{"type":"Polygon","coordinates":[[[-79.3961906,43.6325429],[-79.3961487,43.6325033],[-79.3961031,43.6325287],[-79.396145,43.6325682],[-79.3961906,43.6325429]]]}},{"type":"Feature","properties":{"form":"other"},"geometry":{"type":"Polygon","coordinates":[[[-79.3953662,43.6333461],[-79.3951651,43.6334553],[-79.3951123,43.6334045],[-79.3953134,43.6332952],[-79.3953662,43.6333461]]]}},{"type":"Feature","properties":{"form":"other"},"geometry":{"type":"Polygon","coordinates":[[[-79.4002695,43.6306805],[-79.4002865,43.6306468],[-79.4002508,43.6306373],[-79.4002337,43.630671],[-79.4002695,43.6306805]]]}},{"type":"Feature","properties":{"form":"other"},"geometry":{"type":"Polygon","coordinates":[[[-79.4002328,43.6306997],[-79.4001787,43.6306472],[-79.3999024,43.6307963],[-79.3999565,43.6308488],[-79.4002328,43.6306997]]]}},{"type":"Feature","properties":{"form":"other"},"geometry":{"type":"Polygon","coordinates":[[[-79.3992342,43.6309004],[-79.3991926,43.6308604],[-79.3991263,43.6308965],[-79.3991679,43.6309365],[-79.3992342,43.6309004]]]}},{"type":"Feature","properties":{"form":"other"},"geometry":{"type":"Polygon","coordinates":[[[-79.3991048,43.6307751],[-79.3990303,43.6307039],[-79.3989641,43.6307402],[-79.3990386,43.6308114],[-79.3991048,43.6307751]]]}},{"type":"Feature","properties":{"form":"other"},"geometry":{"type":"Polygon","coordinates":[[[-79.3985502,43.6301097],[-79.3983245,43.630219],[-79.3981757,43.630076],[-79.3983862,43.6299511],[-79.3985502,43.6301097]]]}},{"type":"Feature","properties":{"form":"other"},"geometry":{"type":"Polygon","coordinates":[[[-79.4023318,43.6285573],[-79.4023369,43.628529],[-79.4022958,43.6285251],[-79.4022906,43.6285533],[-79.4023318,43.6285573]]]}},{"type":"Feature","properties":{"form":"other"},"geometry":{"type":"Polygon","coordinates":[[[-79.3898644,43.6293037],[-79.3898527,43.6292711],[-79.3898135,43.6292785],[-79.3898252,43.6293111],[-79.3898644,43.6293037]]]}},{"type":"Feature","properties":{"form":"other"},"geometry":{"type":"Polygon","coordinates":[[[-79.4498672,43.6409038],[-79.449855,43.6408755],[-79.4497823,43.6408919],[-79.4497945,43.6409202],[-79.4498672,43.6409038]]]}},{"type":"Feature","properties":{"form":"other"},"geometry":{"type":"Polygon","coordinates":[[[-79.3337717,43.6930993],[-79.3337824,43.6931255],[-79.3337042,43.6931419],[-79.333693,43.693116],[-79.3337717,43.6930993]]]}},{"type":"Feature","properties":{"form":"other"},"geometry":{"type":"Polygon","coordinates":[[[-79.333915,43.6930684],[-79.333875,43.6929712],[-79.3338027,43.6929867],[-79.3338438,43.6930838],[-79.333915,43.6930684]]]}},{"type":"Feature","properties":{"form":"other"},"geometry":{"type":"Polygon","coordinates":[[[-79.333915,43.6930684],[-79.3339873,43.6930524],[-79.3339968,43.6930791],[-79.3339258,43.6930946],[-79.333915,43.6930684]]]}},{"type":"Feature","properties":{"form":"other"},"geometry":{"type":"Polygon","coordinates":[[[-79.3339873,43.6930524],[-79.3340575,43.6930373],[-79.3340684,43.6930634],[-79.3339968,43.6930791],[-79.3339873,43.6930524]]]}},{"type":"Feature","properties":{"form":"other"},"geometry":{"type":"Polygon","coordinates":[[[-79.334361,43.693001],[-79.3344315,43.6929864],[-79.3343865,43.6928644],[-79.334313,43.6928793],[-79.334361,43.693001]]]}},{"type":"Feature","properties":{"form":"other"},"geometry":{"type":"Polygon","coordinates":[[[-79.3342764,43.6929931],[-79.3342499,43.6929981],[-79.3342593,43.6930226],[-79.334217,43.693031],[-79.3341659,43.6929101],[-79.3342349,43.6928958],[-79.3342764,43.6929931]]]}},{"type":"Feature","properties":{"form":"other"},"geometry":{"type":"Polygon","coordinates":[[[-79.3340966,43.6929249],[-79.3340176,43.692941],[-79.3340684,43.6930634],[-79.3341173,43.6930539],[-79.3341085,43.69303],[-79.334136,43.693024],[-79.3340966,43.6929249]]]}},{"type":"Feature","properties":{"form":"other"},"geometry":{"type":"Polygon","coordinates":[[[-79.3339873,43.6930524],[-79.3339482,43.6929552],[-79.3340176,43.692941],[-79.3340575,43.6930373],[-79.3339873,43.6930524]]]}},{"type":"Feature","properties":{"form":"other"},"geometry":{"type":"Polygon","coordinates":[[[-79.3339873,43.6930524],[-79.333915,43.6930684],[-79.333875,43.6929712],[-79.3339482,43.6929552],[-79.3339873,43.6930524]]]}},{"type":"Feature","properties":{"form":"other"},"geometry":{"type":"Polygon","coordinates":[[[-79.4433318,43.655681],[-79.4432087,43.6557138],[-79.4431919,43.6556671],[-79.4433182,43.6556433],[-79.4433318,43.655681]]]}},{"type":"Feature","properties":{"form":"other"},"geometry":{"type":"Polygon","coordinates":[[[-79.4432945,43.6556976],[-79.4433009,43.6557153],[-79.4433356,43.6557087],[-79.4433459,43.6557373],[-79.4432254,43.6557601],[-79.4432087,43.6557138],[-79.4432945,43.6556976]]]}},{"type":"Feature","properties":{"form":"other"},"geometry":{"type":"Polygon","coordinates":[[[-79.4433459,43.6557373],[-79.4433596,43.6557752],[-79.4432424,43.6558072],[-79.4432254,43.6557601],[-79.4433459,43.6557373]]]}},{"type":"Feature","properties":{"form":"other"},"geometry":{"type":"Polygon","coordinates":[[[-79.4432424,43.6558072],[-79.4433805,43.6557975],[-79.4433924,43.6558304],[-79.4432598,43.6558555],[-79.4432424,43.6558072]]]}},{"type":"Feature","properties":{"form":"other"},"geometry":{"type":"Polygon","coordinates":[[[-79.4433924,43.6558304],[-79.4434074,43.6558721],[-79.4432778,43.6559054],[-79.4432598,43.6558555],[-79.4433924,43.6558304]]]}},{"type":"Feature","properties":{"form":"other"},"geometry":{"type":"Polygon","coordinates":[[[-79.4432778,43.6559054],[-79.4433666,43.6558886],[-79.4433736,43.6559081],[-79.4434161,43.6559001],[-79.443427,43.6559304],[-79.4432957,43.6559551],[-79.4432778,43.6559054]]]}},{"type":"Feature","properties":{"form":"other"},"geometry":{"type":"Polygon","coordinates":[[[-79.443427,43.6559304],[-79.4434394,43.6559649],[-79.4433121,43.6560007],[-79.4432957,43.6559551],[-79.443427,43.6559304]]]}},{"type":"Feature","properties":{"form":"other"},"geometry":{"type":"Polygon","coordinates":[[[-79.4433121,43.6560007],[-79.4434073,43.6559827],[-79.4434147,43.6560033],[-79.443453,43.6559961],[-79.4434636,43.6560256],[-79.4433302,43.6560507],[-79.4433121,43.6560007]]]}},{"type":"Feature","properties":{"form":"other"},"geometry":{"type":"Polygon","coordinates":[[[-79.4433302,43.6560507],[-79.4434636,43.6560256],[-79.4434764,43.6560611],[-79.4433466,43.6560962],[-79.4433302,43.6560507]]]}},{"type":"Feature","properties":{"form":"other"},"geometry":{"type":"Polygon","coordinates":[[[-79.4433466,43.6560962],[-79.4434447,43.6560777],[-79.4434513,43.6560959],[-79.4434853,43.6560895],[-79.4434962,43.6561198],[-79.4433641,43.6561447],[-79.4433466,43.6560962]]]}},{"type":"Feature","properties":{"form":"other"},"geometry":{"type":"Polygon","coordinates":[[[-79.4433641,43.6561447],[-79.4434962,43.6561198],[-79.4435093,43.6561562],[-79.4433815,43.6561931],[-79.4433641,43.6561447]]]}},{"type":"Feature","properties":{"form":"other"},"geometry":{"type":"Polygon","coordinates":[[[-79.4433815,43.6561931],[-79.4435341,43.6561803],[-79.443546,43.6562134],[-79.4433989,43.6562412],[-79.4433815,43.6561931]]]}},{"type":"Feature","properties":{"form":"other"},"geometry":{"type":"Polygon","coordinates":[[[-79.4433989,43.6562412],[-79.443546,43.6562134],[-79.4435638,43.6562628],[-79.4434167,43.6562906],[-79.4433989,43.6562412]]]}},{"type":"Feature","properties":{"form":"other"},"geometry":{"type":"Polygon","coordinates":[[[-79.4433182,43.6556433],[-79.4431919,43.6556671],[-79.4431763,43.6556238],[-79.443305,43.6556066],[-79.4433182,43.6556433]]]}},{"type":"Feature","properties":{"form":"other"},"geometry":{"type":"Polygon","coordinates":[[[-79.3745133,43.6205467],[-79.3744559,43.6205623],[-79.3744428,43.6205373],[-79.3744663,43.6205165],[-79.3745009,43.6205245],[-79.3745133,43.6205467]]]}},{"type":"Feature","properties":{"form":"other"},"geometry":{"type":"Polygon","coordinates":[[[-79.3761593,43.6213155],[-79.3760858,43.6213035],[-79.3761049,43.6212418],[-79.3761784,43.6212537],[-79.3761593,43.6213155]]]}},{"type":"Feature","properties":{"form":"apartments"},"geometry":{"type":"Polygon","coordinates":[[[-79.4118917,43.6437531],[-79.4118706,43.6437003],[-79.4117113,43.6437335],[-79.4117324,43.6437863],[-79.4118917,43.6437531]]]}},{"type":"Feature","properties":{"form":"other"},"geometry":{"type":"Polygon","coordinates":[[[-79.411742,43.6437271],[-79.4118706,43.6437003],[-79.4118181,43.6435685],[-79.4116895,43.6435953],[-79.411742,43.6437271]]]}},{"type":"Feature","properties":{"form":"other"},"geometry":{"type":"Polygon","coordinates":[[[-79.4124522,43.6446421],[-79.4123468,43.6446629],[-79.4122896,43.644511],[-79.4124575,43.6444779],[-79.4124722,43.6445169],[-79.4124097,43.6445292],[-79.4124522,43.6446421]]]}},{"type":"Feature","properties":{"form":"other"},"geometry":{"type":"Polygon","coordinates":[[[-79.3459906,43.6373195],[-79.3458182,43.6371683],[-79.3454367,43.637385],[-79.3456044,43.6375403],[-79.3459906,43.6373195]]]}},{"type":"Feature","properties":{"form":"other"},"geometry":{"type":"Polygon","coordinates":[[[-79.4553497,43.6630579],[-79.4553279,43.6630355],[-79.4551049,43.6630823],[-79.4551522,43.6632002],[-79.4549413,43.6632444],[-79.4548551,43.6630292],[-79.4553484,43.6629258],[-79.4554348,43.6630145],[-79.4553497,43.6630579]]]}},{"type":"Feature","properties":{"form":"other"},"geometry":{"type":"Polygon","coordinates":[[[-79.4165638,43.644202],[-79.4165526,43.6440922],[-79.4164211,43.6440742],[-79.4164087,43.6441215],[-79.4164743,43.6441305],[-79.4164933,43.6442108],[-79.4165638,43.644202]]]}},{"type":"Feature","properties":{"form":"other"},"geometry":{"type":"Polygon","coordinates":[[[-79.3925184,43.6815859],[-79.3924802,43.681486],[-79.3925453,43.6814729],[-79.3925835,43.6815728],[-79.3925184,43.6815859]]]}},{"type":"Feature","properties":{"form":"other"},"geometry":{"type":"Polygon","coordinates":[[[-79.3910544,43.651258],[-79.3911214,43.6512435],[-79.3910904,43.6511684],[-79.3910234,43.6511829],[-79.3910544,43.651258]]]}},{"type":"Feature","properties":{"form":"other"},"geometry":{"type":"Polygon","coordinates":[[[-79.41468,43.6575042],[-79.4146334,43.6575137],[-79.4146255,43.6574927],[-79.4146719,43.6574835],[-79.41468,43.6575042]]]}},{"type":"Feature","properties":{"form":"houses"},"geometry":{"type":"Polygon","coordinates":[[[-79.4478412,43.6688179],[-79.4478702,43.6688897],[-79.4478023,43.668904],[-79.4479698,43.6693182],[-79.4476991,43.6693755],[-79.4475325,43.6689635],[-79.4475031,43.6689642],[-79.4474753,43.6688953],[-79.4478412,43.6688179]]]}},{"type":"Feature","properties":{"form":"houses"},"geometry":{"type":"Polygon","coordinates":[[[-79.4479881,43.6693694],[-79.4477152,43.6694236],[-79.4478515,43.6697668],[-79.4478136,43.669775],[-79.4478451,43.6698517],[-79.4482201,43.6697713],[-79.4481879,43.6696928],[-79.4481272,43.6697058],[-79.4479881,43.6693694]]]}},{"type":"Feature","properties":{"form":"other"},"geometry":{"type":"Polygon","coordinates":[[[-79.3505079,43.6528017],[-79.3504023,43.652743],[-79.3505531,43.6526009],[-79.3506587,43.6526596],[-79.3505079,43.6528017]]]}},{"type":"Feature","properties":{"form":"other"},"geometry":{"type":"Polygon","coordinates":[[[-79.4139211,43.637759],[-79.4137323,43.637808],[-79.4136214,43.6375844],[-79.4138103,43.6375354],[-79.4139211,43.637759]]]}},{"type":"Feature","properties":{"form":"other"},"geometry":{"type":"Polygon","coordinates":[[[-79.4450569,43.6507257],[-79.4446009,43.6508208],[-79.4446379,43.6509096],[-79.444564,43.6509201],[-79.4443569,43.6507019],[-79.4449992,43.6505752],[-79.4450569,43.6507257]]]}},{"type":"Feature","properties":{"form":"other"},"geometry":{"type":"Polygon","coordinates":[[[-79.4450569,43.6507257],[-79.4451246,43.6508775],[-79.4449362,43.6509134],[-79.4449731,43.6510139],[-79.4447009,43.6509576],[-79.4446821,43.6509193],[-79.4446379,43.6509096],[-79.4446009,43.6508208],[-79.4450569,43.6507257]]]}},{"type":"Feature","properties":{"form":"other"},"geometry":{"type":"Polygon","coordinates":[[[-79.4529023,43.6575883],[-79.4529221,43.6575848],[-79.4531509,43.6575461],[-79.453139,43.657509],[-79.4528943,43.6575516],[-79.4529023,43.6575883]]]}},{"type":"Feature","properties":{"form":"other"},"geometry":{"type":"Polygon","coordinates":[[[-79.4528943,43.6575516],[-79.4528833,43.6575077],[-79.453167,43.6574523],[-79.4531828,43.6575017],[-79.4528943,43.6575516]]]}},{"type":"Feature","properties":{"form":"other"},"geometry":{"type":"Polygon","coordinates":[[[-79.4528833,43.6575077],[-79.452876,43.6574686],[-79.4530864,43.6574284],[-79.4530994,43.6574647],[-79.4528833,43.6575077]]]}},{"type":"Feature","properties":{"form":"other"},"geometry":{"type":"Polygon","coordinates":[[[-79.452876,43.6574686],[-79.4528803,43.6574251],[-79.4531662,43.6573698],[-79.4531809,43.6574096],[-79.452876,43.6574686]]]}},{"type":"Feature","properties":{"form":"other"},"geometry":{"type":"Polygon","coordinates":[[[-79.4021838,43.6408568],[-79.4021445,43.6407509],[-79.4019398,43.6407907],[-79.4019791,43.6408966],[-79.4021838,43.6408568]]]}},{"type":"Feature","properties":{"form":"other"},"geometry":{"type":"Polygon","coordinates":[[[-79.4021896,43.6410129],[-79.4021513,43.6409117],[-79.4019166,43.6409582],[-79.4019549,43.6410594],[-79.4021896,43.6410129]]]}},{"type":"Feature","properties":{"form":"other"},"geometry":{"type":"Polygon","coordinates":[[[-79.4019186,43.6410678],[-79.4018347,43.6408109],[-79.4016452,43.64085],[-79.401745,43.6411036],[-79.4019186,43.6410678]]]}},{"type":"Feature","properties":{"form":"other"},"geometry":{"type":"Polygon","coordinates":[[[-79.4023662,43.6409232],[-79.4023471,43.6408712],[-79.4021644,43.6409063],[-79.4021835,43.6409582],[-79.4023662,43.6409232]]]}},{"type":"Feature","properties":{"form":"other"},"geometry":{"type":"Polygon","coordinates":[[[-79.4017069,43.6407914],[-79.401683,43.6407216],[-79.4016516,43.6407272],[-79.4016756,43.640797],[-79.4017069,43.6407914]]]}},{"type":"Feature","properties":{"form":"other"},"geometry":{"type":"Polygon","coordinates":[[[-79.4016944,43.6406874],[-79.4016704,43.6406176],[-79.4016391,43.6406232],[-79.401663,43.640693],[-79.4016944,43.6406874]]]}},{"type":"Feature","properties":{"form":"other"},"geometry":{"type":"Polygon","coordinates":[[[-79.3365012,43.6524478],[-79.3364197,43.6524836],[-79.3363454,43.652395],[-79.336427,43.6523592],[-79.3365012,43.6524478]]]}},{"type":"Feature","properties":{"form":"other"},"geometry":{"type":"Polygon","coordinates":[[[-79.3376286,43.6522866],[-79.3375402,43.652181],[-79.3377787,43.6520765],[-79.337867,43.6521821],[-79.3376286,43.6522866]]]}},{"type":"Feature","properties":{"form":"other"},"geometry":{"type":"Polygon","coordinates":[[[-79.3377964,43.6524994],[-79.3377081,43.6523938],[-79.3379465,43.6522894],[-79.3380348,43.6523949],[-79.3377964,43.6524994]]]}},{"type":"Feature","properties":{"form":"other"},"geometry":{"type":"Polygon","coordinates":[[[-79.3205919,43.6780912],[-79.3206105,43.6781377],[-79.3204334,43.6781767],[-79.3204792,43.6782797],[-79.320437,43.678295],[-79.3204559,43.6783223],[-79.3204242,43.6783313],[-79.3203498,43.678142],[-79.3205919,43.6780912]]]}},{"type":"Feature","properties":{"form":"other"},"geometry":{"type":"Polygon","coordinates":[[[-79.3819641,43.6435106],[-79.3819484,43.6434681],[-79.3814591,43.6435707],[-79.3814776,43.6436139],[-79.3819641,43.6435106]]]}},{"type":"Feature","properties":{"form":"houses"},"geometry":{"type":"Polygon","coordinates":[[[-79.4706287,43.6878894],[-79.4705989,43.6878334],[-79.4706201,43.6878288],[-79.4706115,43.6877823],[-79.4707931,43.6877435],[-79.4708199,43.6878433],[-79.4706287,43.6878894]]]}},{"type":"Feature","properties":{"form":"other"},"geometry":{"type":"Polygon","coordinates":[[[-79.4433499,43.64736],[-79.4434335,43.6473444],[-79.4434055,43.6472661],[-79.443322,43.6472817],[-79.4433499,43.64736]]]}},{"type":"Feature","properties":{"form":"houses"},"geometry":{"type":"Polygon","coordinates":[[[-79.4479265,43.6556715],[-79.4481004,43.6555858],[-79.4478582,43.6553282],[-79.4476839,43.6554137],[-79.4479265,43.6556715]]]}},{"type":"Feature","properties":{"form":"houses"},"geometry":{"type":"Polygon","coordinates":[[[-79.4476354,43.6553637],[-79.4478093,43.6552779],[-79.4475671,43.6550204],[-79.4473928,43.6551058],[-79.4476354,43.6553637]]]}},{"type":"Feature","properties":{"form":"houses"},"geometry":{"type":"Polygon","coordinates":[[[-79.4473807,43.6550865],[-79.4475546,43.6550008],[-79.4473124,43.6547432],[-79.4471381,43.6548287],[-79.4473807,43.6550865]]]}},{"type":"Feature","properties":{"form":"apartments"},"geometry":{"type":"Polygon","coordinates":[[[-79.4313293,43.6808869],[-79.4320984,43.6807237],[-79.4320178,43.6805295],[-79.4312491,43.6806963],[-79.4313293,43.6808869]]]}},{"type":"Feature","properties":{"form":"houses"},"geometry":{"type":"Polygon","coordinates":[[[-79.4412408,43.6478615],[-79.4412549,43.6479003],[-79.441188,43.6479195],[-79.441049,43.6479461],[-79.4410308,43.6479155],[-79.4412408,43.6478615]]]}},{"type":"Feature","properties":{"form":"apartments"},"geometry":{"type":"Polygon","coordinates":[[[-79.4526949,43.6578301],[-79.4526063,43.6574682],[-79.4523388,43.6575165],[-79.4523489,43.6575457],[-79.4519829,43.6576117],[-79.4520567,43.657826],[-79.4524058,43.657763],[-79.4524447,43.6578761],[-79.4526949,43.6578301]]]}},{"type":"Feature","properties":{"form":"apartments"},"geometry":{"type":"Polygon","coordinates":[[[-79.4519829,43.6576117],[-79.4516964,43.6576721],[-79.4517241,43.6577279],[-79.4516401,43.6577925],[-79.4516224,43.6578516],[-79.4516224,43.6578984],[-79.4516794,43.6580076],[-79.4520892,43.6579229],[-79.4519829,43.6576117]]]}},{"type":"Feature","properties":{"form":"other"},"geometry":{"type":"Polygon","coordinates":[[[-79.4205261,43.6368913],[-79.4205552,43.6369704],[-79.4201995,43.6370391],[-79.4201704,43.63696],[-79.4205261,43.6368913]]]}},{"type":"Feature","properties":{"form":"apartments"},"geometry":{"type":"Polygon","coordinates":[[[-79.4169673,43.6412696],[-79.4172718,43.6412789],[-79.4172619,43.6414469],[-79.4169574,43.6414376],[-79.4169673,43.6412696]]]}},{"type":"Feature","properties":{"form":"apartments"},"geometry":{"type":"Polygon","coordinates":[[[-79.416944,43.6414372],[-79.416628,43.6414275],[-79.4166379,43.6412595],[-79.4169539,43.6412692],[-79.416944,43.6414372]]]}},{"type":"Feature","properties":{"form":"other"},"geometry":{"type":"Polygon","coordinates":[[[-79.4467516,43.6910552],[-79.4467862,43.6911187],[-79.4470844,43.6910337],[-79.4470498,43.6909703],[-79.4467516,43.6910552]]]}},{"type":"Feature","properties":{"form":"apartments"},"geometry":{"type":"Polygon","coordinates":[[[-79.4622913,43.6734869],[-79.4621487,43.6731423],[-79.4618714,43.6732037],[-79.4619634,43.6734161],[-79.4618925,43.673432],[-79.4618763,43.6733943],[-79.4616702,43.6734382],[-79.4616518,43.6733948],[-79.4615735,43.6734114],[-79.4615896,43.6734573],[-79.4614568,43.6734871],[-79.4614122,43.673387],[-79.461153,43.6734459],[-79.4612937,43.6737769],[-79.4618307,43.6736557],[-79.461825,43.6736415],[-79.461904,43.6736248],[-79.4618975,43.6736082],[-79.4619764,43.6735913],[-79.4619703,43.6735775],[-79.4622913,43.6734869]]]}},{"type":"Feature","properties":{"form":"other"},"geometry":{"type":"Polygon","coordinates":[[[-79.4075743,43.6420376],[-79.4074501,43.64192],[-79.407289,43.6420164],[-79.4073076,43.6420289],[-79.4072932,43.6420557],[-79.4074023,43.642127],[-79.4075743,43.6420376]]]}},{"type":"Feature","properties":{"form":"houses"},"geometry":{"type":"Polygon","coordinates":[[[-79.4401809,43.6510744],[-79.4401702,43.6510443],[-79.4401886,43.6510248],[-79.4403546,43.650994],[-79.4403706,43.6510392],[-79.4401809,43.6510744]]]}},{"type":"Feature","properties":{"form":"apartments"},"geometry":{"type":"Polygon","coordinates":[[[-79.3545337,43.6522234],[-79.3549412,43.6531558],[-79.355559,43.6530139],[-79.3555523,43.6529975],[-79.3556093,43.6529842],[-79.3551734,43.6519784],[-79.3549602,43.6520264],[-79.3550011,43.6521189],[-79.3545337,43.6522234]]]}},{"type":"Feature","properties":{"form":"apartments"},"geometry":{"type":"Polygon","coordinates":[[[-79.4264063,43.6425431],[-79.4263134,43.6421692],[-79.4265143,43.6421466],[-79.4269292,43.6423326],[-79.4269597,43.6423869],[-79.4269443,43.6424289],[-79.4268839,43.6424478],[-79.4264063,43.6425431]]]}},{"type":"Feature","properties":{"form":"other"},"geometry":{"type":"Polygon","coordinates":[[[-79.4582073,43.6478067],[-79.4582544,43.6477804],[-79.4581884,43.6477183],[-79.4581413,43.6477445],[-79.4582073,43.6478067]]]}},{"type":"Feature","properties":{"form":"other"},"geometry":{"type":"Polygon","coordinates":[[[-79.3734753,43.6207444],[-79.3734956,43.6207267],[-79.373471,43.6207127],[-79.3734513,43.6207309],[-79.3734753,43.6207444]]]}},{"type":"Feature","properties":{"form":"houses"},"geometry":{"type":"Polygon","coordinates":[[[-79.4214785,43.6873081],[-79.4214553,43.6872549],[-79.4216621,43.6872089],[-79.4216838,43.6872617],[-79.4214785,43.6873081]]]}},{"type":"Feature","properties":{"form":"houses"},"geometry":{"type":"Polygon","coordinates":[[[-79.4214553,43.6872549],[-79.4214326,43.6872036],[-79.4216396,43.6871567],[-79.4216621,43.6872089],[-79.4214553,43.6872549]]]}},{"type":"Feature","properties":{"form":"houses"},"geometry":{"type":"Polygon","coordinates":[[[-79.4214326,43.6872036],[-79.4214088,43.6871483],[-79.4216153,43.6871014],[-79.4216396,43.6871567],[-79.4214326,43.6872036]]]}},{"type":"Feature","properties":{"form":"houses"},"geometry":{"type":"Polygon","coordinates":[[[-79.4214088,43.6871483],[-79.4213831,43.6870893],[-79.4215896,43.6870423],[-79.4216153,43.6871014],[-79.4214088,43.6871483]]]}},{"type":"Feature","properties":{"form":"houses"},"geometry":{"type":"Polygon","coordinates":[[[-79.4122189,43.6782482],[-79.41242,43.6782079],[-79.4123949,43.6781422],[-79.4121937,43.6781825],[-79.4122189,43.6782482]]]}},{"type":"Feature","properties":{"form":"houses"},"geometry":{"type":"Polygon","coordinates":[[[-79.4123949,43.6781422],[-79.4123791,43.6780997],[-79.4122675,43.6780865],[-79.4121628,43.6781057],[-79.4121937,43.6781825],[-79.4123949,43.6781422]]]}},{"type":"Feature","properties":{"form":"houses"},"geometry":{"type":"Polygon","coordinates":[[[-79.4127202,43.6783015],[-79.4127043,43.6782593],[-79.4127446,43.6782513],[-79.4127268,43.6782044],[-79.4126814,43.6782134],[-79.4126679,43.6781778],[-79.4125719,43.6781968],[-79.4126183,43.6783225],[-79.4127202,43.6783015]]]}},{"type":"Feature","properties":{"form":"houses"},"geometry":{"type":"Polygon","coordinates":[[[-79.4126183,43.6783225],[-79.4125233,43.6783401],[-79.4124722,43.6781989],[-79.4125659,43.6781807],[-79.4126183,43.6783225]]]}},{"type":"Feature","properties":{"form":"houses"},"geometry":{"type":"Polygon","coordinates":[[[-79.4125233,43.6783401],[-79.4124209,43.6783594],[-79.412378,43.678241],[-79.4124804,43.6782216],[-79.4125233,43.6783401]]]}},{"type":"Feature","properties":{"form":"apartments"},"geometry":{"type":"Polygon","coordinates":[[[-79.4337785,43.6806613],[-79.4335884,43.6801979],[-79.433279,43.6802601],[-79.433471,43.6807175],[-79.4337785,43.6806613]]]}},{"type":"Feature","properties":{"form":"other"},"geometry":{"type":"Polygon","coordinates":[[[-79.3834739,43.6248317],[-79.3834648,43.624769],[-79.3833748,43.624776],[-79.3833859,43.6248374],[-79.3834739,43.6248317]]]}},{"type":"Feature","properties":{"form":"other"},"geometry":{"type":"Polygon","coordinates":[[[-79.4227606,43.6825693],[-79.4227069,43.6824306],[-79.4228169,43.682417],[-79.4228679,43.682548],[-79.4227606,43.6825693]]]}},{"type":"Feature","properties":{"form":"other"},"geometry":{"type":"Polygon","coordinates":[[[-79.3372426,43.6396974],[-79.3371774,43.6395909],[-79.3370917,43.6396188],[-79.3371545,43.6397254],[-79.3372426,43.6396974]]]}},{"type":"Feature","properties":{"form":"other"},"geometry":{"type":"Polygon","coordinates":[[[-79.4005282,43.6658788],[-79.4002717,43.6659205],[-79.4003061,43.6660099],[-79.4001654,43.6660383],[-79.4000852,43.6658303],[-79.4004789,43.6657509],[-79.4005282,43.6658788]]]}},{"type":"Feature","properties":{"form":"other"},"geometry":{"type":"Polygon","coordinates":[[[-79.4205868,43.6704375],[-79.4203247,43.6704916],[-79.4203494,43.6705543],[-79.4206115,43.6705002],[-79.4205868,43.6704375]]]}},{"type":"Feature","properties":{"form":"other"},"geometry":{"type":"Polygon","coordinates":[[[-79.3543805,43.6519302],[-79.3543153,43.6517897],[-79.3551718,43.6513397],[-79.3558339,43.6511577],[-79.3568657,43.6509252],[-79.3570058,43.6512924],[-79.3551021,43.6517279],[-79.3543805,43.6519302]]]}},{"type":"Feature","properties":{"form":"other"},"geometry":{"type":"Polygon","coordinates":[[[-79.43912,43.6873324],[-79.4391393,43.687379],[-79.4389489,43.6874203],[-79.4389296,43.6873738],[-79.43912,43.6873324]]]}},{"type":"Feature","properties":{"form":"other"},"geometry":{"type":"Polygon","coordinates":[[[-79.4391393,43.687379],[-79.4391572,43.687422],[-79.4389668,43.6874634],[-79.4389489,43.6874203],[-79.4391393,43.687379]]]}},{"type":"Feature","properties":{"form":"other"},"geometry":{"type":"Polygon","coordinates":[[[-79.4391572,43.687422],[-79.4391721,43.6874578],[-79.4389816,43.6874992],[-79.4389668,43.6874634],[-79.4391572,43.687422]]]}},{"type":"Feature","properties":{"form":"other"},"geometry":{"type":"Polygon","coordinates":[[[-79.4382648,43.6868873],[-79.4382495,43.6868483],[-79.4384277,43.6868118],[-79.438443,43.6868507],[-79.4382648,43.6868873]]]}},{"type":"Feature","properties":{"form":"other"},"geometry":{"type":"Polygon","coordinates":[[[-79.4387314,43.6875321],[-79.4387481,43.6875724],[-79.4385231,43.6876211],[-79.4385065,43.6875808],[-79.4387314,43.6875321]]]}},{"type":"Feature","properties":{"form":"other"},"geometry":{"type":"Polygon","coordinates":[[[-79.4375823,43.6854563],[-79.4375661,43.6854132],[-79.4374755,43.6854309],[-79.4374916,43.685474],[-79.4375823,43.6854563]]]}},{"type":"Feature","properties":{"form":"other"},"geometry":{"type":"Polygon","coordinates":[[[-79.4376334,43.685445],[-79.4376178,43.685404],[-79.4378498,43.6853584],[-79.4378665,43.6853991],[-79.4376334,43.685445]]]}},{"type":"Feature","properties":{"form":"other"},"geometry":{"type":"Polygon","coordinates":[[[-79.4378665,43.6853991],[-79.4378846,43.6854433],[-79.4376514,43.68549],[-79.4376334,43.685445],[-79.4378665,43.6853991]]]}},{"type":"Feature","properties":{"form":"houses"},"geometry":{"type":"Polygon","coordinates":[[[-79.4505933,43.6949755],[-79.4506017,43.6949342],[-79.4507428,43.6949038],[-79.4507577,43.6949401],[-79.4505933,43.6949755]]]}},{"type":"Feature","properties":{"form":"other"},"geometry":{"type":"Polygon","coordinates":[[[-79.3895863,43.6713777],[-79.3888237,43.6715368],[-79.3885875,43.670945],[-79.3893502,43.6707858],[-79.3895863,43.6713777]]]}},{"type":"Feature","properties":{"form":"apartments"},"geometry":{"type":"Polygon","coordinates":[[[-79.3599061,43.6620508],[-79.3597259,43.6616149],[-79.3606194,43.6614216],[-79.3607996,43.6618575],[-79.3599061,43.6620508]]]}},{"type":"Feature","properties":{"form":"other"},"geometry":{"type":"Polygon","coordinates":[[[-79.3866658,43.6413515],[-79.3865577,43.6412963],[-79.3865504,43.6412927],[-79.3865779,43.6412645],[-79.3866932,43.6413233],[-79.3866658,43.6413515]]]}},{"type":"Feature","properties":{"form":"apartments"},"geometry":{"type":"Polygon","coordinates":[[[-79.4134878,43.6706002],[-79.4134495,43.6705091],[-79.4138129,43.670429],[-79.4138513,43.6705202],[-79.4134878,43.6706002]]]}},{"type":"Feature","properties":{"form":"other"},"geometry":{"type":"Polygon","coordinates":[[[-79.4223094,43.6662954],[-79.4221734,43.6659814],[-79.4232933,43.6657276],[-79.4234293,43.6660418],[-79.4223094,43.6662954]]]}},{"type":"Feature","properties":{"form":"apartments"},"geometry":{"type":"Polygon","coordinates":[[[-79.4070093,43.6816319],[-79.4070313,43.6817068],[-79.407052,43.6817036],[-79.4071068,43.6819256],[-79.4068293,43.6819767],[-79.4067923,43.6819639],[-79.4067526,43.6817789],[-79.4067054,43.6817559],[-79.4065004,43.6817914],[-79.4064529,43.681633],[-79.4064592,43.681607],[-79.4066131,43.6815829],[-79.4066649,43.6816005],[-79.406776,43.681572],[-79.406803,43.6816636],[-79.4070093,43.6816319]]]}},{"type":"Feature","properties":{"form":"houses"},"geometry":{"type":"Polygon","coordinates":[[[-79.400887,43.6660812],[-79.400547,43.6661499],[-79.4005306,43.6661093],[-79.4008661,43.6660293],[-79.400887,43.6660812]]]}},{"type":"Feature","properties":{"form":"houses"},"geometry":{"type":"Polygon","coordinates":[[[-79.4006475,43.6662611],[-79.4009702,43.6661999],[-79.4009194,43.66615],[-79.4006316,43.6662215],[-79.4006475,43.6662611]]]}},{"type":"Feature","properties":{"form":"houses"},"geometry":{"type":"Polygon","coordinates":[[[-79.4010209,43.6663247],[-79.4006924,43.6663914],[-79.4006754,43.6663484],[-79.4009628,43.6662742],[-79.4010209,43.6663247]]]}},{"type":"Feature","properties":{"form":"other"},"geometry":{"type":"Polygon","coordinates":[[[-79.3830409,43.6386001],[-79.382947,43.6383682],[-79.3832311,43.638308],[-79.383325,43.6385399],[-79.3830409,43.6386001]]]}},{"type":"Feature","properties":{"form":"apartments"},"geometry":{"type":"Polygon","coordinates":[[[-79.472172,43.6816463],[-79.472104,43.681494],[-79.472161,43.681446],[-79.472037,43.681381],[-79.4719809,43.6812458],[-79.47142,43.6813689],[-79.4716195,43.6818459],[-79.4720626,43.6817465],[-79.4720359,43.6816783],[-79.472172,43.6816463]]]}},{"type":"Feature","properties":{"form":"houses"},"geometry":{"type":"Polygon","coordinates":[[[-79.455889,43.6804052],[-79.4558443,43.6803318],[-79.4556537,43.6803866],[-79.4556994,43.6804466],[-79.455889,43.6804052]]]}},{"type":"Feature","properties":{"form":"houses"},"geometry":{"type":"Polygon","coordinates":[[[-79.4559245,43.680493],[-79.4558796,43.6804172],[-79.4556836,43.6804599],[-79.4556809,43.6804839],[-79.4557283,43.6805357],[-79.4559245,43.680493]]]}},{"type":"Feature","properties":{"form":"houses"},"geometry":{"type":"Polygon","coordinates":[[[-79.4559625,43.680578],[-79.4559163,43.680503],[-79.455731,43.6805426],[-79.4557267,43.6805599],[-79.4557768,43.6806176],[-79.4559625,43.680578]]]}},{"type":"Feature","properties":{"form":"houses"},"geometry":{"type":"Polygon","coordinates":[[[-79.455999,43.6806629],[-79.4558119,43.6807039],[-79.4557619,43.6806461],[-79.4559554,43.6805881],[-79.455999,43.6806629]]]}},{"type":"Feature","properties":{"form":"houses"},"geometry":{"type":"Polygon","coordinates":[[[-79.4560344,43.6807503],[-79.4559892,43.6806752],[-79.4557973,43.6807316],[-79.4558469,43.6807919],[-79.4560344,43.6807503]]]}},{"type":"Feature","properties":{"form":"houses"},"geometry":{"type":"Polygon","coordinates":[[[-79.4560712,43.6808351],[-79.4558827,43.6808765],[-79.4558282,43.6808045],[-79.4560254,43.6807612],[-79.4560712,43.6808351]]]}},{"type":"Feature","properties":{"form":"houses"},"geometry":{"type":"Polygon","coordinates":[[[-79.4560804,43.680927],[-79.4558951,43.6809704],[-79.4558721,43.6808919],[-79.4560602,43.6808479],[-79.4560804,43.680927]]]}},{"type":"Feature","properties":{"form":"houses"},"geometry":{"type":"Polygon","coordinates":[[[-79.456391,43.6802949],[-79.4563707,43.6802155],[-79.4565734,43.6801834],[-79.456576,43.6802545],[-79.456391,43.6802949]]]}},{"type":"Feature","properties":{"form":"houses"},"geometry":{"type":"Polygon","coordinates":[[[-79.4566251,43.6803394],[-79.456434,43.6803788],[-79.4563905,43.6803027],[-79.4565824,43.6802631],[-79.4566251,43.6803394]]]}},{"type":"Feature","properties":{"form":"houses"},"geometry":{"type":"Polygon","coordinates":[[[-79.4566634,43.6804244],[-79.4564748,43.6804649],[-79.4564308,43.6803891],[-79.4566186,43.6803488],[-79.4566576,43.6803808],[-79.4566634,43.6804244]]]}},{"type":"Feature","properties":{"form":"houses"},"geometry":{"type":"Polygon","coordinates":[[[-79.4567009,43.6805093],[-79.4565124,43.6805497],[-79.4564684,43.6804739],[-79.4566561,43.6804337],[-79.4566951,43.6804657],[-79.4567009,43.6805093]]]}},{"type":"Feature","properties":{"form":"houses"},"geometry":{"type":"Polygon","coordinates":[[[-79.4567368,43.6805966],[-79.4565482,43.680637],[-79.4565042,43.6805612],[-79.456692,43.6805209],[-79.456731,43.680553],[-79.4567368,43.6805966]]]}},{"type":"Feature","properties":{"form":"houses"},"geometry":{"type":"Polygon","coordinates":[[[-79.456775,43.6806834],[-79.4565864,43.6807238],[-79.4565425,43.680648],[-79.4567302,43.6806078],[-79.4567692,43.6806398],[-79.456775,43.6806834]]]}},{"type":"Feature","properties":{"form":"houses"},"geometry":{"type":"Polygon","coordinates":[[[-79.4568101,43.6807691],[-79.4566215,43.6808096],[-79.4565775,43.6807338],[-79.4567653,43.6806935],[-79.4568043,43.6807255],[-79.4568101,43.6807691]]]}},{"type":"Feature","properties":{"form":"apartments"},"geometry":{"type":"Polygon","coordinates":[[[-79.4252146,43.6819528],[-79.4252354,43.6820046],[-79.4252703,43.6820163],[-79.4253195,43.6821475],[-79.4252855,43.682154],[-79.4253058,43.6822031],[-79.425433,43.6821747],[-79.4253311,43.6819283],[-79.4252146,43.6819528]]]}},{"type":"Feature","properties":{"form":"houses"},"geometry":{"type":"Polygon","coordinates":[[[-79.4566753,43.6810161],[-79.4566178,43.680885],[-79.456519,43.6809076],[-79.4565765,43.6810388],[-79.4566753,43.6810161]]]}},{"type":"Feature","properties":{"form":"other"},"geometry":{"type":"Polygon","coordinates":[[[-79.384944,43.6416891],[-79.384968,43.6417105],[-79.3847283,43.6418514],[-79.3847043,43.6418301],[-79.384944,43.6416891]]]}},{"type":"Feature","properties":{"form":"apartments"},"geometry":{"type":"Polygon","coordinates":[[[-79.4163158,43.6733249],[-79.4157596,43.6734426],[-79.4155898,43.6730365],[-79.4161584,43.6729162],[-79.4163158,43.6733249]]]}},{"type":"Feature","properties":{"form":"other"},"geometry":{"type":"Polygon","coordinates":[[[-79.4561651,43.6802971],[-79.4561462,43.6802527],[-79.4562296,43.6802341],[-79.4562485,43.6802786],[-79.4561651,43.6802971]]]}},{"type":"Feature","properties":{"form":"other"},"geometry":{"type":"Polygon","coordinates":[[[-79.456257,43.6803254],[-79.4562751,43.680368],[-79.4561905,43.6803869],[-79.4561724,43.6803442],[-79.456257,43.6803254]]]}},{"type":"Feature","properties":{"form":"other"},"geometry":{"type":"Polygon","coordinates":[[[-79.4562751,43.680368],[-79.4562935,43.6804113],[-79.4562089,43.6804301],[-79.4561905,43.6803869],[-79.4562751,43.680368]]]}},{"type":"Feature","properties":{"form":"other"},"geometry":{"type":"Polygon","coordinates":[[[-79.4562935,43.6804113],[-79.4563118,43.6804542],[-79.4562271,43.680473],[-79.4562089,43.6804301],[-79.4562935,43.6804113]]]}},{"type":"Feature","properties":{"form":"other"},"geometry":{"type":"Polygon","coordinates":[[[-79.4563118,43.6804542],[-79.4563305,43.6804983],[-79.4562459,43.6805171],[-79.4562271,43.680473],[-79.4563118,43.6804542]]]}},{"type":"Feature","properties":{"form":"other"},"geometry":{"type":"Polygon","coordinates":[[[-79.4563305,43.6804983],[-79.456349,43.6805418],[-79.4562644,43.6805606],[-79.4562459,43.6805171],[-79.4563305,43.6804983]]]}},{"type":"Feature","properties":{"form":"other"},"geometry":{"type":"Polygon","coordinates":[[[-79.456349,43.6805418],[-79.4563671,43.6805844],[-79.4562825,43.6806032],[-79.4562644,43.6805606],[-79.456349,43.6805418]]]}},{"type":"Feature","properties":{"form":"other"},"geometry":{"type":"Polygon","coordinates":[[[-79.4563671,43.6805844],[-79.4563853,43.6806273],[-79.4563007,43.6806461],[-79.4562825,43.6806032],[-79.4563671,43.6805844]]]}},{"type":"Feature","properties":{"form":"other"},"geometry":{"type":"Polygon","coordinates":[[[-79.4563853,43.6806273],[-79.4564047,43.6806728],[-79.4563201,43.6806916],[-79.4563007,43.6806461],[-79.4563853,43.6806273]]]}},{"type":"Feature","properties":{"form":"other"},"geometry":{"type":"Polygon","coordinates":[[[-79.4564047,43.6806728],[-79.4564223,43.6807142],[-79.4563377,43.680733],[-79.4563201,43.6806916],[-79.4564047,43.6806728]]]}},{"type":"Feature","properties":{"form":"other"},"geometry":{"type":"Polygon","coordinates":[[[-79.4564223,43.6807142],[-79.4564414,43.6807591],[-79.4563568,43.6807779],[-79.4563377,43.680733],[-79.4564223,43.6807142]]]}},{"type":"Feature","properties":{"form":"other"},"geometry":{"type":"Polygon","coordinates":[[[-79.4564414,43.6807591],[-79.4564592,43.6808011],[-79.4563746,43.6808199],[-79.4563568,43.6807779],[-79.4564414,43.6807591]]]}},{"type":"Feature","properties":{"form":"other"},"geometry":{"type":"Polygon","coordinates":[[[-79.4564592,43.6808011],[-79.4564846,43.6808426],[-79.4564026,43.6808609],[-79.4563843,43.6808177],[-79.4564592,43.6808011]]]}},{"type":"Feature","properties":{"form":"other"},"geometry":{"type":"Polygon","coordinates":[[[-79.4562381,43.6802809],[-79.456257,43.6803254],[-79.4561724,43.6803442],[-79.4561534,43.6802997],[-79.4562381,43.6802809]]]}},{"type":"Feature","properties":{"form":"other"},"geometry":{"type":"Polygon","coordinates":[[[-79.4559882,43.6803366],[-79.4559632,43.6802936],[-79.4560457,43.6802753],[-79.4560646,43.6803197],[-79.4559882,43.6803366]]]}},{"type":"Feature","properties":{"form":"other"},"geometry":{"type":"Polygon","coordinates":[[[-79.4560904,43.6803621],[-79.4561088,43.6804055],[-79.4560253,43.6804241],[-79.4560069,43.6803806],[-79.4560904,43.6803621]]]}},{"type":"Feature","properties":{"form":"other"},"geometry":{"type":"Polygon","coordinates":[[[-79.4561088,43.6804055],[-79.4561266,43.6804474],[-79.4560431,43.6804659],[-79.4560253,43.6804241],[-79.4561088,43.6804055]]]}},{"type":"Feature","properties":{"form":"other"},"geometry":{"type":"Polygon","coordinates":[[[-79.4561266,43.6804474],[-79.456145,43.6804908],[-79.4560615,43.6805093],[-79.4560431,43.6804659],[-79.4561266,43.6804474]]]}},{"type":"Feature","properties":{"form":"other"},"geometry":{"type":"Polygon","coordinates":[[[-79.456145,43.6804908],[-79.4561638,43.6805351],[-79.4560803,43.6805536],[-79.4560615,43.6805093],[-79.456145,43.6804908]]]}},{"type":"Feature","properties":{"form":"other"},"geometry":{"type":"Polygon","coordinates":[[[-79.4561638,43.6805351],[-79.4561821,43.6805782],[-79.4560986,43.6805967],[-79.4560803,43.6805536],[-79.4561638,43.6805351]]]}},{"type":"Feature","properties":{"form":"other"},"geometry":{"type":"Polygon","coordinates":[[[-79.4561821,43.6805782],[-79.4562001,43.6806206],[-79.4561166,43.6806392],[-79.4560986,43.6805967],[-79.4561821,43.6805782]]]}},{"type":"Feature","properties":{"form":"other"},"geometry":{"type":"Polygon","coordinates":[[[-79.4562001,43.6806206],[-79.4562185,43.680664],[-79.456135,43.6806825],[-79.4561166,43.6806392],[-79.4562001,43.6806206]]]}},{"type":"Feature","properties":{"form":"other"},"geometry":{"type":"Polygon","coordinates":[[[-79.4562185,43.680664],[-79.4562372,43.680708],[-79.4561537,43.6807266],[-79.456135,43.6806825],[-79.4562185,43.680664]]]}},{"type":"Feature","properties":{"form":"other"},"geometry":{"type":"Polygon","coordinates":[[[-79.4562372,43.680708],[-79.4562554,43.6807509],[-79.4561719,43.6807694],[-79.4561537,43.6807266],[-79.4562372,43.680708]]]}},{"type":"Feature","properties":{"form":"other"},"geometry":{"type":"Polygon","coordinates":[[[-79.4562554,43.6807509],[-79.4562739,43.6807944],[-79.4561904,43.6808129],[-79.4561719,43.6807694],[-79.4562554,43.6807509]]]}},{"type":"Feature","properties":{"form":"other"},"geometry":{"type":"Polygon","coordinates":[[[-79.4562739,43.6807944],[-79.4562922,43.6808376],[-79.4562087,43.6808561],[-79.4561904,43.6808129],[-79.4562739,43.6807944]]]}},{"type":"Feature","properties":{"form":"other"},"geometry":{"type":"Polygon","coordinates":[[[-79.4562834,43.6808395],[-79.4563013,43.6808817],[-79.4562166,43.6809005],[-79.4561987,43.6808583],[-79.4562834,43.6808395]]]}},{"type":"Feature","properties":{"form":"other"},"geometry":{"type":"Polygon","coordinates":[[[-79.4560646,43.6803197],[-79.4560904,43.6803621],[-79.4560069,43.6803806],[-79.4559882,43.6803366],[-79.4560646,43.6803197]]]}},{"type":"Feature","properties":{"form":"houses"},"geometry":{"type":"Polygon","coordinates":[[[-79.4569087,43.6809635],[-79.4568513,43.6808323],[-79.4567524,43.680855],[-79.4568099,43.6809861],[-79.4569087,43.6809635]]]}},{"type":"Feature","properties":{"form":"houses"},"geometry":{"type":"Polygon","coordinates":[[[-79.4567972,43.6809899],[-79.4567397,43.6808587],[-79.4566409,43.6808814],[-79.4566983,43.6810125],[-79.4567972,43.6809899]]]}},{"type":"Feature","properties":{"form":"houses"},"geometry":{"type":"Polygon","coordinates":[[[-79.4560945,43.6811458],[-79.4560371,43.6810146],[-79.4559382,43.6810373],[-79.4559957,43.6811684],[-79.4560945,43.6811458]]]}},{"type":"Feature","properties":{"form":"houses"},"geometry":{"type":"Polygon","coordinates":[[[-79.456213,43.6811199],[-79.4561556,43.6809887],[-79.4560567,43.6810114],[-79.4561142,43.6811425],[-79.456213,43.6811199]]]}},{"type":"Feature","properties":{"form":"houses"},"geometry":{"type":"Polygon","coordinates":[[[-79.4563294,43.681095],[-79.456272,43.6809638],[-79.4561731,43.6809865],[-79.4562306,43.6811176],[-79.4563294,43.681095]]]}},{"type":"Feature","properties":{"form":"houses"},"geometry":{"type":"Polygon","coordinates":[[[-79.4564458,43.6810691],[-79.4563884,43.6809379],[-79.4562895,43.6809606],[-79.456347,43.6810917],[-79.4564458,43.6810691]]]}},{"type":"Feature","properties":{"form":"houses"},"geometry":{"type":"Polygon","coordinates":[[[-79.4565623,43.6810442],[-79.4565048,43.680913],[-79.456406,43.6809357],[-79.4564634,43.6810668],[-79.4565623,43.6810442]]]}},{"type":"Feature","properties":{"form":"apartments"},"geometry":{"type":"Polygon","coordinates":[[[-79.4498717,43.6590528],[-79.449809,43.6588978],[-79.4498529,43.6588883],[-79.4498639,43.6589147],[-79.450234,43.6588348],[-79.4502869,43.6589631],[-79.4498717,43.6590528]]]}},{"type":"Feature","properties":{"form":"houses"},"geometry":{"type":"Polygon","coordinates":[[[-79.4137046,43.673389],[-79.4137616,43.6733785],[-79.4138142,43.6735019],[-79.4137535,43.6735163],[-79.4137046,43.673389]]]}},{"type":"Feature","properties":{"form":"houses"},"geometry":{"type":"Polygon","coordinates":[[[-79.4138957,43.6734865],[-79.4138292,43.6734999],[-79.4137869,43.6733889],[-79.4138505,43.6733762],[-79.4138957,43.6734865]]]}},{"type":"Feature","properties":{"form":"apartments"},"geometry":{"type":"Polygon","coordinates":[[[-79.4140111,43.6733176],[-79.4140923,43.6733004],[-79.4141367,43.6734106],[-79.4140516,43.6734286],[-79.4140111,43.6733176]]]}},{"type":"Feature","properties":{"form":"other"},"geometry":{"type":"Polygon","coordinates":[[[-79.3847299,43.6522123],[-79.3846861,43.6522332],[-79.3845828,43.6522293],[-79.3845698,43.6521729],[-79.3845975,43.6521535],[-79.3847101,43.6521563],[-79.3847299,43.6522123]]]}},{"type":"Feature","properties":{"form":"apartments"},"geometry":{"type":"Polygon","coordinates":[[[-79.42628,43.680766],[-79.426345,43.68075],[-79.426336,43.680728],[-79.426444,43.680706],[-79.4264938,43.6808317],[-79.4263192,43.6808675],[-79.42628,43.680766]]]}},{"type":"Feature","properties":{"form":"apartments"},"geometry":{"type":"Polygon","coordinates":[[[-79.426454,43.680729],[-79.42652,43.680716],[-79.426511,43.680693],[-79.426624,43.68067],[-79.426635,43.680694],[-79.426678,43.680684],[-79.4267165,43.680786],[-79.4264938,43.6808317],[-79.426454,43.680729]]]}},{"type":"Feature","properties":{"form":"other"},"geometry":{"type":"Polygon","coordinates":[[[-79.3895715,43.6244287],[-79.3895479,43.6243918],[-79.3895586,43.6243611],[-79.3895281,43.6243386],[-79.389424,43.6244019],[-79.3895715,43.6244287]]]}},{"type":"Feature","properties":{"form":"other"},"geometry":{"type":"Polygon","coordinates":[[[-79.3895715,43.6244287],[-79.3895153,43.6244834],[-79.3894704,43.6244932],[-79.3894191,43.6244162],[-79.3895715,43.6244287]]]}},{"type":"Feature","properties":{"form":"other"},"geometry":{"type":"Polygon","coordinates":[[[-79.3911372,43.6190577],[-79.3911494,43.6190706],[-79.3911257,43.6190997],[-79.3911499,43.619125],[-79.3911311,43.6191582],[-79.3910075,43.6191204],[-79.3911372,43.6190577]]]}},{"type":"Feature","properties":{"form":"houses"},"geometry":{"type":"Polygon","coordinates":[[[-79.4170214,43.6726565],[-79.4170766,43.6726443],[-79.4171141,43.6727745],[-79.4170696,43.6727824],[-79.4170214,43.6726565]]]}},{"type":"Feature","properties":{"form":"houses"},"geometry":{"type":"Polygon","coordinates":[[[-79.417202,43.6727561],[-79.4171349,43.6727616],[-79.4170861,43.6726446],[-79.4171541,43.6726297],[-79.417202,43.6727561]]]}},{"type":"Feature","properties":{"form":"houses"},"geometry":{"type":"Polygon","coordinates":[[[-79.4173318,43.6727345],[-79.417269,43.6727483],[-79.4172144,43.672615],[-79.4172769,43.6726013],[-79.4173318,43.6727345]]]}},{"type":"Feature","properties":{"form":"houses"},"geometry":{"type":"Polygon","coordinates":[[[-79.4175649,43.6726863],[-79.4175147,43.6726967],[-79.4174684,43.6725861],[-79.4175224,43.6725752],[-79.4175649,43.6726863]]]}},{"type":"Feature","properties":{"form":"houses"},"geometry":{"type":"Polygon","coordinates":[[[-79.4176612,43.672676],[-79.4176146,43.6726845],[-79.4175679,43.6725661],[-79.4176157,43.6725564],[-79.4176612,43.672676]]]}},{"type":"Feature","properties":{"form":"houses"},"geometry":{"type":"Polygon","coordinates":[[[-79.4175224,43.6725752],[-79.4175679,43.6725661],[-79.4176112,43.6726768],[-79.4175649,43.6726863],[-79.4175224,43.6725752]]]}},{"type":"Feature","properties":{"form":"houses"},"geometry":{"type":"Polygon","coordinates":[[[-79.4176157,43.6725564],[-79.4176635,43.6725468],[-79.4176991,43.672669],[-79.4176612,43.672676],[-79.4176157,43.6725564]]]}},{"type":"Feature","properties":{"form":"other"},"geometry":{"type":"Polygon","coordinates":[[[-79.4216355,43.670965],[-79.4214174,43.671009],[-79.4213999,43.6709628],[-79.4216181,43.6709181],[-79.4216355,43.670965]]]}},{"type":"Feature","properties":{"form":"houses"},"geometry":{"type":"Polygon","coordinates":[[[-79.4165408,43.6732435],[-79.4165285,43.6732145],[-79.4167148,43.673173],[-79.4167283,43.673205],[-79.4165408,43.6732435]]]}},{"type":"Feature","properties":{"form":"houses"},"geometry":{"type":"Polygon","coordinates":[[[-79.4165218,43.6731771],[-79.4165282,43.6731448],[-79.4167158,43.6731084],[-79.4167257,43.6731327],[-79.4165218,43.6731771]]]}},{"type":"Feature","properties":{"form":"houses"},"geometry":{"type":"Polygon","coordinates":[[[-79.4165272,43.6730412],[-79.416516,43.6730126],[-79.4167327,43.672963],[-79.4167465,43.6729984],[-79.4165272,43.6730412]]]}},{"type":"Feature","properties":{"form":"houses"},"geometry":{"type":"Polygon","coordinates":[[[-79.4166893,43.6729213],[-79.4166752,43.6729549],[-79.4165298,43.6729861],[-79.4165177,43.6729584],[-79.4166893,43.6729213]]]}},{"type":"Feature","properties":{"form":"houses"},"geometry":{"type":"Polygon","coordinates":[[[-79.4164229,43.6729074],[-79.4164138,43.6728842],[-79.4165937,43.6728471],[-79.4166034,43.6728719],[-79.4164229,43.6729074]]]}},{"type":"Feature","properties":{"form":"houses"},"geometry":{"type":"Polygon","coordinates":[[[-79.4172399,43.67306],[-79.4172452,43.6731116],[-79.417102,43.6731419],[-79.417083,43.6730923],[-79.4172399,43.67306]]]}},{"type":"Feature","properties":{"form":"houses"},"geometry":{"type":"Polygon","coordinates":[[[-79.4170663,43.6730487],[-79.4170504,43.6730072],[-79.4171899,43.6729776],[-79.4172064,43.6730188],[-79.4170663,43.6730487]]]}},{"type":"Feature","properties":{"form":"apartments"},"geometry":{"type":"Polygon","coordinates":[[[-79.3615877,43.6462593],[-79.3611535,43.6464054],[-79.3604885,43.6453846],[-79.360912,43.6452307],[-79.3615877,43.6462593]]]}},{"type":"Feature","properties":{"form":"houses"},"geometry":{"type":"Polygon","coordinates":[[[-79.401719,43.6660141],[-79.401744,43.666009],[-79.4017738,43.6660852],[-79.4018272,43.6660743],[-79.4017612,43.6659058],[-79.4016829,43.6659219],[-79.401719,43.6660141]]]}},{"type":"Feature","properties":{"form":"houses"},"geometry":{"type":"Polygon","coordinates":[[[-79.4023708,43.6657777],[-79.4024501,43.6659347],[-79.4025051,43.6659234],[-79.4024348,43.6657498],[-79.4023708,43.6657777]]]}},{"type":"Feature","properties":{"form":"other"},"geometry":{"type":"Polygon","coordinates":[[[-79.3653141,43.6852511],[-79.3653291,43.6851872],[-79.365251,43.6851625],[-79.3652346,43.6852402],[-79.3653141,43.6852511]]]}},{"type":"Feature","properties":{"form":"other"},"geometry":{"type":"Polygon","coordinates":[[[-79.391795,43.6410299],[-79.3924796,43.6409052],[-79.392466,43.6408738],[-79.3927952,43.640804],[-79.3929131,43.6411091],[-79.3929389,43.6411056],[-79.3930127,43.6412784],[-79.3929822,43.6412878],[-79.3929953,43.6413216],[-79.3926818,43.6413905],[-79.3920843,43.6415018],[-79.3920752,43.6414819],[-79.3919954,43.6414996],[-79.391795,43.6410299]]]}},{"type":"Feature","properties":{"form":"apartments"},"geometry":{"type":"Polygon","coordinates":[[[-79.4577075,43.6555433],[-79.4576175,43.6553339],[-79.4569892,43.6554768],[-79.4570675,43.6557422],[-79.4572381,43.6557018],[-79.4572165,43.6556464],[-79.4577075,43.6555433]]]}},{"type":"Feature","properties":{"form":"houses"},"geometry":{"type":"Polygon","coordinates":[[[-79.432442,43.6338603],[-79.4323998,43.633868],[-79.4323913,43.6338433],[-79.4323704,43.6338471],[-79.4323299,43.6337293],[-79.4323931,43.6337179],[-79.432442,43.6338603]]]}},{"type":"Feature","properties":{"form":"apartments"},"geometry":{"type":"Polygon","coordinates":[[[-79.3580141,43.6516372],[-79.3578771,43.6513538],[-79.3576354,43.651415],[-79.3577725,43.6516984],[-79.3580141,43.6516372]]]}},{"type":"Feature","properties":{"form":"apartments"},"geometry":{"type":"Polygon","coordinates":[[[-79.35892,43.6522995],[-79.358821,43.6520869],[-79.3584663,43.6521734],[-79.3583491,43.6519219],[-79.3589638,43.6517719],[-79.3588665,43.6515632],[-79.3579067,43.6517974],[-79.3582203,43.6524702],[-79.35892,43.6522995]]]}},{"type":"Feature","properties":{"form":"houses"},"geometry":{"type":"Polygon","coordinates":[[[-79.453592,43.6594231],[-79.453575,43.6593835],[-79.4538022,43.6593324],[-79.4538192,43.659372],[-79.453592,43.6594231]]]}},{"type":"Feature","properties":{"form":"other"},"geometry":{"type":"Polygon","coordinates":[[[-79.4536185,43.6594716],[-79.4535996,43.6594294],[-79.4537887,43.6593851],[-79.453808,43.6594284],[-79.4536185,43.6594716]]]}},{"type":"Feature","properties":{"form":"other"},"geometry":{"type":"Polygon","coordinates":[[[-79.4190201,43.6402317],[-79.4189843,43.6402303],[-79.4189881,43.6401778],[-79.4190239,43.6401791],[-79.4190201,43.6402317]]]}},{"type":"Feature","properties":{"form":"other"},"geometry":{"type":"Polygon","coordinates":[[[-79.3268852,43.6613187],[-79.326779,43.6613434],[-79.3267462,43.6612694],[-79.3268524,43.6612447],[-79.3268852,43.6613187]]]}},{"type":"Feature","properties":{"form":"other"},"geometry":{"type":"Polygon","coordinates":[[[-79.3275453,43.662107],[-79.3276003,43.6622312],[-79.3275043,43.6622535],[-79.3274494,43.6621293],[-79.3275453,43.662107]]]}},{"type":"Feature","properties":{"form":"other"},"geometry":{"type":"Polygon","coordinates":[[[-79.3276405,43.6622433],[-79.3275976,43.66214],[-79.3276883,43.6621203],[-79.3277313,43.6622236],[-79.3276405,43.6622433]]]}},{"type":"Feature","properties":{"form":"other"},"geometry":{"type":"Polygon","coordinates":[[[-79.4304425,43.6778287],[-79.4304314,43.6778013],[-79.4305216,43.677782],[-79.4305328,43.6778095],[-79.4304425,43.6778287]]]}},{"type":"Feature","properties":{"form":"houses"},"geometry":{"type":"Polygon","coordinates":[[[-79.4399303,43.6716128],[-79.4399134,43.6715741],[-79.4402079,43.6715069],[-79.4402243,43.6715455],[-79.4399303,43.6716128]]]}},{"type":"Feature","properties":{"form":"houses"},"geometry":{"type":"Polygon","coordinates":[[[-79.4400547,43.6716276],[-79.4400378,43.6715882],[-79.4402243,43.6715455],[-79.4402411,43.6715858],[-79.4400547,43.6716276]]]}},{"type":"Feature","properties":{"form":"other"},"geometry":{"type":"Polygon","coordinates":[[[-79.4064865,43.6752608],[-79.4064517,43.6752681],[-79.4064863,43.6753541],[-79.4063467,43.6753625],[-79.4063791,43.6754429],[-79.4065457,43.6754079],[-79.4064865,43.6752608]]]}},{"type":"Feature","properties":{"form":"other"},"geometry":{"type":"Polygon","coordinates":[[[-79.4064482,43.6753333],[-79.4064318,43.6752945],[-79.4063616,43.67531],[-79.4063779,43.6753488],[-79.4064482,43.6753333]]]}},{"type":"Feature","properties":{"form":"houses"},"geometry":{"type":"Polygon","coordinates":[[[-79.4061737,43.6751866],[-79.4060802,43.6752057],[-79.4061261,43.6753229],[-79.4062199,43.6753033],[-79.4061737,43.6751866]]]}},{"type":"Feature","properties":{"form":"houses"},"geometry":{"type":"Polygon","coordinates":[[[-79.4059874,43.6752303],[-79.4060375,43.6753614],[-79.4061261,43.6753436],[-79.406075,43.6752098],[-79.4059874,43.6752303]]]}},{"type":"Feature","properties":{"form":"other"},"geometry":{"type":"Polygon","coordinates":[[[-79.3196467,43.6558263],[-79.3195123,43.655691],[-79.3199024,43.6554882],[-79.3198772,43.6554628],[-79.3202958,43.6552453],[-79.3202289,43.6551779],[-79.3205044,43.6550348],[-79.3207308,43.6552628],[-79.3196467,43.6558263]]]}},{"type":"Feature","properties":{"form":"other"},"geometry":{"type":"Polygon","coordinates":[[[-79.4456492,43.6510588],[-79.4456825,43.6510791],[-79.4456088,43.6511874],[-79.4455223,43.6511686],[-79.4456492,43.6510588]]]}},{"type":"Feature","properties":{"form":"other"},"geometry":{"type":"Polygon","coordinates":[[[-79.4454478,43.6511217],[-79.4454222,43.6510584],[-79.44559,43.6510227],[-79.445622,43.6510421],[-79.4454478,43.6511217]]]}},{"type":"Feature","properties":{"form":"houses"},"geometry":{"type":"Polygon","coordinates":[[[-79.3930074,43.6744132],[-79.3929534,43.6743793],[-79.3928306,43.6744465],[-79.3928727,43.6744868],[-79.3930074,43.6744132]]]}},{"type":"Feature","properties":{"form":"houses"},"geometry":{"type":"Polygon","coordinates":[[[-79.3929534,43.6743793],[-79.3929113,43.67434],[-79.3927764,43.6744158],[-79.3928177,43.6744543],[-79.3929534,43.6743793]]]}},{"type":"Feature","properties":{"form":"houses"},"geometry":{"type":"Polygon","coordinates":[[[-79.3927764,43.6744158],[-79.3927238,43.6743854],[-79.3928587,43.6743111],[-79.3928974,43.6743479],[-79.3927764,43.6744158]]]}},{"type":"Feature","properties":{"form":"houses"},"geometry":{"type":"Polygon","coordinates":[[[-79.3928428,43.6743199],[-79.3928054,43.6742846],[-79.3926686,43.6743599],[-79.3927061,43.6743953],[-79.3928428,43.6743199]]]}},{"type":"Feature","properties":{"form":"houses"},"geometry":{"type":"Polygon","coordinates":[[[-79.3926167,43.67433],[-79.3926686,43.6743599],[-79.3927909,43.6742924],[-79.3927519,43.6742554],[-79.3926167,43.67433]]]}},{"type":"Feature","properties":{"form":"houses"},"geometry":{"type":"Polygon","coordinates":[[[-79.3927282,43.6742685],[-79.392593,43.6743443],[-79.3925405,43.6742954],[-79.3926995,43.6742418],[-79.3927282,43.6742685]]]}},{"type":"Feature","properties":{"form":"other"},"geometry":{"type":"Polygon","coordinates":[[[-79.4094382,43.6442779],[-79.4095834,43.6445004],[-79.4093033,43.6445983],[-79.4091416,43.6443516],[-79.4094382,43.6442779]]]}},{"type":"Feature","properties":{"form":"other"},"geometry":{"type":"Polygon","coordinates":[[[-79.405032,43.639078],[-79.4048295,43.6389082],[-79.4045578,43.6389225],[-79.4041488,43.6383627],[-79.4042581,43.6382929],[-79.4041713,43.6381719],[-79.4040218,43.638201],[-79.4029859,43.6386808],[-79.4029184,43.638611],[-79.4028541,43.6385924],[-79.4027368,43.6386052],[-79.4026597,43.6386936],[-79.4026677,43.638739],[-79.4027175,43.6387971],[-79.4017062,43.6392623],[-79.4015323,43.639392],[-79.4016591,43.6394415],[-79.4017483,43.6394302],[-79.4020204,43.6395814],[-79.4026701,43.6393764],[-79.4033243,43.6394811],[-79.4036506,43.6394788],[-79.4037984,43.6393182],[-79.4043248,43.6393863],[-79.4047202,43.6393386],[-79.4048649,43.6391792],[-79.405032,43.639078]]]}},{"type":"Feature","properties":{"form":"other"},"geometry":{"type":"Polygon","coordinates":[[[-79.3295224,43.6371903],[-79.3294596,43.6371207],[-79.3294103,43.6371421],[-79.3294731,43.6372081],[-79.3295224,43.6371903]]]}},{"type":"Feature","properties":{"form":"apartments"},"geometry":{"type":"Polygon","coordinates":[[[-79.4087347,43.6749604],[-79.4086086,43.6746397],[-79.4095362,43.6744489],[-79.4095883,43.6745815],[-79.4095565,43.6745881],[-79.4095724,43.6746282],[-79.409535,43.6746359],[-79.4095931,43.6747838],[-79.4087347,43.6749604]]]}},{"type":"Feature","properties":{"form":"other"},"geometry":{"type":"Polygon","coordinates":[[[-79.3883598,43.6401679],[-79.3883918,43.640151],[-79.3883564,43.6401566],[-79.3883598,43.6401679]]]}},{"type":"Feature","properties":{"form":"other"},"geometry":{"type":"Polygon","coordinates":[[[-79.3943163,43.6613896],[-79.3942668,43.6613957],[-79.3942498,43.6613773],[-79.3942622,43.6612603],[-79.3943979,43.6612386],[-79.3944116,43.6612646],[-79.3943163,43.6613896]]]}},{"type":"Feature","properties":{"form":"other"},"geometry":{"type":"Polygon","coordinates":[[[-79.4698699,43.6867884],[-79.4698971,43.6867818],[-79.4698818,43.6867486],[-79.4698546,43.6867552],[-79.4698699,43.6867884]]]}},{"type":"Feature","properties":{"form":"other"},"geometry":{"type":"Polygon","coordinates":[[[-79.4694138,43.6868224],[-79.4693794,43.6868298],[-79.4693666,43.6867985],[-79.4694011,43.6867912],[-79.4694138,43.6868224]]]}},{"type":"Feature","properties":{"form":"other"},"geometry":{"type":"Polygon","coordinates":[[[-79.4338634,43.6801361],[-79.4341334,43.6808062],[-79.43437,43.6807528],[-79.434248,43.6804481],[-79.4343608,43.6804203],[-79.4342192,43.6800611],[-79.4338634,43.6801361]]]}},{"type":"Feature","properties":{"form":"apartments"},"geometry":{"type":"Polygon","coordinates":[[[-79.3661151,43.6620265],[-79.3668036,43.6618797],[-79.3667121,43.661676],[-79.3660353,43.6618245],[-79.3661151,43.6620265]]]}},{"type":"Feature","properties":{"form":"other"},"geometry":{"type":"Polygon","coordinates":[[[-79.3821696,43.6129001],[-79.3822672,43.6128426],[-79.3823136,43.6128687],[-79.3822831,43.6128944],[-79.3822829,43.6129287],[-79.3822383,43.6129536],[-79.3821847,43.612941],[-79.3821696,43.6129001]]]}},{"type":"Feature","properties":{"form":"other"},"geometry":{"type":"Polygon","coordinates":[[[-79.3701319,43.6226357],[-79.3701477,43.6226049],[-79.3702939,43.6226217],[-79.3703019,43.6225849],[-79.3701622,43.6225527],[-79.3701687,43.6225231],[-79.3700737,43.6225122],[-79.3700595,43.6226274],[-79.3701319,43.6226357]]]}},{"type":"Feature","properties":{"form":"other"},"geometry":{"type":"Polygon","coordinates":[[[-79.3572764,43.6277837],[-79.3571735,43.6277245],[-79.3572143,43.6276873],[-79.3573172,43.6277465],[-79.3572764,43.6277837]]]}},{"type":"Feature","properties":{"form":"apartments"},"geometry":{"type":"Polygon","coordinates":[[[-79.3569425,43.6515966],[-79.3570201,43.6517869],[-79.3568842,43.6519437],[-79.3570505,43.6523095],[-79.3571352,43.6522834],[-79.3573204,43.6526787],[-79.3569001,43.6527618],[-79.3564375,43.6517084],[-79.3569425,43.6515966]]]}},{"type":"Feature","properties":{"form":"other"},"geometry":{"type":"Polygon","coordinates":[[[-79.3773205,43.6759401],[-79.3772835,43.675853],[-79.3774285,43.6758208],[-79.3774804,43.675906],[-79.3773205,43.6759401]]]}},{"type":"Feature","properties":{"form":"other"},"geometry":{"type":"Polygon","coordinates":[[[-79.3775012,43.6759686],[-79.3775257,43.6760247],[-79.3773782,43.6760588],[-79.3773531,43.6760012],[-79.3775012,43.6759686]]]}},{"type":"Feature","properties":{"form":"other"},"geometry":{"type":"Polygon","coordinates":[[[-79.3827303,43.6226241],[-79.3827044,43.6225584],[-79.3826326,43.6225733],[-79.3826585,43.6226389],[-79.3827303,43.6226241]]]}},{"type":"Feature","properties":{"form":"other"},"geometry":{"type":"Polygon","coordinates":[[[-79.3807784,43.6208417],[-79.3808654,43.6207801],[-79.3807611,43.6207028],[-79.3806741,43.6207644],[-79.3807784,43.6208417]]]}},{"type":"Feature","properties":{"form":"apartments"},"geometry":{"type":"Polygon","coordinates":[[[-79.3858428,43.6395103],[-79.3858355,43.6394876],[-79.3858843,43.6394544],[-79.3857856,43.639142],[-79.3857557,43.6391641],[-79.3855524,43.6391802],[-79.3856521,43.6394948],[-79.3857149,43.6395085],[-79.385722,43.6395307],[-79.3858428,43.6395103]]]}},{"type":"Feature","properties":{"form":"apartments"},"geometry":{"type":"Polygon","coordinates":[[[-79.3865494,43.6393963],[-79.386542,43.6393735],[-79.3865909,43.6393403],[-79.3864922,43.6390279],[-79.3864623,43.63905],[-79.3862589,43.6390662],[-79.3863586,43.6393807],[-79.3864214,43.6393944],[-79.3864285,43.6394166],[-79.3865494,43.6393963]]]}},{"type":"Feature","properties":{"form":"apartments"},"geometry":{"type":"Polygon","coordinates":[[[-79.3851726,43.6396238],[-79.3851653,43.6396011],[-79.3852141,43.6395679],[-79.3851154,43.6392555],[-79.3850855,43.6392776],[-79.3848822,43.6392937],[-79.3849819,43.6396083],[-79.3850447,43.639622],[-79.3850518,43.6396442],[-79.3851726,43.6396238]]]}},{"type":"Feature","properties":{"form":"houses"},"geometry":{"type":"Polygon","coordinates":[[[-79.3991033,43.6862813],[-79.3990498,43.6862917],[-79.3989884,43.6861262],[-79.3990419,43.6861158],[-79.3991033,43.6862813]]]}},{"type":"Feature","properties":{"form":"houses"},"geometry":{"type":"Polygon","coordinates":[[[-79.399165,43.686119],[-79.3992289,43.6861063],[-79.3992913,43.686272],[-79.399228,43.6862846],[-79.399165,43.686119]]]}},{"type":"Feature","properties":{"form":"houses"},"geometry":{"type":"Polygon","coordinates":[[[-79.3993551,43.6862864],[-79.3993005,43.686297],[-79.3992393,43.6861315],[-79.3992939,43.6861209],[-79.3993551,43.6862864]]]}},{"type":"Feature","properties":{"form":"houses"},"geometry":{"type":"Polygon","coordinates":[[[-79.3994779,43.6862883],[-79.3994266,43.6862985],[-79.3993649,43.6861344],[-79.3994183,43.6861238],[-79.3994779,43.6862883]]]}},{"type":"Feature","properties":{"form":"houses"},"geometry":{"type":"Polygon","coordinates":[[[-79.3996157,43.6862611],[-79.3995432,43.6862754],[-79.3994916,43.6861392],[-79.3995648,43.6861248],[-79.3996157,43.6862611]]]}},{"type":"Feature","properties":{"form":"houses"},"geometry":{"type":"Polygon","coordinates":[[[-79.3996389,43.6861101],[-79.3997248,43.6860931],[-79.3997764,43.6862293],[-79.3996919,43.686246],[-79.3996389,43.6861101]]]}},{"type":"Feature","properties":{"form":"houses"},"geometry":{"type":"Polygon","coordinates":[[[-79.3990419,43.6861158],[-79.3991035,43.6861039],[-79.3991648,43.6862693],[-79.3991033,43.6862813],[-79.3990419,43.6861158]]]}},{"type":"Feature","properties":{"form":"houses"},"geometry":{"type":"Polygon","coordinates":[[[-79.3992939,43.6861209],[-79.3993555,43.686109],[-79.3994167,43.6862745],[-79.3993551,43.6862864],[-79.3992939,43.6861209]]]}},{"type":"Feature","properties":{"form":"houses"},"geometry":{"type":"Polygon","coordinates":[[[-79.3994183,43.6861238],[-79.3994811,43.6861114],[-79.3995432,43.6862754],[-79.3994779,43.6862883],[-79.3994183,43.6861238]]]}},{"type":"Feature","properties":{"form":"houses"},"geometry":{"type":"Polygon","coordinates":[[[-79.3995648,43.6861248],[-79.3996389,43.6861101],[-79.3996919,43.686246],[-79.3996157,43.6862611],[-79.3995648,43.6861248]]]}},{"type":"Feature","properties":{"form":"houses"},"geometry":{"type":"Polygon","coordinates":[[[-79.3998688,43.6861939],[-79.3997958,43.6862079],[-79.3997589,43.6861067],[-79.399832,43.6860928],[-79.3998688,43.6861939]]]}},{"type":"Feature","properties":{"form":"houses"},"geometry":{"type":"Polygon","coordinates":[[[-79.3999224,43.6861019],[-79.3999951,43.6860881],[-79.400032,43.6861892],[-79.3999593,43.686203],[-79.3999224,43.6861019]]]}},{"type":"Feature","properties":{"form":"houses"},"geometry":{"type":"Polygon","coordinates":[[[-79.4001973,43.6861836],[-79.4001205,43.6861982],[-79.4000839,43.6860978],[-79.4001606,43.6860832],[-79.4001973,43.6861836]]]}},{"type":"Feature","properties":{"form":"houses"},"geometry":{"type":"Polygon","coordinates":[[[-79.4001113,43.6861729],[-79.400032,43.6861892],[-79.3999951,43.6860881],[-79.4000748,43.6860729],[-79.4001113,43.6861729]]]}},{"type":"Feature","properties":{"form":"houses"},"geometry":{"type":"Polygon","coordinates":[[[-79.399832,43.6860928],[-79.3999134,43.6860773],[-79.3999503,43.6861784],[-79.3998688,43.6861939],[-79.399832,43.6860928]]]}},{"type":"Feature","properties":{"form":"other"},"geometry":{"type":"Polygon","coordinates":[[[-79.4004156,43.686663],[-79.4003819,43.6865717],[-79.4002841,43.6865906],[-79.4002367,43.6864623],[-79.4000316,43.6865019],[-79.4001131,43.6867224],[-79.4004156,43.686663]]]}},{"type":"Feature","properties":{"form":"houses"},"geometry":{"type":"Polygon","coordinates":[[[-79.3938595,43.6856349],[-79.3938018,43.6856335],[-79.3937572,43.6855183],[-79.3938102,43.6855076],[-79.3938595,43.6856349]]]}},{"type":"Feature","properties":{"form":"houses"},"geometry":{"type":"Polygon","coordinates":[[[-79.393985,43.6856114],[-79.3939185,43.6856107],[-79.393868,43.6854803],[-79.3939287,43.6854682],[-79.393985,43.6856114]]]}},{"type":"Feature","properties":{"form":"houses"},"geometry":{"type":"Polygon","coordinates":[[[-79.394112,43.6855861],[-79.3940433,43.6855862],[-79.3939924,43.6854559],[-79.3940561,43.6854429],[-79.394112,43.6855861]]]}},{"type":"Feature","properties":{"form":"houses"},"geometry":{"type":"Polygon","coordinates":[[[-79.3942286,43.6855613],[-79.3941648,43.6855617],[-79.3941155,43.6854311],[-79.394175,43.6854193],[-79.3942286,43.6855613]]]}},{"type":"Feature","properties":{"form":"houses"},"geometry":{"type":"Polygon","coordinates":[[[-79.3943029,43.6853942],[-79.3942399,43.6854068],[-79.394289,43.6855345],[-79.3943565,43.6855339],[-79.3943029,43.6853942]]]}},{"type":"Feature","properties":{"form":"houses"},"geometry":{"type":"Polygon","coordinates":[[[-79.4096765,43.6742574],[-79.4097361,43.6742451],[-79.409771,43.6743778],[-79.4097274,43.6743868],[-79.4096765,43.6742574]]]}},{"type":"Feature","properties":{"form":"apartments"},"geometry":{"type":"Polygon","coordinates":[[[-79.409786,43.674207],[-79.4098438,43.674195],[-79.4098908,43.6743573],[-79.4098474,43.6743663],[-79.409786,43.674207]]]}},{"type":"Feature","properties":{"form":"houses"},"geometry":{"type":"Polygon","coordinates":[[[-79.4101429,43.6742954],[-79.4101087,43.6743025],[-79.4100429,43.6741586],[-79.4100897,43.6741489],[-79.4101429,43.6742954]]]}},{"type":"Feature","properties":{"form":"apartments"},"geometry":{"type":"Polygon","coordinates":[[[-79.4102548,43.6742669],[-79.4102162,43.6742749],[-79.4101893,43.6742447],[-79.410156,43.6741307],[-79.4101995,43.6741217],[-79.4102548,43.6742669]]]}},{"type":"Feature","properties":{"form":"houses"},"geometry":{"type":"Polygon","coordinates":[[[-79.4111339,43.6739226],[-79.4112024,43.6740941],[-79.4111576,43.6741034],[-79.4110849,43.6739328],[-79.4111339,43.6739226]]]}},{"type":"Feature","properties":{"form":"houses"},"geometry":{"type":"Polygon","coordinates":[[[-79.4112999,43.6740412],[-79.4112575,43.6740499],[-79.4111925,43.6739083],[-79.4112424,43.673898],[-79.4112999,43.6740412]]]}},{"type":"Feature","properties":{"form":"houses"},"geometry":{"type":"Polygon","coordinates":[[[-79.411355,43.6738737],[-79.4114067,43.673863],[-79.4114484,43.6739695],[-79.4114461,43.6740436],[-79.4114246,43.674048],[-79.411355,43.6738737]]]}},{"type":"Feature","properties":{"form":"apartments"},"geometry":{"type":"Polygon","coordinates":[[[-79.4117413,43.6742658],[-79.4117582,43.6743044],[-79.41193,43.6742649],[-79.4119144,43.6742293],[-79.4117413,43.6742658]]]}},{"type":"Feature","properties":{"form":"houses"},"geometry":{"type":"Polygon","coordinates":[[[-79.4156665,43.6785664],[-79.415692,43.678678],[-79.415624,43.678679],[-79.415588,43.678582],[-79.4156665,43.6785664]]]}},{"type":"Feature","properties":{"form":"houses"},"geometry":{"type":"Polygon","coordinates":[[[-79.4159331,43.67851],[-79.415995,43.678498],[-79.41604,43.678618],[-79.4159771,43.6786307],[-79.4159331,43.67851]]]}},{"type":"Feature","properties":{"form":"houses"},"geometry":{"type":"Polygon","coordinates":[[[-79.4161288,43.6786226],[-79.416055,43.678614],[-79.416011,43.678498],[-79.4160784,43.6784848],[-79.4161288,43.6786226]]]}},{"type":"Feature","properties":{"form":"houses"},"geometry":{"type":"Polygon","coordinates":[[[-79.4305277,43.6750641],[-79.4307104,43.6750222],[-79.4307277,43.6750641],[-79.4305227,43.6751086],[-79.4305277,43.6750641]]]}},{"type":"Feature","properties":{"form":"houses"},"geometry":{"type":"Polygon","coordinates":[[[-79.4020211,43.6651132],[-79.4019406,43.6649421],[-79.4018849,43.6649533],[-79.4019639,43.6651246],[-79.4020211,43.6651132]]]}},{"type":"Feature","properties":{"form":"houses"},"geometry":{"type":"Polygon","coordinates":[[[-79.4014507,43.6652219],[-79.4014,43.6652321],[-79.4013184,43.665056],[-79.4013785,43.6650439],[-79.4014507,43.6652219]]]}},{"type":"Feature","properties":{"form":"houses"},"geometry":{"type":"Polygon","coordinates":[[[-79.4015372,43.6650274],[-79.4016049,43.6650132],[-79.401657,43.6651748],[-79.4016014,43.6651865],[-79.4015372,43.6650274]]]}},{"type":"Feature","properties":{"form":"houses"},"geometry":{"type":"Polygon","coordinates":[[[-79.4016936,43.6649906],[-79.4017662,43.6651643],[-79.4016949,43.6651799],[-79.4016223,43.6650062],[-79.4016936,43.6649906]]]}},{"type":"Feature","properties":{"form":"houses"},"geometry":{"type":"Polygon","coordinates":[[[-79.4017629,43.6649763],[-79.4018352,43.6651303],[-79.401759,43.665147],[-79.4016984,43.6650021],[-79.4017629,43.6649763]]]}},{"type":"Feature","properties":{"form":"houses"},"geometry":{"type":"Polygon","coordinates":[[[-79.4018821,43.6649671],[-79.4019491,43.6651354],[-79.4019002,43.6651451],[-79.4018559,43.6650622],[-79.401819,43.6650709],[-79.4017989,43.6649714],[-79.4018821,43.6649671]]]}},{"type":"Feature","properties":{"form":"houses"},"geometry":{"type":"Polygon","coordinates":[[[-79.4020211,43.6651132],[-79.4020805,43.6651013],[-79.4020687,43.6650704],[-79.4020878,43.6650666],[-79.4020283,43.6649258],[-79.4019697,43.6649375],[-79.401963,43.6649614],[-79.4020211,43.6651132]]]}},{"type":"Feature","properties":{"form":"other"},"geometry":{"type":"Polygon","coordinates":[[[-79.4019859,43.6654561],[-79.4019294,43.6654686],[-79.4019825,43.6656277],[-79.4020517,43.6656125],[-79.4019859,43.6654561]]]}},{"type":"Feature","properties":{"form":"other"},"geometry":{"type":"Polygon","coordinates":[[[-79.4022816,43.6653716],[-79.4022293,43.6653829],[-79.4022532,43.6654769],[-79.4022906,43.6655675],[-79.4023565,43.6655533],[-79.4022816,43.6653716]]]}},{"type":"Feature","properties":{"form":"other"},"geometry":{"type":"Polygon","coordinates":[[[-79.4021941,43.6655777],[-79.4021304,43.6656018],[-79.4020782,43.6654364],[-79.4020951,43.665413],[-79.4021263,43.6654065],[-79.4021941,43.6655777]]]}},{"type":"Feature","properties":{"form":"other"},"geometry":{"type":"Polygon","coordinates":[[[-79.4021263,43.6654065],[-79.4021891,43.6654126],[-79.402268,43.665572],[-79.4021941,43.6655777],[-79.4021263,43.6654065]]]}},{"type":"Feature","properties":{"form":"other"},"geometry":{"type":"Polygon","coordinates":[[[-79.4016871,43.6654996],[-79.4017499,43.6655057],[-79.4018288,43.6656651],[-79.4017549,43.6656708],[-79.4016871,43.6654996]]]}},{"type":"Feature","properties":{"form":"other"},"geometry":{"type":"Polygon","coordinates":[[[-79.4017549,43.6656708],[-79.4016911,43.6656949],[-79.4016389,43.6655296],[-79.4016632,43.6655246],[-79.4016558,43.6655061],[-79.4016871,43.6654996],[-79.4017549,43.6656708]]]}},{"type":"Feature","properties":{"form":"other"},"geometry":{"type":"Polygon","coordinates":[[[-79.4018308,43.6654687],[-79.4018936,43.6654747],[-79.4019726,43.6656341],[-79.4018987,43.6656398],[-79.4018308,43.6654687]]]}},{"type":"Feature","properties":{"form":"other"},"geometry":{"type":"Polygon","coordinates":[[[-79.4027949,43.6654817],[-79.402545,43.6655315],[-79.4025229,43.6654734],[-79.4027728,43.6654237],[-79.4027949,43.6654817]]]}},{"type":"Feature","properties":{"form":"other"},"geometry":{"type":"Polygon","coordinates":[[[-79.4027444,43.6653684],[-79.4027645,43.6654206],[-79.4025181,43.6654706],[-79.4024982,43.6654191],[-79.4027444,43.6653684]]]}},{"type":"Feature","properties":{"form":"other"},"geometry":{"type":"Polygon","coordinates":[[[-79.4027261,43.6653218],[-79.4027444,43.6653684],[-79.4024982,43.6654191],[-79.4024817,43.6653772],[-79.4027261,43.6653218]]]}},{"type":"Feature","properties":{"form":"houses"},"geometry":{"type":"Polygon","coordinates":[[[-79.4024594,43.6653221],[-79.4024768,43.6653658],[-79.4027252,43.6653193],[-79.4027058,43.6652722],[-79.4024594,43.6653221]]]}},{"type":"Feature","properties":{"form":"houses"},"geometry":{"type":"Polygon","coordinates":[[[-79.4027058,43.6652722],[-79.4026891,43.6652187],[-79.4024406,43.665278],[-79.4024594,43.6653221],[-79.4027058,43.6652722]]]}},{"type":"Feature","properties":{"form":"houses"},"geometry":{"type":"Polygon","coordinates":[[[-79.4026662,43.6658413],[-79.4026506,43.6658034],[-79.4027056,43.6657794],[-79.4028982,43.665742],[-79.4029153,43.6657882],[-79.4026662,43.6658413]]]}},{"type":"Feature","properties":{"form":"houses"},"geometry":{"type":"Polygon","coordinates":[[[-79.4029578,43.6659016],[-79.4029774,43.6659513],[-79.402735,43.6660014],[-79.4027154,43.6659517],[-79.4029578,43.6659016]]]}},{"type":"Feature","properties":{"form":"houses"},"geometry":{"type":"Polygon","coordinates":[[[-79.402339,43.6659344],[-79.4022848,43.6659455],[-79.4022695,43.6659064],[-79.4022436,43.6659117],[-79.4022068,43.6658175],[-79.4022253,43.6658137],[-79.4022173,43.6657933],[-79.4022878,43.6658033],[-79.402339,43.6659344]]]}},{"type":"Feature","properties":{"form":"houses"},"geometry":{"type":"Polygon","coordinates":[[[-79.4021644,43.665967],[-79.4021102,43.6659783],[-79.4020945,43.6659392],[-79.4020705,43.6659442],[-79.4020319,43.6658474],[-79.4021101,43.6658311],[-79.4021644,43.665967]]]}},{"type":"Feature","properties":{"form":"houses"},"geometry":{"type":"Polygon","coordinates":[[[-79.4019255,43.6658509],[-79.4020037,43.665834],[-79.4020514,43.6659493],[-79.4020235,43.6659554],[-79.4020379,43.6659902],[-79.4019877,43.666001],[-79.4019255,43.6658509]]]}},{"type":"Feature","properties":{"form":"other"},"geometry":{"type":"Polygon","coordinates":[[[-79.4009386,43.6646945],[-79.4009234,43.6646572],[-79.4006923,43.6647066],[-79.4007076,43.6647439],[-79.4009386,43.6646945]]]}},{"type":"Feature","properties":{"form":"other"},"geometry":{"type":"Polygon","coordinates":[[[-79.4009557,43.6647458],[-79.400692,43.6647903],[-79.4007114,43.6648379],[-79.4009707,43.6647827],[-79.4009557,43.6647458]]]}},{"type":"Feature","properties":{"form":"other"},"geometry":{"type":"Polygon","coordinates":[[[-79.4010134,43.6643958],[-79.4009197,43.6644163],[-79.4008967,43.6643613],[-79.4009905,43.6643408],[-79.4010134,43.6643958]]]}},{"type":"Feature","properties":{"form":"other"},"geometry":{"type":"Polygon","coordinates":[[[-79.4017,43.6645635],[-79.4016452,43.6645753],[-79.4017068,43.6647545],[-79.4017678,43.6647286],[-79.4017,43.6645635]]]}},{"type":"Feature","properties":{"form":"other"},"geometry":{"type":"Polygon","coordinates":[[[-79.4015544,43.664609],[-79.4014996,43.6646204],[-79.4015493,43.6647827],[-79.4016175,43.6647686],[-79.4015544,43.664609]]]}},{"type":"Feature","properties":{"form":"other"},"geometry":{"type":"Polygon","coordinates":[[[-79.4019419,43.6646093],[-79.4018703,43.6646244],[-79.4019127,43.6647297],[-79.401978,43.664699],[-79.4019419,43.6646093]]]}},{"type":"Feature","properties":{"form":"other"},"geometry":{"type":"Polygon","coordinates":[[[-79.4012914,43.6643544],[-79.4012415,43.6643643],[-79.4012256,43.6643273],[-79.4012015,43.6643316],[-79.4011733,43.6642557],[-79.4012418,43.6642298],[-79.4012914,43.6643544]]]}},{"type":"Feature","properties":{"form":"other"},"geometry":{"type":"Polygon","coordinates":[[[-79.4004464,43.6640585],[-79.4004346,43.6640289],[-79.4006119,43.6639917],[-79.4006238,43.6640213],[-79.4004464,43.6640585]]]}},{"type":"Feature","properties":{"form":"houses"},"geometry":{"type":"Polygon","coordinates":[[[-79.3924369,43.6817486],[-79.3925055,43.6817337],[-79.3925544,43.681851],[-79.3924812,43.6818548],[-79.3924369,43.6817486]]]}},{"type":"Feature","properties":{"form":"houses"},"geometry":{"type":"Polygon","coordinates":[[[-79.3924184,43.6818806],[-79.3923474,43.6818839],[-79.3923032,43.6817778],[-79.3923695,43.6817633],[-79.3924184,43.6818806]]]}},{"type":"Feature","properties":{"form":"houses"},"geometry":{"type":"Polygon","coordinates":[[[-79.3926341,43.6817057],[-79.3927023,43.6816909],[-79.3927463,43.6817972],[-79.3927328,43.6818123],[-79.3926827,43.6818231],[-79.3926341,43.6817057]]]}},{"type":"Feature","properties":{"form":"houses"},"geometry":{"type":"Polygon","coordinates":[[[-79.3926134,43.6818261],[-79.3925544,43.681851],[-79.3925055,43.6817337],[-79.3925693,43.6817197],[-79.3926134,43.6818261]]]}},{"type":"Feature","properties":{"form":"houses"},"geometry":{"type":"Polygon","coordinates":[[[-79.3924812,43.6818548],[-79.3924184,43.6818806],[-79.3923695,43.6817633],[-79.3924369,43.6817486],[-79.3924812,43.6818548]]]}},{"type":"Feature","properties":{"form":"other"},"geometry":{"type":"Polygon","coordinates":[[[-79.396025,43.6737967],[-79.3960696,43.6738471],[-79.3958537,43.6738976],[-79.3958299,43.6738368],[-79.396025,43.6737967]]]}},{"type":"Feature","properties":{"form":"other"},"geometry":{"type":"Polygon","coordinates":[[[-79.3957886,43.6739875],[-79.3957636,43.6739247],[-79.3960689,43.673863],[-79.396097,43.6739152],[-79.3957886,43.6739875]]]}},{"type":"Feature","properties":{"form":"other"},"geometry":{"type":"Polygon","coordinates":[[[-79.4332671,43.6804048],[-79.4333309,43.6803917],[-79.433279,43.6802601],[-79.4332152,43.6802732],[-79.4332671,43.6804048]]]}},{"type":"Feature","properties":{"form":"other"},"geometry":{"type":"Polygon","coordinates":[[[-79.394921,43.6422826],[-79.394849,43.6423006],[-79.3948633,43.6423305],[-79.3949353,43.6423126],[-79.394921,43.6422826]]]}},{"type":"Feature","properties":{"form":"houses"},"geometry":{"type":"Polygon","coordinates":[[[-79.4408907,43.647596],[-79.4408785,43.6475632],[-79.4411544,43.6475095],[-79.4411667,43.6475426],[-79.4408907,43.647596]]]}},{"type":"Feature","properties":{"form":"houses"},"geometry":{"type":"Polygon","coordinates":[[[-79.4410327,43.6479013],[-79.4410164,43.6478565],[-79.4412263,43.6478216],[-79.4412408,43.6478615],[-79.4410327,43.6479013]]]}},{"type":"Feature","properties":{"form":"houses"},"geometry":{"type":"Polygon","coordinates":[[[-79.4411042,43.6479904],[-79.4410879,43.6479456],[-79.4412978,43.6479107],[-79.4413123,43.6479506],[-79.4411042,43.6479904]]]}},{"type":"Feature","properties":{"form":"houses"},"geometry":{"type":"Polygon","coordinates":[[[-79.441385,43.6480353],[-79.4414019,43.6480804],[-79.4412138,43.6481173],[-79.4411937,43.6480843],[-79.441385,43.6480353]]]}},{"type":"Feature","properties":{"form":"other"},"geometry":{"type":"Polygon","coordinates":[[[-79.4641279,43.659163],[-79.464103,43.6591006],[-79.4639869,43.6591249],[-79.4640119,43.6591873],[-79.4641279,43.659163]]]}},{"type":"Feature","properties":{"form":"houses"},"geometry":{"type":"Polygon","coordinates":[[[-79.4720033,43.6527793],[-79.4719389,43.6526529],[-79.4720084,43.6526344],[-79.4720811,43.652655],[-79.4721074,43.6527067],[-79.4720558,43.6527204],[-79.4720759,43.65276],[-79.4720033,43.6527793]]]}},{"type":"Feature","properties":{"form":"apartments"},"geometry":{"type":"Polygon","coordinates":[[[-79.4269642,43.6711265],[-79.4269226,43.6710302],[-79.426949,43.6710242],[-79.4268717,43.6708454],[-79.4268362,43.6708534],[-79.4267529,43.6706608],[-79.4275933,43.6704707],[-79.4276891,43.6706923],[-79.4278269,43.6706612],[-79.4277305,43.6704382],[-79.4282173,43.6703281],[-79.4283281,43.6705844],[-79.4286374,43.6705144],[-79.4287157,43.6706955],[-79.4270188,43.6710593],[-79.4270404,43.6711093],[-79.4269642,43.6711265]]]}},{"type":"Feature","properties":{"form":"other"},"geometry":{"type":"Polygon","coordinates":[[[-79.3847962,43.641376],[-79.3848244,43.6413544],[-79.3847696,43.6413221],[-79.3847442,43.6413439],[-79.3847962,43.641376]]]}},{"type":"Feature","properties":{"form":"apartments"},"geometry":{"type":"Polygon","coordinates":[[[-79.4146135,43.6856966],[-79.4145774,43.685704],[-79.4146354,43.6858509],[-79.4144297,43.6858933],[-79.4144186,43.6858651],[-79.414275,43.6858947],[-79.414391,43.6861888],[-79.4150806,43.6860466],[-79.4150167,43.6858844],[-79.4147516,43.6859359],[-79.4147583,43.6859531],[-79.414715,43.6859623],[-79.4146468,43.6857848],[-79.4147072,43.6857728],[-79.414742,43.6858097],[-79.4150404,43.685747],[-79.4149773,43.685584],[-79.4146002,43.685663],[-79.4146135,43.6856966]]]}},{"type":"Feature","properties":{"form":"apartments"},"geometry":{"type":"Polygon","coordinates":[[[-79.3922361,43.6564964],[-79.3918272,43.6565861],[-79.3919863,43.6569654],[-79.3923952,43.6568756],[-79.3922361,43.6564964]]]}},{"type":"Feature","properties":{"form":"other"},"geometry":{"type":"Polygon","coordinates":[[[-79.3984967,43.6614373],[-79.3984874,43.6614129],[-79.3983745,43.6614359],[-79.3983836,43.6614599],[-79.3984967,43.6614373]]]}},{"type":"Feature","properties":{"form":"other"},"geometry":{"type":"Polygon","coordinates":[[[-79.3984697,43.6613717],[-79.3984602,43.6613464],[-79.3983472,43.6613689],[-79.3983566,43.6613947],[-79.3984697,43.6613717]]]}},{"type":"Feature","properties":{"form":"other"},"geometry":{"type":"Polygon","coordinates":[[[-79.3940179,43.6597016],[-79.3940017,43.6596644],[-79.3939774,43.6596698],[-79.3939921,43.6597072],[-79.3940179,43.6597016]]]}},{"type":"Feature","properties":{"form":"other"},"geometry":{"type":"Polygon","coordinates":[[[-79.4528524,43.6944984],[-79.4527133,43.6945284],[-79.452701,43.6944943],[-79.4527317,43.6944875],[-79.4527166,43.694452],[-79.4528236,43.6944302],[-79.4528524,43.6944984]]]}},{"type":"Feature","properties":{"form":"other"},"geometry":{"type":"Polygon","coordinates":[[[-79.3519426,43.6430378],[-79.3518802,43.6429597],[-79.3517696,43.6430059],[-79.351832,43.643084],[-79.3519426,43.6430378]]]}},{"type":"Feature","properties":{"form":"other"},"geometry":{"type":"Polygon","coordinates":[[[-79.4446398,43.6788047],[-79.4446164,43.6788093],[-79.4446079,43.6787863],[-79.4446313,43.6787818],[-79.4446398,43.6788047]]]}},{"type":"Feature","properties":{"form":"other"},"geometry":{"type":"Polygon","coordinates":[[[-79.4072912,43.6749827],[-79.4072746,43.6749863],[-79.4072618,43.6749549],[-79.4072784,43.6749514],[-79.4072912,43.6749827]]]}},{"type":"Feature","properties":{"form":"apartments"},"geometry":{"type":"Polygon","coordinates":[[[-79.3665322,43.6612305],[-79.3663883,43.6608841],[-79.3656975,43.6610342],[-79.3658414,43.6613807],[-79.3665322,43.6612305]]]}},{"type":"Feature","properties":{"form":"apartments"},"geometry":{"type":"Polygon","coordinates":[[[-79.3667121,43.661676],[-79.366601,43.6614112],[-79.3659243,43.6615597],[-79.3660353,43.6618245],[-79.3667121,43.661676]]]}},{"type":"Feature","properties":{"form":"apartments"},"geometry":{"type":"Polygon","coordinates":[[[-79.3665322,43.6612305],[-79.3662309,43.661296],[-79.3663119,43.6614746],[-79.366601,43.6614112],[-79.3665322,43.6612305]]]}},{"type":"Feature","properties":{"form":"other"},"geometry":{"type":"Polygon","coordinates":[[[-79.4763819,43.643549],[-79.4762934,43.6435659],[-79.4763288,43.6436523],[-79.4764153,43.6436334],[-79.4763819,43.643549]]]}},{"type":"Feature","properties":{"form":"other"},"geometry":{"type":"Polygon","coordinates":[[[-79.3987167,43.6672749],[-79.3983312,43.6673574],[-79.3982419,43.6671392],[-79.3986276,43.6670573],[-79.3987167,43.6672749]]]}},{"type":"Feature","properties":{"form":"apartments"},"geometry":{"type":"Polygon","coordinates":[[[-79.4450684,43.6551405],[-79.4443727,43.6552875],[-79.4442019,43.6548641],[-79.4448977,43.6547172],[-79.4450684,43.6551405]]]}},{"type":"Feature","properties":{"form":"other"},"geometry":{"type":"Polygon","coordinates":[[[-79.3187772,43.6555433],[-79.3186646,43.6554285],[-79.318026,43.6557565],[-79.3181387,43.6558714],[-79.3187772,43.6555433]]]}},{"type":"Feature","properties":{"form":"other"},"geometry":{"type":"Polygon","coordinates":[[[-79.3528479,43.6424948],[-79.3526412,43.6425612],[-79.3525121,43.6424014],[-79.3525376,43.6423637],[-79.3527409,43.6422957],[-79.3527953,43.6423153],[-79.3528781,43.6424156],[-79.3528796,43.64246],[-79.3528479,43.6424948]]]}},{"type":"Feature","properties":{"form":"other"},"geometry":{"type":"Polygon","coordinates":[[[-79.3526874,43.6430105],[-79.3525141,43.642799],[-79.3527655,43.6426824],[-79.352932,43.6429052],[-79.3526874,43.6430105]]]}},{"type":"Feature","properties":{"form":"other"},"geometry":{"type":"Polygon","coordinates":[[[-79.418322,43.6431757],[-79.4172327,43.6433956],[-79.4172072,43.6433295],[-79.4171663,43.6433378],[-79.4169805,43.6428559],[-79.4170214,43.6428476],[-79.4168957,43.6425216],[-79.417985,43.6423016],[-79.418322,43.6431757]]]}},{"type":"Feature","properties":{"form":"other"},"geometry":{"type":"Polygon","coordinates":[[[-79.4162436,43.6432732],[-79.4162667,43.6432687],[-79.416246,43.6431347],[-79.4160647,43.642962],[-79.4159896,43.6427607],[-79.4166175,43.6426381],[-79.4167168,43.6429043],[-79.4167464,43.6428985],[-79.4168168,43.6430872],[-79.4167864,43.6430931],[-79.4169128,43.6434321],[-79.4164923,43.6435142],[-79.4164498,43.6434001],[-79.4164803,43.6433942],[-79.4164309,43.6432619],[-79.4162524,43.6432968],[-79.4162436,43.6432732]]]}},{"type":"Feature","properties":{"form":"apartments"},"geometry":{"type":"Polygon","coordinates":[[[-79.4075286,43.6420748],[-79.4076849,43.6419919],[-79.4077367,43.6420431],[-79.4075804,43.6421259],[-79.4075286,43.6420748]]]}},{"type":"Feature","properties":{"form":"apartments"},"geometry":{"type":"Polygon","coordinates":[[[-79.4076457,43.6422292],[-79.4078436,43.6421546],[-79.4077583,43.642042],[-79.4075702,43.6421347],[-79.4076457,43.6422292]]]}},{"type":"Feature","properties":{"form":"apartments"},"geometry":{"type":"Polygon","coordinates":[[[-79.4077047,43.64232],[-79.4076425,43.6422396],[-79.4078728,43.6421473],[-79.4079541,43.6422195],[-79.4077047,43.64232]]]}},{"type":"Feature","properties":{"form":"apartments"},"geometry":{"type":"Polygon","coordinates":[[[-79.4072466,43.6424093],[-79.4074377,43.6423623],[-79.4074004,43.6422632],[-79.4071803,43.6423105],[-79.4072466,43.6424093]]]}},{"type":"Feature","properties":{"form":"apartments"},"geometry":{"type":"Polygon","coordinates":[[[-79.4073752,43.6424722],[-79.4073155,43.6423969],[-79.407541,43.6423446],[-79.4075701,43.6424259],[-79.4073752,43.6424722]]]}},{"type":"Feature","properties":{"form":"houses"},"geometry":{"type":"Polygon","coordinates":[[[-79.3148669,43.6707237],[-79.3147401,43.6707572],[-79.3146998,43.6706775],[-79.3148267,43.670644],[-79.3148669,43.6707237]]]}},{"type":"Feature","properties":{"form":"houses"},"geometry":{"type":"Polygon","coordinates":[[[-79.315009,43.6706874],[-79.3148822,43.6707209],[-79.3148419,43.6706412],[-79.3149688,43.6706077],[-79.315009,43.6706874]]]}},{"type":"Feature","properties":{"form":"other"},"geometry":{"type":"Polygon","coordinates":[[[-79.4116006,43.6332654],[-79.4111828,43.6333586],[-79.4111708,43.6333303],[-79.4115886,43.6332372],[-79.4116006,43.6332654]]]}},{"type":"Feature","properties":{"form":"houses"},"geometry":{"type":"Polygon","coordinates":[[[-79.4090903,43.6856307],[-79.4090559,43.685575],[-79.4092961,43.685524],[-79.4093235,43.6855681],[-79.4090903,43.6856307]]]}},{"type":"Feature","properties":{"form":"apartments"},"geometry":{"type":"Polygon","coordinates":[[[-79.43248,43.6420554],[-79.4320093,43.6421508],[-79.432109,43.6424083],[-79.4325797,43.6423129],[-79.43248,43.6420554]]]}},{"type":"Feature","properties":{"form":"other"},"geometry":{"type":"Polygon","coordinates":[[[-79.4676044,43.651782],[-79.4675304,43.6517823],[-79.4675301,43.6517419],[-79.467604,43.6517415],[-79.4676044,43.651782]]]}},{"type":"Feature","properties":{"form":"other"},"geometry":{"type":"Polygon","coordinates":[[[-79.3881239,43.6554348],[-79.3874942,43.6555748],[-79.3872876,43.6550887],[-79.3879172,43.6549486],[-79.3881239,43.6554348]]]}},{"type":"Feature","properties":{"form":"apartments"},"geometry":{"type":"Polygon","coordinates":[[[-79.4014138,43.6519345],[-79.4013321,43.6515126],[-79.4010975,43.6515364],[-79.4012126,43.6521302],[-79.4020341,43.6519603],[-79.401794,43.6513528],[-79.4015214,43.6514092],[-79.4017051,43.6518742],[-79.4014138,43.6519345]]]}},{"type":"Feature","properties":{"form":"apartments"},"geometry":{"type":"Polygon","coordinates":[[[-79.3778631,43.6451218],[-79.3779196,43.6451004],[-79.3778724,43.6449986],[-79.377901,43.6449844],[-79.3778238,43.6449001],[-79.3777731,43.6448871],[-79.3778631,43.6451218]]]}},{"type":"Feature","properties":{"form":"other"},"geometry":{"type":"Polygon","coordinates":[[[-79.3791938,43.6452982],[-79.3787037,43.6454022],[-79.378681,43.6453457],[-79.3791708,43.6452416],[-79.3791938,43.6452982]]]}},{"type":"Feature","properties":{"form":"other"},"geometry":{"type":"Polygon","coordinates":[[[-79.3768625,43.6455885],[-79.3762739,43.6456638],[-79.3762656,43.6456056],[-79.3768511,43.6455335],[-79.3768625,43.6455885]]]}},{"type":"Feature","properties":{"form":"other"},"geometry":{"type":"Polygon","coordinates":[[[-79.386245,43.6643184],[-79.3861935,43.6641794],[-79.3861071,43.6641961],[-79.3861586,43.6643351],[-79.386245,43.6643184]]]}},{"type":"Feature","properties":{"form":"other"},"geometry":{"type":"Polygon","coordinates":[[[-79.3349844,43.6452021],[-79.335022,43.6452409],[-79.3349683,43.645268],[-79.3349308,43.6452292],[-79.3349844,43.6452021]]]}},{"type":"Feature","properties":{"form":"other"},"geometry":{"type":"Polygon","coordinates":[[[-79.3363684,43.6475272],[-79.336406,43.6475039],[-79.3365294,43.6476049],[-79.3363845,43.647698],[-79.3363523,43.6476747],[-79.3363202,43.6476941],[-79.3362612,43.6476476],[-79.3364006,43.6475544],[-79.3363684,43.6475272]]]}},{"type":"Feature","properties":{"form":"other"},"geometry":{"type":"Polygon","coordinates":[[[-79.3359929,43.6477912],[-79.3360788,43.6478649],[-79.3359715,43.647927],[-79.3358856,43.6478533],[-79.3359929,43.6477912]]]}},{"type":"Feature","properties":{"form":"other"},"geometry":{"type":"Polygon","coordinates":[[[-79.335199,43.6482453],[-79.3352795,43.6483152],[-79.3350971,43.6484239],[-79.3350166,43.648354],[-79.335199,43.6482453]]]}},{"type":"Feature","properties":{"form":"other"},"geometry":{"type":"Polygon","coordinates":[[[-79.3349522,43.6485248],[-79.3347484,43.6486219],[-79.3346679,43.6485365],[-79.3348771,43.6484394],[-79.3349522,43.6485248]]]}},{"type":"Feature","properties":{"form":"other"},"geometry":{"type":"Polygon","coordinates":[[[-79.3325329,43.6496777],[-79.3325168,43.6496388],[-79.3325919,43.6496194],[-79.332608,43.6496582],[-79.3325329,43.6496777]]]}},{"type":"Feature","properties":{"form":"other"},"geometry":{"type":"Polygon","coordinates":[[[-79.3242985,43.6453496],[-79.3240893,43.6453185],[-79.3241054,43.6452603],[-79.3243146,43.6452913],[-79.3242985,43.6453496]]]}},{"type":"Feature","properties":{"form":"other"},"geometry":{"type":"Polygon","coordinates":[[[-79.3257093,43.6422867],[-79.3256718,43.6423605],[-79.3255967,43.6423411],[-79.3256289,43.6422673],[-79.3257093,43.6422867]]]}},{"type":"Feature","properties":{"form":"other"},"geometry":{"type":"Polygon","coordinates":[[[-79.325763,43.642213],[-79.3256879,43.6422013],[-79.325704,43.6421314],[-79.3257791,43.6421431],[-79.325763,43.642213]]]}}]}