{"type":"Feature","properties":{"source":"City of Toronto, Zoning By-law 569-2013","meaning":"Not covered by By-law 569-2013. Former by-laws apply; this is unknown, not prohibited.","generated":"2026-09-14"},"geometry":{"type":"MultiPolygon","coordinates":[[[[-79.554482,43.609413],[-79.555506,43.608438],[-79.554497,43.60941],[-79.551406,43.611735],[-79.551583,43.611572],[-79.550988,43.610196],[-79.55074380755528,43.61025156701142],[-79.550917,43.610212],[-79.553157,43.609703],[-79.554482,43.609413]]],[[[-79.55745570418576,43.61731748191153],[-79.556853,43.615855],[-79.553104,43.616695],[-79.55301,43.616112],[-79.552533,43.615011],[-79.552266,43.615068],[-79.552015,43.61436],[-79.552056,43.613771],[-79.552586,43.612349],[-79.555642,43.609166],[-79.558937,43.608331],[-79.558411,43.607643],[-79.558458,43.607178],[-79.55947138199437,43.606054390490456],[-79.561889,43.607684],[-79.562281,43.607597],[-79.562508,43.608125],[-79.562309,43.607668],[-79.559565,43.608265],[-79.559414,43.608513],[-79.560537,43.609108],[-79.560275,43.609419],[-79.560963,43.609869],[-79.56239,43.61203],[-79.564231,43.609944],[-79.56528642513038,43.60854418541871],[-79.565657,43.608668],[-79.566645,43.608679],[-79.566997,43.608954],[-79.56727315548879,43.60964622647345],[-79.562677,43.612308],[-79.561467,43.613036],[-79.559615,43.613921],[-79.558976,43.614089],[-79.556154,43.614218],[-79.556961,43.616107],[-79.55745570418576,43.61731748191153]]],[[[-79.562677,43.612308],[-79.564029,43.613429],[-79.56551590722619,43.61442982919815],[-79.564321,43.614213],[-79.563087,43.613729],[-79.563582,43.613121],[-79.56318,43.612778],[-79.559592,43.617426],[-79.558677,43.617791],[-79.558132,43.617536],[-79.562444,43.612724],[-79.562677,43.612308]]],[[[-79.558096,43.619906],[-79.5584730417206,43.619658347710754],[-79.556764,43.620816],[-79.556867,43.620896],[-79.555024,43.622161],[-79.554699,43.622017],[-79.553811,43.61991],[-79.55374608592325,43.6194765737029],[-79.55629928989468,43.61890273287105],[-79.554185,43.62079],[-79.554344,43.62117],[-79.55717392305019,43.61868522626846],[-79.556897,43.618935],[-79.558096,43.619906]]],[[[-79.565082,43.623415],[-79.564917,43.62401],[-79.564516,43.624192],[-79.563816,43.624253],[-79.563939,43.623625],[-79.563753,43.622518],[-79.564131,43.622208],[-79.564337,43.62182],[-79.565192,43.621922],[-79.565082,43.623415]]],[[[-79.556174,43.624541],[-79.55600855938954,43.62443552399911],[-79.558393,43.624005],[-79.55954607595989,43.62407171510303],[-79.5589,43.627162],[-79.560634,43.627206],[-79.561886,43.627],[-79.562274,43.627123],[-79.56239498904434,43.62733798053334],[-79.561078,43.627616],[-79.561203,43.627915],[-79.56070660204134,43.62832069070116],[-79.559652,43.628473],[-79.55896555218138,43.629275071198094],[-79.55911,43.62906],[-79.558867,43.627512],[-79.557936,43.627542],[-79.557507,43.627352],[-79.557019,43.626673],[-79.556174,43.624541]]],[[[-79.56927811680566,43.63077529946315],[-79.568151,43.631002],[-79.567873,43.631295],[-79.56815,43.631002],[-79.567207,43.631046],[-79.565933,43.631338],[-79.565162,43.629702],[-79.565234,43.629541],[-79.56748274082109,43.62902551208055],[-79.567617,43.629311],[-79.568382,43.629212],[-79.569155,43.630766],[-79.56927811680566,43.63077529946315]]],[[[-79.573162,43.631044],[-79.5741,43.631037],[-79.57441726904955,43.632345988131895],[-79.57337114015999,43.63279468558978],[-79.572954,43.632274],[-79.572178,43.631726],[-79.573162,43.631044]]],[[[-79.57728256714091,43.631990324411056],[-79.57835481466171,43.63328724754114],[-79.577059,43.634132],[-79.576454,43.633628],[-79.57568140337085,43.63269194685418],[-79.57728256714091,43.631990324411056]]],[[[-79.556629,43.634155],[-79.557287,43.633911],[-79.557622,43.633497],[-79.557518,43.633491],[-79.557623,43.633492],[-79.558447,43.63541],[-79.558695,43.636093],[-79.558367,43.635273],[-79.556715,43.635455],[-79.556872,43.634875],[-79.556698,43.634243],[-79.55641198821978,43.633940435721065],[-79.556629,43.634155]]],[[[-79.561801,43.636443],[-79.56152509115931,43.63580820973247],[-79.562319,43.635625],[-79.562774,43.636519],[-79.563502,43.637162],[-79.562415,43.637427],[-79.56285630583695,43.63865416028856],[-79.5612107234026,43.63903414023249],[-79.560898,43.638329],[-79.560469,43.63605],[-79.56119111564442,43.63588528100514],[-79.561806,43.637304],[-79.562396,43.637161],[-79.561801,43.636443]]],[[[-79.567525,43.635751],[-79.568825,43.635441],[-79.56832627062141,43.63420605106254],[-79.56902905091614,43.63404147215276],[-79.571188,43.638995],[-79.572516,43.638543],[-79.57424829932992,43.6402962908394],[-79.573721,43.64042],[-79.574267,43.640336],[-79.571986,43.640824],[-79.569304,43.634723],[-79.569484,43.635346],[-79.567525,43.635751]]],[[[-79.56607246473006,43.63929488913001],[-79.565418,43.637785],[-79.564914,43.637901],[-79.565417,43.637785],[-79.565249,43.637389],[-79.566759,43.637045],[-79.567581,43.638935],[-79.56607246473006,43.63929488913001]]],[[[-79.578724,43.638948],[-79.578195,43.638137],[-79.578649,43.637869],[-79.58,43.63656916326531],[-79.58,43.639833333333335],[-79.578724,43.638948]]],[[[-79.558364,43.640265],[-79.5581526881729,43.639777301077224],[-79.55819,43.639863],[-79.56005002950799,43.639429924460046],[-79.56041,43.640248],[-79.560356,43.640863],[-79.560752,43.641179],[-79.56155,43.643214],[-79.561654,43.643851],[-79.561531,43.643167],[-79.5586455634189,43.64383617359271],[-79.55726182760728,43.640518658808794],[-79.558364,43.640265]]],[[[-79.56565054366146,43.641475067975044],[-79.565485,43.641111],[-79.564305,43.641394],[-79.564797,43.642525],[-79.562616,43.642995],[-79.56315061493295,43.64395163545724],[-79.562616,43.642996],[-79.56185,43.641119],[-79.56169,43.639944],[-79.561851,43.639823],[-79.562937,43.639654],[-79.56264932534644,43.63965176253047],[-79.563293,43.639646],[-79.564829,43.63934],[-79.56565054366146,43.641475067975044]]],[[[-79.55653743473162,43.64086253729611],[-79.556077,43.640968],[-79.558528,43.646599],[-79.554542,43.637449],[-79.55671,43.63693],[-79.5571,43.637728],[-79.557216,43.638335],[-79.55749688941604,43.638271042837424],[-79.55807464108888,43.639598040195516],[-79.55695305001466,43.63972365048337],[-79.55694,43.639293],[-79.555509,43.639627],[-79.556076,43.640964],[-79.55653743473162,43.64086253729611]]],[[[-79.576287,43.643201],[-79.57585,43.64257],[-79.57568409106106,43.64260977065799],[-79.575894,43.642559],[-79.577065,43.642363],[-79.57724141402907,43.64264009910907],[-79.576449,43.643309],[-79.575291,43.642704],[-79.576287,43.643201]]],[[[-79.572914,43.644189],[-79.572486,43.643341],[-79.573217,43.643167],[-79.57359,43.644033],[-79.572914,43.644189]]],[[[-79.56120700057727,43.64645400377517],[-79.56127,43.646866],[-79.56026801220379,43.647126072714386],[-79.559992,43.646303],[-79.560075,43.646467],[-79.56083,43.646308],[-79.560896,43.646478],[-79.56120700057727,43.64645400377517]]],[[[-79.572273,43.648545],[-79.571745,43.648744],[-79.569971,43.649157],[-79.570462,43.649042],[-79.569902,43.647752],[-79.5721501246478,43.647182980884],[-79.572475,43.647898],[-79.572835,43.648205],[-79.572273,43.648545]]],[[[-79.559825,43.650624],[-79.55925653674667,43.64931423668697],[-79.560391,43.649061],[-79.560074,43.648436],[-79.56003531751361,43.64787173652988],[-79.561477,43.647666],[-79.561529,43.647845],[-79.562617,43.647592],[-79.562815,43.648024],[-79.563528,43.647858],[-79.562986,43.646738],[-79.564166,43.649173],[-79.565809,43.653812],[-79.565744,43.65364],[-79.56385870042193,43.654091902953546],[-79.562635,43.651307],[-79.5621,43.650519],[-79.55993493152023,43.6511008086897],[-79.559736,43.650645],[-79.559825,43.650624]],[[-79.563761,43.651271],[-79.563558,43.650652],[-79.563345,43.6507],[-79.563604,43.651306],[-79.563761,43.651271]]],[[[-79.58,43.64998992307692],[-79.58,43.65128618111455],[-79.579501,43.651409],[-79.57904,43.65013],[-79.58,43.64998992307692]]],[[[-79.567398,43.649739],[-79.568185,43.651441],[-79.56944,43.65115],[-79.56686754522026,43.65174887307154],[-79.566152,43.649932],[-79.5665,43.64974],[-79.56757619850781,43.649695474181456],[-79.567398,43.649739]]],[[[-79.574605,43.652555],[-79.575804,43.652273],[-79.576364,43.653455],[-79.575131,43.653742],[-79.574605,43.652555]]],[[[-79.57350277138627,43.652808968988495],[-79.573687,43.653278],[-79.572406,43.653629],[-79.572176,43.653115],[-79.57350277138627,43.652808968988495]]],[[[-79.56401178565913,43.65446769575502],[-79.564216,43.654969],[-79.563822,43.655062],[-79.563607,43.654565],[-79.56401178565913,43.65446769575502]]],[[[-79.567888,43.657313],[-79.566255,43.656783],[-79.565501,43.656441],[-79.564764,43.655763],[-79.564216,43.654969],[-79.565543,43.654655],[-79.5659,43.655482],[-79.566487,43.655707],[-79.567388,43.655492],[-79.568273,43.657462],[-79.567645,43.65619],[-79.565861,43.656604],[-79.567888,43.657313]]],[[[-79.576026,43.655467],[-79.576363,43.655138],[-79.576772,43.655493],[-79.577431,43.656997],[-79.576286,43.65731],[-79.57590396256862,43.65753849992941],[-79.575543,43.657199],[-79.575166,43.65634],[-79.575057,43.655539],[-79.576026,43.655467]]],[[[-79.568011,43.658536],[-79.5676400433544,43.657690378848024],[-79.56825220288549,43.65754527051397],[-79.56852136442188,43.657990365852996],[-79.567839,43.658143],[-79.568011,43.658536]]],[[[-79.579499,43.658262],[-79.58,43.658168660828025],[-79.58,43.65903630347349],[-79.579714,43.659098],[-79.579327,43.658649],[-79.579649,43.658256],[-79.579499,43.658262]]],[[[-79.564797,43.660067],[-79.564303,43.658948],[-79.56738261702193,43.6582477234041],[-79.566495,43.658451],[-79.56704638744851,43.65971059919148],[-79.56513,43.660149],[-79.564797,43.660067]]],[[[-79.568011,43.658536],[-79.568183,43.658928],[-79.56886968390137,43.65876968670862],[-79.57002645262904,43.66135781068012],[-79.569343,43.661514],[-79.568391,43.659403],[-79.568011,43.658536]]],[[[-79.549388,43.661701],[-79.551106,43.661313],[-79.552304,43.662222],[-79.552518,43.662674],[-79.551064,43.663014],[-79.561136,43.670444],[-79.549437,43.661814],[-79.547109,43.656464],[-79.549388,43.661701]]],[[[-79.56745042636308,43.663616522294774],[-79.56804401314122,43.66340795791672],[-79.56823,43.663619],[-79.568768,43.663484],[-79.568843,43.6636],[-79.567895,43.663919],[-79.56745042636308,43.663616522294774]]],[[[-79.566808,43.664418],[-79.567458,43.664177],[-79.567666,43.664382],[-79.567053,43.664608],[-79.568098,43.665647],[-79.566808,43.664418]]],[[[-79.555139,43.668592],[-79.555318,43.668997],[-79.5539,43.669321],[-79.553236,43.668141],[-79.552884,43.667867],[-79.554353,43.666849],[-79.552418,43.665421],[-79.551003,43.665754],[-79.550856,43.665357],[-79.551118,43.664826],[-79.551384,43.664663],[-79.548541,43.662521],[-79.55637292358132,43.66830342109792],[-79.555139,43.668592]]],[[[-79.579748,43.667639],[-79.57894,43.666336],[-79.57788,43.666602],[-79.58,43.666004158330054],[-79.58,43.66758001026694],[-79.579748,43.667639]]],[[[-79.558307,43.675476],[-79.557746,43.674495],[-79.559322,43.672676],[-79.5576580314802,43.67206096529771],[-79.558508,43.671124],[-79.558608,43.670875],[-79.558538,43.67063],[-79.55928731696007,43.67045515937598],[-79.56080151199903,43.67157311121103],[-79.559331,43.67268],[-79.56019,43.672857],[-79.562247,43.672422],[-79.56317500021218,43.67447719178223],[-79.559923,43.675101],[-79.560647,43.676715],[-79.560213,43.67575],[-79.553873,43.677337],[-79.553536,43.67658],[-79.550897,43.677191],[-79.543226,43.659858],[-79.543655,43.660812],[-79.544286,43.660666],[-79.54386303343766,43.65970707580782],[-79.54499112034499,43.65944428008278],[-79.545602,43.660866],[-79.54386,43.661268],[-79.548967,43.672806],[-79.550119,43.6754],[-79.552102,43.674941],[-79.55400456142382,43.674686747417184],[-79.554276,43.67534],[-79.555009,43.675207],[-79.55472316990559,43.6745576577646],[-79.555477,43.674218],[-79.556935,43.674533],[-79.55738,43.674938],[-79.557671,43.675623],[-79.558307,43.675476]]],[[[-79.56859942938793,43.67321741998861],[-79.568199,43.673422],[-79.567957,43.673959],[-79.5678113480528,43.67403478200943],[-79.567166,43.672915],[-79.567238,43.672802],[-79.566938,43.672119],[-79.568667,43.672022],[-79.568746,43.67063],[-79.56859942938793,43.67321741998861]]],[[[-79.570409,43.676339],[-79.569022,43.67606],[-79.567716,43.675144],[-79.567542,43.674758],[-79.5686,43.674455],[-79.568703,43.674607],[-79.569766,43.674365],[-79.569962,43.674817],[-79.570713,43.675161],[-79.571515,43.675014],[-79.571198,43.675091],[-79.5713405957162,43.675413093296264],[-79.570823,43.675534],[-79.57106496621005,43.67610392041209],[-79.570409,43.676339]]],[[[-79.56422465845729,43.67684584309221],[-79.56352086363444,43.67525613635931],[-79.564782,43.674991],[-79.567542,43.674758],[-79.56531,43.674951],[-79.56901223233064,43.677646011070635],[-79.566996,43.676186],[-79.56422465845729,43.67684584309221]]],[[[-79.55341910126204,43.68010199030227],[-79.55278906713141,43.67869315011477],[-79.55703436553547,43.67767913344134],[-79.556871,43.677754],[-79.55693,43.677894],[-79.557778,43.6777],[-79.558009,43.678234],[-79.559886,43.677784],[-79.560326,43.678806],[-79.560596,43.679373],[-79.560996,43.679204],[-79.56041,43.679454],[-79.55882,43.679818],[-79.558562,43.679216],[-79.555002,43.680055],[-79.555339,43.68079],[-79.555,43.680051],[-79.553931,43.680301],[-79.553801,43.680014],[-79.55341910126204,43.68010199030227]]],[[[-79.552334,43.680352],[-79.553027,43.681877],[-79.553635,43.681736],[-79.553855,43.682221],[-79.553239,43.682368],[-79.551679,43.678945],[-79.552333,43.680352],[-79.55243534150397,43.68032865069643],[-79.552334,43.680352]]],[[[-79.569039,43.68292],[-79.56833,43.681331],[-79.569983,43.680939],[-79.569052,43.679918],[-79.569972,43.680914],[-79.570707,43.682528],[-79.569762,43.682759],[-79.570272,43.683722],[-79.568868,43.684235],[-79.567512,43.684104],[-79.568254,43.685757],[-79.5671635034682,43.68333611095877],[-79.569039,43.68292]]],[[[-79.563964,43.683218],[-79.564309,43.683974],[-79.564158,43.68401],[-79.564879,43.686115],[-79.561807,43.686273],[-79.560989,43.684745],[-79.563262,43.684213],[-79.562525,43.682543],[-79.563541,43.68229],[-79.56302,43.681162],[-79.563205,43.681498],[-79.563955,43.68124],[-79.564175,43.680892],[-79.565449,43.680608],[-79.565534,43.680797],[-79.56595495487018,43.68070101029088],[-79.56671,43.682387],[-79.565776,43.682605],[-79.565867,43.682809],[-79.563964,43.683218]]],[[[-79.554703,43.685625],[-79.554014,43.68409],[-79.556442,43.683516],[-79.556921,43.684591],[-79.557009,43.685366],[-79.555851,43.685397],[-79.554703,43.685625]]],[[[-79.575377,43.685581],[-79.575003,43.685851],[-79.575871,43.687211],[-79.576073,43.686826],[-79.575858,43.687301],[-79.575601,43.687225],[-79.574816,43.685986],[-79.574339,43.68633],[-79.573785,43.687149],[-79.573673,43.687175],[-79.572967,43.686767],[-79.572007,43.6884],[-79.57389235230703,43.68519141506454],[-79.574598,43.685408],[-79.57530798743147,43.68405202400414],[-79.575791,43.6841],[-79.575553,43.685455],[-79.576439,43.686101],[-79.576261,43.685972],[-79.57618508209636,43.68617078503715],[-79.575377,43.685581]]],[[[-79.57202344939039,43.69023035319099],[-79.573673,43.687175],[-79.572948,43.688549],[-79.573675,43.688612],[-79.574835,43.688341],[-79.575601,43.687225],[-79.574761,43.688458],[-79.573549,43.690673],[-79.57202344939039,43.69023035319099]]],[[[-79.561963,43.69101],[-79.562886,43.690798],[-79.562715,43.690416],[-79.561304,43.69074],[-79.560698,43.689774],[-79.559617,43.688781],[-79.561221,43.688278],[-79.56180126789461,43.68820982433281],[-79.562547,43.689871],[-79.562007,43.689996],[-79.562252,43.690522],[-79.56279124231274,43.69039808177703],[-79.562958,43.690781],[-79.563488,43.690659],[-79.563947,43.691663],[-79.562418,43.692015],[-79.561963,43.69101]]],[[[-79.575823,43.690534],[-79.576433,43.691861],[-79.57580976072462,43.69200566285247],[-79.575182,43.690699],[-79.57484768844857,43.690767287847855],[-79.575823,43.690534]]],[[[-79.571305,43.69893],[-79.57004,43.699235],[-79.570314,43.699856],[-79.571388,43.699489],[-79.569645,43.700113],[-79.566972,43.701318],[-79.568712,43.70051],[-79.56958548810945,43.69850865949125],[-79.570965,43.698193],[-79.570505,43.697194],[-79.573134,43.69653],[-79.573682,43.697762],[-79.573486,43.697322],[-79.573621,43.698095],[-79.573424,43.698702],[-79.573093,43.698954],[-79.571566,43.699515],[-79.571305,43.69893]]],[[[-79.56342,43.701127],[-79.564448,43.700889],[-79.564579,43.701162],[-79.563538,43.701401],[-79.56342,43.701127]]],[[[-79.579512,43.704183],[-79.578901,43.703649],[-79.576683,43.704199],[-79.576378,43.703545],[-79.574717,43.703946],[-79.573984,43.702345],[-79.578181,43.701345],[-79.57719814340699,43.699126323086226],[-79.579159,43.703544],[-79.579213,43.703531],[-79.579783,43.70477],[-79.579894,43.705063],[-79.579512,43.704183]]],[[[-79.55501805186614,43.70381411782347],[-79.558591,43.702913],[-79.558648,43.703044],[-79.558835,43.703],[-79.558321,43.703258],[-79.55579045291758,43.70556876868139],[-79.55501805186614,43.70381411782347]]],[[[-79.565919,43.707933],[-79.566481,43.708912],[-79.564547,43.7094],[-79.56428,43.709311],[-79.56375102672315,43.708694031168605],[-79.563571,43.708284],[-79.563327,43.708158],[-79.56078,43.708283],[-79.560723,43.707555],[-79.560848,43.707152],[-79.561236,43.70675],[-79.5617786029646,43.70651505851018],[-79.563799,43.706445],[-79.564289,43.707463],[-79.56399963293278,43.708125018353364],[-79.563666,43.708142],[-79.563698,43.708382],[-79.564332,43.709169],[-79.564927,43.709181],[-79.565283,43.708638],[-79.565801,43.70851],[-79.56551943353782,43.708071809815955],[-79.565919,43.707933]]],[[[-79.574288,43.706403],[-79.573117,43.70642],[-79.572872,43.706288],[-79.56915,43.70636],[-79.56916,43.706661],[-79.567069,43.706701],[-79.566353,43.706412],[-79.563799,43.706445],[-79.58,43.70615109735215],[-79.577595,43.706198],[-79.579893,43.711204],[-79.576811,43.711947],[-79.576255,43.710738],[-79.575913,43.710424],[-79.57545,43.710288],[-79.573485,43.710159],[-79.5734,43.708393],[-79.574891,43.708334],[-79.574651,43.70656],[-79.574288,43.706403]]],[[[-79.567698,43.711452],[-79.567254,43.710457],[-79.5696,43.709865],[-79.56971,43.710098],[-79.568406,43.710425],[-79.568744,43.711326],[-79.567698,43.711452]]],[[[-79.56503883747045,43.712087652891434],[-79.56432739425051,43.71056820533881],[-79.564381,43.710682],[-79.566044,43.710288],[-79.566293,43.710824],[-79.565723,43.710957],[-79.566131,43.711835],[-79.566702,43.711703],[-79.566342,43.711787],[-79.565475,43.711987],[-79.56503883747045,43.712087652891434]]],[[[-79.554983,43.709333],[-79.556066,43.708373],[-79.557038,43.707104],[-79.557541,43.706662],[-79.56076862333775,43.70655008017509],[-79.559118,43.706632],[-79.559643,43.712115],[-79.561169,43.712149],[-79.561236,43.712972],[-79.561938,43.712815],[-79.55969,43.713318],[-79.559783,43.713836],[-79.560558,43.713657],[-79.559781,43.713845],[-79.559061,43.71557],[-79.56058645557634,43.71592246578861],[-79.559045,43.715609],[-79.558701,43.716231],[-79.557995,43.716469],[-79.558467,43.71749],[-79.557974,43.716474],[-79.555081,43.717218],[-79.556813,43.71675],[-79.55596,43.714913],[-79.55632,43.714829],[-79.556027,43.714217],[-79.5548636497687,43.714572843316155],[-79.554813,43.714467],[-79.55278,43.714925],[-79.553514,43.716521],[-79.55372039130432,43.716969884057924],[-79.552063,43.713385],[-79.554063,43.712898],[-79.55342168021492,43.711488412965075],[-79.554411,43.711212],[-79.554821,43.710007],[-79.554287,43.711577],[-79.557013,43.711439],[-79.556746,43.708675],[-79.555664,43.70873],[-79.554983,43.709333]]],[[[-79.56482515285974,43.712137315769084],[-79.565073,43.7128],[-79.565785,43.712633],[-79.56316571394562,43.71324906879883],[-79.563966,43.71306],[-79.564496,43.712932],[-79.564434,43.712803],[-79.564373,43.712675],[-79.5641869296649,43.71228693887331],[-79.56482515285974,43.712137315769084]]],[[[-79.569005,43.713014],[-79.569235,43.713493],[-79.56774656897909,43.7138713834765],[-79.56751403566834,43.71338899102909],[-79.569005,43.713014]]],[[[-79.572308,43.716465],[-79.572379,43.716665],[-79.570904,43.717037],[-79.570835,43.716851],[-79.572308,43.716465]]],[[[-79.569403,43.715722],[-79.569125,43.715134],[-79.569681,43.716288],[-79.568984,43.716459],[-79.57080692134055,43.72025051890055],[-79.56848874953495,43.71545874304665],[-79.568706,43.715888],[-79.569403,43.715722]]],[[[-79.577047,43.719724],[-79.57675,43.719863],[-79.575873,43.718948],[-79.576349,43.718936],[-79.577047,43.719724]]],[[[-79.56739,43.72047],[-79.567293,43.720641],[-79.566004,43.72113],[-79.565233,43.719667],[-79.564753,43.719713],[-79.565198,43.719595],[-79.565722,43.719141],[-79.566667,43.718922],[-79.56739,43.72047]]],[[[-79.573194,43.721892],[-79.572966,43.721428],[-79.57155889155374,43.721794507309994],[-79.57083621467208,43.72031094524145],[-79.573149,43.719721],[-79.57409782437976,43.72163364643853],[-79.573843,43.721645],[-79.571864,43.722412],[-79.571129,43.722619],[-79.571861,43.722409],[-79.57176424840804,43.72221220594563],[-79.571863,43.722411],[-79.573194,43.721892]]],[[[-79.551931,43.720737],[-79.553291,43.72097],[-79.554626,43.720979],[-79.554606,43.721253],[-79.55512,43.722194],[-79.550968,43.723175],[-79.550485,43.721537],[-79.551931,43.720737]]],[[[-79.572148,43.723019],[-79.573011,43.722794],[-79.573829,43.722393],[-79.574258,43.723289],[-79.572485,43.723732],[-79.572148,43.723019]]],[[[-79.560274117596,43.7228226785319],[-79.5595,43.722964],[-79.559696,43.723379],[-79.55906827097137,43.723534932688636],[-79.558877,43.723125],[-79.55860989530686,43.72318775812274],[-79.559938,43.72285],[-79.560274117596,43.7228226785319]]],[[[-79.57882,43.722537],[-79.578625,43.722851],[-79.57894,43.722319],[-79.58,43.72257623849372],[-79.58,43.72443616105902],[-79.579731,43.724501],[-79.579889,43.724845],[-79.57882,43.722537]]],[[[-79.573451,43.725757],[-79.570508,43.726513],[-79.569623,43.726628],[-79.568759,43.724697],[-79.572526,43.723818],[-79.57464,43.728139],[-79.573451,43.725757]]],[[[-79.563471,43.726395],[-79.563879,43.727318],[-79.565558,43.728979],[-79.564844,43.728294],[-79.564333,43.728587],[-79.563641,43.728526],[-79.564277,43.728534],[-79.564125,43.72839],[-79.563562,43.728335],[-79.562485,43.729019],[-79.561759,43.729215],[-79.561331,43.728278],[-79.56119909141267,43.72826827700831],[-79.561328,43.728272],[-79.560755,43.727027],[-79.563471,43.726395]]],[[[-79.570531,43.729859],[-79.570586,43.730355],[-79.569822,43.730551],[-79.56878,43.729966],[-79.5692,43.72829],[-79.570881,43.728792],[-79.570531,43.729859]]],[[[-79.573198,43.729455],[-79.572417,43.728903],[-79.572855,43.728586],[-79.57464,43.728139],[-79.57545,43.729745],[-79.573684,43.730206],[-79.57407,43.730993],[-79.573198,43.729455]]],[[[-79.559243,43.730438],[-79.559706,43.730329],[-79.55989898927614,43.72987859967446],[-79.560011,43.729882],[-79.560002,43.729611],[-79.559054,43.729101],[-79.560162,43.729697],[-79.5609,43.729784],[-79.561372,43.730021],[-79.561812,43.730577],[-79.559542,43.731115],[-79.560646,43.730852],[-79.560587,43.730722],[-79.560267,43.730798],[-79.560091,43.730406],[-79.559279,43.730518],[-79.559243,43.730438]]],[[[-79.554044,43.729894],[-79.55503789296947,43.72979303021707],[-79.555052,43.730224],[-79.55623,43.730132],[-79.556302,43.730372],[-79.555956,43.730487],[-79.555113,43.730491],[-79.555238,43.730955],[-79.55442902004006,43.7309569901106],[-79.554044,43.729894]]],[[[-79.56117272473766,43.7322683852837],[-79.56092,43.731704],[-79.5612437004879,43.73162807025592],[-79.5615,43.732191],[-79.56117272473766,43.7322683852837]]],[[[-79.578175,43.732018],[-79.578487,43.732576],[-79.579134,43.731956],[-79.578353,43.732705],[-79.576985,43.732852],[-79.57639969814524,43.73166585026196],[-79.57703087521898,43.73151138754238],[-79.578175,43.732018]]],[[[-79.561721,43.73472],[-79.561942,43.735205],[-79.564161,43.734676],[-79.562461,43.7308],[-79.563946,43.734059],[-79.564846,43.73621],[-79.56568816356105,43.73601042142821],[-79.564572,43.736308],[-79.563235,43.735749],[-79.56272081598107,43.73599892265037],[-79.561391,43.735356],[-79.5611602861567,43.73471679281512],[-79.561216,43.73484],[-79.561721,43.73472]]],[[[-79.560878,43.735131],[-79.560572,43.735478],[-79.56103436062625,43.7357027643868],[-79.560705,43.736041],[-79.562925,43.737084],[-79.561754,43.736534],[-79.560515,43.737937],[-79.559825,43.737551],[-79.559388,43.737083],[-79.558966,43.737247],[-79.559504,43.73703],[-79.560491,43.736268],[-79.55805182227157,43.73521864437471],[-79.558748,43.734235],[-79.557719,43.733843],[-79.558855,43.734274],[-79.55900171242675,43.73433634431068],[-79.558632,43.734779],[-79.559023,43.734946],[-79.55933102325655,43.73447613953519],[-79.560878,43.735131]]],[[[-79.578804,43.736562],[-79.58,43.736254859455485],[-79.58,43.73733382305359],[-79.57927210057116,43.737522973865744],[-79.577828,43.734564],[-79.577749,43.734401],[-79.578804,43.736562]]],[[[-79.56850688199185,43.73705340180332],[-79.569024,43.737155],[-79.568832,43.737836],[-79.56830211458842,43.737750609840404],[-79.56850688199185,43.73705340180332]]],[[[-79.552786,43.737432],[-79.553123,43.736654],[-79.554298,43.736397],[-79.555076,43.738156],[-79.553284,43.738568],[-79.552786,43.737432]]],[[[-79.57334949832149,43.73856105344756],[-79.576179,43.738999],[-79.576439,43.738454],[-79.577027,43.738071],[-79.578356,43.737647],[-79.57864,43.738227],[-79.57954177071235,43.73807603838407],[-79.58,43.73901655325444],[-79.58,43.73963423261425],[-79.57334949832149,43.73856105344756]]],[[[-79.559607,43.739634],[-79.558533,43.740063],[-79.558245,43.740606],[-79.558099,43.739963],[-79.557533,43.739555],[-79.557768,43.739007],[-79.558145,43.738727],[-79.559315,43.738408],[-79.55948,43.738477],[-79.559845,43.738106],[-79.559546,43.738504],[-79.56039373247985,43.738804980649356],[-79.559607,43.739634]]],[[[-79.56737999338533,43.7417790015603],[-79.566087,43.742084],[-79.56525781857793,43.741323750527485],[-79.565592,43.74163],[-79.5658,43.741511],[-79.565758,43.741582],[-79.566306,43.741926],[-79.566945,43.741703],[-79.567017,43.741863],[-79.56737999338533,43.7417790015603]]],[[[-79.574403,43.744118],[-79.573788,43.742767],[-79.57418,43.742433],[-79.574371,43.741804],[-79.574667,43.741862],[-79.576476,43.74363],[-79.574403,43.744118]]],[[[-79.568028,43.743099],[-79.56844,43.744512],[-79.569597,43.744852],[-79.569745,43.745176],[-79.568525,43.74491],[-79.568028,43.743099]]],[[[-79.558732,43.744823],[-79.558177,43.745094],[-79.556917,43.745197],[-79.55693662879911,43.74532514272622],[-79.556703,43.745165],[-79.55626226013538,43.74409663057759],[-79.55851517984381,43.7436084360776],[-79.558927,43.744607],[-79.558885,43.744821],[-79.559351,43.744838],[-79.558732,43.744823]]],[[[-79.579059,43.748225],[-79.579022,43.748617],[-79.577662,43.748841],[-79.577192,43.748519],[-79.576358,43.748713],[-79.57602926142098,43.74813545927454],[-79.58,43.747183880341886],[-79.58,43.74839293138936],[-79.579471,43.74802],[-79.579059,43.748225]]],[[[-79.559853,43.749805],[-79.559086,43.749299],[-79.558785,43.748557],[-79.562342,43.747769],[-79.562534,43.74827],[-79.563138,43.748881],[-79.563389,43.749224],[-79.563137,43.74888],[-79.560303,43.749508],[-79.559853,43.749805]]],[[[-79.579061,43.749853],[-79.578996,43.749667],[-79.579727,43.749447],[-79.58,43.74918080071175],[-79.58,43.74972252669039],[-79.579744,43.75011],[-79.579511,43.749859],[-79.579061,43.749853]]],[[[-79.56589,43.750875],[-79.564262,43.751218],[-79.563957,43.750954],[-79.563414,43.750818],[-79.563608,43.750245],[-79.56360701983277,43.749750995711835],[-79.56576,43.749303],[-79.565921,43.749724],[-79.56589,43.750875]]],[[[-79.55700353854286,43.75068138977771],[-79.557028,43.750653],[-79.55855959344454,43.75184868261075],[-79.55738149903434,43.75231345483786],[-79.55712009570975,43.75210988856267],[-79.557832,43.751281],[-79.55700353854286,43.75068138977771]]],[[[-79.563238,43.753284],[-79.56237,43.753955],[-79.562028,43.754444],[-79.561757,43.754268],[-79.56097981866561,43.75292785298878],[-79.562913,43.752397],[-79.563238,43.753284]]],[[[-79.58,43.754340611671246],[-79.5782694275418,43.7531324362765],[-79.579351,43.753841],[-79.579679,43.753705],[-79.57826577468082,43.752789739909566],[-79.579061,43.752596],[-79.58,43.75323226286174],[-79.58,43.753572555214724],[-79.579359,43.753838],[-79.58,43.754340611671246]]],[[[-79.56856050252044,43.75324710357493],[-79.567317,43.753506],[-79.56754086753355,43.7540856570065],[-79.56641409839249,43.75434397744277],[-79.566204,43.754051],[-79.565716,43.754234],[-79.565617,43.754096],[-79.5661,43.753905],[-79.565634,43.753255],[-79.568442,43.752681],[-79.56856050252044,43.75324710357493]]],[[[-79.556766,43.753284],[-79.555888,43.754124],[-79.556713,43.754545],[-79.55474002918592,43.75357823783447],[-79.555488,43.75393],[-79.556466,43.752938],[-79.556766,43.753284]]],[[[-79.5794,43.756785],[-79.57891,43.756966],[-79.577997,43.755662],[-79.5778,43.755744],[-79.577401,43.755176],[-79.578646,43.75466],[-79.579245,43.755122],[-79.58,43.75615741134185],[-79.58,43.75759541931385],[-79.5794,43.756785]]],[[[-79.572805,43.759806],[-79.571819,43.760027],[-79.57071997970611,43.7585147480756],[-79.571388,43.759411],[-79.57225,43.759207],[-79.572693,43.759831],[-79.57315,43.759723],[-79.572805,43.759806]]],[[[-79.568954,43.76337],[-79.568801,43.76213],[-79.568375,43.762261],[-79.5681771600177,43.7618253523622],[-79.570262,43.761332],[-79.5696959881795,43.75878684481057],[-79.570088,43.760425],[-79.570555,43.762712],[-79.572355,43.762344],[-79.570555,43.762714],[-79.570587,43.762859],[-79.571149,43.762797],[-79.569986,43.762931],[-79.570056,43.763257],[-79.568954,43.76337]]],[[[-79.562265,43.760822],[-79.563023,43.760991],[-79.564203,43.760691],[-79.563085,43.7621],[-79.561723,43.761534],[-79.562265,43.760822]]],[[[-79.566742,43.762303],[-79.567796,43.762104],[-79.566758,43.7623],[-79.566487,43.762358],[-79.56508654146862,43.76177422783087],[-79.56536994343338,43.76143310822866],[-79.566742,43.762303]]],[[[-79.56918702458239,43.765574676470166],[-79.56803369309138,43.76509409632602],[-79.568495,43.765286],[-79.571066,43.764917],[-79.57111215786807,43.76514507417165],[-79.56918702458239,43.765574676470166]]],[[[-79.542659,43.580896],[-79.543406,43.580996],[-79.54350836891182,43.58108098551169],[-79.542423,43.583483],[-79.54192252634715,43.58415594621941],[-79.542527,43.583116],[-79.543119,43.581712],[-79.543027,43.581307],[-79.542659,43.580896]]],[[[-79.539798,43.586234],[-79.53938,43.586653],[-79.538666,43.587129],[-79.537014,43.588059],[-79.537258,43.588605],[-79.537035,43.588109],[-79.53603,43.588225],[-79.53466551607035,43.58806675591268],[-79.534725,43.587969],[-79.534241,43.587977],[-79.533955,43.587544],[-79.534257,43.587968],[-79.534591,43.587946],[-79.536009,43.588175],[-79.536962,43.588075],[-79.538558,43.58717],[-79.539359,43.586603],[-79.539673,43.586234],[-79.53986990938799,43.58616117050033],[-79.539812,43.586227],[-79.540378,43.58656],[-79.539798,43.586234]]],[[[-79.546568,43.589044],[-79.546176,43.588778],[-79.546448,43.588484],[-79.545884,43.58806],[-79.546454,43.588483],[-79.54800776024454,43.58692329424432],[-79.548158,43.586997],[-79.546407,43.58893],[-79.546568,43.589044]]],[[[-79.5329452570825,43.59804179148014],[-79.531779,43.595402],[-79.531176,43.595538],[-79.531253,43.595716],[-79.53011409498605,43.59612797738428],[-79.529935,43.595715],[-79.52847095246496,43.59606904419274],[-79.528414,43.59594],[-79.528183,43.595992],[-79.528267,43.596179],[-79.527436,43.596413],[-79.52207995522365,43.59757379462692],[-79.521886,43.597103],[-79.52178833438442,43.59712461844184],[-79.521379,43.596275],[-79.52077985096793,43.59480808781378],[-79.521578,43.596688],[-79.522961,43.596279],[-79.52257,43.595376],[-79.522898,43.59613],[-79.523394,43.596017],[-79.523465,43.596176],[-79.5241,43.596126],[-79.524752,43.595979],[-79.524846,43.596205],[-79.525158,43.596138],[-79.525058,43.59591],[-79.52568801483277,43.59576803365046],[-79.525889,43.596224],[-79.526375,43.596115],[-79.52617602854954,43.59565806556352],[-79.530086,43.594777],[-79.529523,43.593482],[-79.530831,43.593209],[-79.53074304082374,43.593002433459695],[-79.531141,43.593925],[-79.531457,43.593853],[-79.531619,43.594198],[-79.531355,43.594417],[-79.532784,43.594088],[-79.532569,43.593599],[-79.532904,43.593522],[-79.533119,43.59401],[-79.533719,43.593871],[-79.535343,43.593477],[-79.535136,43.593002],[-79.536547,43.592677],[-79.536782,43.593218],[-79.537971,43.592947],[-79.537913,43.592815],[-79.538516,43.592678],[-79.538575,43.592813],[-79.541531,43.592101],[-79.541613,43.59228],[-79.541918,43.592206],[-79.541848,43.592054],[-79.543082,43.591753],[-79.542609,43.590769],[-79.542322,43.590572],[-79.542175,43.590607],[-79.543174,43.590312],[-79.543919,43.589761],[-79.544382,43.590054],[-79.545128,43.589434],[-79.54260944399547,43.587824472029],[-79.545643,43.589752],[-79.54613186036585,43.589228658887336],[-79.545826,43.589567],[-79.547593,43.590623],[-79.546874,43.590227],[-79.546228,43.590861],[-79.546639,43.591103],[-79.545142,43.590302],[-79.544952,43.590516],[-79.545595,43.590894],[-79.544549,43.591899],[-79.542990928,43.592651712000006],[-79.542835,43.592295],[-79.541123,43.592751],[-79.541578,43.593742],[-79.54286370965258,43.59309541005852],[-79.541883,43.593595],[-79.5329452570825,43.59804179148014]]],[[[-79.548713,43.593818],[-79.548658,43.594421],[-79.548809,43.594953],[-79.549032,43.59513],[-79.552384,43.59532],[-79.55329325613646,43.595528899736514],[-79.548805,43.595143],[-79.548489,43.594411],[-79.54878,43.593446],[-79.54948387179003,43.59227229815659],[-79.548713,43.593818]]],[[[-79.544394,43.598237],[-79.544259,43.597928],[-79.5435778407769,43.598079406771994],[-79.54344439984189,43.59779213474099],[-79.544116,43.597643],[-79.546065,43.597206],[-79.54614,43.59738],[-79.544209,43.597813],[-79.544394,43.598237]]],[[[-79.527556,43.59763],[-79.529057,43.597288],[-79.529402,43.597489],[-79.52965462433704,43.59805468037822],[-79.52784884566908,43.59847443271757],[-79.527556,43.59763]]],[[[-79.549191,43.600822],[-79.549993,43.602721],[-79.547984,43.603148],[-79.548534,43.603027],[-79.547619,43.601178],[-79.546477,43.601436],[-79.545255,43.60169],[-79.551126,43.600385],[-79.549191,43.600822]]],[[[-79.541006,43.603146],[-79.540945,43.603001],[-79.540402,43.603125],[-79.540469,43.603288],[-79.538738,43.603678],[-79.539005,43.604312],[-79.537672,43.604614],[-79.537337,43.603968],[-79.53573053664196,43.604359381998975],[-79.535534,43.6039],[-79.53137176700926,43.60481913128031],[-79.545255,43.60169],[-79.543684,43.602049],[-79.54387459499773,43.60250004156529],[-79.541006,43.603146]],[[-79.540269,43.602821],[-79.539711,43.602942],[-79.539916,43.603412],[-79.540469,43.603288],[-79.540269,43.602821]]],[[[-79.524928,43.604547],[-79.524589,43.604622],[-79.525254,43.606197],[-79.525463,43.606151],[-79.52296,43.606706],[-79.521994,43.604402],[-79.523365,43.603718],[-79.523004,43.603301],[-79.5228630715677,43.60337772436329],[-79.52299,43.603286],[-79.52576,43.601903],[-79.525257,43.602559],[-79.524934,43.603273],[-79.524802,43.604141],[-79.524928,43.604547]]],[[[-79.548018,43.605453],[-79.546979,43.605695],[-79.54762188114985,43.60719703498205],[-79.54609603409908,43.60366038718863],[-79.546699,43.605031],[-79.547336,43.604888],[-79.54725,43.604689],[-79.54736,43.604665],[-79.547548,43.605102],[-79.547837,43.605036],[-79.548018,43.605453]]],[[[-79.548355,43.607334],[-79.548607,43.607915],[-79.547962,43.608061],[-79.548058,43.608313],[-79.548976,43.608106],[-79.549079,43.608362],[-79.54814869977612,43.608570395227],[-79.547896,43.607886],[-79.54769214002692,43.60745120773226],[-79.548355,43.607334]]],[[[-79.550619,43.607948],[-79.551372,43.609733],[-79.551017,43.608892],[-79.5498353611858,43.6091564016173],[-79.549365,43.608018],[-79.550576,43.60785],[-79.550619,43.607948]]],[[[-79.54597,43.60998],[-79.546814,43.609798],[-79.543487,43.610538],[-79.543127,43.609419],[-79.546941,43.608564],[-79.54554,43.608886],[-79.54597,43.60998]]],[[[-79.532577,43.609326],[-79.534991,43.608783],[-79.535909,43.610996],[-79.533027,43.611668],[-79.532541,43.610703],[-79.532253,43.609792],[-79.532721,43.609688],[-79.532577,43.609326]]],[[[-79.53210874474127,43.614478027322],[-79.52961228804521,43.615034050655346],[-79.525964,43.606168],[-79.528638,43.61265],[-79.530069,43.612348],[-79.530808,43.614209],[-79.531854,43.613885],[-79.530149,43.609837],[-79.53210874474127,43.614478027322]]],[[[-79.549143,43.610614],[-79.549878,43.610448],[-79.55034206743095,43.61034315513597],[-79.55094385918552,43.61172767603313],[-79.550284,43.611537],[-79.549717,43.610485],[-79.549143,43.610614]]],[[[-79.525529,43.616447],[-79.52527627664621,43.615945517580336],[-79.529161,43.615135],[-79.525463,43.606151],[-79.529872,43.616722],[-79.536189,43.615482],[-79.527431,43.617209],[-79.525529,43.616447]]],[[[-79.54258961367724,43.61210079711637],[-79.541349,43.612387],[-79.54169,43.613174],[-79.541236,43.613276],[-79.541283,43.613383],[-79.541059,43.613434],[-79.540669,43.61254],[-79.53932356906064,43.61284460329062],[-79.539237,43.612647],[-79.541461,43.612146],[-79.54143,43.611958],[-79.541943,43.611842],[-79.542016,43.612015],[-79.542504,43.611903],[-79.54258961367724,43.61210079711637]]],[[[-79.532516,43.613909],[-79.533652,43.613643],[-79.53383781896052,43.61408656784125],[-79.5325026032003,43.61438885843258],[-79.532698,43.614343],[-79.532516,43.613909]]],[[[-79.524628,43.615874],[-79.52511797568852,43.615934656154366],[-79.523649,43.616],[-79.523416,43.615444],[-79.524185,43.615277],[-79.524628,43.615874]]],[[[-79.546905,43.614921],[-79.547254,43.616177],[-79.546287,43.61642],[-79.5455243302464,43.61502685492005],[-79.546905,43.614921]]],[[[-79.524339,43.617679],[-79.523859,43.616568],[-79.524655,43.616395],[-79.525055,43.617519],[-79.523252,43.617923],[-79.524339,43.617679]]],[[[-79.532154,43.617127],[-79.5305495464254,43.61744310130127],[-79.538467,43.615865],[-79.54326678442415,43.61529496635279],[-79.543619,43.616093],[-79.544166,43.615986],[-79.544538,43.616833],[-79.546287,43.61642],[-79.546682,43.61659],[-79.548702,43.616312],[-79.548918,43.616798],[-79.549157,43.616744],[-79.550165,43.616946],[-79.550674,43.617303],[-79.551291,43.617977],[-79.55077,43.617569],[-79.547485,43.618173],[-79.54706,43.617779],[-79.546724,43.617859],[-79.54783338167087,43.620381044584704],[-79.54480602113016,43.6210717756098],[-79.54339,43.617854],[-79.542687,43.618024],[-79.542802,43.618286],[-79.538846,43.619241],[-79.538457,43.618337],[-79.537605,43.618547],[-79.538399,43.620378],[-79.538059,43.620456],[-79.538188,43.620756],[-79.537351,43.620947],[-79.537193,43.620581],[-79.536709,43.620691],[-79.536539,43.620299],[-79.536011,43.62042],[-79.535394,43.618999],[-79.535178,43.619042],[-79.535486,43.619762],[-79.534248,43.620033],[-79.534057,43.619291],[-79.533155,43.619479],[-79.532154,43.617127]],[[-79.536241,43.618393],[-79.537353,43.618144],[-79.536529,43.616265],[-79.535405,43.6165],[-79.536241,43.618393]]],[[[-79.530229,43.617545],[-79.5312916588072,43.61997033088372],[-79.531224,43.619885],[-79.530715,43.620003],[-79.530346,43.619128],[-79.530851,43.619015],[-79.530229,43.617545]]],[[[-79.530109,43.622533],[-79.529187,43.620368],[-79.529818,43.620217],[-79.530759,43.622388],[-79.530109,43.622533]]],[[[-79.534935,43.621493],[-79.537351,43.620947],[-79.537588,43.621497],[-79.53517816762344,43.62204696174569],[-79.534935,43.621493]]],[[[-79.545356,43.623581],[-79.54492,43.62368],[-79.544077,43.621695],[-79.53390945239893,43.62400583234622],[-79.552659,43.619723],[-79.544506,43.621597],[-79.545356,43.623581]]],[[[-79.552852,43.631904],[-79.55367329982724,43.632307068260296],[-79.553601,43.632416],[-79.55304,43.632275],[-79.552719,43.632612],[-79.552026,43.632831],[-79.551396,43.631392],[-79.55092561217614,43.63123337782444],[-79.551634,43.631428],[-79.552342,43.631336],[-79.552169,43.630958],[-79.552387,43.631422],[-79.552852,43.631904]]],[[[-79.549757,43.634711],[-79.54919,43.633442],[-79.551476,43.632911],[-79.552026,43.634188],[-79.549757,43.634711]]],[[[-79.528975,43.637645],[-79.528213,43.637817],[-79.527972,43.63724],[-79.528131,43.637204],[-79.527886,43.636617],[-79.528362,43.636511],[-79.528975,43.637645]]],[[[-79.531053,43.633386],[-79.531801,43.633212],[-79.529166,43.627058],[-79.530377,43.626791],[-79.531718,43.625555],[-79.531308,43.624603],[-79.533131,43.624184],[-79.536942,43.63316],[-79.537129,43.63389],[-79.537113,43.63466],[-79.539254,43.634186],[-79.544358,43.629921],[-79.553777,43.62346],[-79.554194,43.623678],[-79.555137,43.626146],[-79.55523,43.626726],[-79.554955,43.627458],[-79.553989,43.628915],[-79.551771,43.629562],[-79.55190137821083,43.62988573155745],[-79.549161,43.630509],[-79.549627,43.631573],[-79.54945,43.631169],[-79.54718034757387,43.63170191838904],[-79.546905,43.631054],[-79.5452316216469,43.63185843363586],[-79.545349,43.6318],[-79.545034,43.631145],[-79.544267,43.631533],[-79.544811,43.632315],[-79.545377,43.632868],[-79.54551258236955,43.63286145464423],[-79.545406,43.632915],[-79.54586,43.633989],[-79.5441,43.63435],[-79.543714,43.634594],[-79.543118,43.634269],[-79.542832,43.63454],[-79.542412,43.6347],[-79.541979,43.635117],[-79.542397,43.635372],[-79.541847,43.635882],[-79.542168,43.636115],[-79.541217,43.63634],[-79.541156,43.636205],[-79.540544,43.636345],[-79.540758,43.636601],[-79.54034,43.636962],[-79.540917,43.638375],[-79.540081,43.637379],[-79.539367,43.638112],[-79.540956,43.640091],[-79.542776,43.639643],[-79.543067,43.640497],[-79.542395,43.640648],[-79.542501,43.640881],[-79.541785,43.641047],[-79.544175,43.646549],[-79.541772,43.641018],[-79.539054,43.641515],[-79.539111,43.641646],[-79.538423,43.641802],[-79.538364,43.64167],[-79.535544,43.642306],[-79.5358565628607,43.643007698953156],[-79.535203,43.643157],[-79.535025,43.642748],[-79.534503,43.643326],[-79.534626,43.6435],[-79.534301,43.643598],[-79.531717,43.646402],[-79.531569,43.64631],[-79.531231,43.646682],[-79.532121,43.647238],[-79.531268,43.646706],[-79.53063,43.647097],[-79.531026,43.647271],[-79.530731,43.647601],[-79.530604,43.647581],[-79.53141317932787,43.64796661048696],[-79.530657,43.648745],[-79.530508,43.648673],[-79.530099,43.649124],[-79.53093,43.649484],[-79.530797,43.649627],[-79.530938,43.649844],[-79.530758,43.649651],[-79.528216,43.650518],[-79.52773,43.650506],[-79.527272,43.651004],[-79.527261,43.651291],[-79.529019,43.651329],[-79.527268,43.651292],[-79.527098,43.651997],[-79.526719,43.652075],[-79.52700152671743,43.65274035877831],[-79.526704,43.652041],[-79.526026,43.652779],[-79.526116,43.65282],[-79.526025,43.65278],[-79.52554082375892,43.65330882364036],[-79.52490875339106,43.65300326476087],[-79.525465,43.652383],[-79.524542,43.651898],[-79.525001,43.65142],[-79.523344,43.650527],[-79.522842,43.651047],[-79.516857,43.647988],[-79.517578,43.647298],[-79.517887,43.647456],[-79.518084,43.647255],[-79.517751,43.64699],[-79.516594,43.647256],[-79.51720892393503,43.647572015082275],[-79.516043,43.646975],[-79.516342,43.647127],[-79.517569,43.646845],[-79.51677,43.646167],[-79.514572,43.64667],[-79.514724,43.646886],[-79.514387,43.647198],[-79.514564,43.647612],[-79.51411,43.647717],[-79.513938,43.647292],[-79.512116,43.647691],[-79.51210476110634,43.647926052869906],[-79.51164942396736,43.64802590733648],[-79.511581,43.647869],[-79.510868,43.648031],[-79.510784,43.648137],[-79.510994,43.648463],[-79.510425,43.648592],[-79.510391,43.648514],[-79.509244,43.648745],[-79.508614,43.648746],[-79.506882,43.649095],[-79.506847,43.649011],[-79.505738,43.649335],[-79.505624,43.649077],[-79.504483,43.649339],[-79.504572,43.649543],[-79.504469,43.649308],[-79.5040674849291,43.64939826867601],[-79.504249,43.649357],[-79.50409395166122,43.64899554973254],[-79.505454,43.648691],[-79.503211,43.643387],[-79.505175,43.647986],[-79.505273,43.648207],[-79.509408,43.647371],[-79.510035,43.647132],[-79.511712,43.646705],[-79.511761,43.646824],[-79.512296,43.646714],[-79.512237,43.646561],[-79.513354,43.646293],[-79.51342,43.646458],[-79.514205,43.646295],[-79.514208,43.646064],[-79.515594,43.645881],[-79.515533,43.645737],[-79.516961,43.645422],[-79.515851,43.644349],[-79.517186,43.645639],[-79.525466,43.643774],[-79.525407,43.643629],[-79.526065,43.643449],[-79.528621,43.641301],[-79.52937471046515,43.640672715279436],[-79.530042,43.641095],[-79.530162,43.640834],[-79.52986501041076,43.64026400665914],[-79.53139,43.63898],[-79.533317,43.638579],[-79.533897,43.638079],[-79.5338,43.63782],[-79.532571,43.638113],[-79.53233027278819,43.63752866216219],[-79.533583,43.637245],[-79.532301,43.634488],[-79.531237,43.634721],[-79.531034,43.634249],[-79.531383,43.634168],[-79.531053,43.633386]],[[-79.529982,43.640167],[-79.530318,43.640863],[-79.532924,43.638667],[-79.53139,43.63898],[-79.529982,43.640167]],[[-79.538232,43.638263],[-79.537629,43.637871],[-79.537398,43.63814],[-79.537983,43.638534],[-79.538232,43.638263]],[[-79.538689,43.640602],[-79.539242,43.640478],[-79.538945,43.640086],[-79.538119,43.639221],[-79.537833,43.639535],[-79.537476,43.639099],[-79.536777,43.639766],[-79.536143,43.64004],[-79.53662,43.640623],[-79.536982,43.640205],[-79.537582,43.640851],[-79.537314,43.641004],[-79.537555,43.641327],[-79.538975,43.641013],[-79.538689,43.640602]],[[-79.532475,43.640297],[-79.532237,43.640306],[-79.531324,43.641075],[-79.531348,43.641204],[-79.532274,43.641548],[-79.532616,43.641154],[-79.53301823048375,43.64097140286391],[-79.53371,43.642215],[-79.535977,43.641676],[-79.535844,43.64127],[-79.536581,43.640582],[-79.536096,43.640058],[-79.534814,43.640439],[-79.534609,43.639927],[-79.53409,43.639954],[-79.5339,43.639475],[-79.533133,43.639752],[-79.532475,43.640297]],[[-79.528968,43.641999],[-79.529264,43.641749],[-79.52859,43.641328],[-79.528295,43.641578],[-79.528968,43.641999]],[[-79.52413,43.646242],[-79.525251,43.645386],[-79.527054,43.643868],[-79.523438,43.644649],[-79.52413,43.646242]],[[-79.525801,43.64562],[-79.52675,43.646174],[-79.527663,43.645396],[-79.526789,43.644787],[-79.525801,43.64562]],[[-79.529958,43.64841],[-79.530058,43.648298],[-79.529445,43.647997],[-79.528749,43.648771],[-79.529661,43.649036],[-79.530155,43.648504],[-79.529958,43.64841]],[[-79.510791,43.647491],[-79.510592,43.64701],[-79.510052,43.647176],[-79.510239,43.647614],[-79.510791,43.647491]]],[[[-79.54673416450198,43.643883979080876],[-79.547328,43.64525],[-79.54754037177592,43.64532936167765],[-79.547568,43.645477],[-79.545452,43.645969],[-79.544712,43.644339],[-79.54673416450198,43.643883979080876]]],[[[-79.541916,43.646281],[-79.541734,43.646755],[-79.540452,43.647051],[-79.540133,43.64632],[-79.541759,43.645922],[-79.541916,43.646281]]],[[[-79.550086,43.649101],[-79.548599,43.649562],[-79.548124,43.648446],[-79.549361,43.648271],[-79.549315,43.648166],[-79.54955105137729,43.64811211870736],[-79.550086,43.649101]]],[[[-79.5419577081949,43.66012640129646],[-79.5390190998412,43.66074828207244],[-79.53834250422456,43.65901389298091],[-79.540057,43.65865],[-79.53967,43.657759],[-79.540004,43.658527],[-79.540504,43.658315],[-79.540057,43.658569],[-79.5419577081949,43.66012640129646]]],[[[-79.532503,43.662971],[-79.53165683254286,43.663423056570885],[-79.53120687803883,43.66240984284803],[-79.531759,43.662294],[-79.53410336426009,43.661794871069986],[-79.532583,43.662123],[-79.532659,43.662434],[-79.532503,43.662971]]],[[[-79.524946,43.663403],[-79.528513,43.664597],[-79.526724,43.666505],[-79.5263820327255,43.66632696549111],[-79.526749,43.66594],[-79.525588,43.665349],[-79.52531,43.665072],[-79.525322,43.664729],[-79.52562,43.664463],[-79.526306,43.664425],[-79.526612,43.663961],[-79.524946,43.663403]]],[[[-79.532039,43.670861],[-79.53325008477144,43.67010019033589],[-79.533674,43.671052],[-79.53341,43.671128],[-79.533018,43.670246],[-79.532039,43.670861]]],[[[-79.539505,43.672007],[-79.53888,43.672398],[-79.540579,43.671229],[-79.542555,43.672687],[-79.541749,43.673521],[-79.541169,43.673233],[-79.539505,43.672007]]],[[[-79.531536,43.672062],[-79.531606,43.672106],[-79.531525,43.672374],[-79.530972,43.672926],[-79.53042329210042,43.67254887218966],[-79.531536,43.672062]]],[[[-79.5357902777788,43.672680934738715],[-79.536454,43.672525],[-79.537048,43.672661],[-79.537352,43.672882],[-79.537522,43.673228],[-79.537927,43.674286],[-79.537999,43.674828],[-79.538263,43.674904],[-79.538462,43.675346],[-79.53651,43.675812],[-79.536234,43.675326],[-79.53691,43.675164],[-79.5357902777788,43.672680934738715]]],[[[-79.52540511968442,43.675507971251854],[-79.526808,43.675171],[-79.527019,43.675273],[-79.52536114884134,43.676040924689005],[-79.525221,43.675971],[-79.52540511968442,43.675507971251854]]],[[[-79.551013,43.67817],[-79.550846,43.678089],[-79.547034,43.6789],[-79.548613,43.678563],[-79.548215,43.677811],[-79.54695265792049,43.678086158400966],[-79.550897,43.677191],[-79.551679,43.678945],[-79.55147291600508,43.67899384953954],[-79.551013,43.67817]]],[[[-79.5383108014658,43.67827181352921],[-79.540545,43.677752],[-79.540239,43.677176],[-79.541687,43.676657],[-79.541845,43.677299],[-79.54283676431737,43.678994887020046],[-79.539015,43.679835],[-79.5383108014658,43.67827181352921]]],[[[-79.543728,43.683727],[-79.543554,43.683117],[-79.545121,43.68226],[-79.545945,43.68223],[-79.545889,43.681591],[-79.545998,43.682569],[-79.546288,43.683115],[-79.544405,43.684141],[-79.543728,43.683727]]],[[[-79.541395,43.682902],[-79.541167,43.682639],[-79.541995,43.68336],[-79.54232767120212,43.68392253439424],[-79.540966,43.684235],[-79.540502,43.683189],[-79.541395,43.682902]]],[[[-79.52121145597513,43.683287825557265],[-79.52478498689985,43.68269876419208],[-79.523765,43.682907],[-79.524025,43.683514],[-79.525098,43.683213],[-79.52487218679401,43.682681439709796],[-79.52499519999651,43.682657000000695],[-79.52488,43.68268],[-79.525669,43.684541],[-79.52742201055673,43.68415202536042],[-79.528168,43.685867],[-79.526515,43.686226],[-79.526734,43.686178],[-79.526558,43.685781],[-79.525454,43.68602],[-79.52623,43.68585],[-79.525671,43.684541],[-79.518354,43.686183],[-79.519035,43.686025],[-79.518698,43.685248],[-79.519072,43.685166],[-79.51891,43.684792],[-79.5212,43.68466],[-79.52100547171324,43.68420889561089],[-79.521606,43.684076],[-79.52121145597513,43.683287825557265]],[[-79.521544,43.685458],[-79.522248,43.685301],[-79.521973,43.684742],[-79.521517,43.684755],[-79.521566,43.684548],[-79.5212,43.68466],[-79.521544,43.685458]],[[-79.522515,43.685242],[-79.523394,43.685046],[-79.523096,43.684378],[-79.522687,43.684468],[-79.522585,43.684232],[-79.522088,43.684469],[-79.522515,43.685242]]],[[[-79.537302,43.685241],[-79.538368,43.68643],[-79.537515,43.686616],[-79.537385,43.687069],[-79.537435,43.68663],[-79.535895,43.687098],[-79.5351709094416,43.68626801849329],[-79.537302,43.685241]]],[[[-79.549776,43.687389],[-79.550201,43.687971],[-79.54964023667289,43.688360678128035],[-79.549059,43.688049],[-79.548866,43.687618],[-79.549776,43.687389]]],[[[-79.53437,43.689309],[-79.534018,43.689805],[-79.533077,43.689752],[-79.531383,43.690128],[-79.53168,43.690843],[-79.531379,43.690129],[-79.530162,43.69039],[-79.53119337907967,43.6927342177732],[-79.529305,43.688519],[-79.533547,43.687442],[-79.533977,43.688434],[-79.53396,43.688955],[-79.53437,43.689309]]],[[[-79.54997,43.689568],[-79.55056,43.690865],[-79.548373,43.691359],[-79.547765,43.690053],[-79.54997,43.689568]]],[[[-79.537487,43.691845],[-79.537639,43.691934],[-79.53808,43.69183],[-79.538477,43.692718],[-79.538805,43.69268],[-79.539465,43.694376],[-79.537483,43.694816],[-79.536941,43.693407],[-79.537003,43.693329],[-79.53634,43.693137],[-79.536987,43.692013],[-79.537487,43.691845]]],[[[-79.549292,43.695849],[-79.548726,43.696628],[-79.549488,43.696426],[-79.549859,43.695511],[-79.550409,43.695107],[-79.550799,43.694521],[-79.551361,43.694171],[-79.551433,43.693726],[-79.551602,43.693556],[-79.55202894847493,43.693398226281424],[-79.5521,43.693565],[-79.552755,43.693738],[-79.552722,43.693665],[-79.553636,43.693447],[-79.553848,43.693916],[-79.55440768500053,43.693798613969335],[-79.555011,43.695107],[-79.55533172368436,43.69503002631575],[-79.554072,43.695338],[-79.554836,43.697023],[-79.556199,43.696706],[-79.554952,43.693701],[-79.5546815354044,43.693741177711665],[-79.5555865822548,43.69355135690669],[-79.555477,43.693581],[-79.556048,43.694861],[-79.55791902228681,43.69442105994031],[-79.558138,43.69501],[-79.5589,43.694835],[-79.558649,43.69425],[-79.559465,43.696085],[-79.55431,43.69729],[-79.554685,43.698142],[-79.55368,43.698383],[-79.553505,43.69798],[-79.553002,43.698099],[-79.55318,43.698503],[-79.552927,43.698564],[-79.552546,43.697701],[-79.551841,43.697866],[-79.551926,43.698053],[-79.551219,43.698225],[-79.551296,43.698397],[-79.549926,43.698721],[-79.549847,43.69855],[-79.547649,43.699068],[-79.54782360895999,43.69945169809397],[-79.547573,43.698913],[-79.546374,43.699181],[-79.545524,43.697341],[-79.544787,43.697501],[-79.546732,43.697049],[-79.54570845693468,43.69484983010558],[-79.54721,43.694746],[-79.547358,43.69462],[-79.54811323482019,43.69455058541569],[-79.547949,43.694589],[-79.547977,43.694693],[-79.548812,43.694636],[-79.549292,43.695849]],[[-79.550393,43.696198],[-79.550785,43.697082],[-79.551037,43.697025],[-79.550638,43.696142],[-79.550393,43.696198]]],[[[-79.532448,43.698205],[-79.530952,43.698523],[-79.530189,43.696702],[-79.53352306871888,43.69595481138532],[-79.532739,43.696161],[-79.53355663721571,43.69811328934946],[-79.532503,43.698337],[-79.532448,43.698205]]],[[[-79.528556,43.697047],[-79.528721,43.697445],[-79.527626,43.697676],[-79.527459,43.697278],[-79.528556,43.697047]]],[[[-79.532611,43.701191],[-79.532132,43.70082],[-79.53202,43.70085],[-79.531844,43.700331],[-79.534272,43.699822],[-79.534391,43.70033],[-79.53310423315403,43.701795984925475],[-79.532407,43.701423],[-79.532611,43.701191]]],[[[-79.52913098483734,43.70087968850408],[-79.52602127303848,43.70158674184747],[-79.526017,43.701585],[-79.52698,43.701357],[-79.527043,43.701191],[-79.52631158114585,43.700820412250586],[-79.526834,43.700711],[-79.526889,43.700843],[-79.527089,43.700801],[-79.527266,43.701218],[-79.52913098483734,43.70087968850408]]],[[[-79.529111,43.70144],[-79.528858,43.701333],[-79.528616,43.701416],[-79.528376,43.701727],[-79.527745,43.701465],[-79.527253,43.702074],[-79.52602284764347,43.70158738371432],[-79.52945523304086,43.70084140742271],[-79.529493,43.700959],[-79.529111,43.70144]]],[[[-79.540849,43.702428],[-79.538985,43.7008],[-79.538627,43.700622],[-79.538214,43.700576],[-79.535319,43.701002],[-79.534982,43.700846],[-79.535224,43.700958],[-79.538497,43.700431],[-79.538623,43.700109],[-79.538987,43.699997],[-79.539315,43.700267],[-79.539848,43.700149],[-79.540509,43.700988],[-79.540278,43.701061],[-79.540863,43.701581],[-79.541221,43.701551],[-79.541464,43.702136],[-79.54835134037046,43.700611372467776],[-79.548677,43.701327],[-79.551601,43.700644],[-79.552457,43.702601],[-79.549565,43.703275],[-79.549896,43.704022],[-79.551061,43.706457],[-79.550082,43.704443],[-79.548504,43.704762],[-79.548187,43.704086],[-79.548419,43.704027],[-79.547907,43.702917],[-79.54637,43.702773],[-79.545642,43.701215],[-79.540793,43.702299],[-79.541041,43.702757],[-79.540849,43.702428]]],[[[-79.526215,43.704629],[-79.525445,43.704206],[-79.525838,43.704015],[-79.525655,43.703689],[-79.525047,43.703981],[-79.524851,43.703871],[-79.525394,43.70361],[-79.525195,43.703503],[-79.525391,43.703408],[-79.525194,43.7032],[-79.524863,43.703393],[-79.52335131988607,43.702646702616725],[-79.52375695284798,43.702375031579884],[-79.52634,43.703504],[-79.527048,43.702805],[-79.526342,43.703505],[-79.526402,43.703538],[-79.527518,43.704147],[-79.528344,43.703507],[-79.527071,43.702876],[-79.528163,43.703389],[-79.529152,43.704003],[-79.529295,43.703977],[-79.530127,43.704559],[-79.529594,43.704241],[-79.52889872369471,43.70488605096311],[-79.527556,43.704168],[-79.526931,43.704452],[-79.52701729094412,43.70465011175336],[-79.526895,43.704423],[-79.526453,43.704489],[-79.526387,43.704569],[-79.52655835607845,43.704958011358435],[-79.526395,43.704588],[-79.526215,43.704629]]],[[[-79.54958678777953,43.70648655288594],[-79.54733319432457,43.70652849155894],[-79.549381,43.706054],[-79.5488986642378,43.70503678833006],[-79.54958678777953,43.70648655288594]]],[[[-79.545963,43.708571],[-79.544199,43.708993],[-79.54497083543087,43.7107716207662],[-79.541309,43.711647],[-79.54058743700473,43.711492308071556],[-79.540993,43.711404],[-79.540619,43.710372],[-79.540042,43.709649],[-79.540299,43.70935],[-79.538924,43.708387],[-79.538281,43.708528],[-79.542706,43.707556],[-79.542743,43.706862],[-79.540123,43.70691],[-79.550539,43.706716],[-79.55072,43.706787],[-79.550471,43.707004],[-79.549891,43.708034],[-79.549689,43.709254],[-79.549462,43.709511],[-79.54672157510879,43.71023986523934],[-79.545963,43.708571]]],[[[-79.531066,43.709749],[-79.530723,43.708744],[-79.53016,43.707872],[-79.529351,43.707156],[-79.528351,43.706617],[-79.531641,43.706988],[-79.534763,43.707009],[-79.533164,43.707037],[-79.534752,43.710084],[-79.53518,43.711203],[-79.535402,43.71172],[-79.535464,43.711864],[-79.535366,43.711896],[-79.535462,43.712677],[-79.53523,43.712919],[-79.531506,43.714091],[-79.529919,43.714449],[-79.530713,43.712063],[-79.531076,43.710405],[-79.531066,43.709749]]],[[[-79.541252,43.712851],[-79.539861,43.713233],[-79.540322,43.714317],[-79.54085895473438,43.71419001070528],[-79.541162,43.715113],[-79.542023,43.715377],[-79.539524,43.714612],[-79.538606,43.714184],[-79.538277,43.713667],[-79.541252,43.712851]]],[[[-79.532724,43.715768],[-79.531429,43.715834],[-79.52946446093515,43.716288748535696],[-79.52975587019961,43.715307173958315],[-79.53283,43.714621],[-79.533336,43.71459],[-79.535472,43.715401],[-79.53447,43.715047],[-79.534473,43.715171],[-79.534085,43.715258],[-79.533778,43.715887],[-79.53409722462129,43.71597177463192],[-79.532724,43.715768]]],[[[-79.549774,43.716983],[-79.548643,43.716385],[-79.548434,43.715902],[-79.5468219548688,43.71626592518806],[-79.55142143697871,43.71522430711371],[-79.551629,43.715702],[-79.551175,43.716662],[-79.549774,43.716983]]],[[[-79.53779081093413,43.717196576160035],[-79.537857,43.717998],[-79.53758,43.717867],[-79.53699,43.717994],[-79.53675,43.717354],[-79.537031,43.716936],[-79.53448807314822,43.71607557000921],[-79.534806,43.71616],[-79.53779,43.717196],[-79.537063,43.715565],[-79.53779081093413,43.717196576160035]]],[[[-79.528119,43.718458],[-79.527773,43.717063],[-79.525042,43.71767],[-79.525402,43.719079],[-79.526677,43.718782],[-79.526929,43.719619],[-79.525427,43.719952],[-79.525548,43.720499],[-79.524971,43.719181],[-79.523808,43.719446],[-79.523389,43.718487],[-79.521497,43.718914],[-79.521175,43.71824],[-79.521487,43.718061],[-79.521033,43.716998],[-79.522659,43.716501],[-79.524612,43.716301],[-79.524498,43.716255],[-79.525538,43.716131],[-79.529377,43.715277],[-79.52857104231715,43.71837886786571],[-79.528119,43.718458]]],[[[-79.532062,43.718683],[-79.532588,43.718553],[-79.532539,43.717943],[-79.533385,43.718064],[-79.533581,43.717652],[-79.535091,43.718167],[-79.534755,43.718515],[-79.535516,43.718764],[-79.532386,43.719464],[-79.532062,43.718683]]],[[[-79.541611,43.719827],[-79.541882,43.719766],[-79.541582,43.71907],[-79.542552,43.718836],[-79.541643,43.719057],[-79.542313,43.719448],[-79.541953,43.720133],[-79.541759,43.720081],[-79.54166,43.720197],[-79.541611,43.719827]]],[[[-79.535129,43.719425],[-79.536223,43.719176],[-79.536549,43.719948],[-79.535461,43.720196],[-79.535129,43.719425]]],[[[-79.538298,43.720755],[-79.537434,43.720667],[-79.53737,43.721044],[-79.536822,43.721169],[-79.53657,43.720586],[-79.537099,43.720467],[-79.536845,43.719881],[-79.536958,43.719855],[-79.536862,43.719634],[-79.537615,43.719491],[-79.53748,43.72038],[-79.53807730055807,43.72024469495555],[-79.538298,43.720755]]],[[[-79.539984,43.721868],[-79.53940164947596,43.72186140112721],[-79.539469,43.720866],[-79.54012650774051,43.720937998585164],[-79.540018,43.720932],[-79.539984,43.721868]]],[[[-79.545691,43.723051],[-79.545624,43.722903],[-79.545111,43.722868],[-79.545026,43.722678],[-79.544737,43.722854],[-79.544513,43.723448],[-79.543534,43.72348],[-79.543002,43.723271],[-79.542785,43.722789],[-79.543386,43.721116],[-79.543914,43.720422],[-79.544654,43.720155],[-79.545113,43.720835],[-79.545295,43.720864],[-79.545444,43.720593],[-79.545879,43.720617],[-79.546124,43.720162],[-79.546549,43.720161],[-79.54745342296061,43.72100963063512],[-79.546533,43.7218],[-79.54761808176247,43.72267030406019],[-79.546861,43.722921],[-79.546703,43.722758],[-79.546145,43.72319],[-79.54578,43.722972],[-79.545691,43.723051]]],[[[-79.550806,43.725373],[-79.55002,43.724687],[-79.55073,43.72452],[-79.5512,43.724946],[-79.551604,43.72485],[-79.551424,43.724893],[-79.551793,43.725714],[-79.551326,43.72592],[-79.551212,43.7258],[-79.55051460317154,43.72596713647244],[-79.55012669381094,43.72553377510596],[-79.550806,43.725373]]],[[[-79.549688,43.728176],[-79.549633,43.728563],[-79.549362,43.728927],[-79.548934,43.729176],[-79.546476,43.729676],[-79.545571,43.728516],[-79.545595,43.728322],[-79.549341,43.727293],[-79.549688,43.728176]]],[[[-79.530788,43.735372],[-79.531138,43.736756],[-79.531457,43.736685],[-79.531726,43.737761],[-79.52756544693734,43.7386637332826],[-79.527753,43.738169],[-79.528099,43.737795],[-79.527615,43.737468],[-79.526462,43.733607],[-79.52587424398764,43.7311188508059],[-79.530997,43.730482],[-79.52842807541136,43.72010458855143],[-79.53214076440796,43.73507271583895],[-79.530788,43.735372]]],[[[-79.537495,43.73157],[-79.53737239668256,43.731376181930315],[-79.537435,43.731475],[-79.538473,43.731214],[-79.538297,43.731909],[-79.53777426097493,43.732039934631516],[-79.537495,43.73157]]],[[[-79.52448,43.731038],[-79.52313296050355,43.7313438329469],[-79.522876,43.730257],[-79.522661,43.730254],[-79.52423792550448,43.73008900779439],[-79.524519,43.731029],[-79.525308,43.734485],[-79.52448,43.731038]]],[[[-79.541973,43.73287],[-79.54263,43.732994],[-79.543375,43.733413],[-79.543215,43.734433],[-79.541896,43.73406],[-79.540783,43.734069],[-79.539495,43.734151],[-79.539102,43.734419],[-79.5384,43.734505],[-79.538049,43.732871],[-79.536485,43.73296],[-79.538044,43.732867],[-79.53786114783084,43.732246309150554],[-79.537921,43.732388],[-79.53829,43.732087],[-79.538676,43.732283],[-79.539349,43.732388],[-79.539604,43.732294],[-79.54087,43.73238],[-79.540862,43.732698],[-79.541073,43.732936],[-79.541973,43.73287]]],[[[-79.532725,43.736267],[-79.535288,43.746606],[-79.530097,43.725701],[-79.530516,43.727385],[-79.535586,43.726353],[-79.535731,43.72587],[-79.535586,43.726355],[-79.535557,43.726555],[-79.534375,43.726813],[-79.534707,43.728883],[-79.535016,43.728813],[-79.535173,43.729421],[-79.535468,43.729927],[-79.53632718125,43.72972219516715],[-79.5364178491774,43.729869266979605],[-79.5356,43.730059],[-79.536688,43.73176],[-79.537495,43.73157],[-79.536302,43.731851],[-79.536506,43.733408],[-79.536623,43.733382],[-79.536833,43.73404],[-79.538229,43.733747],[-79.534511,43.734544],[-79.534785,43.735191],[-79.535078,43.735125],[-79.534235,43.735315],[-79.53443640823099,43.73588014122604],[-79.532725,43.736267]]],[[[-79.526114,43.737342],[-79.526012,43.73762],[-79.525213,43.737842],[-79.525351,43.738129],[-79.525083,43.737698],[-79.523995,43.737241],[-79.523799,43.736965],[-79.52588,43.73639],[-79.526114,43.737342]]],[[[-79.543388,43.738565],[-79.543642,43.739125],[-79.543284,43.739605],[-79.543753,43.739854],[-79.543233,43.739644],[-79.542429,43.740112],[-79.542083,43.739716],[-79.541466,43.739604],[-79.540803,43.739684],[-79.540892,43.74011],[-79.54074282261936,43.739424749945805],[-79.540792,43.739629],[-79.541319,43.739566],[-79.541153,43.738849],[-79.541613,43.738798],[-79.541693,43.738596],[-79.543388,43.738565]]],[[[-79.53564456387687,43.74128064168931],[-79.536481,43.741089],[-79.536295,43.740286],[-79.53654640052679,43.741371137349475],[-79.5357103834876,43.741562683019545],[-79.53564456387687,43.74128064168931]]],[[[-79.539864,43.74083],[-79.538385,43.74101],[-79.538512,43.74156],[-79.538049,43.739749],[-79.538143,43.739964],[-79.53962043158704,43.739786068455686],[-79.539864,43.740828],[-79.540315,43.742765],[-79.54044066292184,43.7433102584291],[-79.539864,43.74083]]],[[[-79.533869,43.742055],[-79.533027,43.738647],[-79.53454889088087,43.74480501357545],[-79.5295032267338,43.745432741870914],[-79.529128,43.743761],[-79.528429,43.743303],[-79.527618,43.739871],[-79.528002,43.741495],[-79.530678,43.741139],[-79.530872,43.741949],[-79.530741,43.742455],[-79.53118,43.742671],[-79.533869,43.742055]]],[[[-79.54759859551557,43.746931822918505],[-79.5482026249591,43.748379101387144],[-79.546575,43.74873],[-79.546248,43.747695],[-79.546386,43.747537],[-79.546255,43.747222],[-79.546453,43.747178],[-79.546285,43.746772],[-79.54649,43.74717],[-79.54759859551557,43.746931822918505]]],[[[-79.52636274526081,43.75113710707282],[-79.52705,43.749596],[-79.526407,43.746747],[-79.526984,43.749023],[-79.528632,43.748662],[-79.527861,43.74543],[-79.529194,43.750938],[-79.528833,43.749477],[-79.526926,43.749897],[-79.52636274526081,43.75113710707282]]],[[[-79.53565250109297,43.74756242062935],[-79.54078335723247,43.74728519666317],[-79.538417,43.750714],[-79.536039,43.748196],[-79.53565250109297,43.74756242062935]]],[[[-79.541943,43.749933],[-79.542954,43.749824],[-79.543266,43.751197],[-79.545056,43.750817],[-79.545211,43.751482],[-79.54534136619834,43.75145197183072],[-79.545147,43.751497],[-79.545554,43.752489],[-79.545146,43.751498],[-79.542381,43.75209],[-79.54303875137983,43.75467898776073],[-79.541735,43.754028],[-79.541068,43.753488],[-79.539276,43.751613],[-79.541596,43.748258],[-79.54121,43.746667],[-79.54115732258069,43.74643180645176],[-79.541599,43.74827],[-79.541943,43.749933]]],[[[-79.526412,43.752929],[-79.524441,43.753984],[-79.52390616815072,43.75454927468061],[-79.523092,43.754071],[-79.522709,43.754156],[-79.521842,43.752105],[-79.522684,43.751741],[-79.5237,43.751979],[-79.526327,43.751386],[-79.5263429779811,43.75127474590933],[-79.526578,43.752604],[-79.526412,43.752929]]],[[[-79.530845,43.751511],[-79.534114,43.750784],[-79.535188,43.751906],[-79.53801539976261,43.75129412989578],[-79.536707,43.753192],[-79.5381632021352,43.752879506106275],[-79.536263,43.75329],[-79.537356,43.755325],[-79.536178,43.753142],[-79.5344,43.75353],[-79.533166,43.753559],[-79.533026,43.753456],[-79.532107,43.753441],[-79.531375,43.753068],[-79.531047,43.752589],[-79.530497,43.750652],[-79.530845,43.751511]]],[[[-79.551607,43.754148],[-79.552788,43.75422],[-79.552284,43.754801],[-79.552044,43.754692],[-79.54994364965219,43.75755618051312],[-79.54948420760125,43.757364736224304],[-79.550419,43.756177],[-79.550195,43.756083],[-79.550784,43.755344],[-79.550455,43.755208],[-79.54988,43.755952],[-79.544563,43.753756],[-79.545913,43.752036],[-79.54574789487465,43.751361654969934],[-79.547421,43.751007],[-79.549098,43.750651],[-79.54885412397647,43.750053647952875],[-79.549096,43.750644],[-79.554696,43.74943],[-79.556648,43.750537],[-79.555761,43.750052],[-79.553336,43.750577],[-79.553628,43.751287],[-79.55301027884532,43.75150768340849],[-79.552939,43.751339],[-79.549871,43.752005],[-79.550762,43.752298],[-79.551607,43.754148]]],[[[-79.524287,43.755929],[-79.52711647017635,43.75526612412476],[-79.527307,43.755671],[-79.528115,43.755796],[-79.528892,43.756345],[-79.529522,43.756486],[-79.530186,43.756891],[-79.530537,43.757321],[-79.52531205211102,43.7584735677528],[-79.525502,43.756898],[-79.524733,43.756647],[-79.524287,43.755929]]],[[[-79.551275,43.756532],[-79.551606,43.75667],[-79.55066573904307,43.75785706696794],[-79.5503375431764,43.7577203114747],[-79.551275,43.756532]]],[[[-79.55867316748744,43.76146123243992],[-79.551221,43.758406],[-79.54296209994604,43.75496120638565],[-79.55867316748744,43.76146123243992]]],[[[-79.537134,43.764658],[-79.537568,43.766525],[-79.537229,43.766597],[-79.537047,43.766152],[-79.536359,43.7663],[-79.536326,43.766221],[-79.53428075440299,43.76666097722355],[-79.53396614929048,43.76533711049258],[-79.537134,43.764658]]],[[[-79.540411,43.767801],[-79.540067,43.767875],[-79.539875,43.76763],[-79.539276,43.766163],[-79.539759,43.76606],[-79.540411,43.767801]]],[[[-79.548955,43.768102],[-79.549065,43.768369],[-79.547834,43.768644],[-79.547727,43.768381],[-79.548955,43.768102]]],[[[-79.546382,43.769608],[-79.549286,43.768906],[-79.549342,43.769042],[-79.554714,43.767883],[-79.554683,43.767807],[-79.556059,43.767534],[-79.556006,43.767405],[-79.558746,43.766949],[-79.55862,43.766422],[-79.561754,43.765792],[-79.562158,43.765571],[-79.56257828769395,43.76510770612341],[-79.563572,43.765426],[-79.564207,43.765968],[-79.565906,43.76561],[-79.565427,43.764509],[-79.5658388796697,43.764425850583116],[-79.56881587330734,43.76565750057488],[-79.5356709439361,43.77251093197456],[-79.53534610115923,43.77114398487809],[-79.538363,43.770693],[-79.538425,43.770938],[-79.541643,43.770283],[-79.541751,43.770548],[-79.543134,43.770269],[-79.542991,43.769973],[-79.546316,43.769297],[-79.546382,43.769608]]],[[[-79.525444,43.767701],[-79.5259318310362,43.76903153915817],[-79.52431843134833,43.76937944623601],[-79.523837,43.768064],[-79.525757,43.76763],[-79.525444,43.767701]]],[[[-79.528185,43.770793],[-79.528097,43.771133],[-79.527442,43.771722],[-79.526686,43.771734],[-79.526806,43.772117],[-79.526646,43.771734],[-79.526032,43.771328],[-79.52591103203045,43.770814989851736],[-79.527026,43.770092],[-79.527672,43.769953],[-79.528185,43.770793]]],[[[-79.53409299686095,43.77283363661854],[-79.52683853954875,43.774317239650074],[-79.526372,43.773116],[-79.526564,43.773597],[-79.527853,43.773311],[-79.529119,43.772845],[-79.53003211799594,43.77216705705895],[-79.52991,43.772328],[-79.531497,43.772602],[-79.53150301823537,43.77233519156538],[-79.533854,43.771715],[-79.533405,43.769314],[-79.53409299686095,43.77283363661854]]],[[[-79.52173171245823,43.77542588542065],[-79.521652,43.774332],[-79.521051,43.771636],[-79.521427,43.773208],[-79.522709,43.772989],[-79.524623,43.77338],[-79.52488040847585,43.77337432566486],[-79.52489,43.773913],[-79.52520394929572,43.77465152834326],[-79.52173171245823,43.77542588542065]]],[[[-79.510466,43.588329],[-79.510364,43.588011],[-79.510066,43.587784],[-79.509379,43.587626],[-79.509246,43.587383],[-79.509353,43.587268],[-79.510316,43.587097],[-79.510798,43.587324],[-79.511247,43.58719],[-79.511722,43.587308],[-79.512093,43.587222],[-79.512111,43.587094],[-79.51224,43.587193],[-79.51271,43.587174],[-79.512999,43.587119],[-79.513041,43.586992],[-79.514029,43.587063],[-79.51458,43.587189],[-79.515773,43.587911],[-79.517048,43.588264],[-79.517301,43.588456],[-79.51716,43.588535],[-79.51531,43.588028],[-79.515056,43.587783],[-79.514628,43.587625],[-79.513533,43.587997],[-79.513333,43.58796],[-79.513143,43.587707],[-79.512288,43.587913],[-79.512184,43.587972],[-79.512257,43.588273],[-79.511307,43.588616],[-79.511086,43.5889],[-79.511615,43.590288],[-79.512988,43.590666],[-79.514822,43.59025],[-79.514841,43.590131],[-79.515205,43.590051],[-79.515387,43.590164],[-79.515722,43.59009],[-79.515653,43.58941],[-79.515062,43.589403],[-79.514914,43.58897],[-79.515376,43.588893],[-79.516174,43.589118],[-79.516445,43.588873],[-79.516519,43.588969],[-79.516236,43.589541],[-79.516731,43.590281],[-79.517235,43.59056],[-79.518204,43.590389],[-79.51865233333334,43.59072246666667],[-79.518415,43.590859],[-79.518278,43.590706],[-79.515965,43.591227],[-79.516285553904,43.591984144276395],[-79.515748,43.592158],[-79.514272,43.592044],[-79.513488,43.591684],[-79.513004,43.591291],[-79.511806,43.590875],[-79.5109357669768,43.59140500022219],[-79.510872,43.591043],[-79.5101,43.590759],[-79.508847,43.590543],[-79.508686,43.59039],[-79.508788,43.590206],[-79.50974,43.590027],[-79.510389,43.589064],[-79.510359,43.588928],[-79.51012,43.588829],[-79.510403,43.588703],[-79.510466,43.588329]]],[[[-79.52163694008529,43.597158129814616],[-79.520231,43.597473],[-79.520813,43.598873],[-79.519727,43.599143],[-79.519131,43.59772],[-79.517484,43.598089],[-79.51771162304632,43.59858853073202],[-79.51719,43.598705],[-79.517355,43.599099],[-79.516979,43.598202],[-79.51553,43.594885],[-79.515534,43.594547],[-79.51719452363308,43.59413111930682],[-79.517672,43.595259],[-79.5184189137089,43.595094283268175],[-79.518873,43.596229],[-79.5179,43.596447],[-79.518501,43.597861],[-79.521311,43.597227],[-79.52163694008529,43.597158129814616]]],[[[-79.4999723153355,43.59701721054804],[-79.50036752044791,43.5978628003546],[-79.499782,43.598619],[-79.500146,43.598092],[-79.499817,43.597306],[-79.4999723153355,43.59701721054804]]],[[[-79.503873,43.600355],[-79.50344,43.599311],[-79.504565,43.599056],[-79.505003,43.60011],[-79.503873,43.600355]]],[[[-79.515646,43.601218],[-79.513379,43.601712],[-79.51299653003394,43.60072119197768],[-79.513264,43.601342],[-79.51377,43.60123],[-79.513918,43.601588],[-79.515646,43.601218]]],[[[-79.511821,43.602062],[-79.513379,43.601712],[-79.512871,43.601827],[-79.5132,43.602689],[-79.513149,43.602557],[-79.510725,43.603089],[-79.511814,43.60565],[-79.50882748871568,43.60628337123372],[-79.50747,43.60302],[-79.504612,43.603635],[-79.504534,43.603445],[-79.505564,43.603192],[-79.505502,43.602805],[-79.506069,43.602687],[-79.50567212997326,43.60172497115389],[-79.506064,43.601638],[-79.506297,43.601735],[-79.506458,43.602071],[-79.505869,43.602201],[-79.506018,43.602563],[-79.507162,43.602311],[-79.506568,43.600828],[-79.506775,43.601336],[-79.507339,43.601211],[-79.507235,43.600956],[-79.507848,43.600816],[-79.50762,43.600259],[-79.509453,43.59985],[-79.509289,43.599466],[-79.50172528255482,43.60112593775478],[-79.508495,43.599638],[-79.508293,43.599142],[-79.507749,43.599215],[-79.509311,43.598814],[-79.509711,43.599791],[-79.510616,43.599587],[-79.51185,43.599327],[-79.516979,43.598202],[-79.512368,43.599214],[-79.51285881086402,43.60040154051636],[-79.511714,43.600658],[-79.511849,43.600983],[-79.511361,43.600994],[-79.511821,43.602062]],[[-79.51135,43.600973],[-79.511208,43.601028],[-79.511324,43.600899],[-79.511102,43.600344],[-79.508972,43.600812],[-79.50867,43.600974],[-79.5089,43.601538],[-79.5109327531166,43.601088821451704],[-79.511374,43.602156],[-79.511821,43.602062],[-79.51135,43.600973]],[[-79.50864,43.60276],[-79.508417,43.602206],[-79.507225,43.602468],[-79.50747,43.60302],[-79.50864,43.60276]],[[-79.508282,43.60219],[-79.507208,43.602426],[-79.508417,43.602206],[-79.508282,43.60219]],[[-79.5084,43.602163],[-79.508248,43.601785],[-79.507058,43.602048],[-79.507208,43.602426],[-79.5084,43.602163]],[[-79.509015,43.603322],[-79.50943,43.603231],[-79.509181,43.602638],[-79.508768,43.602731],[-79.509015,43.603322]]],[[[-79.51979767855828,43.600308269338434],[-79.52044,43.601873],[-79.520928,43.602597],[-79.52174,43.603001],[-79.524378,43.601923],[-79.52446,43.601837],[-79.52421,43.601141],[-79.526225,43.600687],[-79.526501,43.601248],[-79.524368,43.602304],[-79.522154,43.603219],[-79.520068,43.604326],[-79.519541,43.60445],[-79.51962,43.604659],[-79.519162,43.603489],[-79.518211,43.603696],[-79.51815632354398,43.60356577062293],[-79.518629,43.603462],[-79.518421,43.602963],[-79.518906,43.602857],[-79.518024,43.600683],[-79.51979767855828,43.600308269338434]]],[[[-79.507124,43.606645],[-79.50657,43.606767],[-79.506585,43.606163],[-79.5066026232877,43.605373957345755],[-79.507124,43.606645]]],[[[-79.500861,43.609352],[-79.501624,43.611174],[-79.500703,43.608985],[-79.498282,43.603166],[-79.498372,43.603379],[-79.500067,43.603009],[-79.500584,43.604252],[-79.501119,43.60414],[-79.501217,43.604374],[-79.50361618781632,43.60385210659919],[-79.499007,43.604857],[-79.500372,43.608148],[-79.501289,43.607945],[-79.501591,43.608325],[-79.50276,43.608938],[-79.500861,43.609352]]],[[[-79.504497,43.608824],[-79.504151,43.609752],[-79.503805,43.609984],[-79.503404,43.609164],[-79.501881,43.608369],[-79.501439,43.607912],[-79.503292,43.607498],[-79.503553,43.60812],[-79.503843,43.608464],[-79.504497,43.608824]]],[[[-79.511417,43.611103],[-79.512813,43.610793],[-79.513032,43.611318],[-79.511667,43.61162],[-79.511417,43.611103]]],[[[-79.49559,43.611192],[-79.496238,43.611054],[-79.496542,43.611787],[-79.496738,43.612256],[-79.496584,43.611889],[-79.495937,43.612027],[-79.49559,43.611192]]],[[[-79.494061,43.613451],[-79.492755,43.613698],[-79.493913,43.616422],[-79.49269,43.613546],[-79.49179,43.613735],[-79.491621,43.613328],[-79.491856,43.61328],[-79.491648,43.612933],[-79.492862,43.612674],[-79.493014,43.613039],[-79.494279,43.612771],[-79.494128,43.612409],[-79.493435,43.612555],[-79.492906,43.611282],[-79.494124,43.611027],[-79.494179,43.611158],[-79.494824,43.611017],[-79.495457,43.612519],[-79.496738,43.612256],[-79.497309,43.612136],[-79.501624,43.611174],[-79.49674,43.612263],[-79.49712672737265,43.61319847167737],[-79.496334,43.613363],[-79.496474,43.613701],[-79.496596,43.613674],[-79.496927,43.614481],[-79.497598,43.614347],[-79.495927,43.6147],[-79.495052,43.612608],[-79.493815,43.61287],[-79.494061,43.613451]]],[[[-79.497991,43.613437],[-79.4978,43.612975],[-79.49842619482288,43.61283447023161],[-79.498887,43.614274],[-79.498524,43.614801],[-79.49868790906172,43.6152064082118],[-79.4977195522603,43.61579365678087],[-79.498085,43.615554],[-79.497908,43.615074],[-79.4972893810251,43.613590916413294],[-79.497991,43.613437]]],[[[-79.510348,43.616657],[-79.508496,43.617032],[-79.509332,43.619054],[-79.508239,43.616421],[-79.50628,43.616855],[-79.505943,43.616043],[-79.507906,43.615612],[-79.507233,43.61398],[-79.508494,43.617027],[-79.510348,43.616657]]],[[[-79.49669397747049,43.616965904994636],[-79.498266717006,43.61594820609346],[-79.498717,43.617011],[-79.49728910391505,43.617345507124796],[-79.497104,43.616902],[-79.49669397747049,43.616965904994636]]],[[[-79.50062,43.621629],[-79.501218,43.621498],[-79.50151,43.622209],[-79.50171839351877,43.62216490865136],[-79.5008520198774,43.62235599561585],[-79.50062,43.621629]]],[[[-79.52629,43.62153],[-79.521157,43.622656],[-79.521199,43.622755],[-79.520194,43.622979],[-79.520156,43.622893],[-79.51897,43.623305],[-79.515008,43.624192],[-79.514952,43.624046],[-79.511279,43.624861],[-79.510695,43.625013],[-79.510863,43.625421],[-79.510264,43.625557],[-79.510089,43.625155],[-79.507954,43.625633],[-79.508031,43.625853],[-79.506641,43.625804],[-79.506133,43.625918],[-79.506251209668,43.62610695636324],[-79.50486939237521,43.62644854533093],[-79.504687,43.62635],[-79.504152,43.626489],[-79.503734,43.626762],[-79.502874,43.626968],[-79.502796,43.626765],[-79.495335,43.628428],[-79.49528,43.628584],[-79.494954,43.628656],[-79.494899,43.628524],[-79.49421,43.628672],[-79.494071,43.62822],[-79.493109,43.628425],[-79.494583,43.628106],[-79.494232,43.627299],[-79.493627,43.625889],[-79.49359163636295,43.625804727271074],[-79.494407,43.627701],[-79.499388,43.62667],[-79.499273,43.626396],[-79.500304,43.626161],[-79.500093,43.625659],[-79.501124,43.62543],[-79.501444,43.626212],[-79.503797,43.625684],[-79.503742,43.625557],[-79.504331,43.625425],[-79.50404883496421,43.624748811646384],[-79.505635,43.624391],[-79.506066,43.624975],[-79.507006,43.624815],[-79.505938,43.622296],[-79.50233,43.623033],[-79.50241,43.62356],[-79.502056,43.623693],[-79.502484,43.624365],[-79.503770245129,43.62408316706161],[-79.501941,43.624488],[-79.501828,43.624468],[-79.501563,43.623852],[-79.501235,43.623243],[-79.50864194613823,43.62174915782154],[-79.509239,43.623138],[-79.508518,43.6233],[-79.508686,43.623701],[-79.509428,43.623536],[-79.509678,43.624063],[-79.51141565249229,43.6236478870958],[-79.511513,43.623895],[-79.511972,43.623793],[-79.512156,43.624233],[-79.51266,43.624117],[-79.51236852409475,43.623420252801836],[-79.512707,43.623259],[-79.512726,43.62307],[-79.51412650033812,43.622751930370335],[-79.514218,43.622933],[-79.514711,43.622964],[-79.514063,43.620976],[-79.514313,43.620687],[-79.515081,43.620453],[-79.52191349146833,43.619236177701694],[-79.521813,43.619268],[-79.522327,43.620488],[-79.521784,43.620613],[-79.52211,43.621401],[-79.522659,43.621277],[-79.522719,43.621422],[-79.523155,43.621324],[-79.523094,43.62118],[-79.52558,43.620642],[-79.525634,43.62077],[-79.526006,43.620687],[-79.52595,43.620556],[-79.526513,43.62043],[-79.52626397256681,43.61987944362348],[-79.526481,43.619831],[-79.526283,43.61893],[-79.526352,43.61851],[-79.526665,43.618274],[-79.527742,43.618109],[-79.528116,43.618355],[-79.528963,43.620422],[-79.528282,43.620585],[-79.528781,43.621755],[-79.528566,43.621251],[-79.528386,43.621292],[-79.528103,43.620627],[-79.526755,43.620949],[-79.52705247810441,43.621640840262536],[-79.526998,43.621515],[-79.526347,43.621661],[-79.52629,43.62153]]],[[[-79.495623,43.625432],[-79.495445,43.62501],[-79.49341840987321,43.625391922757],[-79.49323907090469,43.62496455200166],[-79.500949,43.623348],[-79.495309,43.624568],[-79.495623,43.625432]]],[[[-79.515739,43.630523],[-79.5158454596635,43.63079108478899],[-79.51359055742616,43.63129111290962],[-79.513142,43.63021],[-79.515554,43.629659],[-79.51584,43.63037],[-79.515739,43.630523]]],[[[-79.504702,43.629784],[-79.504102,43.629919],[-79.50472212473211,43.63141590494387],[-79.503799,43.631618],[-79.50037,43.63195],[-79.49899536376795,43.63106023545707],[-79.504702,43.629784]]],[[[-79.517903,43.629317],[-79.519076,43.629055],[-79.519455,43.629993],[-79.52537137434751,43.62869045291311],[-79.525472,43.629081],[-79.525299,43.62922],[-79.520327,43.63031],[-79.520968,43.631835],[-79.521846,43.631639],[-79.522587,43.633371],[-79.519934,43.633998],[-79.520059,43.634331],[-79.519801,43.634388],[-79.519922,43.634679],[-79.520194,43.634619],[-79.520912,43.636315],[-79.521201,43.63625],[-79.52135334209544,43.63662139608886],[-79.52019858417961,43.63686419509333],[-79.516109,43.626784],[-79.516757,43.626629],[-79.516963,43.627035],[-79.51885704370176,43.626618627589934],[-79.519186,43.627443],[-79.518283,43.627644],[-79.518657,43.628559],[-79.517685,43.628783],[-79.517903,43.629317]]],[[[-79.5007385402453,43.63356187279606],[-79.499634,43.633807],[-79.499152,43.633772],[-79.498885,43.633468],[-79.498761,43.632963],[-79.500183,43.632624],[-79.500207,43.632681],[-79.500396,43.633119],[-79.500546,43.633094],[-79.5007385402453,43.63356187279606]]],[[[-79.516954,43.633387],[-79.517579,43.634596],[-79.515315,43.63509],[-79.51480781134971,43.633864809530756],[-79.516954,43.633387]]],[[[-79.503259,43.634111],[-79.505634,43.633595],[-79.505428,43.633096],[-79.505632,43.63359],[-79.506233,43.635017],[-79.507008,43.636839],[-79.505954,43.637076],[-79.505952,43.637266],[-79.505952,43.636854],[-79.505734,43.636527],[-79.505683,43.635967],[-79.505305,43.635779],[-79.504107,43.635532],[-79.503904,43.634926],[-79.503259,43.634111]]],[[[-79.521838,43.639236],[-79.522016,43.639663],[-79.52139,43.639802],[-79.521222,43.639377],[-79.521838,43.639236]]],[[[-79.507453,43.641587],[-79.507909,43.642512],[-79.505854,43.64302],[-79.50544,43.642034],[-79.507453,43.641587]]],[[[-79.514489,43.643096],[-79.514162,43.642388],[-79.514546,43.642273],[-79.514357,43.64233],[-79.514586,43.642765],[-79.514859,43.642697],[-79.514893,43.643078],[-79.514489,43.643096]]],[[[-79.500549,43.649785],[-79.50072,43.650047],[-79.500592,43.650435],[-79.501412,43.650603],[-79.499493,43.65027],[-79.49921956359144,43.65005625889096],[-79.501149,43.649655],[-79.500549,43.649785]]],[[[-79.51187006468723,43.64853187255621],[-79.516035,43.65774],[-79.515092,43.655857],[-79.51187006468723,43.64853187255621]]],[[[-79.521863,43.656274],[-79.52168152561983,43.656347723966945],[-79.52209,43.656116],[-79.5235276923668,43.65453333619434],[-79.522344,43.655854],[-79.523674,43.65685],[-79.522378,43.657401],[-79.521863,43.656274]]],[[[-79.509379,43.658005],[-79.509802,43.659106],[-79.508267,43.659438],[-79.508019,43.658817],[-79.507992,43.658225],[-79.509379,43.658005]]],[[[-79.5063244048731,43.661741812994926],[-79.506718,43.661745],[-79.5063676162544,43.6612416318021],[-79.506512,43.66143],[-79.50833766177347,43.66083511021072],[-79.50858,43.661366],[-79.509801,43.660887],[-79.509452,43.659953],[-79.509504,43.660086],[-79.510919,43.659905],[-79.510737,43.659484],[-79.511036,43.659419],[-79.511002,43.65934],[-79.511401,43.659253],[-79.511469,43.65941],[-79.511652,43.65937],[-79.511595,43.659239],[-79.511926,43.659167],[-79.511994,43.659323],[-79.512151,43.659288],[-79.513028,43.659002],[-79.512971,43.658866],[-79.513488,43.658678],[-79.513693,43.659032],[-79.513815,43.658996],[-79.514015,43.659273],[-79.514938,43.658913],[-79.514672,43.659021],[-79.515196,43.659235],[-79.511668,43.662063],[-79.51069,43.661715],[-79.510203,43.661735],[-79.510078,43.661548],[-79.508358,43.662147],[-79.507683,43.662031],[-79.50752,43.661783],[-79.507193,43.661925],[-79.506949,43.661758],[-79.5063244048731,43.661741812994926]]],[[[-79.51733897028257,43.66085340291697],[-79.513993,43.662155],[-79.514813,43.662877],[-79.513512,43.661732],[-79.513138,43.662052],[-79.51664628161986,43.659031816321466],[-79.51733897028257,43.66085340291697]]],[[[-79.520834,43.661353],[-79.520097,43.662551],[-79.519693,43.66277],[-79.521198,43.663681],[-79.520803,43.664085],[-79.520631,43.664521],[-79.519945,43.664971],[-79.519646,43.66469],[-79.519296,43.663908],[-79.51933,43.663426],[-79.519198,43.663239],[-79.518515,43.663398],[-79.519649,43.665954],[-79.520338,43.665685],[-79.519926,43.66587],[-79.520212,43.66634],[-79.520579,43.666223],[-79.52069,43.666415],[-79.519903,43.666592],[-79.51734358751393,43.660863066889625],[-79.517479,43.660648],[-79.51859404518072,43.66030543554216],[-79.51861,43.660883],[-79.519876,43.660878],[-79.521171,43.661446],[-79.520834,43.661353]],[[-79.519965,43.664277],[-79.5202,43.66431],[-79.520175,43.663879],[-79.519871,43.663902],[-79.519965,43.664277]]],[[[-79.497621,43.667362],[-79.498541,43.667064],[-79.499254,43.667892],[-79.498335,43.668201],[-79.497621,43.667362]]],[[[-79.49582,43.674199],[-79.499072,43.673475],[-79.49886,43.672967],[-79.499537,43.672928],[-79.499315,43.672978],[-79.499488,43.673383],[-79.49582,43.674199]]],[[[-79.51364833130737,43.67570838198087],[-79.51378290583962,43.67549628806929],[-79.515166,43.676016],[-79.51507730206222,43.6761511766594],[-79.513699,43.675638],[-79.51364833130737,43.67570838198087]]],[[[-79.516754,43.67776],[-79.516152,43.677477],[-79.51613,43.677074],[-79.516653,43.676489],[-79.51697,43.676632],[-79.516199,43.677499],[-79.516754,43.67776]]],[[[-79.5068762620203,43.67815958057195],[-79.50650315267865,43.6783686162747],[-79.506431,43.67756],[-79.506166,43.677177],[-79.50560000697782,43.677304253464726],[-79.505358,43.67697],[-79.504287,43.677209],[-79.505973,43.676832],[-79.5068762620203,43.67815958057195]]],[[[-79.5185611058203,43.681640583327024],[-79.517864,43.679987],[-79.519553,43.679642],[-79.520247,43.681307],[-79.5185611058203,43.681640583327024]]],[[[-79.49774,43.681094],[-79.500254,43.680502],[-79.50582,43.679249],[-79.50640631989606,43.67912531577072],[-79.500777,43.680389],[-79.500495,43.68144],[-79.501325,43.682701],[-79.501254,43.68289],[-79.500917,43.683172],[-79.498378,43.683087],[-79.498823,43.684476],[-79.498367,43.683053],[-79.49774,43.681094]]],[[[-79.511476,43.682706],[-79.5107285438632,43.683067494277665],[-79.50996357271082,43.68212920016833],[-79.511365,43.681792],[-79.511296,43.682103],[-79.511525,43.682546],[-79.511476,43.682706]]],[[[-79.51720118981498,43.68643812554828],[-79.516692,43.685271],[-79.515096,43.685692],[-79.51547,43.686555],[-79.5157465012894,43.686536641080664],[-79.513928,43.686727],[-79.514087,43.687087],[-79.514591,43.687029],[-79.51470085671552,43.687558309629296],[-79.51363,43.687781],[-79.51377950515818,43.68810516327058],[-79.512201,43.685017],[-79.511457,43.683961],[-79.515119,43.683462],[-79.519211,43.683391],[-79.52097769294022,43.68330709373899],[-79.520627,43.683336],[-79.520736,43.683584],[-79.517001,43.684502],[-79.517202,43.68497],[-79.517713,43.684862],[-79.51786359427089,43.68498004980537],[-79.516695,43.685267],[-79.51720118981498,43.68643812554828]]],[[[-79.515177,43.688301],[-79.515359,43.688757],[-79.516144,43.688588],[-79.51430072443813,43.68898638536337],[-79.51405388474576,43.68864195528559],[-79.514741,43.688495],[-79.514959,43.688448],[-79.51488715767121,43.68829313986905],[-79.515177,43.688301]]],[[[-79.518178,43.688046],[-79.519863,43.68767],[-79.52062,43.689403],[-79.521092,43.689299],[-79.518256,43.689931],[-79.518958,43.689742],[-79.518178,43.688047],[-79.517753,43.687551],[-79.518178,43.688046]]],[[[-79.504182,43.689333],[-79.503142,43.689687],[-79.502695,43.687811],[-79.502244,43.687834],[-79.503009,43.687639],[-79.504043,43.687083],[-79.50579,43.686593],[-79.508043,43.687084],[-79.508613,43.686679],[-79.510349,43.687601],[-79.510477,43.687995],[-79.510206,43.688844],[-79.510197,43.689398],[-79.510618,43.690004],[-79.506031,43.690984],[-79.50536207649073,43.69060711389301],[-79.505053,43.689496],[-79.505376,43.689413],[-79.505134,43.688319],[-79.50468,43.688375],[-79.50457,43.687906],[-79.504485,43.687966],[-79.504652,43.68881],[-79.504125,43.688876],[-79.504182,43.689333]],[[-79.509276,43.687445],[-79.509437,43.68736],[-79.50851,43.686775],[-79.508292,43.686949],[-79.509276,43.687445]]],[[[-79.500921,43.689156],[-79.500382,43.68928],[-79.50077593217107,43.69084155767999],[-79.498935,43.690079],[-79.500215,43.690605],[-79.500574,43.690144],[-79.500073,43.690121],[-79.497584,43.689077],[-79.49894,43.688776],[-79.500084,43.68928],[-79.500921,43.689156]]],[[[-79.499071,43.692498],[-79.49922,43.692854],[-79.500592,43.692549],[-79.49880240616805,43.69294702003286],[-79.49826045407846,43.692678231955526],[-79.499071,43.692498]]],[[[-79.511076,43.693656],[-79.509491,43.693994],[-79.508651,43.692095],[-79.51021475063474,43.69172441182823],[-79.511076,43.693656]]],[[[-79.506988,43.695219],[-79.506378,43.694711],[-79.5036666278134,43.69535949303347],[-79.50158689385573,43.69432802235077],[-79.500891,43.691302],[-79.503928,43.69268],[-79.505214,43.693721],[-79.506988,43.695219]]],[[[-79.518293,43.693497],[-79.5186394362085,43.69387212624027],[-79.51790649595844,43.69403624112235],[-79.517683,43.69379],[-79.518293,43.693497]]],[[[-79.488808,43.691671],[-79.489991,43.691914],[-79.491138,43.692443],[-79.4928902665004,43.69057185110875],[-79.50907075404247,43.69858577758514],[-79.505584,43.69686],[-79.504944,43.69701],[-79.505184,43.697313],[-79.504896,43.697021],[-79.503713,43.69729],[-79.502977,43.697458],[-79.502409,43.697587],[-79.502894,43.699553],[-79.50238,43.697594],[-79.50166,43.697549],[-79.50188938982971,43.69815225098486],[-79.501691,43.698161],[-79.501374,43.698508],[-79.500051,43.698605],[-79.499877,43.698292],[-79.498897,43.698405],[-79.499022,43.697332],[-79.500819,43.69748],[-79.500802,43.697356],[-79.502023,43.696078],[-79.501751,43.694983],[-79.497451,43.692833],[-79.49565172721219,43.694719207581976],[-79.493546,43.693652],[-79.48721233683641,43.69508137332533],[-79.486108,43.694615],[-79.48387,43.691069],[-79.484278,43.691013],[-79.48472,43.691171],[-79.484885,43.691844],[-79.486351,43.691553],[-79.486726,43.692692],[-79.487443,43.692006],[-79.487994,43.691783],[-79.488808,43.691671]]],[[[-79.520926,43.695547],[-79.520592973134,43.695830037675385],[-79.51995470757194,43.695276117244774],[-79.520518,43.695142],[-79.521427,43.695966],[-79.520926,43.695547]]],[[[-79.511608,43.697097],[-79.511531,43.696848],[-79.511814,43.697474],[-79.51147,43.697843],[-79.511539,43.69796],[-79.511775,43.697614],[-79.512246,43.697463],[-79.512975,43.697685],[-79.513031,43.697601],[-79.512595,43.698265],[-79.513109,43.698507],[-79.514071,43.698636],[-79.51472637767164,43.69858826384183],[-79.514552,43.69894],[-79.51478,43.699022],[-79.51453219550777,43.69950865219559],[-79.511272,43.69835],[-79.510928,43.698941],[-79.51242131302499,43.699701491248554],[-79.50818301039244,43.69759945079584],[-79.508781,43.697461],[-79.508447,43.697178],[-79.509108,43.697024],[-79.509443,43.697309],[-79.510215,43.697127],[-79.510331,43.697396],[-79.511608,43.697097]],[[-79.5142,43.698925],[-79.514501,43.699031],[-79.514717,43.698589],[-79.51441,43.698613],[-79.5142,43.698925]]],[[[-79.522447,43.698699],[-79.523178,43.699187],[-79.523423,43.69959],[-79.523346,43.699465],[-79.52222838066794,43.69983554224503],[-79.521152,43.698985],[-79.520888,43.69847],[-79.521111,43.698874],[-79.521592,43.698707],[-79.521839,43.698983],[-79.522447,43.698699]]],[[[-79.51476304958605,43.70048103305802],[-79.51760410234654,43.6998252335017],[-79.517739,43.700133],[-79.51821686353733,43.70016512423252],[-79.517608,43.700558],[-79.516741,43.700311],[-79.516255,43.701185],[-79.515534,43.700816],[-79.515324,43.700355],[-79.51476304958605,43.70048103305802]]],[[[-79.512125,43.701091],[-79.50833012154486,43.701977068318534],[-79.50733922322668,43.699793911165806],[-79.51024303829347,43.699166390485246],[-79.513396,43.700728],[-79.513191,43.700842],[-79.51589394105362,43.702168798651066],[-79.51565,43.702395],[-79.514247,43.7017],[-79.513622,43.702322],[-79.51303,43.702407],[-79.512874,43.702041],[-79.512565,43.702113],[-79.512125,43.701091]]],[[[-79.4962280640914,43.7006092548368],[-79.496773,43.702776],[-79.498431,43.702411],[-79.493521,43.703502],[-79.495073,43.703154],[-79.49455291579908,43.70098212837695],[-79.4962280640914,43.7006092548368]]],[[[-79.521927,43.702757],[-79.522027146408,43.702797609196374],[-79.521872,43.703016],[-79.521282,43.702694],[-79.521224,43.702786],[-79.52098,43.702692],[-79.520778,43.703016],[-79.521291,43.703217],[-79.52084983685445,43.70388172555039],[-79.51959445684653,43.703259103763095],[-79.519749,43.703124],[-79.51913389786607,43.702818446017886],[-79.519754,43.703126],[-79.520151,43.702772],[-79.5194783667166,43.70251229987135],[-79.519769,43.702254],[-79.52010092257999,43.701963187097356],[-79.520406,43.702143],[-79.520975,43.70146],[-79.519359,43.701028],[-79.52068,43.70138],[-79.520818,43.701016],[-79.52056028891951,43.700940411048805],[-79.521384,43.701165],[-79.52167409697465,43.700754761854036],[-79.52386755048225,43.701959447647674],[-79.523697,43.701895],[-79.52344728924027,43.7022565811801],[-79.522839,43.702024],[-79.522483,43.702494],[-79.521927,43.702757]]],[[[-79.500955,43.701767],[-79.50122646488076,43.7027181200588],[-79.499823,43.703033],[-79.499938,43.703496],[-79.499588,43.702103],[-79.500955,43.701767]]],[[[-79.512177,43.703339],[-79.512454,43.70402],[-79.510625,43.704444],[-79.510479,43.704112],[-79.509388,43.704366],[-79.508944,43.703354],[-79.512496,43.702531],[-79.512792,43.703192],[-79.512177,43.703339]]],[[[-79.49880715044468,43.703883301850645],[-79.500078,43.703614],[-79.500542,43.704733],[-79.50067488555405,43.70480744793088],[-79.500474,43.704871],[-79.50067,43.705343],[-79.498322,43.705865],[-79.49786660088942,43.70478986630929],[-79.49912,43.704511],[-79.49880715044468,43.703883301850645]]],[[[-79.508104,43.7059],[-79.509893,43.705492],[-79.510223,43.706341],[-79.508384,43.706766],[-79.508104,43.7059]]],[[[-79.503487,43.707098],[-79.503728,43.707614],[-79.50302604590222,43.70777373258882],[-79.50230370770866,43.70697478276868],[-79.502809,43.706862],[-79.502999,43.707208],[-79.503487,43.707098]]],[[[-79.505501709484,43.70922750990183],[-79.505301,43.708504],[-79.50398999074154,43.7087869559817],[-79.503933,43.708516],[-79.50367,43.708532],[-79.503728,43.707614],[-79.504996,43.707368],[-79.50488877435342,43.70689373271701],[-79.505501709484,43.70922750990183]]],[[[-79.50932,43.710449],[-79.508505,43.708595],[-79.510959,43.708029],[-79.511431,43.708893],[-79.52021,43.706858],[-79.511733,43.708827],[-79.5125109085885,43.710580793912875],[-79.511012,43.710935],[-79.510652,43.710804],[-79.510461,43.710226],[-79.509902,43.710355],[-79.509909,43.710574],[-79.50932,43.710449]]],[[[-79.494856,43.709864],[-79.496957,43.709394],[-79.497102,43.709736],[-79.496884,43.709784],[-79.497001,43.71006],[-79.497304,43.709992],[-79.497654,43.710835],[-79.495824,43.711251],[-79.495466,43.710402],[-79.495115,43.71048],[-79.494856,43.709864]]],[[[-79.51684,43.713346],[-79.516138,43.711697],[-79.516705,43.711571],[-79.516527,43.711166],[-79.517137,43.711025],[-79.517319,43.711434],[-79.518994,43.711059],[-79.518453,43.711184],[-79.51919675667219,43.71291243452445],[-79.516997,43.713406],[-79.51684,43.713346]]],[[[-79.519516,43.714624],[-79.516542,43.713508],[-79.519746,43.714678],[-79.52561650703424,43.71333001212952],[-79.52632785868578,43.71504043849661],[-79.524204,43.715365],[-79.521665,43.715144],[-79.519516,43.714624]]],[[[-79.515396,43.715866],[-79.513923,43.7164],[-79.512041,43.71672],[-79.510672,43.716807],[-79.510606,43.716658],[-79.509574,43.716891],[-79.507484,43.717065],[-79.50660838653172,43.717089908439604],[-79.50765,43.717039],[-79.507428,43.716239],[-79.50646,43.716682],[-79.50610405755745,43.717104255007186],[-79.50351276105965,43.71717796921404],[-79.503126,43.716354],[-79.50214505090297,43.716560988862014],[-79.503219,43.716326],[-79.503808,43.716006],[-79.504757,43.715741],[-79.506322,43.715429],[-79.507225,43.715456],[-79.50695733479053,43.71446633011113],[-79.507082,43.714447],[-79.50701,43.712868],[-79.507553,43.712554],[-79.509096,43.712514],[-79.512438,43.713159],[-79.514796,43.714112],[-79.51547,43.71451],[-79.515669,43.714965],[-79.515396,43.715866]]],[[[-79.515639,43.717573],[-79.517761,43.718279],[-79.518007,43.718851],[-79.51885,43.718667],[-79.518888,43.718755],[-79.519159,43.718694],[-79.519834,43.719376],[-79.51878351188532,43.7196030219397],[-79.518429,43.718761],[-79.51319563388306,43.71996369263466],[-79.51266,43.718051],[-79.511961,43.718213],[-79.51224391352669,43.71931757277121],[-79.511958,43.718214],[-79.510709,43.718499],[-79.510884,43.719123],[-79.509297,43.719485],[-79.509137,43.718855],[-79.508158,43.719077],[-79.508489,43.720353],[-79.507954,43.718317],[-79.510559,43.717845],[-79.51196242442809,43.71772746873317],[-79.512154,43.718168],[-79.5150907257319,43.71748706359434],[-79.515639,43.717573]]],[[[-79.519117,43.720384],[-79.520541,43.722008],[-79.5218820305957,43.72150092895977],[-79.52216790249527,43.72186453422876],[-79.520733,43.72223],[-79.52082840264764,43.72238589198592],[-79.519117,43.720384]]],[[[-79.4969873054066,43.72263593171715],[-79.496772,43.722131],[-79.4962953236339,43.72223792740288],[-79.496228,43.72208],[-79.496704,43.721971],[-79.496551,43.721611],[-79.49814,43.721256],[-79.49857676748455,43.72228005257887],[-79.4969873054066,43.72263593171715]]],[[[-79.510739,43.723455],[-79.510303,43.723275],[-79.510093,43.72332],[-79.510008,43.72295],[-79.50947209297283,43.72244708724876],[-79.50977624178705,43.72240722141549],[-79.5105,43.72307],[-79.511085,43.723217],[-79.512932,43.722962],[-79.509329,43.723772],[-79.510739,43.723455]]],[[[-79.518773,43.723099],[-79.519174,43.724261],[-79.5171420734022,43.72471398363622],[-79.516652,43.723065],[-79.516797,43.723549],[-79.518773,43.723099]]],[[[-79.513673,43.725061],[-79.513106,43.725139],[-79.513018,43.724829],[-79.512866,43.724755],[-79.51165,43.724894],[-79.510729,43.724761],[-79.509608,43.724894],[-79.509472,43.72435],[-79.509361,43.723902],[-79.50930764756471,43.72368606303824],[-79.509371,43.723942],[-79.511558,43.723657],[-79.514984,43.723969],[-79.515609,43.724752],[-79.515926,43.724709],[-79.516157,43.725674],[-79.515709,43.72573],[-79.515734,43.726056],[-79.51533686172118,43.72611094388809],[-79.515231,43.725687],[-79.513882,43.72587],[-79.513673,43.725061]]],[[[-79.509608,43.724894],[-79.50978399603183,43.72559700090926],[-79.509029,43.72577],[-79.508559,43.725267],[-79.509608,43.724894]]],[[[-79.501441,43.726195],[-79.503687,43.725677],[-79.504238,43.726961],[-79.50197,43.727482],[-79.501441,43.726195]]],[[[-79.51997252022348,43.72714305836456],[-79.519488,43.727202],[-79.519689,43.728062],[-79.51926,43.726228],[-79.521981,43.725606],[-79.523232,43.725317],[-79.521982,43.725607],[-79.522185,43.726133],[-79.521263,43.726342],[-79.521623,43.727874],[-79.521261,43.726334],[-79.520167,43.726581],[-79.52031,43.726921],[-79.51997252022348,43.72714305836456]]],[[[-79.51519810368536,43.72657340284316],[-79.515503,43.727758],[-79.515171,43.727794],[-79.515197,43.727974],[-79.513837,43.728025],[-79.51353,43.7268],[-79.51519810368536,43.72657340284316]]],[[[-79.518175,43.726772],[-79.518784,43.727188],[-79.518399,43.727556],[-79.518635,43.728296],[-79.519689,43.728062],[-79.520163,43.727956],[-79.51997907188785,43.72716898128852],[-79.5205296951903,43.72887176500224],[-79.51911442784537,43.72919290307394],[-79.518558,43.728314],[-79.51757363840102,43.72853022460832],[-79.517452,43.727933],[-79.517183,43.727408],[-79.517297,43.726851],[-79.5171200528459,43.72661098825022],[-79.51806,43.726402],[-79.518175,43.726772]]],[[[-79.5093310667166,43.73125698462165],[-79.50929,43.731129],[-79.50894944124069,43.73118658719545],[-79.50879028229527,43.730688469433474],[-79.51090598052222,43.73019663182213],[-79.511015,43.730649],[-79.51167388136773,43.733475606419915],[-79.511278,43.731817],[-79.511062,43.730858],[-79.5093310667166,43.73125698462165]]],[[[-79.504193,43.733664],[-79.503779,43.732393],[-79.506303,43.731894],[-79.507017,43.733295],[-79.505524,43.733778],[-79.504193,43.733664]]],[[[-79.508914,43.73481],[-79.510177,43.734006],[-79.510872,43.733868],[-79.511118,43.733671],[-79.5116837773329,43.733518060190924],[-79.5119062810967,43.734472603145115],[-79.511831,43.734163],[-79.508491,43.734904],[-79.508599,43.735308],[-79.508264,43.735366],[-79.508088,43.735132],[-79.50814,43.734964],[-79.506418,43.735247],[-79.508914,43.73481]]],[[[-79.503841,43.737371],[-79.504599,43.739112],[-79.503305,43.739458],[-79.502649,43.737705],[-79.503841,43.737371]]],[[[-79.501502,43.7415],[-79.501156,43.740693],[-79.503057,43.74027],[-79.503401,43.741076],[-79.509681,43.739673],[-79.50977677297365,43.73965662164638],[-79.501502,43.7415]]],[[[-79.51786,43.740677],[-79.518238,43.742121],[-79.51630102448263,43.742568303933666],[-79.51592918014381,43.741119701790225],[-79.51786,43.740677]]],[[[-79.512171,43.741838],[-79.512958,43.741462],[-79.513664,43.741228],[-79.514976,43.740937],[-79.514571,43.741031],[-79.514712,43.741701],[-79.51456,43.741736],[-79.51469786229312,43.74227546114699],[-79.512766,43.742779],[-79.512833,43.742937],[-79.512106,43.743097],[-79.511802,43.742385],[-79.511543,43.742134],[-79.512171,43.741838]]],[[[-79.50889169332318,43.74472328684788],[-79.506912,43.745163],[-79.507575,43.745015],[-79.506867,43.743342],[-79.505122,43.743715],[-79.508176,43.743059],[-79.50889169332318,43.74472328684788]]],[[[-79.51488698645967,43.746180003024726],[-79.515404,43.748243],[-79.51846313984636,43.747552533825285],[-79.51893826742192,43.749366203583214],[-79.51785,43.749602],[-79.517617,43.748699],[-79.515642,43.749139],[-79.51604,43.750718],[-79.515022,43.750952],[-79.515147,43.751445],[-79.51502,43.750953],[-79.513745,43.751244],[-79.514254,43.752269],[-79.514209,43.752526],[-79.51296033071702,43.752671628884066],[-79.51286,43.751834],[-79.512722,43.751479],[-79.512292,43.751022],[-79.511173,43.75166],[-79.510497,43.750897],[-79.510957,43.750828],[-79.511666,43.750423],[-79.510392,43.74921],[-79.511237,43.748596],[-79.50940471573774,43.747404666886524],[-79.51488698645967,43.746180003024726]],[[-79.513803,43.74735],[-79.51257,43.747653],[-79.512026,43.748023],[-79.513656,43.748864],[-79.514174,43.748223],[-79.513803,43.74735]]],[[[-79.504465,43.753641],[-79.504465,43.754134],[-79.502102,43.753984],[-79.502242,43.753297],[-79.50207118433815,43.75285347863238],[-79.503763,43.75248],[-79.504465,43.753641]]],[[[-79.497051,43.755208],[-79.496434,43.754098],[-79.496549,43.753688],[-79.496937,43.753193],[-79.497854,43.75229],[-79.496887,43.751944],[-79.497855,43.75229],[-79.498849,43.752903],[-79.499829,43.754232],[-79.500074,43.754708],[-79.49976,43.754144],[-79.496825,43.754801],[-79.497051,43.755208]]],[[[-79.51339919832493,43.756493119817044],[-79.513978,43.755949],[-79.514109,43.755479],[-79.515871,43.755088],[-79.51536727544757,43.75389865036233],[-79.516757,43.753578],[-79.51641564818216,43.75219184759055],[-79.518248,43.751761],[-79.517959,43.751106],[-79.516247,43.75151],[-79.51634779999968,43.75191919999874],[-79.51604,43.750718],[-79.517282,43.750428],[-79.518435,43.749997],[-79.518605,43.750406],[-79.520127,43.750074],[-79.521048,43.752287],[-79.521409,43.752204],[-79.519583,43.752661],[-79.51982,43.753013],[-79.520246,43.754677],[-79.519753,43.754473],[-79.518845,43.754451],[-79.518416,43.754649],[-79.518125,43.754485],[-79.517677,43.754679],[-79.518179,43.755066],[-79.519126,43.755329],[-79.519268,43.75544],[-79.5193759525374,43.75586400635173],[-79.517395,43.756128],[-79.517691,43.757264],[-79.517445,43.756321],[-79.515217,43.756796],[-79.513937,43.756739],[-79.51339919832493,43.756493119817044]],[[-79.517993,43.754202],[-79.516972,43.754429],[-79.517075,43.754854],[-79.518125,43.754485],[-79.517993,43.754202]]],[[[-79.511085,43.753932],[-79.50985,43.754057],[-79.5111,43.753905],[-79.51125166447476,43.75363339678247],[-79.511889,43.754016],[-79.511951,43.754287],[-79.51232479824745,43.754556267056124],[-79.511885,43.754654],[-79.511889,43.755189],[-79.511544,43.755722],[-79.508429,43.756479],[-79.510249,43.756016],[-79.509723,43.754921],[-79.511148,43.754179],[-79.511085,43.753932]]],[[[-79.49730415991361,43.75637786102316],[-79.497747,43.755993],[-79.49959443298283,43.7561168949107],[-79.499398,43.756474],[-79.503115,43.757071],[-79.503049,43.756646],[-79.503203,43.757086],[-79.503579,43.757466],[-79.503146,43.757141],[-79.50134,43.758906],[-79.499597,43.759295],[-79.499024,43.757588],[-79.499055,43.757104],[-79.499425,43.756424],[-79.498815,43.756352],[-79.49850383589578,43.75695914947166],[-79.498001,43.756827],[-79.49730415991361,43.75637786102316]]],[[[-79.507371,43.757915],[-79.50785765930956,43.75929603319469],[-79.50706795914137,43.759473817838575],[-79.50674185346288,43.75801993002204],[-79.507371,43.757915]]],[[[-79.512554,43.757481],[-79.51312590452174,43.75739317496683],[-79.513407,43.758068],[-79.516193,43.757459],[-79.517691,43.757264],[-79.518357,43.759967],[-79.51654965308906,43.76035543407156],[-79.515935,43.759658],[-79.514258,43.759006],[-79.513601,43.758484],[-79.5121040415499,43.75886499194131],[-79.511907,43.758399],[-79.511439,43.758502],[-79.51105545466635,43.757599830384876],[-79.511754,43.757407],[-79.512554,43.757481]],[[-79.51338,43.758074],[-79.513408,43.758068],[-79.513407,43.758068],[-79.51338,43.758074]]],[[[-79.499791,43.760487],[-79.500004,43.761063],[-79.499104,43.761259],[-79.498864,43.760693],[-79.499791,43.760487]]],[[[-79.51675341804513,43.76244593508172],[-79.516966,43.761971],[-79.516946,43.76128],[-79.51634291481162,43.76140795721925],[-79.518583,43.760922],[-79.518357,43.759967],[-79.518822,43.761918],[-79.519561,43.761807],[-79.520602,43.761433],[-79.521419,43.761835],[-79.521457,43.762613],[-79.521428,43.762092],[-79.518978,43.762635],[-79.519051,43.762971],[-79.51790506004525,43.763295752365835],[-79.51675341804513,43.76244593508172]]],[[[-79.51523862996402,43.761647517391594],[-79.515836,43.763095],[-79.51476,43.76341],[-79.513701,43.76278],[-79.51307162893036,43.762117619958175],[-79.51523862996402,43.761647517391594]]],[[[-79.517591,43.768094],[-79.517774,43.76853],[-79.517481,43.767835],[-79.516974,43.767947],[-79.516556,43.766955],[-79.516687,43.766926],[-79.51656553543219,43.7666389909809],[-79.519689,43.765909],[-79.51936020244437,43.76439295531411],[-79.521,43.764031],[-79.52133652110824,43.7629868272834],[-79.523335,43.763087],[-79.52299605265947,43.764264817261214],[-79.520926,43.764699],[-79.521366,43.766135],[-79.52184217183805,43.76677629562942],[-79.519989,43.767181],[-79.52007593894322,43.76754901339073],[-79.517591,43.768094]]],[[[-79.511198,43.767092],[-79.510757,43.766388],[-79.510305,43.765928],[-79.509418,43.765667],[-79.509103,43.7653],[-79.508528,43.765158],[-79.508689,43.764838],[-79.50843620159492,43.764519009254855],[-79.508937,43.764542],[-79.510242,43.765086],[-79.511545,43.765223],[-79.511698,43.766155],[-79.511837,43.766409],[-79.512714,43.767103],[-79.51382841701421,43.76732844222508],[-79.513442,43.767303],[-79.51366,43.767822],[-79.513154,43.767934],[-79.51323168148083,43.768118071335024],[-79.51208,43.768376],[-79.512511,43.768972],[-79.511774,43.767953],[-79.511182,43.767421],[-79.511198,43.767092]]],[[[-79.51503982714952,43.76783451299031],[-79.51476848202873,43.76721438699489],[-79.51632969613445,43.76669902280214],[-79.516866,43.767971],[-79.516658,43.767478],[-79.51503982714952,43.76783451299031]]],[[[-79.52093,43.768224],[-79.521118,43.768667],[-79.52120947512465,43.76864690661732],[-79.520364,43.768836],[-79.520515,43.769397],[-79.52145,43.769197],[-79.520515,43.769399],[-79.520678,43.770078],[-79.522502,43.769681],[-79.52199628867056,43.76847407552541],[-79.52293081660484,43.768268797560715],[-79.523342,43.76959],[-79.523243,43.769856],[-79.522696,43.770416],[-79.52251175350914,43.771310231126456],[-79.51979578128004,43.771914481713104],[-79.519495454513,43.77120281630475],[-79.519935,43.771116],[-79.519609,43.770345],[-79.51866,43.770555],[-79.519273,43.770419],[-79.518715,43.76918],[-79.517273,43.769589],[-79.516499,43.769979],[-79.51560220288292,43.76938574751946],[-79.51526,43.768576],[-79.516321,43.768341],[-79.516393,43.768512],[-79.51754073721648,43.7682570583709],[-79.517973,43.769029],[-79.5178,43.769068],[-79.517951,43.769363],[-79.518206,43.769297],[-79.51787307076623,43.76851052944478],[-79.5201952705128,43.76805414336743],[-79.52027,43.76837],[-79.5227607759926,43.76780386924219],[-79.52093,43.768224]]],[[[-79.4931451707812,43.602031735601706],[-79.493514,43.602783],[-79.492886,43.603004],[-79.493166,43.603652],[-79.492781,43.602798],[-79.49231473175533,43.602817173647445],[-79.492498,43.602662],[-79.49259,43.602136],[-79.4931451707812,43.602031735601706]]],[[[-79.495793,43.603281],[-79.495428,43.603362],[-79.49518364061943,43.60279764619251],[-79.49552647404866,43.60265247611476],[-79.495793,43.603281]]],[[[-79.4897549291047,43.6053005847389],[-79.49002564550224,43.60506086805044],[-79.49108,43.605531],[-79.491406,43.605004],[-79.49055688593243,43.60454507175824],[-79.49075795066366,43.60431603427773],[-79.491559,43.604807],[-79.49178146012906,43.604609036120735],[-79.491451,43.60494],[-79.49092883765856,43.60584040094506],[-79.4897549291047,43.6053005847389]]],[[[-79.486868,43.613076],[-79.487022,43.612979],[-79.486937,43.612694],[-79.486549,43.61263],[-79.486442,43.612939],[-79.486171,43.612755],[-79.486199,43.612315],[-79.486665,43.612257],[-79.486809,43.611966],[-79.486784,43.611814],[-79.486401,43.611667],[-79.486691,43.611562],[-79.48677,43.611143],[-79.486271,43.610946],[-79.486334,43.610824],[-79.4865673940256,43.61080921194879],[-79.486853,43.611052],[-79.486892,43.611515],[-79.487385,43.612017],[-79.487198,43.612568],[-79.488878,43.612946],[-79.487242,43.612601],[-79.487682,43.613001],[-79.487506,43.613401],[-79.487154,43.613739],[-79.486518,43.613752],[-79.486258,43.613959],[-79.48608,43.614541],[-79.485827,43.61481],[-79.485835,43.615022],[-79.485415,43.615696],[-79.485428,43.61629],[-79.485159,43.616938],[-79.484877,43.617431],[-79.484285,43.617995],[-79.486599,43.618685],[-79.484495,43.618058],[-79.483808,43.618007],[-79.48315675588385,43.6183824572319],[-79.4838,43.617918],[-79.484413,43.617703],[-79.484799,43.617227],[-79.484931,43.616725],[-79.485206,43.616384],[-79.48533,43.615653],[-79.485923,43.614531],[-79.485998,43.613835],[-79.486292,43.613597],[-79.48669,43.613598],[-79.486868,43.613076]]],[[[-79.488657,43.614962],[-79.489776,43.615158],[-79.489401,43.615096],[-79.48914125634853,43.61556253939516],[-79.488975,43.615535],[-79.488467,43.615907],[-79.48901,43.615449],[-79.488441,43.615355],[-79.488657,43.614962]]],[[[-79.49343484509144,43.61878092349562],[-79.4934,43.618757],[-79.495506,43.617178],[-79.495073,43.616878],[-79.49569995864263,43.61643031389183],[-79.496185,43.6168],[-79.49690452176618,43.616328145199645],[-79.495582,43.617243],[-79.495498,43.617185],[-79.49343484509144,43.61878092349562]]],[[[-79.485007,43.619998],[-79.484705,43.619559],[-79.484767,43.619458],[-79.48385,43.619158],[-79.483938,43.618892],[-79.48359455444842,43.618780475245245],[-79.485983,43.619554],[-79.48614026516688,43.619394793287846],[-79.48750657627033,43.619795296393576],[-79.48729,43.619973],[-79.487774,43.620311],[-79.488713,43.619548],[-79.488217,43.619213],[-79.4887192278719,43.61880415359574],[-79.49081,43.620345],[-79.490195,43.619914],[-79.489183,43.620739],[-79.489846,43.62121],[-79.488766,43.62046],[-79.487842,43.621085],[-79.486683,43.620278],[-79.485824,43.620004],[-79.485306,43.620392],[-79.48626982009216,43.621067659875784],[-79.484945,43.620141],[-79.48459441176513,43.6200955499315],[-79.485007,43.619998]]],[[[-79.477271,43.618314],[-79.477677,43.618413],[-79.478167,43.619098],[-79.478324,43.619107],[-79.47884,43.618603],[-79.478657,43.61818],[-79.478338,43.617918],[-79.477274,43.617352],[-79.476733,43.61746],[-79.475911,43.618196],[-79.475194,43.617988],[-79.474933,43.617777],[-79.475003,43.617592],[-79.475463,43.617674],[-79.475761,43.617524],[-79.47735,43.615549],[-79.477549,43.615111],[-79.47742,43.614826],[-79.476924,43.614448],[-79.477008,43.614322],[-79.477285,43.614192],[-79.478279,43.614439],[-79.478618,43.614237],[-79.479278,43.613031],[-79.478906,43.612392],[-79.478929,43.61209],[-79.479063,43.611973],[-79.479437,43.611919],[-79.479796,43.612122],[-79.480291,43.613063],[-79.480576,43.61336],[-79.480801,43.613418],[-79.481791,43.613369],[-79.482443,43.613153],[-79.482707,43.612923],[-79.482789,43.612392],[-79.483072,43.61237],[-79.483427,43.612816],[-79.484178,43.613212],[-79.483536,43.614152],[-79.483324,43.614737],[-79.483147,43.61476],[-79.483055,43.614247],[-79.482831,43.614179],[-79.482841,43.614004],[-79.482701,43.613959],[-79.481778,43.614107],[-79.480523,43.614048],[-79.480378,43.614215],[-79.480105,43.615268],[-79.480128,43.615461],[-79.48053,43.615601],[-79.480426,43.616191],[-79.480061,43.616168],[-79.478847,43.61709],[-79.480561,43.618378],[-79.481176,43.61804],[-79.481312,43.617833],[-79.481669,43.618132],[-79.481222,43.618531],[-79.48139,43.618678],[-79.481553,43.618624],[-79.481632,43.618768],[-79.482533,43.618437],[-79.4831120939201,43.61839775561864],[-79.482603,43.618459],[-79.481341,43.618938],[-79.481324,43.619473],[-79.481501,43.619789],[-79.481975,43.620113],[-79.483268,43.620512],[-79.48407855364626,43.620217516385964],[-79.485024,43.620887],[-79.484427,43.621337],[-79.484626,43.621386],[-79.484199,43.621711],[-79.483539,43.62163],[-79.4832,43.622066],[-79.482477,43.621745],[-79.482029,43.621911],[-79.485181,43.622962],[-79.486763,43.623777],[-79.486462,43.623752],[-79.486382,43.624049],[-79.486059,43.62443],[-79.48387695299759,43.626042930940976],[-79.485126,43.625094],[-79.483407,43.623829],[-79.481211,43.622969],[-79.479975,43.62526],[-79.47870413885165,43.628134981894114],[-79.476386,43.627791],[-79.477495,43.624662],[-79.478536,43.622985],[-79.479204,43.622579],[-79.479787,43.622522],[-79.480198,43.621891],[-79.480329,43.621393],[-79.481839,43.622156],[-79.481972,43.621983],[-79.481576,43.621817],[-79.481425,43.621551],[-79.481625,43.620845],[-79.481455,43.620718],[-79.480994,43.620705],[-79.480539,43.621069],[-79.479939,43.620871],[-79.479446,43.620466],[-79.47956,43.620367],[-79.479463,43.620286],[-79.479225,43.620354],[-79.478077,43.619773],[-79.477129,43.619611],[-79.476514,43.619079],[-79.476479,43.618899],[-79.476665,43.618553],[-79.477271,43.618314]]],[[[-79.497214,43.621426],[-79.49651102799812,43.61976080391044],[-79.496871,43.620598],[-79.499926,43.619904],[-79.499335,43.620039],[-79.499688,43.620881],[-79.500287,43.620749],[-79.492215,43.622534],[-79.492556,43.623377],[-79.492858,43.624072],[-79.492996,43.624394],[-79.489251,43.625143],[-79.489192,43.625002],[-79.488839,43.624169],[-79.490128,43.623907],[-79.48978,43.623079],[-79.48774900545118,43.62356258241282],[-79.48938177108208,43.622336120556625],[-79.489686,43.622546],[-79.490491,43.621928],[-79.491209,43.621767],[-79.491586,43.622676],[-79.492217,43.622533],[-79.497214,43.621426]],[[-79.491934,43.623516],[-79.492084,43.623869],[-79.492709,43.62373],[-79.492556,43.623377],[-79.491934,43.623516]]],[[[-79.490278,43.628321],[-79.490408,43.62842],[-79.4909946045984,43.628901675326105],[-79.49036957162873,43.62904868949574],[-79.48981092797897,43.628643757492625],[-79.490278,43.628321]]],[[[-79.483169,43.630009],[-79.483405,43.63057],[-79.48354348781372,43.630539757363294],[-79.480647,43.631242],[-79.47997,43.630937],[-79.479872,43.630707],[-79.47928,43.630608],[-79.47949,43.630446],[-79.478851,43.63034],[-79.482177,43.627789],[-79.484391,43.62732],[-79.487056,43.626549],[-79.48736824780713,43.6267981719607],[-79.483196,43.627752],[-79.482346,43.628401],[-79.482491,43.628148],[-79.480905,43.62936],[-79.483169,43.630009]]],[[[-79.476914,43.628178],[-79.47856883475998,43.62847424190724],[-79.477553,43.629737],[-79.47553279613585,43.631259216946034],[-79.473277,43.630219],[-79.474039,43.63057],[-79.474597,43.629907],[-79.475343,43.629379],[-79.475688,43.629244],[-79.475811,43.629558],[-79.476339,43.628882],[-79.476805,43.628514],[-79.476914,43.628178]]],[[[-79.4842632295766,43.63038258188284],[-79.484422,43.630785],[-79.48481473567847,43.63070922378558],[-79.48373434789181,43.6309706874965],[-79.48355600942693,43.63053702292342],[-79.4842632295766,43.63038258188284]]],[[[-79.472784,43.633153],[-79.472887,43.633199],[-79.471493,43.632654],[-79.4708223877074,43.63196997546155],[-79.470915,43.632003],[-79.4713866839698,43.63139560233248],[-79.47349974576193,43.63275721084213],[-79.472784,43.633153]]],[[[-79.489484,43.634478],[-79.489643,43.634302],[-79.48958,43.634149],[-79.490799,43.633884],[-79.490863,43.634033],[-79.491188,43.633962],[-79.4914247329039,43.63451038128369],[-79.489915,43.634839],[-79.489714,43.634491],[-79.489484,43.634478]]],[[[-79.48913,43.636181],[-79.489408,43.636058],[-79.48906111832368,43.63502935087911],[-79.489915,43.634839],[-79.490334,43.635819],[-79.48913,43.636181]]],[[[-79.468634630043,43.63557000250184],[-79.46709589943319,43.63625907492242],[-79.46674068031187,43.63583243104481],[-79.468181,43.635203],[-79.468494,43.635564],[-79.468634630043,43.63557000250184]]],[[[-79.470277,43.637517],[-79.469478,43.636815],[-79.46901522549118,43.63622128929105],[-79.47238582233614,43.634724562002404],[-79.472881,43.635149],[-79.474113,43.635829],[-79.47426057458944,43.635944772125924],[-79.473494,43.635492],[-79.472653,43.636181],[-79.471044,43.636958],[-79.471304,43.637287],[-79.470871,43.637504],[-79.470687,43.637323],[-79.470277,43.637517]],[[-79.47216,43.634915],[-79.471558,43.63524],[-79.471942,43.635596],[-79.472223,43.635489],[-79.472194,43.635235],[-79.472451,43.63508],[-79.47216,43.634915]]],[[[-79.49275035663307,43.636941830851676],[-79.493668,43.636743],[-79.49290429994514,43.63496721893786],[-79.493428,43.636157],[-79.49399305952385,43.637526502718686],[-79.493919,43.637359],[-79.493061,43.63754],[-79.492945,43.637973],[-79.493026,43.637584],[-79.49275035663307,43.636941830851676]]],[[[-79.49667,43.636881],[-79.497409,43.638183],[-79.496075,43.638481],[-79.496005,43.638328],[-79.49449114436658,43.638653036633045],[-79.49414894605631,43.637879076116924],[-79.495535,43.637581],[-79.494969,43.636272],[-79.495283,43.63699],[-79.49667,43.636881]]],[[[-79.4738595270001,43.63749150073651],[-79.474243,43.638065],[-79.47291,43.638874],[-79.47209667519655,43.63809077047143],[-79.4738595270001,43.63749150073651]]],[[[-79.474594,43.637193],[-79.474648,43.637049],[-79.47525826781597,43.63678709637895],[-79.474855,43.636969],[-79.475296,43.637391],[-79.476407,43.638965],[-79.474928,43.639877],[-79.47616,43.63911],[-79.47551,43.638467],[-79.475015,43.638725],[-79.474412,43.63801],[-79.47342,43.636515],[-79.473985,43.637361],[-79.474594,43.637193]]],[[[-79.490188,43.640545],[-79.490373,43.641],[-79.489807,43.641122],[-79.489424,43.640972],[-79.488859,43.641121],[-79.488746,43.640856],[-79.490188,43.640545]]],[[[-79.477627,43.643543],[-79.47796190696101,43.64407902099341],[-79.475905,43.644516],[-79.474758,43.644523],[-79.474512,43.643921],[-79.47391,43.644058],[-79.473622,43.64339],[-79.475801,43.642892],[-79.476264,43.642644],[-79.474889,43.641694],[-79.477627,43.643543]]],[[[-79.490844,43.648102],[-79.490599,43.648667],[-79.49075,43.648279],[-79.489146,43.648192],[-79.488441,43.648579],[-79.489053,43.648212],[-79.48902704343938,43.64777373345736],[-79.490563,43.648007],[-79.491082,43.647312],[-79.49070720347119,43.64719096814533],[-79.491509,43.647428],[-79.49152,43.647528],[-79.491654,43.647499],[-79.491573,43.647836],[-79.491264,43.648231],[-79.49174,43.648389],[-79.490844,43.648102]]],[[[-79.485045,43.649281],[-79.48469631003317,43.64920584218561],[-79.485987,43.64818],[-79.486434,43.647999],[-79.48804103122663,43.64773446650234],[-79.48814292287102,43.64827459114154],[-79.487919,43.648263],[-79.487076,43.648883],[-79.486958,43.64882],[-79.48620483447995,43.649622971391594],[-79.485626,43.649573],[-79.485381,43.649415],[-79.48520912227075,43.64969472489083],[-79.485045,43.649281]]],[[[-79.48537590320527,43.65152773702546],[-79.484603,43.65169],[-79.48412543042741,43.650523025532586],[-79.48489608535701,43.65035352086777],[-79.48537590320527,43.65152773702546]]],[[[-79.495012,43.651948],[-79.493692,43.65195],[-79.492282,43.651562],[-79.491799,43.651296],[-79.492692,43.651152],[-79.492689,43.650813],[-79.492538,43.650812],[-79.492539,43.650703],[-79.492843,43.65045],[-79.494464,43.650524],[-79.4947763008221,43.65122617955541],[-79.494398,43.651209],[-79.494309,43.651598],[-79.494454,43.651748],[-79.4949954223828,43.65182101467562],[-79.495012,43.651948]]],[[[-79.489934,43.652297],[-79.48957708503359,43.65084946551903],[-79.49004133749634,43.65257745506879],[-79.488817,43.652826],[-79.488709,43.652563],[-79.489934,43.652297]]],[[[-79.471767,43.652838],[-79.471982,43.652763],[-79.471905,43.652608],[-79.472063,43.652506],[-79.47176100490074,43.65212401053294],[-79.47239605483819,43.651984131471025],[-79.47255184840026,43.65235763654935],[-79.472408,43.652389],[-79.472485,43.652593],[-79.473127,43.652726],[-79.472177,43.65253],[-79.472046,43.652892],[-79.471767,43.652838]]],[[[-79.466297,43.655969],[-79.466829,43.657218],[-79.465615,43.65437],[-79.46521068816632,43.65445775760731],[-79.466507,43.654145],[-79.466552,43.654247],[-79.467248,43.654095],[-79.46720723513647,43.65399789448285],[-79.4679,43.655615],[-79.466297,43.655969]]],[[[-79.4778,43.654763],[-79.478701,43.656838],[-79.478418,43.656907],[-79.478049,43.656684],[-79.477429,43.656591],[-79.477133,43.656428],[-79.476952,43.656057],[-79.476702,43.655922],[-79.475128,43.657594],[-79.474598,43.657763],[-79.473764,43.658493],[-79.472835,43.657752],[-79.474103,43.656644],[-79.47462,43.655556],[-79.475809,43.655438],[-79.47634,43.655593],[-79.476744,43.654907],[-79.4778,43.654763]]],[[[-79.49436,43.657062],[-79.493865,43.657362],[-79.494869,43.656655],[-79.494537,43.656917],[-79.4952919511237,43.65781294199579],[-79.495068,43.657929],[-79.49436,43.657062]]],[[[-79.48908247908324,43.660598690587896],[-79.488834,43.66001],[-79.488405,43.660112],[-79.488276,43.659808],[-79.488059,43.659855],[-79.487983,43.65973],[-79.48867530847714,43.6596053046691],[-79.48908247908324,43.660598690587896]]],[[[-79.472089,43.661874],[-79.471396,43.66204],[-79.470715,43.660637],[-79.469984,43.660805],[-79.469281,43.660262],[-79.46943,43.659809],[-79.470126,43.658898],[-79.470984,43.65846],[-79.471188,43.658725],[-79.471194,43.659825],[-79.471842,43.661272],[-79.473213,43.660958],[-79.473004,43.660471],[-79.473173,43.660864],[-79.474102,43.660688],[-79.473988,43.660427],[-79.474169,43.660387],[-79.473603,43.659093],[-79.474062,43.660142],[-79.474727,43.659995],[-79.475219,43.661118],[-79.474433,43.66142],[-79.474232,43.660954],[-79.473819,43.661048],[-79.473938,43.661405],[-79.474269,43.661337],[-79.474408,43.661434],[-79.47338,43.661993],[-79.47224,43.662243],[-79.472089,43.661874]]],[[[-79.491445,43.659902],[-79.491926,43.661033],[-79.490724,43.661295],[-79.49024,43.660145],[-79.491445,43.659902]]],[[[-79.48632,43.661471],[-79.484938,43.66171],[-79.484537,43.660732],[-79.485897,43.660435],[-79.48632,43.661471]]],[[[-79.487261,43.662524],[-79.487576,43.663272],[-79.486329,43.663536],[-79.485967,43.662794],[-79.488235,43.662305],[-79.487261,43.662524]]],[[[-79.46936,43.66316],[-79.468638,43.663318],[-79.468525,43.66305],[-79.469242,43.662884],[-79.46936,43.66316]]],[[[-79.488375,43.662648],[-79.48979546025022,43.66233817138793],[-79.49062514927249,43.66436238772224],[-79.489195,43.664662],[-79.488235,43.662305],[-79.488375,43.662648]]],[[[-79.46840489546722,43.66497771785398],[-79.46806,43.664185],[-79.468926,43.663974],[-79.4693620522689,43.664958288007426],[-79.46840489546722,43.66497771785398]]],[[[-79.46376604347934,43.66657891304599],[-79.463485,43.665925],[-79.463001,43.665972],[-79.46291927818486,43.66577901836425],[-79.463427,43.665791],[-79.463475,43.665901],[-79.464075,43.665826],[-79.464262,43.666271],[-79.46369,43.666401],[-79.46376604347934,43.66657891304599]]],[[[-79.46487481127238,43.666191005518854],[-79.464791,43.665995],[-79.467598,43.666013],[-79.467299,43.666038],[-79.46828926690732,43.66606270053511],[-79.467879,43.666063],[-79.467875,43.666249],[-79.467024,43.66622],[-79.46707398758494,43.66659977198014],[-79.4669510071974,43.666598696909624],[-79.46696,43.66622],[-79.46487481127238,43.666191005518854]]],[[[-79.465092,43.668182],[-79.465373,43.668832],[-79.464191,43.668976],[-79.464285,43.6692],[-79.464865,43.669067],[-79.464944,43.669257],[-79.464365,43.66939],[-79.464404,43.669481],[-79.46498,43.669346],[-79.465017,43.669437],[-79.464443,43.669575],[-79.464674,43.669729],[-79.465097,43.669629],[-79.465237,43.669961],[-79.464665,43.670096],[-79.46488462642456,43.670603743418106],[-79.464593,43.66993],[-79.464059,43.670056],[-79.463359,43.66841],[-79.46176116085405,43.66879696096586],[-79.46385778697763,43.66828817679105],[-79.464105,43.668866],[-79.464731,43.668741],[-79.46449598578181,43.66813330633117],[-79.46560304017868,43.66786465959848],[-79.46567588315769,43.668039469599556],[-79.465092,43.668182]]],[[[-79.466106,43.671559],[-79.465883,43.671441],[-79.4652962199047,43.671554646267865],[-79.46514615948963,43.671207962262386],[-79.465725,43.671071],[-79.465861,43.67139],[-79.466106,43.671559]]],[[[-79.503086,43.667113],[-79.502987,43.666954],[-79.501299,43.66661],[-79.499993,43.6665],[-79.498782,43.666635],[-79.497508,43.666925],[-79.496476,43.667555],[-79.495994,43.668101],[-79.495352,43.668129],[-79.494989,43.666989],[-79.491926,43.667528],[-79.491768,43.667185],[-79.49098,43.667316],[-79.49202,43.66971],[-79.490763,43.669989],[-79.489974,43.668094],[-79.485888,43.669003],[-79.48595693924618,43.669175013458926],[-79.484991,43.669389],[-79.485133,43.669729],[-79.48471,43.668718],[-79.484182,43.668836],[-79.48460484669933,43.66984563396293],[-79.48286440211592,43.670151611993056],[-79.48266,43.669588],[-79.482138,43.669704],[-79.482046,43.669496],[-79.481602,43.669599],[-79.481713,43.669861],[-79.48155,43.669897],[-79.481512,43.669807],[-79.480314,43.670072],[-79.480178,43.66974],[-79.479702,43.669846],[-79.48101292154028,43.67304942484751],[-79.480777,43.672504],[-79.47960780032685,43.67276751242603],[-79.479264,43.671928],[-79.47827585617583,43.67231233955879],[-79.478343,43.672125],[-79.478543,43.672018],[-79.478731,43.671912],[-79.479004,43.671646],[-79.479144,43.671246],[-79.479031,43.670825],[-79.477912,43.671024],[-79.477628,43.670309],[-79.471775,43.671632],[-79.472044,43.672268],[-79.473238,43.672006],[-79.47217,43.672244],[-79.47253948429497,43.6731484975541],[-79.472211,43.673121],[-79.472746,43.674742],[-79.475201,43.674215],[-79.474238,43.674422],[-79.4744484529981,43.674932672677855],[-79.473514,43.675205],[-79.473898,43.675709],[-79.47384,43.675863],[-79.473622,43.67656],[-79.473656,43.676653],[-79.47306595685018,43.67678137758908],[-79.473174,43.676033],[-79.470981,43.676505],[-79.474076,43.678899],[-79.475462,43.68032],[-79.475981,43.680197],[-79.47578722641502,43.67999322641502],[-79.476714,43.68092],[-79.476162,43.681039],[-79.476751,43.681609],[-79.47639,43.68168],[-79.473747,43.680029],[-79.472147,43.678858],[-79.469699,43.676844],[-79.46863744525399,43.67576784157439],[-79.468876,43.675984],[-79.469139,43.675991],[-79.469091,43.675872],[-79.470269,43.675833],[-79.469346,43.674128],[-79.467897,43.67315],[-79.467623,43.672535],[-79.465831,43.672917],[-79.46607402763024,43.673169159326],[-79.46299710852234,43.670049911415965],[-79.463453,43.670512],[-79.463612,43.670429],[-79.464391,43.671209],[-79.464538,43.671171],[-79.464846,43.671629],[-79.46503328571423,43.67160394642858],[-79.464873,43.671634],[-79.466025,43.672874],[-79.46708,43.672645],[-79.4666897685534,43.671719899083044],[-79.46723,43.671651],[-79.467098,43.671357],[-79.46650464696498,43.67147782390431],[-79.465913,43.670089],[-79.468955,43.669481],[-79.46834135170111,43.668029934559435],[-79.469389,43.667835],[-79.47183,43.668029],[-79.471816,43.668773],[-79.472101,43.669234],[-79.474116,43.668816],[-79.474578,43.669939],[-79.474889,43.669871],[-79.47508,43.67032],[-79.47729943727292,43.669733424987086],[-79.477356,43.669874],[-79.480232,43.669151],[-79.480018,43.668633],[-79.47714,43.669257],[-79.481144,43.668382],[-79.480202,43.668592],[-79.480416,43.66911],[-79.4823,43.668692],[-79.482014,43.667627],[-79.48092933651593,43.66787169848398],[-79.480795,43.667453],[-79.480967,43.667863],[-79.482195,43.667586],[-79.482408,43.6681],[-79.483108,43.667949],[-79.482105,43.665584],[-79.482461,43.665588],[-79.482293,43.665192],[-79.48266173575675,43.66511149434961],[-79.482719,43.665243],[-79.483396,43.665094],[-79.48361,43.6656],[-79.484877,43.665608],[-79.48472,43.66524],[-79.485188,43.665099],[-79.485265,43.665281],[-79.486539,43.665107],[-79.48661,43.66527],[-79.488358,43.665178],[-79.488407,43.665303],[-79.489402,43.665173],[-79.489447,43.665285],[-79.491007,43.665294],[-79.491905,43.665264],[-79.492471,43.66507],[-79.492568,43.665309],[-79.493093,43.665196],[-79.494994,43.66527],[-79.494691,43.664555],[-79.49611691687406,43.66423882279741],[-79.496237,43.664432],[-79.4968230477446,43.66471689759852],[-79.495635,43.664961],[-79.495715,43.665161],[-79.497663,43.664885],[-79.49882,43.664021],[-79.498353,43.663617],[-79.4995375464647,43.662168565134785],[-79.500861,43.662982],[-79.500079,43.662506],[-79.499593,43.663087],[-79.499911,43.66324],[-79.498944,43.664129],[-79.499694,43.664778],[-79.50078,43.664463],[-79.50121,43.664097],[-79.501114,43.664179],[-79.501319,43.664519],[-79.50215,43.664299],[-79.50282784015413,43.66357534837113],[-79.5035275101087,43.66386405037004],[-79.503047,43.664128],[-79.503128,43.664339],[-79.503699,43.664459],[-79.503835,43.664607],[-79.503927,43.66543],[-79.5061221804043,43.665299001959205],[-79.499884,43.66569],[-79.499843,43.665617],[-79.49923266197557,43.665832880310695],[-79.4901348651776,43.66638054098668],[-79.49923408442864,43.66584390432189],[-79.499251,43.665975],[-79.50339762119177,43.66573595142807],[-79.503392,43.666094],[-79.502091,43.666169],[-79.502159,43.666784],[-79.50332680175923,43.66669348798496],[-79.50336,43.666956],[-79.503242,43.66706],[-79.50427377142863,43.667050485714284],[-79.503086,43.667113]]],[[[-79.483006,43.676798],[-79.482559,43.675779],[-79.48236,43.675825],[-79.482059,43.675175],[-79.481912,43.675208],[-79.482058,43.675175],[-79.481971,43.675107],[-79.481608,43.674133],[-79.48152188235294,43.674002411764704],[-79.487179,43.672713],[-79.4873,43.672776],[-79.491236,43.672157],[-79.492436,43.671816],[-79.493755,43.671672],[-79.493325,43.670715],[-79.49279347457824,43.67083432203346],[-79.492888,43.670813],[-79.492729,43.67043],[-79.493164,43.670299],[-79.493397,43.67079],[-79.494653,43.673766],[-79.494853,43.674225],[-79.490842,43.675134],[-79.490595,43.6746],[-79.489526,43.674837],[-79.488433,43.674675],[-79.488648,43.675187],[-79.487002,43.675561],[-79.48444,43.676337],[-79.483972,43.676598],[-79.483006,43.676798]]],[[[-79.475969,43.67405],[-79.475705,43.673402],[-79.474933,43.673568],[-79.476403,43.673251],[-79.476313,43.673271],[-79.476578,43.673919],[-79.475969,43.67405]]],[[[-79.480072,43.675721],[-79.48064,43.675659],[-79.48011,43.675798],[-79.480187,43.675956],[-79.478025,43.676511],[-79.478259,43.676985],[-79.477703,43.675862],[-79.479834,43.675224],[-79.480072,43.675721]]],[[[-79.484012,43.678092],[-79.483798,43.677851],[-79.484341,43.677193],[-79.485187,43.676705],[-79.486518,43.676408],[-79.488817,43.67559],[-79.48981783384721,43.67798503681448],[-79.487858,43.678419],[-79.48832371376012,43.67946858509553],[-79.486959,43.679769],[-79.486684,43.679222],[-79.486768,43.679083],[-79.486611,43.67874],[-79.483664,43.679398],[-79.483809,43.679744],[-79.4833944598559,43.67876062445569],[-79.483733,43.678256],[-79.484012,43.678092]]],[[[-79.46614911997672,43.679513196855005],[-79.465336,43.678249],[-79.466571,43.677969],[-79.467124,43.678752],[-79.468138,43.679571],[-79.46821298825733,43.67975297150445],[-79.46749504333665,43.679907656563486],[-79.4675,43.679754],[-79.46710470604312,43.67935376951109],[-79.46719,43.679319],[-79.466572,43.678621],[-79.466253,43.678054],[-79.465356,43.678245],[-79.46614911997672,43.679513196855005]]],[[[-79.463326,43.678741],[-79.464413,43.67849],[-79.465197,43.680351],[-79.464115,43.680598],[-79.463326,43.678741]]],[[[-79.479919,43.68082],[-79.480349,43.680209],[-79.48008,43.680109],[-79.48068485537166,43.679245206543605],[-79.48088,43.679263],[-79.4821051672721,43.680042853706055],[-79.4812276660725,43.681337952109956],[-79.479919,43.68082]]],[[[-79.466964,43.680473],[-79.46681017174281,43.680055466159054],[-79.466979,43.68047],[-79.468354,43.680181],[-79.468698,43.681024],[-79.468013,43.681404],[-79.466964,43.680473]]],[[[-79.47049130390054,43.67953693409957],[-79.471773,43.679259],[-79.473936,43.680888],[-79.47727286662824,43.68292815234027],[-79.476938,43.683289],[-79.474866,43.68307],[-79.475289,43.682891],[-79.474993,43.682193],[-79.474609,43.682196],[-79.474551,43.681868],[-79.471598,43.682136],[-79.470977,43.680656],[-79.470417,43.680781],[-79.470011,43.680285],[-79.469634,43.680486],[-79.469416,43.67995],[-79.470558,43.679695],[-79.47049130390054,43.67953693409957]],[[-79.471481,43.680459],[-79.471367,43.680198],[-79.470802,43.68025],[-79.470917,43.680511],[-79.471481,43.680459]]],[[[-79.476751,43.681609],[-79.477147,43.681365],[-79.476714,43.68092],[-79.47714,43.680795],[-79.477342,43.680565],[-79.47855991962894,43.68138925178997],[-79.47755532952014,43.68218984467361],[-79.476751,43.681609]]],[[[-79.46672,43.681526],[-79.467151,43.681943],[-79.466533,43.682076],[-79.46634336661985,43.68158478669161],[-79.46672,43.681526]]],[[[-79.490301,43.682798],[-79.490685,43.683694],[-79.490245,43.683794],[-79.490301,43.683924],[-79.489513,43.684102],[-79.48922,43.683404],[-79.48966,43.683304],[-79.489523,43.682976],[-79.490301,43.682798]]],[[[-79.48841,43.683788],[-79.488636,43.684328],[-79.48648481082408,43.6847975532408],[-79.486261,43.684269],[-79.48841,43.683788]]],[[[-79.47432,43.683214],[-79.475296,43.685372],[-79.474759,43.685491],[-79.474574,43.685068],[-79.474306,43.68513],[-79.474215,43.684931],[-79.472947,43.685224],[-79.472493,43.684219],[-79.473406,43.683992],[-79.47319,43.68351],[-79.47432,43.683214]]],[[[-79.484,43.684229],[-79.4834,43.684852],[-79.482984,43.685088],[-79.48781400205195,43.687497180329245],[-79.481666,43.684448],[-79.479953,43.683427],[-79.479993,43.683317],[-79.478925,43.682998],[-79.483158,43.68387],[-79.484,43.684229]]],[[[-79.491686,43.68504],[-79.492001,43.685329],[-79.492659,43.685556],[-79.493282,43.685417],[-79.492741,43.685538],[-79.492999,43.68615],[-79.4931365901059,43.68611553817908],[-79.491218,43.686599],[-79.49066,43.686729],[-79.4916,43.686501],[-79.491328,43.685851],[-79.49117725742502,43.68588367326748],[-79.491447,43.685824],[-79.49116528893613,43.68515493622331],[-79.491686,43.68504]]],[[[-79.48688,43.685676],[-79.487322,43.685855],[-79.489533,43.686994],[-79.48888556076315,43.68712137051926],[-79.486588,43.685988],[-79.48688,43.685676]]],[[[-79.475847,43.686636],[-79.476343,43.686522],[-79.478068,43.686557],[-79.479073,43.685824],[-79.478255,43.686435],[-79.478537,43.686739],[-79.478592,43.687117],[-79.478288,43.687472],[-79.47806602833477,43.68752113206819],[-79.478013,43.687389],[-79.477438,43.687518],[-79.477178,43.687075],[-79.476798,43.68716],[-79.476234,43.687528],[-79.475847,43.686636]]],[[[-79.484043,43.689572],[-79.483872,43.68961],[-79.483941,43.689782],[-79.48411510987172,43.68974162669641],[-79.484174,43.689881],[-79.483933,43.689928],[-79.48369960266542,43.69060504516061],[-79.482878,43.688368],[-79.48125,43.688741],[-79.4812470421512,43.688839509225424],[-79.48089,43.688119],[-79.480859,43.687835],[-79.481257,43.687284],[-79.481042,43.686946],[-79.481015,43.686078],[-79.481685,43.685864],[-79.48111,43.684925],[-79.479405,43.684063],[-79.47815456886808,43.68476666840929],[-79.477836,43.684603],[-79.478409,43.683996],[-79.477972,43.683783],[-79.477406,43.684388],[-79.477135,43.684253],[-79.4780356392056,43.68337068809499],[-79.481642,43.685188],[-79.481707,43.685119],[-79.486894,43.687602],[-79.49113680718806,43.68970339186289],[-79.486706,43.687528],[-79.483844,43.688149],[-79.484084,43.68869],[-79.483984,43.688995],[-79.483814,43.689032],[-79.483959,43.689072],[-79.483903,43.689241],[-79.484043,43.689572]]],[[[-79.489427,43.68776],[-79.489499,43.687655],[-79.488928,43.687452],[-79.489533,43.686994],[-79.489864,43.687127],[-79.489427,43.68776]]],[[[-79.470836,43.686354],[-79.471547,43.688058],[-79.469271,43.688569],[-79.468541,43.686879],[-79.470836,43.686354]]],[[[-79.495075,43.688956],[-79.49542463815055,43.688405332636236],[-79.496048,43.688703],[-79.496478,43.688762],[-79.49664698107867,43.68928694122072],[-79.496221,43.689379],[-79.497084,43.68973],[-79.496715,43.689581],[-79.495828,43.689777],[-79.495652,43.689375],[-79.493478,43.689839],[-79.493981,43.689025],[-79.492334,43.688422],[-79.492035,43.688965],[-79.493095,43.689316],[-79.49266880276673,43.68990498089873],[-79.49064287069866,43.688900193951994],[-79.49100827254708,43.68835209117939],[-79.491558,43.688536],[-79.491774,43.68823],[-79.49291,43.688617],[-79.493134,43.688288],[-79.495075,43.688956]]],[[[-79.477292,43.692395],[-79.475901,43.6914],[-79.475417,43.690852],[-79.475063,43.690165],[-79.47884425882708,43.68917464947898],[-79.479872,43.689634],[-79.479949,43.689815],[-79.479551,43.69026],[-79.478148,43.690567],[-79.478729,43.691937],[-79.478145,43.69056],[-79.477881,43.690617],[-79.47851674382785,43.692111642665495],[-79.477292,43.692395]]],[[[-79.46434744246875,43.69146432924171],[-79.465081,43.691302],[-79.465344,43.691947],[-79.4648,43.692099],[-79.465107,43.692476],[-79.464696,43.691994],[-79.46434744246875,43.69146432924171]]],[[[-79.468148,43.692872],[-79.467626,43.69176],[-79.46678565116288,43.691797783126006],[-79.468276,43.691674],[-79.46943895218715,43.69142580366226],[-79.468968,43.691527],[-79.469119,43.691892],[-79.469294,43.691858],[-79.4695879851942,43.692551003300466],[-79.468148,43.692872]]],[[[-79.474748,43.694075],[-79.47521937901493,43.69621613215024],[-79.474508,43.692995],[-79.476659,43.692525],[-79.47789633098625,43.69338837605626],[-79.474748,43.694075]]],[[[-79.49313992477734,43.69687750892827],[-79.49356,43.696912],[-79.49457295716464,43.69698829380666],[-79.494495,43.697523],[-79.49328687374815,43.6976607028358],[-79.49307600417455,43.697309971756574],[-79.49313992477734,43.69687750892827]]],[[[-79.48857008343617,43.69564166403971],[-79.49070801851786,43.696646868632804],[-79.491245,43.697654],[-79.489169,43.699321],[-79.488623,43.69944],[-79.48786733601689,43.69633666768577],[-79.48857008343617,43.69564166403971]]],[[[-79.471175,43.698742],[-79.471386,43.699246],[-79.471512,43.699219],[-79.471965,43.700301],[-79.47220221103632,43.70024850653476],[-79.473089,43.702377],[-79.47233,43.702543],[-79.472529,43.703008],[-79.471269,43.70397],[-79.470328,43.704166],[-79.470021,43.703432],[-79.46941,43.702651],[-79.468849,43.701085],[-79.469449,43.700861],[-79.469294,43.700496],[-79.468513,43.700669],[-79.467854,43.700432],[-79.467352,43.70007],[-79.46848557088325,43.70412694684912],[-79.466552,43.697226],[-79.466648,43.697212],[-79.46587748277888,43.69473723981185],[-79.466388,43.694661],[-79.466504,43.695062],[-79.468406,43.695769],[-79.468742,43.696326],[-79.468355,43.696672],[-79.46955,43.697406],[-79.470491,43.697614],[-79.4713523148723,43.69708271520649],[-79.47522188663227,43.6962280333817],[-79.47524,43.696314],[-79.475551,43.697677],[-79.477014,43.69735],[-79.477916744521,43.69714935612205],[-79.478608,43.69748],[-79.478743,43.697859],[-79.475764,43.698568],[-79.4764467102608,43.701643061373325],[-79.475635,43.701815],[-79.475145,43.699609],[-79.475466,43.69954],[-79.475112,43.698728],[-79.474928,43.697915],[-79.471175,43.698742]],[[-79.475754,43.698527],[-79.477196,43.698205],[-79.477004,43.697353],[-79.475551,43.697677],[-79.475754,43.698527]]],[[[-79.480212,43.705945],[-79.47880949084927,43.706255891194495],[-79.47853207565872,43.70502433587884],[-79.480213,43.704629],[-79.48046,43.705579],[-79.481018,43.70535],[-79.480471,43.705621],[-79.480565,43.705976],[-79.4852532756014,43.70493184273548],[-79.480254,43.706046],[-79.480212,43.705945]]],[[[-79.474214,43.708084],[-79.475298,43.707842],[-79.475232,43.707691],[-79.476318,43.707449],[-79.475542,43.705623],[-79.476442,43.705423],[-79.476277,43.70468],[-79.476038,43.704712],[-79.475712,43.70395],[-79.476093,43.703864],[-79.475925,43.703108],[-79.476736,43.70293],[-79.47659427163812,43.70229884290054],[-79.477028,43.702048],[-79.4775935995633,43.70257711668396],[-79.477479,43.702691],[-79.477851,43.70303],[-79.478034,43.703537],[-79.476927,43.703764],[-79.477666,43.707004],[-79.47892696415481,43.70678218221682],[-79.479037,43.707273],[-79.4807,43.706903],[-79.48115420188134,43.7078334080412],[-79.4808,43.707915],[-79.481052,43.708508],[-79.480893,43.708966],[-79.481109,43.709475],[-79.480643,43.709554],[-79.479941,43.709446],[-79.47967,43.709819],[-79.478426,43.709599],[-79.47772161195023,43.709790269862076],[-79.47828,43.709622],[-79.478062,43.708659],[-79.476364,43.709333],[-79.469879,43.710756],[-79.46873459942505,43.70507734563182],[-79.469696,43.709821],[-79.471514,43.709416],[-79.471448,43.709257],[-79.472988,43.708914],[-79.47261,43.70802],[-79.473616,43.707795],[-79.474214,43.708084]],[[-79.478185,43.7092],[-79.478721,43.70896],[-79.478954,43.708576],[-79.47886386867008,43.70838737463943],[-79.47911,43.708304],[-79.478893,43.707793],[-79.478688,43.707839],[-79.47846,43.707299],[-79.477755,43.707376],[-79.478062,43.708659],[-79.478185,43.7092]]],[[[-79.491046,43.706395],[-79.49165,43.707822],[-79.494149,43.707283],[-79.49395877358472,43.70683422641467],[-79.49546913284165,43.70664431353585],[-79.496188,43.708341],[-79.49116455342701,43.70953488633784],[-79.490762,43.708531],[-79.491849,43.708294],[-79.49146,43.707374],[-79.491046,43.706395]]],[[[-79.464331,43.709431],[-79.464559,43.70997],[-79.463446,43.710217],[-79.463693,43.710162],[-79.46346114555674,43.70961834130547],[-79.464331,43.709431]]],[[[-79.483578,43.710231],[-79.483811,43.710388],[-79.484086,43.711078],[-79.482577,43.711408],[-79.482052,43.710214],[-79.483439,43.709904],[-79.483578,43.710231]]],[[[-79.490996,43.715695],[-79.49427,43.714986],[-79.489678,43.716007],[-79.489471,43.715503],[-79.489858,43.715421],[-79.489738,43.714966],[-79.488761,43.715173],[-79.488316,43.71404],[-79.489427,43.713786],[-79.489577,43.714357],[-79.490594,43.714107],[-79.490996,43.715695]]],[[[-79.47943811047705,43.71481537694777],[-79.48013370656736,43.714569239530235],[-79.48036277735021,43.71552049906077],[-79.47963214285069,43.7156689393153],[-79.47943811047705,43.71481537694777]]],[[[-79.493565,43.716434],[-79.49134095809094,43.71687496819328],[-79.496341,43.715795],[-79.496184,43.715953],[-79.496899,43.717702],[-79.494269,43.718251],[-79.494113,43.717618],[-79.49386821466301,43.717663959695926],[-79.493565,43.716434]]],[[[-79.485763,43.717127],[-79.485899,43.717458],[-79.483905,43.717888],[-79.483635,43.717226],[-79.485628,43.716796],[-79.486168,43.716755],[-79.486273,43.717018],[-79.485763,43.717127]]],[[[-79.476561,43.717056],[-79.476779,43.718287],[-79.474978,43.71869],[-79.474703,43.717474],[-79.476561,43.717056]]],[[[-79.495025,43.724307],[-79.495464,43.725649],[-79.494605,43.725841],[-79.494998,43.727647],[-79.49416304265702,43.72394418917241],[-79.496771,43.723357],[-79.497124,43.724194],[-79.496989,43.723874],[-79.495025,43.724307]]],[[[-79.458757,43.728524],[-79.467722,43.726503],[-79.467699,43.726409],[-79.46831604890136,43.726269190409646],[-79.468759,43.727992],[-79.467405,43.728292],[-79.466765,43.72672],[-79.458757,43.728524]]],[[[-79.488762,43.727907],[-79.489032,43.728522],[-79.48928492042944,43.72857980590395],[-79.489367,43.728922],[-79.488185,43.729185],[-79.487774,43.728232],[-79.488762,43.727907]]],[[[-79.492724,43.730607],[-79.49204353337247,43.7290351698664],[-79.49228,43.729576],[-79.494593,43.729157],[-79.494562,43.729054],[-79.494955,43.729977],[-79.494342,43.73025],[-79.492724,43.730607]]],[[[-79.465649,43.73137],[-79.465468,43.730945],[-79.464461,43.731169],[-79.464156,43.730439],[-79.468413,43.729366],[-79.468586,43.729765],[-79.47206958468088,43.72898009357793],[-79.472184,43.729438],[-79.471467,43.729604],[-79.4720824863852,43.73005933662411],[-79.47145,43.7302],[-79.471419,43.730068],[-79.465649,43.73137]]],[[[-79.466204,43.732663],[-79.4721935745697,43.73131444441118],[-79.46885,43.732075],[-79.469033,43.732502],[-79.467702,43.732804],[-79.467886,43.733239],[-79.466581,43.733531],[-79.466763,43.733963],[-79.466017,43.732229],[-79.465649,43.73137],[-79.466204,43.732663]]],[[[-79.46616424397816,43.734574933734436],[-79.464322,43.734989],[-79.463766,43.73369],[-79.46448104345362,43.73352910158748],[-79.465036,43.734828],[-79.46616424397816,43.734574933734436]]],[[[-79.468336,43.740812],[-79.470026,43.739211],[-79.46771863377963,43.73804831936122],[-79.467524,43.737586],[-79.466331,43.737854],[-79.46794,43.737492],[-79.46775,43.737052],[-79.468052,43.736984],[-79.467684,43.736127],[-79.467869,43.736557],[-79.467992,43.736532],[-79.468187,43.736488],[-79.468002,43.736055],[-79.469001,43.735842],[-79.468811,43.7354],[-79.469407,43.735265],[-79.46923391731146,43.734831309854286],[-79.469938,43.734673],[-79.4697620959505,43.73423723769557],[-79.470234,43.734131],[-79.470049,43.733699],[-79.474078,43.732892],[-79.473332,43.729171],[-79.472184,43.729438],[-79.473336,43.72917],[-79.47259,43.725459],[-79.477034,43.747546],[-79.47814064354115,43.75307498782125],[-79.477634,43.750688],[-79.477127,43.750751],[-79.47409,43.748067],[-79.47376,43.748095],[-79.468355,43.743166],[-79.469925,43.742261],[-79.468336,43.740812]]],[[[-79.492288,43.763173],[-79.491928,43.763273],[-79.492105,43.763982],[-79.491198,43.764185],[-79.491594,43.765717],[-79.489363,43.766304],[-79.489024,43.766308],[-79.488805,43.765978],[-79.488479,43.76605],[-79.488126,43.76522],[-79.487674,43.765321],[-79.487249,43.764313],[-79.480937,43.765737],[-79.481461,43.768397],[-79.478725,43.754713],[-79.47873847150436,43.7546067247989],[-79.48060911604937,43.75422261975309],[-79.480284,43.754308],[-79.48086,43.757154],[-79.480424,43.755057],[-79.478865,43.755405],[-79.480671,43.764442],[-79.480858,43.764064],[-79.481244,43.763789],[-79.483158,43.763326],[-79.483288,43.763973],[-79.48668755845051,43.76319010168625],[-79.486787,43.763688],[-79.489275,43.763128],[-79.488863,43.761487],[-79.489275,43.761395],[-79.489139,43.760855],[-79.48932,43.760815],[-79.489114,43.760014],[-79.48935,43.759963],[-79.488985,43.759114],[-79.488898,43.759133],[-79.488923,43.7587],[-79.488726,43.758241],[-79.488345,43.758326],[-79.487912,43.756623],[-79.487032,43.75682],[-79.486652,43.755924],[-79.486814,43.755887],[-79.4866394971927,43.75547888859583],[-79.487362,43.755317],[-79.486738,43.753906],[-79.486391,43.753984],[-79.485976,43.753016],[-79.485267,43.753321],[-79.483691,43.753675],[-79.483335,43.753102],[-79.482701,43.75284],[-79.482877,43.752128],[-79.48274,43.747189],[-79.482973,43.746379],[-79.483157,43.746139],[-79.477266,43.747444],[-79.477285,43.747539],[-79.47432583138166,43.732831588798355],[-79.477308,43.732162],[-79.476559,43.728433],[-79.4735780422937,43.72911499031158],[-79.475394,43.728699],[-79.475005,43.727792],[-79.4746957903519,43.72744737926074],[-79.4761,43.727135],[-79.476281,43.727954],[-79.479001,43.727339],[-79.47828,43.724067],[-79.478714,43.726032],[-79.479941,43.725756],[-79.479895,43.725514],[-79.481694,43.725111],[-79.48161800728742,43.72462304679294],[-79.48186,43.724581],[-79.481796,43.723662],[-79.4819,43.72336],[-79.482252,43.723078],[-79.49196239190253,43.72071534397692],[-79.492206,43.721667],[-79.491571,43.722048],[-79.49262903350116,43.72180307874149],[-79.493117,43.72295],[-79.493673,43.722825],[-79.493514,43.722861],[-79.491491,43.723315],[-79.49176,43.724469],[-79.49348015609685,43.72409336674795],[-79.493872,43.725014],[-79.494262,43.724926],[-79.49404309992103,43.723970435800126],[-79.494458,43.72578],[-79.491923,43.726353],[-79.491958,43.726435],[-79.49134448600881,43.72530281583969],[-79.491423,43.725285],[-79.491138,43.724605],[-79.490013,43.724862],[-79.49028008240164,43.72552823851838],[-79.486924,43.726239],[-79.48728934039558,43.72709837212421],[-79.484905,43.727633],[-79.484508,43.726703],[-79.483315,43.726971],[-79.48340385771431,43.72717925519149],[-79.482217,43.727445],[-79.482319,43.727886],[-79.48357334985451,43.72757649271203],[-79.48392,43.728707],[-79.482576,43.729008],[-79.48274281369683,43.729694041076804],[-79.48204,43.729849],[-79.482132,43.730255],[-79.482842,43.730099],[-79.48279223569784,43.729894910754744],[-79.482917,43.730402],[-79.483104,43.731148],[-79.48393593511739,43.73098669648135],[-79.484692,43.73329],[-79.484246,43.731932],[-79.483341,43.732138],[-79.484012,43.734936],[-79.484841,43.734799],[-79.48479146689913,43.734598571360046],[-79.48581,43.734373],[-79.48597,43.735034],[-79.486568,43.734961],[-79.48687526390222,43.736205937907336],[-79.486723,43.736239],[-79.48523101648335,43.736428997900916],[-79.484933,43.735195],[-79.484102,43.735295],[-79.48462,43.737414],[-79.48537,43.737319],[-79.485257,43.736853],[-79.48529414770927,43.73684798003929],[-79.485357,43.737265],[-79.48561718620974,43.73723175010903],[-79.485723,43.737658],[-79.484708,43.737804],[-79.48482,43.738297],[-79.485294,43.740256],[-79.485394,43.740671],[-79.485821,43.742442],[-79.485926,43.742878],[-79.486452,43.744778],[-79.494243,43.743106],[-79.49415904808508,43.74276619463013],[-79.494419,43.742174],[-79.494019,43.741699],[-79.494119,43.741783],[-79.496066,43.741755],[-79.496314,43.742669],[-79.495326,43.742877],[-79.49551,43.743208],[-79.495364,43.743534],[-79.495999,43.743498],[-79.49628070844389,43.7446478099962],[-79.490552,43.745928],[-79.49239,43.745512],[-79.492207,43.744596],[-79.491811,43.743657],[-79.490092,43.744035],[-79.49035948391432,43.74513542095634],[-79.490306,43.745319],[-79.489252,43.745554],[-79.489629,43.747241],[-79.489523,43.746816],[-79.48916,43.746982],[-79.489055,43.747308],[-79.488504,43.747431],[-79.48875,43.748259],[-79.489309,43.748137],[-79.489599,43.748818],[-79.48965,43.749347],[-79.489063,43.749421],[-79.489159,43.750362],[-79.48894,43.751882],[-79.489459,43.751899],[-79.489807,43.752064],[-79.490945,43.752875],[-79.491458,43.75299],[-79.492389,43.752897],[-79.491709,43.753001],[-79.491663,43.753741],[-79.491203,43.75449],[-79.4904,43.754576],[-79.490542,43.754658],[-79.490711,43.755361],[-79.4901108244359,43.75549427161317],[-79.489896,43.754603],[-79.488823,43.75484],[-79.489341,43.756882],[-79.490306,43.756801],[-79.490447,43.757354],[-79.491693,43.75723],[-79.491431,43.756194],[-79.491782,43.757519],[-79.49220719425999,43.758008190463876],[-79.491282,43.758222],[-79.491137,43.757982],[-79.48969,43.758316],[-79.489771,43.75864],[-79.49226750725582,43.75806663948191],[-79.492563,43.758353],[-79.495171,43.757896],[-79.494896,43.757491],[-79.495166,43.757814],[-79.495359,43.758312],[-79.495388,43.759168],[-79.493188,43.759334],[-79.492827,43.758621],[-79.491974,43.759052],[-79.489941,43.759318],[-79.49003,43.759746],[-79.490431,43.761271],[-79.491013,43.763466],[-79.492378,43.763147],[-79.494298,43.762335],[-79.49762358414633,43.761590445580225],[-79.498083,43.762673],[-79.50048,43.762148],[-79.49678,43.762959],[-79.496912,43.763274],[-79.496117,43.763449],[-79.49604,43.763265],[-79.492636,43.764012],[-79.492288,43.763173]],[[-79.487174,43.726183],[-79.486908,43.725559],[-79.486657,43.725614],[-79.486924,43.726239],[-79.487174,43.726183]],[[-79.484272,43.72615],[-79.483702,43.726281],[-79.483942,43.72683],[-79.484508,43.726703],[-79.484272,43.72615]],[[-79.48658,43.745318],[-79.48672595121968,43.745285658536545],[-79.48658,43.74532],[-79.487032,43.747232],[-79.487748,43.747077],[-79.48760609504156,43.74658133197613],[-79.487934,43.746509],[-79.487474,43.744611],[-79.486452,43.744778],[-79.48658,43.745318]],[[-79.489997,43.724866],[-79.488807,43.725138],[-79.489074,43.725763],[-79.490266,43.725496],[-79.489997,43.724866]],[[-79.488741,43.754508],[-79.490308,43.754163],[-79.490048,43.753082],[-79.48848,43.753427],[-79.488741,43.754508]],[[-79.487852,43.725351],[-79.488117,43.725972],[-79.488357,43.725924],[-79.48809,43.725299],[-79.487852,43.725351]],[[-79.481629,43.726768],[-79.479698,43.727703],[-79.482155,43.727147],[-79.48207,43.726643],[-79.481629,43.726768]],[[-79.481759,43.729255],[-79.482589,43.729068],[-79.482425,43.728344],[-79.481596,43.728528],[-79.481759,43.729255]],[[-79.481609,43.728586],[-79.480981,43.728731],[-79.480881,43.7285],[-79.478556,43.729026],[-79.478519,43.728843],[-79.477975,43.728973],[-79.478057,43.729997],[-79.479466,43.729677],[-79.479668,43.729726],[-79.480215,43.731095],[-79.479873,43.731193],[-79.47997,43.731557],[-79.477988,43.732004],[-79.479461,43.735434],[-79.483895,43.734452],[-79.483735,43.733788],[-79.48259681289976,43.73390629193444],[-79.4824546241973,43.73334425470113],[-79.483577,43.733127],[-79.483225,43.731653],[-79.48072,43.732223],[-79.48053,43.731431],[-79.482235,43.731045],[-79.481889,43.729226],[-79.48089233554559,43.729450217100926],[-79.481759,43.729255],[-79.481609,43.728586]],[[-79.488682,43.750439],[-79.488561,43.749939],[-79.488898,43.749896],[-79.488911,43.74944],[-79.487592,43.749607],[-79.487807,43.75055],[-79.488682,43.750439]],[[-79.485026,43.750653],[-79.485286,43.751734],[-79.487925,43.751072],[-79.487906,43.750988],[-79.486809,43.751264],[-79.486356,43.750319],[-79.485026,43.750653]]],[[[-79.47898,43.753162],[-79.479094,43.753262],[-79.47959,43.753182],[-79.479919,43.753702],[-79.478898,43.753994],[-79.478885,43.754161],[-79.47866040553961,43.75404392365761],[-79.477351,43.747524],[-79.478529,43.753386],[-79.478931,43.753283],[-79.47898,43.753162]]],[[[-79.494198,43.751391],[-79.494578,43.751608],[-79.494934,43.75128],[-79.4946,43.751039],[-79.495053,43.75135],[-79.494967,43.751299],[-79.494372,43.751843],[-79.492195,43.752436],[-79.492631,43.752259],[-79.49237905355666,43.750850125993026],[-79.493588,43.750578],[-79.494198,43.751391]]],[[[-79.478086,43.75427],[-79.477922,43.75428],[-79.477272,43.753783],[-79.477626,43.753645],[-79.477641,43.753462],[-79.477756,43.753547],[-79.4782184684884,43.75346381508989],[-79.47834616427855,43.754101805953574],[-79.478086,43.75427]]],[[[-79.47305182468062,43.76363016364038],[-79.472991,43.76334],[-79.472843,43.76327],[-79.472161,43.76354],[-79.469908,43.762891],[-79.469377,43.760668],[-79.474754,43.759465],[-79.473472,43.760773],[-79.474737,43.761305],[-79.47456,43.761727],[-79.47484,43.762127],[-79.476463,43.762694],[-79.476303,43.763133],[-79.476325,43.763675],[-79.47305182468062,43.76363016364038]]],[[[-79.478043,43.76251],[-79.477073,43.762005],[-79.477534,43.76153],[-79.476562,43.761025],[-79.476891,43.76069],[-79.477861,43.761194],[-79.478192,43.760853],[-79.47979664272904,43.76134865409343],[-79.4799435780782,43.76208276921351],[-79.478043,43.76251]]],[[[-79.483024,43.762656],[-79.482337,43.762809],[-79.482176,43.762007],[-79.482864,43.761854],[-79.483024,43.762656]]],[[[-79.468227,43.774191],[-79.467394,43.77075],[-79.466928,43.768852],[-79.466118,43.765179],[-79.467033,43.764978],[-79.467012,43.76458],[-79.467745,43.764296],[-79.468567,43.764297],[-79.468583,43.764465],[-79.46881471226726,43.764582853653174],[-79.468565,43.764639],[-79.469046,43.766773],[-79.470965,43.766353],[-79.470894,43.765792],[-79.471172,43.76554],[-79.476556,43.764311],[-79.476967,43.765228],[-79.4804214992493,43.76447054832775],[-79.48122,43.76846],[-79.480684,43.765793],[-79.475774,43.76688],[-79.475983,43.767365],[-79.476257,43.767306],[-79.47675,43.769508],[-79.47325,43.770288],[-79.472808,43.768497],[-79.471588,43.768654],[-79.471841,43.769652],[-79.469946,43.770062],[-79.4701691092402,43.77096236973383],[-79.467585,43.771528],[-79.46782,43.772494],[-79.47010007175099,43.771988304456904],[-79.470248,43.772616],[-79.470479,43.772717],[-79.470894,43.774628],[-79.469693,43.774908],[-79.470058,43.775769],[-79.470948,43.775571],[-79.471392,43.777364],[-79.471411,43.777455],[-79.470452,43.77766],[-79.471076,43.779291],[-79.470641,43.779388],[-79.470929,43.780606],[-79.471563,43.780469],[-79.472231,43.781991],[-79.472894,43.782587],[-79.472052,43.783507],[-79.472341,43.784153],[-79.472268,43.784227],[-79.473956,43.785063],[-79.475904,43.784601],[-79.475858,43.784499],[-79.476093,43.784163],[-79.476764,43.784299],[-79.477704,43.784099],[-79.478153,43.783789],[-79.47928,43.782528],[-79.48027,43.783097],[-79.480589,43.783723],[-79.48409372013651,43.782901176040845],[-79.484299,43.783933],[-79.484644,43.783852],[-79.48218534836226,43.771943344585075],[-79.485568,43.771187],[-79.486147,43.773503],[-79.487969,43.773096],[-79.488252,43.773147],[-79.488738,43.77537],[-79.483162,43.776615],[-79.484459,43.782918],[-79.485599,43.782262],[-79.485635,43.782443],[-79.486762,43.782191],[-79.486948,43.782254],[-79.489646,43.781523],[-79.489574,43.781366],[-79.494275,43.780269],[-79.494676,43.778414],[-79.494659,43.777815],[-79.49294391251928,43.778196562761174],[-79.492413,43.775543],[-79.492231,43.77558],[-79.492043,43.774633],[-79.491646,43.774718],[-79.489864,43.767588],[-79.481665,43.769423],[-79.489911,43.767577],[-79.4901,43.767658],[-79.492889,43.767188],[-79.494297,43.766348],[-79.49367664458319,43.76526318425609],[-79.498812,43.764148],[-79.49895795217512,43.76410567386922],[-79.498925,43.764197],[-79.500011,43.763959],[-79.500976,43.763747],[-79.500863,43.763361],[-79.50048,43.762148],[-79.500004,43.761063],[-79.500841,43.760875],[-79.501925,43.760631],[-79.50138,43.759343],[-79.502097,43.758953],[-79.503104,43.757828],[-79.502304,43.758727],[-79.503372,43.759238],[-79.503785,43.760211],[-79.50426,43.760104],[-79.504934,43.762876],[-79.50715105514146,43.76241413412689],[-79.500975,43.763741],[-79.50131796569188,43.76478646075963],[-79.496144,43.765912],[-79.497,43.767985],[-79.504203,43.766407],[-79.504516,43.766371],[-79.504553,43.76646],[-79.505384,43.766279],[-79.504935,43.765253],[-79.504349,43.76523],[-79.50456193539581,43.76446476342129],[-79.505148,43.764595],[-79.50973,43.767801],[-79.510374,43.768873],[-79.51096,43.769514],[-79.512952,43.771057],[-79.513184,43.77069],[-79.51317,43.770453],[-79.514646,43.770638],[-79.51513087579022,43.77104537515162],[-79.513861,43.7719],[-79.514554,43.773113],[-79.516465,43.775086],[-79.517011,43.776362],[-79.470115,43.787268],[-79.470153,43.783734],[-79.469002,43.783711],[-79.468705,43.783154],[-79.468116,43.782882],[-79.467796,43.781547],[-79.467506,43.781023],[-79.466829,43.780307],[-79.46955,43.779723],[-79.468227,43.774191]],[[-79.475773,43.76688],[-79.47562,43.766914],[-79.475738,43.767418],[-79.475983,43.767365],[-79.475773,43.76688]]],[[[-79.474881,43.774695],[-79.475664,43.776547],[-79.474451,43.776807],[-79.473672,43.774959],[-79.474881,43.774695]]],[[[-79.490316,43.777835],[-79.489774,43.777955],[-79.489592,43.77706],[-79.490135,43.776939],[-79.490316,43.777835]]],[[[-79.4903948643149,43.7802020317561],[-79.49059193222902,43.78064201603784],[-79.489375,43.78093],[-79.489173,43.780488],[-79.4903948643149,43.7802020317561]]],[[[-79.461163,43.781837],[-79.461255,43.78298],[-79.461484,43.783258],[-79.463574,43.784323],[-79.464233,43.784518],[-79.466033,43.784477],[-79.466405,43.784329],[-79.467041,43.784318],[-79.467271,43.784547],[-79.467312,43.784774],[-79.466994,43.784779],[-79.466449,43.785024],[-79.465773,43.785956],[-79.465588,43.786631],[-79.466003,43.787492],[-79.465693,43.788154],[-79.470115,43.787268],[-79.45932388637976,43.789495312469356],[-79.463196,43.788674],[-79.462086,43.786231],[-79.460526,43.785309],[-79.459541,43.783304],[-79.457843,43.782545],[-79.458155,43.78226],[-79.457876,43.781969],[-79.459815,43.781407],[-79.460102,43.781661],[-79.460836,43.781588],[-79.461163,43.781837]]],[[[-79.44299530503542,43.63972437052079],[-79.442357,43.639849],[-79.442222,43.639491],[-79.43968618960285,43.639985329595575],[-79.441152,43.639695],[-79.4427721119941,43.63938428238514],[-79.44299530503542,43.63972437052079]]],[[[-79.447594,43.640487],[-79.448971,43.640206],[-79.44844292486162,43.6386617131561],[-79.45080919163856,43.639085202751716],[-79.450805,43.639247],[-79.451276,43.639338],[-79.451221,43.641345],[-79.451381,43.641439],[-79.45078,43.641676],[-79.449648,43.641865],[-79.449129,43.640633],[-79.447768478768,43.64090574904319],[-79.447594,43.640487]]],[[[-79.450002,43.642697],[-79.449448,43.642817],[-79.449507,43.64297],[-79.449634,43.642945],[-79.449772,43.643355],[-79.448545,43.643601],[-79.448368,43.643152],[-79.448556,43.64312],[-79.448391,43.642684],[-79.449282,43.642507],[-79.4494,43.642826],[-79.450002,43.642697]]],[[[-79.448645,43.647351],[-79.447901,43.647496],[-79.447734,43.647068],[-79.447542,43.647042],[-79.447387,43.646657],[-79.44808,43.646525],[-79.44824,43.64694],[-79.448519,43.646884],[-79.448645,43.647351]]],[[[-79.44308705019944,43.64694016936588],[-79.44366932929799,43.646820752804985],[-79.44383673298995,43.64725349322124],[-79.44326,43.647372],[-79.44308705019944,43.64694016936588]]],[[[-79.442849,43.648286],[-79.442913,43.648449],[-79.441688,43.648591],[-79.440856,43.647985],[-79.440674,43.647517],[-79.44258080857463,43.6471251179619],[-79.442869,43.64788],[-79.443141,43.647827],[-79.44295207831897,43.64733722701185],[-79.443285,43.648197],[-79.442849,43.648286]]],[[[-79.443409,43.650616],[-79.444025963989,43.65129983047719],[-79.443531,43.650799],[-79.44224501340604,43.65049747208744],[-79.440923,43.648708],[-79.443409,43.650616]]],[[[-79.45348921026851,43.656605407386394],[-79.453524,43.656722],[-79.453083,43.656816],[-79.453419,43.658072],[-79.454167,43.659815],[-79.454285,43.659792],[-79.453659,43.659926],[-79.453864,43.660345],[-79.453739,43.660395],[-79.456478,43.663212],[-79.444504,43.650905],[-79.44249066081662,43.64922883834942],[-79.442926,43.649547],[-79.444594,43.649215],[-79.44447138787338,43.648894083193916],[-79.445317,43.65108],[-79.445748,43.650954],[-79.445748,43.650789],[-79.445771,43.650963],[-79.445555,43.651262],[-79.445929,43.65136],[-79.446599,43.650623],[-79.446256,43.651018],[-79.445597,43.651708],[-79.446904,43.652048],[-79.45122,43.654036],[-79.447899,43.652524],[-79.447607,43.652864],[-79.44721,43.652689],[-79.447005,43.652927],[-79.448293,43.653641],[-79.447776,43.654252],[-79.449546,43.65607],[-79.45226,43.655496],[-79.452059,43.654794],[-79.451542,43.654876],[-79.452083,43.65479],[-79.451778,43.653558],[-79.452274,43.653449],[-79.45282,43.655534],[-79.452969,43.655726],[-79.454203,43.655553],[-79.454144,43.655403],[-79.45681873419548,43.65482905703618],[-79.459869,43.654348],[-79.458387,43.650828],[-79.457804,43.648629],[-79.453905,43.639366],[-79.452501,43.639319],[-79.457156,43.639416],[-79.460415,43.63907],[-79.463674,43.638319],[-79.46612853907992,43.63741215087514],[-79.467209,43.638684],[-79.46776874154025,43.639157583430574],[-79.467581,43.639302],[-79.467052,43.639289],[-79.466835,43.639395],[-79.466826,43.639526],[-79.467788,43.640605],[-79.468936,43.642467],[-79.469307,43.642752],[-79.469273,43.643241],[-79.469495,43.643846],[-79.469636,43.644189],[-79.469497,43.644246],[-79.470182,43.645832],[-79.470436,43.645777],[-79.471062,43.647085],[-79.471187,43.647077],[-79.471237,43.6482],[-79.470926,43.649379],[-79.471472,43.649451],[-79.471452,43.649554],[-79.470899,43.649485],[-79.470743,43.649991],[-79.470246,43.650044],[-79.469974,43.650204],[-79.469605,43.650624],[-79.469484,43.651254],[-79.469798,43.652116],[-79.47000927567508,43.652069669496626],[-79.470175,43.652474],[-79.47174639604329,43.65212723432262],[-79.469991,43.652516],[-79.469034,43.652721],[-79.469214,43.653149],[-79.46993293704824,43.65297155049551],[-79.469056,43.653299],[-79.469262,43.65338],[-79.471953,43.652706],[-79.469269,43.653385],[-79.468914,43.653312],[-79.469001,43.65348],[-79.469094,43.653413],[-79.468713,43.653694],[-79.468514,43.653624],[-79.467992,43.653798],[-79.468002,43.65399],[-79.46719461586036,43.65396701753068],[-79.467014,43.653533],[-79.467069,43.653663],[-79.468695,43.653206],[-79.46876,43.653349],[-79.468872,43.653322],[-79.468658,43.652802],[-79.463705,43.653899],[-79.464045,43.654739],[-79.46415,43.655001],[-79.464018,43.654674],[-79.462679,43.655014],[-79.463887,43.657869],[-79.462495,43.654592],[-79.462321,43.654194],[-79.460027,43.654712],[-79.460287,43.655424],[-79.460231,43.655284],[-79.457017,43.656008],[-79.456973,43.655823],[-79.45348776256965,43.65659783841165],[-79.453194,43.656169],[-79.452454,43.656321],[-79.452586,43.656811],[-79.45348921026851,43.656605407386394]]],[[[-79.451232,43.650348],[-79.45112892346457,43.650361732094645],[-79.452995,43.650008],[-79.453208,43.650541],[-79.452524,43.65068],[-79.452758,43.651182],[-79.45164363187195,43.651413400139155],[-79.451232,43.650348]]],[[[-79.440825,43.653039],[-79.441143,43.653851],[-79.440182,43.651422],[-79.44,43.651012],[-79.440342074446,43.65076718201414],[-79.440578,43.651344],[-79.441268,43.651192],[-79.44102,43.650282],[-79.439731,43.650168],[-79.43911368288401,43.647842826634204],[-79.440385,43.648713],[-79.441764,43.650164],[-79.442323,43.651],[-79.44296595358448,43.652585189337614],[-79.440825,43.653039]]],[[[-79.450577,43.651615],[-79.450658,43.651853],[-79.451038,43.652024],[-79.450756,43.652321],[-79.450954,43.652935],[-79.448829,43.651967],[-79.448087,43.652116],[-79.450577,43.651615]]],[[[-79.44410710052573,43.65463810858136],[-79.444218,43.654614],[-79.44410338304773,43.65462883456145],[-79.444708,43.65442],[-79.444813,43.654335],[-79.444733,43.65414],[-79.44645334376419,43.653793180269126],[-79.44844898174381,43.655822091981626],[-79.448055,43.656013],[-79.448442,43.65643],[-79.44885057201265,43.65623037805775],[-79.4495291594974,43.65692027978835],[-79.44879482545238,43.65707154746912],[-79.448633,43.656652],[-79.447221,43.655143],[-79.44643836430113,43.65551279536771],[-79.44458578471549,43.65583228557644],[-79.446379,43.655443],[-79.446193,43.655042],[-79.44439276303875,43.65535075296925],[-79.44410710052573,43.65463810858136]]],[[[-79.442301,43.653532],[-79.44326936174913,43.653333236162716],[-79.44465514986683,43.656749869340274],[-79.443575,43.657012],[-79.44384298465552,43.65772411652842],[-79.443003,43.655592],[-79.44348,43.655492],[-79.44303,43.654295],[-79.442544,43.654396],[-79.442603,43.654557],[-79.442224,43.653656],[-79.442301,43.653532]]],[[[-79.462457,43.658181],[-79.463887,43.657869],[-79.462097,43.658262],[-79.46153708200544,43.658308979420774],[-79.460705,43.656333],[-79.461713,43.656253],[-79.462457,43.658181]]],[[[-79.464755,43.65909],[-79.464903,43.659199],[-79.462154,43.659774],[-79.4620526020044,43.65953320600217],[-79.464594,43.658973],[-79.464298,43.658746],[-79.464682,43.659037],[-79.463983,43.659186],[-79.464755,43.65909]]],[[[-79.444785,43.662254],[-79.44375,43.659506],[-79.443192,43.659623],[-79.44303157880445,43.65922666528161],[-79.443851,43.659054],[-79.44367621593791,43.658613543728585],[-79.444205,43.658499],[-79.44400287978165,43.658068420951274],[-79.44510370063333,43.65785576237766],[-79.44547501223522,43.65877122378337],[-79.44496,43.658882],[-79.445517,43.660239],[-79.44602967756181,43.660138740168485],[-79.445022,43.660346],[-79.445548,43.661671],[-79.44656862814897,43.66146751217457],[-79.445796,43.661626],[-79.4458820286765,43.66202459247242],[-79.445779,43.661639],[-79.44465,43.661891],[-79.444785,43.662254]],[[-79.44423879143932,43.658492085442305],[-79.443822,43.658582],[-79.443996,43.659023],[-79.44511,43.658849],[-79.444743,43.657926],[-79.444028,43.658064],[-79.44423879143932,43.658492085442305]],[[-79.444202,43.65849],[-79.444205,43.658489],[-79.444201,43.658488],[-79.444202,43.65849]],[[-79.444022,43.66014],[-79.444177,43.660529],[-79.445022,43.660345],[-79.444873,43.659958],[-79.444022,43.66014]]],[[[-79.450143,43.661649],[-79.449945,43.661178],[-79.45056,43.66105],[-79.450751,43.661518],[-79.450143,43.661649]]],[[[-79.456593,43.66457],[-79.455938,43.66471],[-79.455315,43.66319],[-79.454826,43.663295],[-79.454592,43.662725],[-79.453991,43.662076],[-79.453511,43.662218],[-79.453161,43.661409],[-79.452432,43.661559],[-79.452028,43.660734],[-79.451279,43.660895],[-79.45112,43.660503],[-79.450973,43.660535],[-79.450656,43.659752],[-79.450476,43.659791],[-79.45033,43.659437],[-79.449923,43.659528],[-79.449821,43.659271],[-79.450413,43.659147],[-79.450343,43.658973],[-79.449752,43.659097],[-79.44921931466664,43.65776026133326],[-79.45018053099544,43.65758251175381],[-79.459538,43.667096],[-79.456252170176,43.66705782162872],[-79.456198,43.666928],[-79.456319,43.666899],[-79.45589244455698,43.66586726292155],[-79.456547,43.665746],[-79.456227,43.664973],[-79.456969,43.666689],[-79.458222,43.666477],[-79.457484,43.665139],[-79.45695714143339,43.66528457934078],[-79.456593,43.66457]],[[-79.449681,43.658918],[-79.450269,43.658794],[-79.450182,43.658584],[-79.449595,43.658702],[-79.449681,43.658918]]],[[[-79.461047,43.663516],[-79.460468,43.663643],[-79.460396,43.663477],[-79.459851,43.663615],[-79.459597,43.663072],[-79.459714,43.662972],[-79.459383,43.662397],[-79.46048,43.662162],[-79.461047,43.663516]]],[[[-79.452986,43.662331],[-79.453395,43.66332],[-79.45167801714794,43.6637559964119],[-79.451234,43.66271],[-79.452986,43.662331]]],[[[-79.460623,43.664342],[-79.460651,43.664628],[-79.46229,43.664983],[-79.460517,43.664608],[-79.460104,43.665321],[-79.46027,43.664964],[-79.45970345739843,43.66481511787447],[-79.459857,43.664519],[-79.45915,43.664294],[-79.459702,43.664438],[-79.459567,43.664113],[-79.460579,43.663895],[-79.460788,43.664312],[-79.460623,43.664342]]],[[[-79.462278,43.665379],[-79.46229,43.664983],[-79.46302278208387,43.66498697818721],[-79.462993,43.665394],[-79.462278,43.665379]]],[[[-79.44781342967836,43.66453654570899],[-79.448841,43.66707],[-79.44675739279783,43.667463486971634],[-79.446575,43.667009],[-79.446006,43.667129],[-79.445557,43.666039],[-79.446141,43.665916],[-79.445733,43.664885],[-79.446869,43.664641],[-79.44702,43.664705],[-79.44781342967836,43.66453654570899]]],[[[-79.44876612301113,43.66624397597665],[-79.449191,43.666161],[-79.4488763662196,43.6654798893731],[-79.449013,43.66564],[-79.44983,43.665499],[-79.450391,43.666828],[-79.45096319180577,43.666710452956714],[-79.451093,43.667017],[-79.45129603409084,43.667017],[-79.449119,43.667118],[-79.44876612301113,43.66624397597665]]],[[[-79.460481,43.666303],[-79.46035,43.666165],[-79.46049813168455,43.66583195225285],[-79.461427,43.66607],[-79.462568,43.666152],[-79.462783,43.666682],[-79.46291310249056,43.66700285426243],[-79.462843,43.66683],[-79.460481,43.666303]]],[[[-79.458313,43.667583],[-79.45809450772377,43.66728173091428],[-79.458758,43.667355],[-79.459699,43.667648],[-79.45995959531517,43.6677974079807],[-79.459693,43.667855],[-79.459611,43.667645],[-79.459031,43.667771],[-79.45896,43.667609],[-79.458381,43.667736],[-79.458902,43.668915],[-79.458313,43.667583]]],[[[-79.441134,43.668467],[-79.441066,43.66829],[-79.44078703710572,43.66833211517455],[-79.44249241152133,43.66801106799923],[-79.441611,43.668186],[-79.441689,43.668358],[-79.445581,43.667646],[-79.445451,43.667318],[-79.445596,43.667683],[-79.4461911697508,43.66757134164744],[-79.43799769891493,43.66913761873403],[-79.437546,43.668188],[-79.437856,43.668116],[-79.438072,43.668602],[-79.43970163834271,43.66849597839542],[-79.439686,43.668744],[-79.441134,43.668467]]],[[[-79.458313,43.667583],[-79.454906,43.668315],[-79.455042,43.668627],[-79.454712,43.668022],[-79.452371,43.668486],[-79.45354,43.668252],[-79.453179,43.667351],[-79.45329,43.66731],[-79.453253,43.667225],[-79.451832,43.66723],[-79.45206903173177,43.6677784804026],[-79.450932,43.668056],[-79.451945,43.670518],[-79.45126478766065,43.67072169122911],[-79.451055,43.670487],[-79.449889,43.668729],[-79.449208,43.667339],[-79.451967,43.667213],[-79.457943,43.667265],[-79.45798936350624,43.66727011989639],[-79.45728,43.667271],[-79.456417,43.667487],[-79.456616,43.667946],[-79.458313,43.667583]]],[[[-79.444039,43.669077],[-79.444844,43.668922],[-79.4446888134776,43.66852582896849],[-79.44582,43.668288],[-79.44565010060599,43.66786423930214],[-79.44683031164844,43.66764644028471],[-79.447272,43.668805],[-79.446124,43.669046],[-79.44598,43.668689],[-79.444218,43.669052],[-79.444737,43.670258],[-79.444009,43.67043],[-79.443829,43.67001],[-79.444074,43.669955],[-79.443897,43.669535],[-79.444042,43.669503],[-79.443898,43.669148],[-79.44367697223319,43.66918208620982],[-79.444039,43.669077]]],[[[-79.448246,43.671302],[-79.447272,43.668805],[-79.44862,43.668572],[-79.448493,43.668249],[-79.449295,43.668103],[-79.44906595366166,43.66759640339284],[-79.449304,43.668101],[-79.448964,43.667349],[-79.449918,43.669217],[-79.451179,43.67097],[-79.451213,43.671071],[-79.451061,43.670827],[-79.448246,43.671302]]],[[[-79.454354,43.670955],[-79.454186,43.670556],[-79.45475074397231,43.67047415304749],[-79.454897,43.670818],[-79.455915,43.670662],[-79.455264,43.670805],[-79.455086,43.670914],[-79.455239,43.67127],[-79.454745,43.671377],[-79.454556,43.670921],[-79.45267504175034,43.67123982327449],[-79.454354,43.670955]]],[[[-79.440119,43.671021],[-79.440718,43.672374],[-79.439983,43.672542],[-79.44008,43.672717],[-79.439355,43.672914],[-79.439114,43.672338],[-79.439783,43.672193],[-79.43886653658564,43.670024268293325],[-79.439063,43.670479],[-79.439812,43.670312],[-79.440119,43.671021]]],[[[-79.45267321150656,43.67205725513047],[-79.452108,43.671665],[-79.45152585435822,43.671013748750234],[-79.451838054414,43.67095907155128],[-79.45267321150656,43.67205725513047]]],[[[-79.443398,43.67151],[-79.44353427596818,43.671830939780136],[-79.443055,43.671944],[-79.443095,43.672037],[-79.442943,43.672085],[-79.442756,43.671657],[-79.443398,43.67151]]],[[[-79.460038,43.672939],[-79.45770162110391,43.672691146349656],[-79.459716,43.672873],[-79.45946,43.672278],[-79.458953,43.672275],[-79.4589935156937,43.67214561036983],[-79.460312,43.671869],[-79.45972,43.670457],[-79.461277,43.670822],[-79.46173,43.671895],[-79.460451,43.672187],[-79.460852,43.673118],[-79.460181,43.673266],[-79.460038,43.672939]]],[[[-79.45831,43.674139],[-79.460356,43.67368],[-79.460293,43.673532],[-79.462219,43.673031],[-79.462313,43.673251],[-79.462898,43.673121],[-79.462858,43.672978],[-79.463351,43.672868],[-79.463288,43.672643],[-79.463155,43.672662],[-79.463007,43.672143],[-79.462637,43.672195],[-79.463893,43.671929],[-79.463287,43.671311],[-79.463084,43.671415],[-79.462549,43.670689],[-79.462232,43.670732],[-79.46232640506318,43.67108038818523],[-79.462056,43.670093],[-79.46116127207344,43.670217267767576],[-79.460987,43.669735],[-79.460447,43.669854],[-79.45991,43.668581],[-79.460369,43.66848],[-79.460442,43.668635],[-79.460936,43.668527],[-79.46020012883183,43.66793531386358],[-79.460946,43.668534],[-79.465339,43.672934],[-79.465476,43.672905],[-79.465631,43.673062],[-79.46580932647468,43.673504329356206],[-79.46570643380211,43.67357850285063],[-79.465625,43.673507],[-79.464612,43.673723],[-79.464877,43.674378],[-79.464479,43.674463],[-79.464979,43.675702],[-79.46792531339662,43.67585430026785],[-79.46885159028305,43.676741773663096],[-79.468714,43.676816],[-79.46718,43.676132],[-79.466262,43.676079],[-79.466679,43.677156],[-79.466189,43.677262],[-79.466484,43.677987],[-79.465705,43.676085],[-79.46337773649826,43.67583030986851],[-79.463694,43.675852],[-79.463582,43.675451],[-79.463566,43.675395],[-79.463247,43.674291],[-79.462873,43.67437],[-79.463234,43.674247],[-79.463157,43.673984],[-79.46276,43.674092],[-79.462575,43.673642],[-79.461841,43.673808],[-79.462003,43.674196],[-79.46218761185978,43.67417063720817],[-79.457855,43.67511],[-79.45790193836254,43.67522700145371],[-79.457266,43.675242],[-79.457099,43.674844],[-79.45627867940158,43.67503027749197],[-79.456141,43.67472],[-79.455961,43.67476],[-79.45594890281264,43.674658867513706],[-79.457468,43.674325],[-79.457017,43.673286],[-79.457502,43.673183],[-79.457664,43.673562],[-79.458041,43.67352],[-79.45831,43.674139]],[[-79.462466,43.670592],[-79.462203,43.670283],[-79.462113,43.670297],[-79.462203,43.670628],[-79.462466,43.670592]]],[[[-79.45443,43.674559],[-79.454764,43.675359],[-79.454368,43.674459],[-79.453193,43.67342],[-79.45178063576408,43.67193314007515],[-79.451904,43.671878],[-79.452907,43.672804],[-79.45436,43.673772],[-79.453143,43.672675],[-79.455161,43.674426],[-79.45583583796635,43.67512791299671],[-79.45532667870725,43.67523775679178],[-79.45443,43.674559]]],[[[-79.444975,43.675769],[-79.44296,43.676212],[-79.442621,43.675426],[-79.444638,43.674981],[-79.444975,43.675769]]],[[[-79.456857,43.675798],[-79.457212,43.676623],[-79.456859,43.675804],[-79.456599,43.67576],[-79.456161,43.675057],[-79.456408,43.675432],[-79.457266,43.675242],[-79.457441,43.675668],[-79.456857,43.675798]]],[[[-79.443486,43.679043],[-79.444567,43.678862],[-79.444425,43.678513],[-79.444516,43.678492],[-79.444658,43.678842],[-79.444993,43.678766],[-79.445415,43.679823],[-79.443934,43.680145],[-79.443486,43.679043]]],[[[-79.456753,43.680081],[-79.457149,43.681024],[-79.455861,43.681306],[-79.455462,43.680365],[-79.456753,43.680081]]],[[[-79.461258,43.685858],[-79.46196466035177,43.68570351148868],[-79.462255,43.687125],[-79.462285,43.687789],[-79.462254,43.687122],[-79.46185096960573,43.68720892812426],[-79.461692,43.686833],[-79.461582,43.686857],[-79.459491,43.68173],[-79.455731,43.682523],[-79.459507,43.681725],[-79.45907,43.680693],[-79.459229,43.680658],[-79.45939,43.681038],[-79.459667,43.680976],[-79.457942,43.678316],[-79.460877,43.682798],[-79.461114,43.683447],[-79.461053,43.683286],[-79.460232,43.683438],[-79.461258,43.685858]]],[[[-79.458022,43.683095],[-79.459585,43.683418],[-79.459833,43.683987],[-79.458534,43.684273],[-79.458022,43.683095]]],[[[-79.447217,43.686712],[-79.447772,43.688082],[-79.44708673870306,43.6864935628994],[-79.449161,43.686026],[-79.449254,43.686255],[-79.447217,43.686712]]],[[[-79.449974,43.688606],[-79.449884,43.688382],[-79.450595,43.688233],[-79.451011,43.689042],[-79.449926,43.689278],[-79.449679,43.688667],[-79.449974,43.688606]]],[[[-79.462832,43.688848],[-79.463391,43.690193],[-79.463169,43.689736],[-79.462307,43.689927],[-79.462504,43.690392],[-79.463331,43.690263],[-79.4642977252122,43.691893064456394],[-79.464068,43.691583],[-79.463101,43.691799],[-79.46347100054604,43.69267490085568],[-79.46168791237072,43.68848913440632],[-79.461749,43.688622],[-79.46249552485045,43.688459321456385],[-79.462611,43.688827],[-79.462832,43.688848]],[[-79.462872,43.689801],[-79.462699,43.689481],[-79.462168,43.689599],[-79.462307,43.689927],[-79.462872,43.689801]]],[[[-79.454756,43.691711],[-79.454554,43.691231],[-79.455724,43.691014],[-79.455906,43.69111],[-79.456257,43.691896],[-79.454951,43.692185],[-79.454526,43.691761],[-79.454756,43.691711]]],[[[-79.44230123757825,43.69275016002292],[-79.442927,43.691763],[-79.443762,43.691573],[-79.444129,43.692514],[-79.443611,43.692669],[-79.4431,43.693489],[-79.44333,43.6931],[-79.44230123757825,43.69275016002292]]],[[[-79.449768,43.694546],[-79.448227,43.695021],[-79.44894902730552,43.695228235495385],[-79.44807,43.694976],[-79.446459,43.69081],[-79.446879,43.690719],[-79.447002,43.690574],[-79.44807917800534,43.69037533603053],[-79.450279,43.695692],[-79.449768,43.694546]],[[-79.448955,43.692546],[-79.447861,43.69278],[-79.448107,43.6934],[-79.449214,43.693162],[-79.448955,43.692546]]],[[[-79.440628,43.693627],[-79.44121321149008,43.69349882974156],[-79.441506,43.694195],[-79.440973,43.694315],[-79.440628,43.693627]]],[[[-79.45001375472178,43.69504236918895],[-79.453249,43.694362],[-79.453322,43.694543],[-79.454419,43.694298],[-79.45012427165608,43.69531304396269],[-79.45001375472178,43.69504236918895]]],[[[-79.445001,43.696071],[-79.44481320224294,43.695621382012284],[-79.444849,43.695707],[-79.445489,43.695576],[-79.445965,43.694726],[-79.446316,43.69483],[-79.446495,43.694513],[-79.44675,43.69459],[-79.446278,43.695423],[-79.446784,43.695324],[-79.446903,43.695663],[-79.447401,43.695556],[-79.447491,43.695778],[-79.448547,43.69551],[-79.446984,43.695962],[-79.446942,43.695857],[-79.445613,43.696142],[-79.445558,43.696008],[-79.445022,43.696123],[-79.445139,43.696415],[-79.443571,43.696751],[-79.4437119206718,43.69709181162958],[-79.44342100214449,43.696401005092255],[-79.445001,43.696071]]],[[[-79.464237,43.696538],[-79.463268,43.697306],[-79.462015,43.697873],[-79.460777,43.698177],[-79.45298789527754,43.6989654275863],[-79.454322,43.698828],[-79.454283,43.698733],[-79.463118,43.696756],[-79.463139,43.696408],[-79.46270554562449,43.69642261493578],[-79.462207,43.69507],[-79.462516,43.69579],[-79.46309,43.695665],[-79.462811,43.694943],[-79.465159,43.694422],[-79.46516055138258,43.69413085720288],[-79.465161,43.694409],[-79.465078,43.69505],[-79.464841,43.695689],[-79.464237,43.696538]]],[[[-79.44359878141228,43.697115135972275],[-79.44296915989447,43.697260970410206],[-79.442772,43.697285],[-79.443069,43.697224],[-79.442903,43.696823],[-79.44260785931338,43.69688681420251],[-79.44249014743266,43.69659592189295],[-79.442972,43.696495],[-79.44280000982633,43.69615801925274],[-79.443053,43.696102],[-79.443482,43.697139],[-79.44359878141228,43.697115135972275]]],[[[-79.450074,43.699389],[-79.449928,43.699016],[-79.4484423372207,43.69934561955525],[-79.45063163312508,43.698818552546896],[-79.450803,43.699245],[-79.451404,43.699141],[-79.450074,43.699389]]],[[[-79.44186875507906,43.70132475216055],[-79.44081553372556,43.70157523864236],[-79.440461,43.700721],[-79.43997324773332,43.69951587008861],[-79.44045,43.700691],[-79.440972,43.70058],[-79.441134,43.700973],[-79.442399,43.700701],[-79.441675,43.700857],[-79.44186875507906,43.70132475216055]]],[[[-79.44457712029751,43.70023329454665],[-79.444742,43.700637],[-79.44565410072948,43.700424487547366],[-79.4433076057159,43.70098255188834],[-79.443124,43.700546],[-79.44457712029751,43.70023329454665]]],[[[-79.443549,43.701747],[-79.443348,43.701243],[-79.443099,43.701691],[-79.443155,43.701829],[-79.442447,43.701976],[-79.44223457292557,43.70144742558946],[-79.44836295201473,43.70003522890606],[-79.448609,43.700645],[-79.44946255792065,43.70046393359123],[-79.451052,43.700881],[-79.449495,43.70049],[-79.449066,43.700552],[-79.448808,43.700608],[-79.445522,43.701296],[-79.445685,43.701699],[-79.444316,43.702017],[-79.444202,43.701594],[-79.443549,43.701747]]],[[[-79.452656,43.70757],[-79.452464,43.706673],[-79.453082,43.706545],[-79.452996,43.706161],[-79.4529,43.70576],[-79.452268,43.70584],[-79.45236,43.706256],[-79.452224,43.705847],[-79.45131874604154,43.706039925147664],[-79.45118214216946,43.70546176368907],[-79.452138,43.705264],[-79.451897,43.70466],[-79.451035,43.704839],[-79.450626,43.704923],[-79.451034,43.704839],[-79.45089211202,43.704258976519824],[-79.451579,43.704115],[-79.451495,43.703762],[-79.449405,43.704206],[-79.449571,43.704679],[-79.449385,43.70421],[-79.449939,43.704092],[-79.449693,43.70347],[-79.444793,43.704519],[-79.444913,43.704972],[-79.444793,43.70452],[-79.442838,43.704937],[-79.441647,43.705194],[-79.43969794133211,43.70560876973955],[-79.439565,43.705087],[-79.438978,43.70523],[-79.439568,43.705086],[-79.43888881161864,43.702227408798244],[-79.44185561903645,43.70153576950981],[-79.442173,43.702443],[-79.44202,43.702065],[-79.441109,43.702253],[-79.442221,43.70507],[-79.443919,43.704703],[-79.443758,43.704289],[-79.443899,43.704259],[-79.444064,43.704672],[-79.450614,43.703269],[-79.450451,43.70287],[-79.450809,43.702629],[-79.452121,43.702352],[-79.451768,43.700756],[-79.452355,43.700626],[-79.452175,43.700209],[-79.451666,43.700325],[-79.452156,43.700156],[-79.452071,43.69974],[-79.451556,43.69979],[-79.451593,43.700012],[-79.45144990066214,43.69934122185379],[-79.453485143354,43.69918774217449],[-79.453564,43.699596],[-79.452324,43.699715],[-79.452502,43.700134],[-79.454776,43.699797],[-79.454883,43.700041],[-79.457695,43.69942],[-79.457424,43.698789],[-79.456396,43.698893],[-79.456473,43.699293],[-79.45689007317078,43.69928141463414],[-79.456137,43.69933],[-79.45606,43.698927],[-79.455217,43.699012],[-79.455299,43.699423],[-79.454918,43.699466],[-79.454843,43.69905],[-79.45419524201367,43.699115348191555],[-79.460594,43.698463],[-79.462431,43.698027],[-79.463786,43.69734],[-79.464375,43.696865],[-79.465198,43.695781],[-79.465516,43.694756],[-79.46790384388268,43.703501417403565],[-79.465808,43.70396],[-79.465574,43.703426],[-79.464543,43.703665],[-79.464478,43.703214],[-79.456874,43.7049],[-79.457286,43.705852],[-79.464652,43.704226],[-79.46065,43.70511],[-79.461019,43.705977],[-79.460648,43.70511],[-79.455241100737,43.70630637387859],[-79.45380355336751,43.70661947421597],[-79.456201,43.706092],[-79.456563,43.706012],[-79.456153,43.705062],[-79.455791,43.705142],[-79.455065,43.705301],[-79.45440988087654,43.70544516860969],[-79.460234,43.704122],[-79.45913,43.701444],[-79.452879,43.702865],[-79.453141,43.703665],[-79.453515,43.703582],[-79.45434882893724,43.70545860398792],[-79.45352,43.705641],[-79.453805,43.706464],[-79.452591,43.706648],[-79.452656,43.70757]],[[-79.452293,43.703151],[-79.451336,43.703353],[-79.451501,43.703761],[-79.45238,43.703575],[-79.452293,43.703151]]],[[[-79.443657,43.706981],[-79.443502,43.707015],[-79.443352,43.706646],[-79.445475,43.706248],[-79.446094,43.706768],[-79.446218,43.707074],[-79.45099548966427,43.70610651385548],[-79.443823,43.707584],[-79.443872,43.708022],[-79.443657,43.706981]]],[[[-79.455868,43.708075],[-79.456605,43.707909],[-79.454217,43.708447],[-79.45435,43.708417],[-79.454165,43.70799],[-79.453441,43.708151],[-79.454048,43.708016],[-79.455935,43.707595],[-79.455687,43.707651],[-79.455868,43.708075]]],[[[-79.443961,43.709429],[-79.443564,43.709515],[-79.4437409928085,43.709945982488506],[-79.443382,43.710023],[-79.443023,43.709163],[-79.44175730064403,43.709427798634486],[-79.443042,43.709159],[-79.443235,43.709119],[-79.443416,43.709547],[-79.443961,43.709429]]],[[[-79.4543340006592,43.70987800130686],[-79.45472284150682,43.71064887828727],[-79.454005,43.710762],[-79.45374,43.709504],[-79.453849,43.709989],[-79.4543340006592,43.70987800130686]]],[[[-79.44449026075559,43.71073194831871],[-79.445156,43.7106],[-79.44532580582535,43.711018747573085],[-79.44466749999631,43.71116949999088],[-79.44449026075559,43.71073194831871]]],[[[-79.451657,43.71253],[-79.451148,43.71123],[-79.452863,43.710859],[-79.453031,43.711274],[-79.454067,43.711052],[-79.454005,43.710762],[-79.454246,43.711867],[-79.45433563708605,43.71229792317858],[-79.454267,43.711969],[-79.453405,43.712152],[-79.451657,43.71253]]],[[[-79.45005,43.713265],[-79.451797,43.712887],[-79.452089,43.713604],[-79.450341,43.713982],[-79.45005,43.713265]]],[[[-79.44615104965204,43.71569112837835],[-79.444466,43.716049],[-79.444178,43.715299],[-79.445038,43.715118],[-79.445169,43.71547],[-79.446349,43.715216],[-79.445713,43.715354],[-79.445871,43.715748],[-79.44615104965204,43.71569112837835]]],[[[-79.441156,43.716328],[-79.44202755630565,43.716141366425774],[-79.442187,43.716533],[-79.44252076190627,43.716463142856824],[-79.442246,43.716521],[-79.44131867197657,43.71671422119594],[-79.441156,43.716328]]],[[[-79.466603,43.711482],[-79.46647,43.710988],[-79.46589288204379,43.71111546643206],[-79.465838,43.710984],[-79.467044,43.710688],[-79.467099,43.710819],[-79.468882,43.710455],[-79.466686,43.710935],[-79.466898,43.711417],[-79.469643,43.710808],[-79.469394,43.710864],[-79.469574,43.711727],[-79.469827,43.7117],[-79.470025,43.712302],[-79.470282,43.71357],[-79.4702,43.713587],[-79.470394,43.714571],[-79.470307,43.714578],[-79.47237434673698,43.7243907336849],[-79.464455,43.726145],[-79.461445,43.726676],[-79.459842,43.726714],[-79.460123,43.726524],[-79.459801,43.7252],[-79.45760319438097,43.72569495629754],[-79.4572940911887,43.72468838520316],[-79.45775287243735,43.72456003568716],[-79.457893,43.724887],[-79.463465,43.723641],[-79.463491,43.723341],[-79.46209,43.720139],[-79.45635258953735,43.72138451967436],[-79.455109,43.715738],[-79.45252427076663,43.71628720549466],[-79.45178883545341,43.714477438325225],[-79.454751,43.714087],[-79.460307,43.712885],[-79.460163,43.712205],[-79.459226,43.712413],[-79.458915,43.711225],[-79.458359,43.711108],[-79.457653,43.711265],[-79.457403,43.710085],[-79.45510974395931,43.71058790790918],[-79.459663,43.709581],[-79.460365,43.712871],[-79.46252256543013,43.71239650629816],[-79.46244,43.712415],[-79.463834,43.715765],[-79.467409,43.714969],[-79.466592,43.711485],[-79.46634267646778,43.71154084558887],[-79.466603,43.711482]]],[[[-79.443175,43.721056],[-79.442857,43.720878],[-79.442744,43.720602],[-79.442902,43.720188],[-79.44327,43.720262],[-79.443537,43.719523],[-79.4434297492273,43.71951496654444],[-79.445053,43.71924],[-79.44421541807242,43.71728724857848],[-79.445032,43.719146],[-79.4454961730689,43.72041333803761],[-79.444912,43.720504],[-79.444987,43.720689],[-79.443175,43.721056]]],[[[-79.450449,43.720217],[-79.452545,43.719766],[-79.45294090912374,43.720735019508496],[-79.450573,43.721219],[-79.450449,43.720217]]],[[[-79.448036,43.722833],[-79.448419,43.722739],[-79.44833179820283,43.72229206906289],[-79.448651,43.723279],[-79.449345,43.72313],[-79.448446,43.723326],[-79.44731,43.723548],[-79.447151,43.723123],[-79.44729,43.723094],[-79.448074,43.722926],[-79.448036,43.722833]]],[[[-79.440354,43.724582],[-79.440116,43.723998],[-79.441057,43.722745],[-79.440513107408,43.7214069785184],[-79.441018,43.721306],[-79.44095368831707,43.72105295664622],[-79.441133,43.721621],[-79.44365,43.721051],[-79.444,43.721913],[-79.444171,43.72194],[-79.445881,43.721563],[-79.44578991343116,43.72121534134026],[-79.446711,43.723519],[-79.446911,43.724395],[-79.446721,43.723702],[-79.445674,43.723916],[-79.445492,43.723478],[-79.43937,43.724795],[-79.440354,43.724582]],[[-79.441034,43.721348],[-79.441023,43.721318],[-79.441018,43.721306],[-79.441034,43.721348]]],[[[-79.448266,43.724877],[-79.44767472302955,43.72413744235338],[-79.448214,43.724784],[-79.456713,43.722952],[-79.456562,43.722288],[-79.456665,43.722725],[-79.457306,43.722583],[-79.45712505755945,43.72216013388486],[-79.45749,43.723009],[-79.457851,43.722927],[-79.457957,43.723174],[-79.456815,43.723427],[-79.457081,43.724748],[-79.457412,43.726005],[-79.457285,43.726022],[-79.457401,43.726493],[-79.456483,43.727041],[-79.455874,43.727699],[-79.455186,43.72797],[-79.451923,43.728624],[-79.451517,43.728546],[-79.449365,43.727487],[-79.448266,43.724877]]],[[[-79.444843,43.726918],[-79.443127,43.727289],[-79.442599,43.72599],[-79.44453509527143,43.72557441566576],[-79.44494,43.727341],[-79.444843,43.726918]]],[[[-79.44494,43.727341],[-79.444287,43.727484],[-79.444642,43.728354],[-79.44225,43.728872],[-79.442554,43.729129],[-79.441514,43.729354],[-79.441255,43.729088],[-79.441137,43.729115],[-79.441216,43.729467],[-79.440779,43.728249],[-79.435044,43.729494],[-79.44494,43.727341]]],[[[-79.458203,43.729333],[-79.458139,43.729097],[-79.458903,43.728929],[-79.458179,43.729089],[-79.45835976692035,43.72993046170449],[-79.45714288256984,43.730176377055635],[-79.457006,43.729598],[-79.458203,43.729333]]],[[[-79.46111704587156,43.731505110091746],[-79.46400804046041,43.73085509432487],[-79.464171,43.731235],[-79.461272,43.731877],[-79.46111704587156,43.731505110091746]]],[[[-79.447225,43.741365],[-79.446522,43.740524],[-79.44613,43.740818],[-79.445609,43.74051],[-79.446043,43.740255],[-79.445631,43.739853],[-79.445389,43.739308],[-79.44575,43.739226],[-79.445907,43.739611],[-79.447467,43.739277],[-79.44781,43.74079],[-79.448372,43.740669],[-79.44849,43.741222],[-79.447225,43.741365]]],[[[-79.447206,43.731796],[-79.448664,43.73259],[-79.449132,43.733081],[-79.449515,43.733959],[-79.450661,43.733614],[-79.450598,43.732613],[-79.450867,43.732108],[-79.452595,43.730363],[-79.453628,43.729882],[-79.456438,43.728967],[-79.454815,43.729501],[-79.4552,43.729415],[-79.455263,43.729683],[-79.455944,43.729541],[-79.456678,43.731089],[-79.456831,43.731813],[-79.45744,43.731677],[-79.457141,43.730932],[-79.456932,43.730975],[-79.45852307649385,43.73059495326323],[-79.458891,43.732092],[-79.460285,43.731976],[-79.460521,43.732524],[-79.46082853180846,43.73245479334887],[-79.459686,43.732712],[-79.459871,43.733142],[-79.460582,43.73299],[-79.459639,43.733192],[-79.459774,43.733511],[-79.45922460940433,43.73363086703906],[-79.459102,43.733071],[-79.45772556724235,43.733366877859915],[-79.457358,43.733062],[-79.456271,43.732645],[-79.452863,43.733383],[-79.452968,43.733762],[-79.452763,43.734101],[-79.463172,43.743604],[-79.460396,43.74523],[-79.459184,43.744101],[-79.457782,43.744925],[-79.458981,43.745894],[-79.461676,43.747399],[-79.465081,43.745359],[-79.467704,43.747749],[-79.468868,43.748357],[-79.4693,43.748435],[-79.473038,43.751843],[-79.470282,43.753307],[-79.469572,43.753971],[-79.470361,43.754367],[-79.472966,43.755377],[-79.473768,43.755517],[-79.475332,43.75543],[-79.47847073545816,43.754724185707616],[-79.475812,43.755323],[-79.475966,43.756102],[-79.474437,43.756414],[-79.472573,43.757336],[-79.471236,43.756244],[-79.470835,43.755617],[-79.4701,43.755308],[-79.469711,43.755626],[-79.46588,43.756485],[-79.466307,43.757465],[-79.466136,43.757504],[-79.468039,43.761965],[-79.468124,43.762423],[-79.46823645804199,43.76246576573428],[-79.468022,43.762432],[-79.467514,43.762811],[-79.46566543331373,43.76322540179709],[-79.464931,43.75945],[-79.463655,43.759588],[-79.46302154679294,43.75887885112669],[-79.464112,43.758642],[-79.463025,43.758882],[-79.463215,43.759095],[-79.464971,43.758682],[-79.465018,43.757757],[-79.464486,43.757877],[-79.462905,43.750963],[-79.46255781481324,43.75103768518552],[-79.462908,43.750962],[-79.462772,43.750377],[-79.460036,43.75095],[-79.460241,43.75146],[-79.46228515561964,43.751096338616705],[-79.462638,43.752969],[-79.462863,43.75332],[-79.46291,43.754171],[-79.461011,43.754622],[-79.460712,43.753873],[-79.460748,43.753141],[-79.46008,43.751494],[-79.460203,43.751468],[-79.459998,43.750957],[-79.45948493088856,43.75106482538244],[-79.458226,43.747884],[-79.45832,43.747864],[-79.458144,43.747429],[-79.449981,43.749194],[-79.454671,43.748179],[-79.452537,43.742996],[-79.451578,43.743195],[-79.451428,43.742831],[-79.450717,43.74246],[-79.450504,43.741961],[-79.450819,43.741894],[-79.451463,43.741359],[-79.451564,43.741187],[-79.451387,43.740693],[-79.451574,43.74056],[-79.45036662836951,43.737316920628594],[-79.451104,43.737233],[-79.449922,43.734022],[-79.446444,43.734754],[-79.44658275799185,43.73539204956931],[-79.444469,43.735825],[-79.443347,43.735927],[-79.442689,43.736067],[-79.437235,43.737243],[-79.434799,43.737762],[-79.434899,43.738219],[-79.434783,43.738244],[-79.43497561317247,43.738493049593274],[-79.43430127816931,43.738616933099784],[-79.434249,43.738416],[-79.433382,43.738674],[-79.433208,43.738261],[-79.43183933075623,43.738603917129744],[-79.432393,43.738442],[-79.432231,43.738057],[-79.431661,43.738191],[-79.43177148275839,43.73844734482705],[-79.431663,43.738197],[-79.431266,43.738285],[-79.431173,43.738064],[-79.43009,43.738699],[-79.43201601197917,43.7375658926997],[-79.434005,43.737355],[-79.434994,43.737211],[-79.43494519846588,43.73676675708409],[-79.435633,43.73662],[-79.435822,43.736266],[-79.43596,43.736551],[-79.436574,43.736419],[-79.436419,43.736114],[-79.437153,43.735901],[-79.43679987048942,43.73556464414118],[-79.437507,43.736219],[-79.437672,43.736625],[-79.438673,43.73641],[-79.43850815409625,43.7360043791702],[-79.444426,43.734736],[-79.44397847327217,43.73359731230254],[-79.444273,43.734311],[-79.445521,43.734043],[-79.445102,43.733018],[-79.44385565175969,43.73328480505652],[-79.44351852865783,43.73242702851552],[-79.44621,43.731902],[-79.44605530954533,43.73152408534494],[-79.447206,43.731796]],[[-79.447793,43.732938],[-79.447633,43.732896],[-79.447279,43.73203],[-79.446272,43.732246],[-79.446812,43.733599],[-79.448016,43.733349],[-79.447793,43.732938]]],[[[-79.44914182077305,43.749376142658974],[-79.439071,43.751562],[-79.443735,43.750549],[-79.443294,43.74948],[-79.448911,43.748272],[-79.44914182077305,43.749376142658974]]],[[[-79.457008,43.750848],[-79.457069,43.750999],[-79.458814,43.750626],[-79.457777,43.750848],[-79.4579919211624,43.75138680235596],[-79.457887,43.75141],[-79.456751,43.751663],[-79.456366,43.751747],[-79.455414,43.751955],[-79.455665,43.752593],[-79.455406,43.751957],[-79.45477379844007,43.75209451224242],[-79.45454348719417,43.751537178967716],[-79.454934,43.751452],[-79.455147,43.751248],[-79.455059,43.751032],[-79.456725,43.750592],[-79.456844,43.750883],[-79.457008,43.750848]]],[[[-79.450035,43.752532],[-79.450505,43.752432],[-79.45063,43.752975],[-79.45078999999959,43.752940000000095],[-79.45021274986077,43.75306724677174],[-79.450035,43.752532]]],[[[-79.453871,43.752832],[-79.453983,43.753109],[-79.453401,43.753234],[-79.453598,43.753719],[-79.453685,43.753701],[-79.453131,43.753817],[-79.453407,43.753759],[-79.452882,43.752488],[-79.45237367155394,43.75259357184757],[-79.45352013954424,43.75235534434798],[-79.453721,43.752851],[-79.453871,43.752832]]],[[[-79.448399,43.753448],[-79.44918500140872,43.75328400346547],[-79.449485,43.754022],[-79.450047,43.753947],[-79.45082880006002,43.7537810424425],[-79.449262,43.754115],[-79.4493,43.754208],[-79.449044,43.754262],[-79.448915,43.753947],[-79.447386,43.754287],[-79.44715407658558,43.75371618849294],[-79.448026,43.753532],[-79.44786,43.753125],[-79.44820181818041,43.75297836363299],[-79.448399,43.753448]],[[-79.448688,43.753388],[-79.448075,43.753522],[-79.448297,43.754079],[-79.448915,43.753947],[-79.448688,43.753388]]],[[[-79.446541,43.754259],[-79.445927,43.75439],[-79.445771,43.754009],[-79.445106,43.754146],[-79.445372,43.754803],[-79.445105,43.754146],[-79.443823,43.754412],[-79.444039,43.754943],[-79.44365,43.755024],[-79.443424,43.754494],[-79.443249,43.754446],[-79.4429484096065,43.754041551131664],[-79.4463311004565,43.75332024760406],[-79.446544,43.753845],[-79.44709874316926,43.75372787158473],[-79.446386,43.753879],[-79.446541,43.754259]]],[[[-79.44004524557167,43.75466060340466],[-79.440189,43.755189],[-79.43980967439943,43.755248201105296],[-79.43956906939557,43.75476214019025],[-79.44004524557167,43.75466060340466]]],[[[-79.462591,43.758147],[-79.462417,43.758184],[-79.461813,43.757458],[-79.462049,43.757409],[-79.461371,43.755823],[-79.461615,43.755769],[-79.462591,43.758147]]],[[[-79.44405841160037,43.76171703382211],[-79.443136,43.76191],[-79.443484,43.761834],[-79.44281903428197,43.760217988562346],[-79.443158,43.761041],[-79.443844,43.760891],[-79.444099,43.76114],[-79.443904,43.761413],[-79.44405841160037,43.76171703382211]]],[[[-79.449477,43.763075],[-79.448666,43.76113],[-79.451005,43.76065],[-79.451767,43.762585],[-79.449477,43.763075]]],[[[-79.45636841972438,43.76158590900185],[-79.458665,43.761088],[-79.45907206410162,43.76207521057714],[-79.456776,43.762573],[-79.456877,43.762818],[-79.45636841972438,43.76158590900185]]],[[[-79.45414066719,43.76224073469402],[-79.454577,43.763316],[-79.454407,43.762903],[-79.453861,43.763022],[-79.45368917723324,43.76260343174844],[-79.454235,43.762486],[-79.45414066719,43.76224073469402]]],[[[-79.456293,43.764574],[-79.455182,43.764757],[-79.455743,43.764636],[-79.455148,43.763193],[-79.454577,43.763316],[-79.456877,43.762818],[-79.45759258785388,43.76454353802439],[-79.456993,43.764657],[-79.456293,43.764574]]],[[[-79.453085,43.767842],[-79.452421,43.767974],[-79.451222,43.767477],[-79.451544,43.767069],[-79.451496,43.766748],[-79.451646,43.766492],[-79.452673,43.766612],[-79.452683,43.767013],[-79.45319103117157,43.767494247215254],[-79.453085,43.767842]]],[[[-79.459365,43.768543],[-79.459981,43.768408],[-79.45987,43.768138],[-79.460943,43.767903],[-79.461735,43.767881],[-79.461559,43.767499],[-79.460943,43.767485],[-79.461798,43.767447],[-79.462872,43.769768],[-79.4607162558981,43.770234248756395],[-79.459978,43.768409],[-79.459365,43.768543]]],[[[-79.45449849080033,43.76767479231542],[-79.455126,43.767782],[-79.45574688672787,43.76764718844578],[-79.455913,43.767922],[-79.45609491512734,43.767329533246496],[-79.459841,43.766521],[-79.459252,43.766649],[-79.459675,43.76781],[-79.459113,43.767941],[-79.458772,43.768014],[-79.458725,43.767905],[-79.457263,43.768218],[-79.456784,43.769181],[-79.456795,43.769756],[-79.457341,43.770379],[-79.4589,43.770019],[-79.45943,43.770152],[-79.4595500677083,43.77048647433027],[-79.45498398330005,43.771472929327764],[-79.454127,43.767837],[-79.45449849080033,43.76767479231542]]],[[[-79.451325,43.770478],[-79.451294,43.770349],[-79.451565,43.770238],[-79.452216,43.77019],[-79.452976,43.770382],[-79.453699,43.771038],[-79.4539019622302,43.771697877201646],[-79.44918781642411,43.772671560904044],[-79.44810205823217,43.77007453119012],[-79.448699,43.769947],[-79.449102,43.769342],[-79.449318,43.769347],[-79.449463,43.769772],[-79.450155,43.770205],[-79.449858,43.770731],[-79.450202,43.770195],[-79.45091,43.770501],[-79.451325,43.770478]]],[[[-79.4449,43.773587],[-79.444006,43.769922],[-79.443103,43.770119],[-79.447298,43.76919],[-79.448783,43.772754],[-79.44890446017656,43.772729408063014],[-79.447013,43.773131],[-79.448112,43.775763],[-79.443728,43.776711],[-79.443958,43.777641],[-79.44397932352899,43.77772655672103],[-79.443009,43.773859],[-79.4449,43.773587]],[[-79.446362,43.773279],[-79.445962,43.771669],[-79.444506,43.771954],[-79.4449,43.773587],[-79.446362,43.773279]]],[[[-79.451205,43.773643],[-79.45087204762653,43.7738729671048],[-79.45065511791034,43.77335297381452],[-79.45143371735281,43.77318006277017],[-79.451803,43.773396],[-79.453247,43.773814],[-79.451926,43.773432],[-79.451842,43.773546],[-79.451205,43.773643]]],[[[-79.458079,43.776086],[-79.45744,43.77639],[-79.45756,43.776506],[-79.457514,43.776903],[-79.457644,43.77713],[-79.45712,43.777674],[-79.456586,43.777837],[-79.456281,43.776906],[-79.451269,43.77798],[-79.451201,43.779319],[-79.45131821311477,43.77933539344262],[-79.44915244994476,43.77966246364641],[-79.448692,43.778532],[-79.44666,43.778968],[-79.446933,43.779637],[-79.448910364266,43.779706479224366],[-79.448616,43.77976],[-79.448826,43.78053],[-79.452046986754,43.780245266369455],[-79.451743,43.780724],[-79.45041864241813,43.78196595311012],[-79.450015,43.781899],[-79.44924893636299,43.78206976870887],[-79.449,43.781165],[-79.446422,43.781454],[-79.446753,43.782145],[-79.447385,43.782435],[-79.44886540799563,43.78215799605637],[-79.44926422113636,43.78312914556278],[-79.4455492355053,43.78392895033313],[-79.444835,43.781307],[-79.444186,43.78145],[-79.444157,43.781707],[-79.444025,43.781736],[-79.44391404885677,43.78125321259295],[-79.444818,43.781042],[-79.444598,43.780217],[-79.44352714484788,43.78040979803477],[-79.443207,43.779712],[-79.444407,43.779444],[-79.44429934426365,43.779010580801746],[-79.444364,43.77927],[-79.45386,43.77724],[-79.453405,43.776043],[-79.45357,43.775582],[-79.443958,43.777641],[-79.461888,43.77378],[-79.46204,43.774154],[-79.462537,43.77405],[-79.462642,43.774307],[-79.462403,43.774475],[-79.46038,43.775046],[-79.460339,43.775197],[-79.459264,43.775771],[-79.459129,43.775967],[-79.458079,43.776086]],[[-79.446337,43.780748],[-79.445031,43.781034],[-79.445752,43.781264],[-79.446368,43.781216],[-79.446337,43.780748]],[[-79.445335,43.783075],[-79.445397,43.783316],[-79.445783,43.783236],[-79.445714,43.782997],[-79.445335,43.783075]]],[[[-79.439839,43.780784],[-79.439449,43.779168],[-79.440604,43.778841],[-79.441194,43.779786],[-79.441789,43.779675],[-79.441212,43.779809],[-79.441657,43.780383],[-79.441835,43.780806],[-79.441584,43.780399],[-79.439839,43.780784]]],[[[-79.443006,43.784746],[-79.44293131107487,43.78476260074679],[-79.443811,43.784558],[-79.44326141203135,43.783260972393954],[-79.443539,43.783915],[-79.444104,43.78379],[-79.444364,43.784406],[-79.444933,43.784082],[-79.444296,43.784445],[-79.443006,43.784746]]],[[[-79.44232543672962,43.783468760341],[-79.44287778731274,43.78477449721499],[-79.440339,43.785338],[-79.439916,43.784483],[-79.440034,43.784456],[-79.43985134182373,43.78401801319024],[-79.44232543672962,43.783468760341]]],[[[-79.451473,43.785625],[-79.45275748984228,43.78534947884217],[-79.453464,43.787066],[-79.45335063803827,43.78748762694538],[-79.452326,43.787711],[-79.451473,43.785625]]],[[[-79.44509795794293,43.78699877381903],[-79.445241,43.786965],[-79.445287,43.78707],[-79.446268,43.78684],[-79.446159,43.786396],[-79.444979,43.786712],[-79.438754,43.788048],[-79.444961,43.786665],[-79.444779,43.786238],[-79.448146,43.78548],[-79.448267,43.784483],[-79.448153,43.786036],[-79.44879140245901,43.787802343369464],[-79.448244,43.78792],[-79.448296,43.78805],[-79.449167,43.787866],[-79.449873,43.789591],[-79.452309,43.789071],[-79.447109,43.790188],[-79.44734,43.791116],[-79.448974,43.790759],[-79.44734,43.791117],[-79.44757367541487,43.79205869194966],[-79.445727,43.792462],[-79.445381,43.790828],[-79.44424466467879,43.79083787402162],[-79.444666,43.790816],[-79.444583,43.789552],[-79.44519,43.78925],[-79.445169,43.788962],[-79.444949,43.788726],[-79.4445420965148,43.78864272672861],[-79.445666,43.788392],[-79.44509795794293,43.78699877381903]],[[-79.446601,43.78896],[-79.446675,43.788717],[-79.44649717719581,43.78909794560082],[-79.446601,43.78896]]],[[[-79.43192568277838,43.634254630609625],[-79.43184679817752,43.6340476039728],[-79.432349,43.633937],[-79.43182740236419,43.6339967011355],[-79.43164673759712,43.633522560191516],[-79.4332950984894,43.63365369867137],[-79.43351940032147,43.63436970146288],[-79.433279,43.633729],[-79.432707,43.633691],[-79.432877,43.63415],[-79.432719,43.634185],[-79.432774,43.634451],[-79.432588,43.633682],[-79.432486,43.633672],[-79.432649,43.634109],[-79.43192568277838,43.634254630609625]]],[[[-79.435858,43.636715],[-79.43452522121089,43.636988954380634],[-79.43362288391668,43.63463899645541],[-79.433987,43.635581],[-79.434602,43.635454],[-79.43398411150392,43.63376418353787],[-79.43498,43.636325],[-79.435651,43.636183],[-79.435858,43.636715]]],[[[-79.43136,43.638525],[-79.431405,43.638643],[-79.431218,43.638158],[-79.431872,43.638025],[-79.4319714176707,43.63842267068273],[-79.43136,43.638525]]],[[[-79.43733984447518,43.64000467746927],[-79.435803,43.640352],[-79.43594178498914,43.6407316992205],[-79.4353,43.639028],[-79.434576,43.639172],[-79.434137,43.638013],[-79.433873,43.638067],[-79.434307,43.637977],[-79.43486,43.637868],[-79.435272,43.638952],[-79.43662,43.638753],[-79.437114,43.64005],[-79.43733984447518,43.64000467746927]]],[[[-79.434992,43.640261],[-79.434272,43.640407],[-79.434064,43.639863],[-79.434778,43.639716],[-79.434992,43.640261]]],[[[-79.436244,43.642954],[-79.437454,43.642704],[-79.43807,43.644229],[-79.436842,43.644475],[-79.436244,43.642954]]],[[[-79.431777,43.645138],[-79.43194999738152,43.645576993355434],[-79.430037,43.645966],[-79.430467,43.647099],[-79.428983,43.647397],[-79.428377,43.645755],[-79.429846,43.645474],[-79.429193,43.643792],[-79.427731,43.644086],[-79.427481,43.643461],[-79.426946,43.643569],[-79.427053,43.644016],[-79.426498,43.644126],[-79.426102,43.643124],[-79.41955038461059,43.64444492245565],[-79.420466,43.644259],[-79.42033,43.643893],[-79.418489,43.644243],[-79.41856,43.644763],[-79.419027,43.644668],[-79.419214,43.645209],[-79.418308,43.645392],[-79.418236,43.645202],[-79.418656,43.64512],[-79.418574,43.644917],[-79.418339,43.644686],[-79.41798140987108,43.644745905562836],[-79.418473,43.644628],[-79.418337,43.644275],[-79.417813,43.644387],[-79.41795532439453,43.64475027555246],[-79.417748,43.644401],[-79.417047,43.644545],[-79.417175,43.644881],[-79.417292,43.645187],[-79.4169,43.645264],[-79.416603,43.644634],[-79.416273,43.644701],[-79.415421,43.642511],[-79.416913,43.642211],[-79.416759,43.641812],[-79.4152709649194,43.64211933562586],[-79.415002,43.641427],[-79.417826,43.640877],[-79.417735,43.640663],[-79.422274,43.640853],[-79.423677,43.64102],[-79.424968,43.641331],[-79.426725,43.641988],[-79.42969549553403,43.643377298132506],[-79.430468,43.645401],[-79.430295,43.645436],[-79.430464,43.645879],[-79.431128,43.645744],[-79.430959,43.645303],[-79.431777,43.645138]],[[-79.426685,43.642604],[-79.424768,43.643],[-79.424911,43.643362],[-79.427253,43.642888],[-79.427113,43.642516],[-79.426685,43.642604]],[[-79.422414,43.641872],[-79.421167,43.642009],[-79.421598,43.643148],[-79.422809,43.6429],[-79.422414,43.641872]],[[-79.421979,43.643559],[-79.422178,43.643914],[-79.422886,43.643771],[-79.422748,43.643411],[-79.421979,43.643559]],[[-79.421745,43.643605],[-79.420438,43.643871],[-79.420574,43.644237],[-79.42212,43.643926],[-79.421975,43.643559],[-79.421745,43.643605]]],[[[-79.43191146675474,43.64379974622855],[-79.433156,43.643543],[-79.43355002092702,43.644561134275065],[-79.43191146675474,43.64379974622855]]],[[[-79.42221,43.645937],[-79.420407,43.646342],[-79.420436,43.646426],[-79.420267,43.645937],[-79.42207116495067,43.64556444263738],[-79.42221,43.645937]]],[[[-79.43391481524812,43.64549277993447],[-79.433141,43.645637],[-79.432966,43.645212],[-79.432416,43.645008],[-79.43295146950477,43.64490011427723],[-79.438025,43.647273],[-79.43906911356645,43.647812320450825],[-79.435389,43.646041],[-79.433847,43.64532],[-79.43391481524812,43.64549277993447]]],[[[-79.43154,43.648216],[-79.431295,43.647579],[-79.432649,43.647313],[-79.432405,43.646666],[-79.432903,43.647973],[-79.432359,43.64809],[-79.432307,43.648264],[-79.43154,43.648216]]],[[[-79.436678,43.64902],[-79.436806,43.64954],[-79.436735,43.649345],[-79.43641887764707,43.64938485303167],[-79.436708,43.649342],[-79.436642,43.649176],[-79.436075,43.649233],[-79.435781,43.648473],[-79.437555,43.648131],[-79.437835,43.64887],[-79.436678,43.64902]]],[[[-79.433024,43.650118],[-79.432516,43.650091],[-79.43188997607078,43.65003777798689],[-79.433089,43.650117],[-79.433145,43.649738],[-79.433653,43.649763],[-79.43382320253221,43.6502393417737],[-79.433003,43.650314],[-79.433024,43.650118]]],[[[-79.426565,43.651495],[-79.425631,43.651691],[-79.42521,43.65064],[-79.426156,43.650444],[-79.426565,43.651495]]],[[[-79.42168532852355,43.651764062083004],[-79.420483,43.652015],[-79.420146,43.651196],[-79.42136,43.650953],[-79.42168532852355,43.651764062083004]]],[[[-79.430246,43.652395],[-79.42942642615998,43.6525869002162],[-79.42938425037865,43.65251801921972],[-79.429819,43.652419],[-79.429632,43.65203],[-79.429449,43.652069],[-79.429182,43.651369],[-79.429004,43.651432],[-79.428872,43.651012],[-79.42928,43.650925],[-79.429259,43.650836],[-79.42944,43.650798],[-79.429373,43.650628],[-79.430146,43.650471],[-79.430825,43.652245],[-79.430234,43.652363],[-79.430376,43.652623],[-79.430246,43.652395]]],[[[-79.435351,43.652514],[-79.432755,43.653078],[-79.43269129941521,43.652907799999994],[-79.434683,43.652513],[-79.434388,43.651735],[-79.434548,43.652154],[-79.436357,43.651813],[-79.4366126106478,43.652478625400775],[-79.436555,43.652329],[-79.435351,43.652514]]],[[[-79.422826,43.65221],[-79.422741,43.65193],[-79.423012,43.652444],[-79.425689,43.651836],[-79.425896,43.652357],[-79.422209,43.653117],[-79.42193540426635,43.652387514802896],[-79.422826,43.65221]]],[[[-79.438312,43.653512],[-79.43712179777175,43.65380107759312],[-79.4368207629371,43.653019235008486],[-79.438055,43.652821],[-79.438312,43.653512]]],[[[-79.430716,43.654561],[-79.430957,43.655164],[-79.43035,43.655294],[-79.430441,43.655544],[-79.42968402777775,43.65359749999992],[-79.430115,43.654685],[-79.430716,43.654561]]],[[[-79.423078,43.655412],[-79.423619,43.655298],[-79.423649,43.655379],[-79.424383,43.65526],[-79.424912,43.656701],[-79.423671,43.656962],[-79.423078,43.655412]]],[[[-79.434746,43.658329],[-79.437364,43.657803],[-79.435956,43.654112],[-79.436784,43.656277],[-79.43796631365278,43.65601889626387],[-79.43892420847989,43.658522160777515],[-79.438093,43.658691],[-79.438195,43.658954],[-79.439026,43.658788],[-79.437893,43.659015],[-79.437613,43.658977],[-79.43719,43.657839],[-79.434746,43.658329]]],[[[-79.421738,43.655304],[-79.422871,43.658276],[-79.421669,43.658517],[-79.420717,43.656029],[-79.421285,43.655902],[-79.42111,43.655443],[-79.421738,43.655304]]],[[[-79.43428191999871,43.657119016869366],[-79.432784,43.657485],[-79.43334210608168,43.65895018594355],[-79.433133,43.658402],[-79.432487,43.658544],[-79.43253,43.658661],[-79.432391,43.658691],[-79.43293869327603,43.65991851120663],[-79.432894,43.659993],[-79.432374,43.658651],[-79.431727,43.658791],[-79.43226728724972,43.66016645655149],[-79.431797,43.660247],[-79.432258,43.660143],[-79.430556,43.655828],[-79.431318,43.657744],[-79.43428191999871,43.657119016869366]]],[[[-79.428957,43.660147],[-79.428495,43.658973],[-79.428634,43.659324],[-79.429515,43.659237],[-79.42934136079572,43.65879645253316],[-79.43024,43.658609],[-79.430973,43.660402],[-79.42846331252608,43.66090133593256],[-79.429189,43.660734],[-79.429119,43.660559],[-79.4285,43.660691],[-79.428343,43.660275],[-79.428957,43.660147]]],[[[-79.43448349621006,43.660047375480694],[-79.43381639253452,43.660194774662166],[-79.43367036670942,43.659810935350485],[-79.434345,43.659692],[-79.43448349621006,43.660047375480694]]],[[[-79.435851,43.661086],[-79.435496,43.66028],[-79.43606627196631,43.66016217099802],[-79.436404,43.660965],[-79.435851,43.661086]]],[[[-79.430421,43.660945],[-79.430589,43.661348],[-79.435496,43.66028],[-79.43009295999337,43.66146690128544],[-79.4299244841347,43.661051194580914],[-79.43177884363249,43.6606449791077],[-79.430421,43.660945]]],[[[-79.42752048257549,43.661992272510346],[-79.4273167904675,43.66162243522669],[-79.4294191652244,43.661161889600145],[-79.429634,43.661738],[-79.429645,43.662236],[-79.42963,43.661845],[-79.429127,43.661942],[-79.429288,43.662317],[-79.429185,43.662079],[-79.428981,43.662123],[-79.428892,43.661906],[-79.428738,43.66194],[-79.428619,43.661654],[-79.42752048257549,43.661992272510346]]],[[[-79.42737,43.662009],[-79.42720538249131,43.66164684022681],[-79.42737508890863,43.662019637930456],[-79.42698,43.662094],[-79.427081,43.662351],[-79.426517,43.662474],[-79.426674,43.662894],[-79.42658,43.662662],[-79.42599639329923,43.662792234381214],[-79.42580469140621,43.66233357571983],[-79.42737,43.662009]]],[[[-79.43996,43.662084],[-79.440393,43.663161],[-79.439259,43.663391],[-79.438655,43.662018],[-79.43969,43.661758],[-79.43996,43.662084]]],[[[-79.434173,43.663505],[-79.43541385254987,43.66323668059813],[-79.43576039570945,43.66404089518627],[-79.434498,43.66429],[-79.434173,43.663505]]],[[[-79.424055,43.665981],[-79.422195,43.666397],[-79.42200810207669,43.66594023970937],[-79.423854,43.665503],[-79.424055,43.665981]]],[[[-79.437271,43.668764],[-79.436421,43.668936],[-79.436592969481,43.66940717649706],[-79.435361,43.666382],[-79.436082,43.666228],[-79.436255,43.666662],[-79.43683568139384,43.66653628547144],[-79.437154,43.667275],[-79.436472,43.667422],[-79.436825,43.668273],[-79.437041,43.668227],[-79.437271,43.668764]]],[[[-79.421881,43.668603],[-79.421534,43.668673],[-79.421325,43.66814],[-79.424643,43.667438],[-79.425004,43.668292],[-79.422049,43.668976],[-79.421881,43.668603]]],[[[-79.43074457737758,43.67008985947011],[-79.430591,43.669703],[-79.43114,43.669583],[-79.43130328762417,43.669976639808255],[-79.43074457737758,43.67008985947011]]],[[[-79.43034385555069,43.67017106361844],[-79.429752,43.670291],[-79.42902612998813,43.67004106720301],[-79.430187,43.669795],[-79.43034385555069,43.67017106361844]]],[[[-79.420339,43.670565],[-79.420184,43.670153],[-79.420933,43.670012],[-79.421091,43.670422],[-79.420475,43.670536],[-79.420339,43.670565]]],[[[-79.42958050463415,43.671408975033444],[-79.430009,43.672453],[-79.4288024918102,43.67272566286077],[-79.428575,43.672189],[-79.429788,43.671916],[-79.42958050463415,43.671408975033444]]],[[[-79.428372,43.67368],[-79.427883,43.673685],[-79.427834,43.673561],[-79.42706597229783,43.673726929929806],[-79.426852,43.673483],[-79.426505,43.672467],[-79.42732545522409,43.672304100899815],[-79.427747,43.673344],[-79.42820006011422,43.67324315273205],[-79.428372,43.67368]]],[[[-79.437629,43.674208],[-79.43938,43.673877],[-79.43918674924474,43.673433069373644],[-79.439526,43.673322],[-79.441429,43.67289],[-79.441248,43.67247],[-79.441432,43.67289],[-79.44174510019377,43.67282118234816],[-79.440996,43.67299],[-79.441417,43.674003],[-79.439583,43.674408],[-79.439353,43.673883],[-79.437629,43.674208]]],[[[-79.430366,43.67509],[-79.430234,43.674735],[-79.42982880539927,43.67473631046119],[-79.43404575303487,43.674351124370126],[-79.431475,43.674675],[-79.43160766272372,43.675017547032894],[-79.430366,43.67509]]],[[[-79.430366,43.67509],[-79.431724,43.678401],[-79.43110136556999,43.67853791960981],[-79.431059,43.678437],[-79.43045731739738,43.678569709429766],[-79.430398,43.678416],[-79.429779,43.678549],[-79.429204,43.677165],[-79.424788,43.678115],[-79.42226461666812,43.67864616666636],[-79.431046,43.676764],[-79.430366,43.67509]]],[[[-79.437603,43.677593],[-79.438032,43.678606],[-79.443504,43.67747],[-79.443308,43.677011],[-79.443487,43.677429],[-79.45093,43.675739],[-79.449708,43.672743],[-79.451123,43.676186],[-79.454764,43.675359],[-79.455273,43.676597],[-79.456419,43.676378],[-79.456749,43.676686],[-79.455425,43.676956],[-79.454936,43.675803],[-79.453038,43.676214],[-79.455731,43.682523],[-79.455928,43.682983],[-79.456525,43.682853],[-79.456627,43.683108],[-79.45346384986387,43.683805629527576],[-79.450587,43.676721],[-79.442078,43.678563],[-79.44217385849302,43.67880189806872],[-79.44162,43.678922],[-79.441674,43.679054],[-79.44222682722109,43.67893390647441],[-79.44234204686678,43.67922105631336],[-79.441789,43.679339],[-79.441912,43.679632],[-79.4424596511049,43.67951414902191],[-79.44249953197549,43.67961353993304],[-79.441422,43.679917],[-79.440991,43.678859],[-79.434843,43.680195],[-79.43500903208829,43.68059834969273],[-79.43466005047615,43.680657265734624],[-79.435,43.680578],[-79.43481,43.680202],[-79.434342,43.680303],[-79.434391,43.68072],[-79.434302,43.6805],[-79.433398,43.680735],[-79.43345151612607,43.6808652580573],[-79.433383,43.680699],[-79.43264893846114,43.68079282088308],[-79.432638,43.680626],[-79.432235,43.680713],[-79.43240847140285,43.680898593334824],[-79.43233123596472,43.681071237255324],[-79.432146,43.680774],[-79.430873,43.681046],[-79.429734,43.681361],[-79.429909,43.681803],[-79.429623,43.681327],[-79.424709,43.682295],[-79.42481699999963,43.68257099999907],[-79.424744,43.682386],[-79.423902,43.682561],[-79.423837,43.682399],[-79.422132,43.682839],[-79.422221,43.683055],[-79.42160810998162,43.68317797793191],[-79.421527,43.682967],[-79.421254,43.683024],[-79.420683,43.683144],[-79.42083104077008,43.68327621402696],[-79.420339,43.683386],[-79.4203946195648,43.68352310869465],[-79.42029,43.683267],[-79.419712,43.683386],[-79.419515,43.682921],[-79.419324,43.682959],[-79.41950897889987,43.683427946508296],[-79.419107,43.683511],[-79.41848946429752,43.68362990886011],[-79.419299,43.683471],[-79.41911,43.683003],[-79.418301,43.683168],[-79.416771,43.683466],[-79.417024,43.684089],[-79.417154,43.684134],[-79.419157,43.683633],[-79.41943445374419,43.68431908810498],[-79.419243,43.683854],[-79.418635,43.683981],[-79.419064,43.685001],[-79.418247,43.68518],[-79.41840424025298,43.68556824753823],[-79.418211,43.685186],[-79.417371,43.685352],[-79.41752740468354,43.68573454393933],[-79.41671680435697,43.685934793397486],[-79.416698,43.68589],[-79.415803,43.686066],[-79.414388,43.686304],[-79.41427419943452,43.68632600940472],[-79.41409,43.685868],[-79.41297390226198,43.68610480947158],[-79.412301,43.684391],[-79.415921,43.683633],[-79.417141,43.683393],[-79.417733,43.683278],[-79.4176,43.682949],[-79.417385,43.682399],[-79.416802,43.682515],[-79.41737753791709,43.68237922168858],[-79.41743,43.682513],[-79.417997,43.682396],[-79.41792905139945,43.68224911111351],[-79.4178,43.681894],[-79.417088,43.680168],[-79.4168939393958,43.68020584738361],[-79.416757,43.679861],[-79.4164169856744,43.67993196629273],[-79.416349,43.679772],[-79.415792,43.679884],[-79.41538,43.678847],[-79.415638,43.678781],[-79.41488,43.676739],[-79.415766,43.676717],[-79.416903,43.679609],[-79.41713153695616,43.679563073913116],[-79.416904,43.67961],[-79.418121,43.682711],[-79.419021,43.682541],[-79.419228,43.682339],[-79.419951,43.682654],[-79.420115,43.682323],[-79.422585,43.681809],[-79.422431,43.68143],[-79.422722,43.68137],[-79.422874,43.681749],[-79.425033,43.681325],[-79.424546,43.680162],[-79.425057,43.681382],[-79.426116,43.681104],[-79.42595,43.680693],[-79.426735,43.680536],[-79.426559,43.680085],[-79.426831,43.680775],[-79.427443,43.680657],[-79.427501,43.680801],[-79.435718,43.679123],[-79.435226,43.677992],[-79.437603,43.677593]]],[[[-79.422432,43.679533],[-79.424011,43.679201],[-79.425204,43.678997],[-79.424652,43.679125],[-79.424825,43.679539],[-79.425057,43.680061],[-79.424546,43.680162],[-79.42282112434523,43.6805229739776],[-79.422432,43.679533]],[[-79.423955,43.679251],[-79.424025,43.679237],[-79.424011,43.679201],[-79.423955,43.679251]]],[[[-79.43226268485077,43.68229025007401],[-79.43269648925259,43.68338453144797],[-79.431917,43.683567],[-79.431455,43.682469],[-79.43226268485077,43.68229025007401]]],[[[-79.437958,43.685284],[-79.437826,43.684959],[-79.438444,43.684822],[-79.438117,43.684025],[-79.438996,43.683835],[-79.438815,43.68339],[-79.440306,43.683074],[-79.44085,43.684357],[-79.437848,43.685013],[-79.437958,43.685284]]],[[[-79.428155,43.685347],[-79.428918,43.687266],[-79.4278,43.687497],[-79.427035,43.685594],[-79.428155,43.685347]]],[[[-79.42139342049514,43.68748480669181],[-79.420803,43.68603],[-79.42087,43.686194],[-79.42143010589844,43.686074260046446],[-79.421768,43.686904],[-79.422026,43.687194],[-79.42139342049514,43.68748480669181]]],[[[-79.43973,43.688406],[-79.43936,43.687484],[-79.438881,43.687589],[-79.438959,43.687779],[-79.43845694357564,43.68788579927914],[-79.437647,43.686009],[-79.437471,43.685426],[-79.438598,43.685321],[-79.438773,43.68579],[-79.438942,43.685753],[-79.439004,43.685902],[-79.438752,43.685957],[-79.439757,43.688472],[-79.439279,43.688644],[-79.439237,43.688516],[-79.43973,43.688406]]],[[[-79.42464948715681,43.687546695574575],[-79.424368,43.687906],[-79.423648,43.687607],[-79.423356,43.687974],[-79.423893,43.687272],[-79.42464948715681,43.687546695574575]]],[[[-79.43678817215317,43.68920959804493],[-79.43558444757878,43.689463905213984],[-79.435508,43.689275],[-79.43671662258247,43.6890291036575],[-79.43678817215317,43.68920959804493]]],[[[-79.436949,43.692886],[-79.437066,43.69319],[-79.435767,43.689915],[-79.43752,43.690817],[-79.437629,43.691418],[-79.438115,43.692639],[-79.436949,43.692886]]],[[[-79.439616,43.691943],[-79.438692,43.691448],[-79.43883,43.691795],[-79.438682,43.691442],[-79.438464,43.691325],[-79.438903,43.691541],[-79.439187,43.691202],[-79.439921,43.691688],[-79.439616,43.691943]]],[[[-79.433582,43.692795],[-79.43292330518074,43.69292673896385],[-79.432525,43.691902],[-79.432844,43.691723],[-79.433155,43.691756],[-79.433582,43.692795]]],[[[-79.432917,43.693866],[-79.432968,43.69436],[-79.432736,43.694413],[-79.43175584593075,43.69382919748111],[-79.43294891517857,43.69299262704141],[-79.433554,43.694468],[-79.433245,43.693726],[-79.432917,43.693866]]],[[[-79.435975,43.695508],[-79.435437,43.694167],[-79.436654,43.693908],[-79.437181,43.695241],[-79.435975,43.695508]]],[[[-79.429163,43.695151],[-79.428589,43.695275],[-79.42997,43.694928],[-79.430711,43.695621],[-79.431372,43.696027],[-79.431715,43.695662],[-79.431373,43.696027],[-79.431611,43.696399],[-79.430204,43.69671],[-79.429746,43.696018],[-79.429183,43.696141],[-79.42906886395821,43.695974599642774],[-79.429635,43.695853],[-79.429163,43.695151]]],[[[-79.424766,43.699023],[-79.425043,43.69972],[-79.42524228711576,43.70022011576196],[-79.422448,43.693367],[-79.42227240895438,43.69292778316109],[-79.424136,43.697477],[-79.424684,43.69736],[-79.424138,43.697482],[-79.424342,43.697946],[-79.425772,43.697658],[-79.42611,43.698482],[-79.42566,43.698571],[-79.424766,43.699023]]],[[[-79.4284723313643,43.70037234580301],[-79.42773373223952,43.70053180848669],[-79.42756644738007,43.700110678578895],[-79.42830404544495,43.69995600838404],[-79.4284723313643,43.70037234580301]]],[[[-79.43176842791951,43.70008775793822],[-79.430627,43.700346],[-79.425636,43.701396],[-79.426284,43.701259],[-79.42612803121249,43.70087507683073],[-79.42657752238892,43.70078143283564],[-79.426719,43.701166],[-79.43176842791951,43.70008775793822]]],[[[-79.432057,43.702325],[-79.4337822879411,43.70194594039384],[-79.434121,43.702689],[-79.43402,43.70286],[-79.43413520593329,43.703142254536544],[-79.43252773993761,43.703512168777934],[-79.432057,43.702325]]],[[[-79.42151803101558,43.701863114872516],[-79.421645,43.70234],[-79.42221587357385,43.70219149572572],[-79.42251946778094,43.70335007174967],[-79.421934,43.703429],[-79.42211693026623,43.704115469893786],[-79.42009407004458,43.70334579898916],[-79.419843,43.702721],[-79.421082,43.702456],[-79.42089,43.702],[-79.42151803101558,43.701863114872516]]],[[[-79.42818655782983,43.7046712931819],[-79.427191,43.704811],[-79.427376,43.705263],[-79.427093,43.705319],[-79.426846,43.70534],[-79.426372,43.705192],[-79.4262840742779,43.704848993062136],[-79.42818655782983,43.7046712931819]]],[[[-79.429074,43.710199],[-79.427694,43.710486],[-79.427933,43.711422],[-79.428151,43.712348],[-79.42786,43.711162],[-79.42719905833886,43.711216343077176],[-79.42705524886642,43.710767222011874],[-79.427724,43.710627],[-79.42752088094835,43.70980106409722],[-79.428098,43.709679],[-79.428179,43.709893],[-79.428541,43.709816],[-79.42838910358176,43.709409277353835],[-79.428847,43.709313],[-79.428752,43.709333],[-79.429074,43.710199]]],[[[-79.430268,43.711885],[-79.430442,43.71232],[-79.429975,43.71242],[-79.429799,43.711988],[-79.430268,43.711885]]],[[[-79.43395449626797,43.71441602012457],[-79.433406,43.713106],[-79.436364,43.712473],[-79.43689962489825,43.71378508114068],[-79.43395449626797,43.71441602012457]]],[[[-79.430829,43.716975],[-79.43047629932964,43.71609893704459],[-79.431503,43.715883],[-79.43132,43.715443],[-79.431686,43.715362],[-79.43223,43.716677],[-79.430115,43.717127],[-79.430829,43.716975]]],[[[-79.436234,43.717805],[-79.437399,43.71756],[-79.4352207223178,43.718019284311296],[-79.435304,43.718001],[-79.435004,43.717263],[-79.435934,43.717069],[-79.436234,43.717805]]],[[[-79.437686,43.7175],[-79.44086064387652,43.71681403923945],[-79.441573,43.718664],[-79.439496,43.719146],[-79.43927923769141,43.71931310750662],[-79.438054,43.718382],[-79.437686,43.7175]]],[[[-79.429579,43.718425],[-79.42976,43.719276],[-79.42928379701492,43.71937749253731],[-79.428992,43.718555],[-79.428901,43.718575],[-79.429579,43.718425]]],[[[-79.43195691186955,43.72101178285931],[-79.43179267590082,43.72060712917733],[-79.43243219640193,43.720470432978566],[-79.43259590094513,43.72087536946115],[-79.43195691186955,43.72101178285931]]],[[[-79.429896,43.722439],[-79.429987,43.722671],[-79.429418,43.721358],[-79.429254,43.721393],[-79.429104,43.721023],[-79.430115,43.72082],[-79.43031069547415,43.721622062238865],[-79.429631,43.721759],[-79.429896,43.722439]]],[[[-79.432055,43.722135],[-79.43228050604819,43.72268666715651],[-79.430662,43.723076],[-79.430733,43.723429],[-79.430534,43.722558],[-79.430489,43.72237],[-79.430476,43.722315],[-79.43046350000333,43.72226250001396],[-79.430512,43.722466],[-79.431566,43.72224],[-79.432055,43.722135]]],[[[-79.427323,43.726652],[-79.4277241666274,43.72783822705628],[-79.42566975236876,43.72827037533405],[-79.425249,43.727209],[-79.427323,43.726652]]],[[[-79.431738,43.727833],[-79.43182887825245,43.7282124271738],[-79.43110635168702,43.7283577296626],[-79.4309723139894,43.72799327670832],[-79.430973,43.727995],[-79.431144,43.727959],[-79.431738,43.727833]]],[[[-79.431394,43.729202],[-79.432027,43.729072],[-79.432349,43.730381],[-79.432146,43.729589],[-79.431516,43.729723],[-79.4317,43.73052],[-79.431244,43.728732],[-79.43113650303323,43.728439712174946],[-79.431284,43.728723],[-79.43123,43.728333],[-79.431394,43.729202]]],[[[-79.427818,43.731388],[-79.42754,43.730844],[-79.428198,43.730706],[-79.428352,43.73127],[-79.427818,43.731388]]],[[[-79.432368,43.733188],[-79.432967,43.733051],[-79.432762,43.73216],[-79.432538,43.731292],[-79.43197195536706,43.73140490378123],[-79.43157400796244,43.730547017165264],[-79.431691,43.730522],[-79.431515,43.730105],[-79.4317,43.73052],[-79.432349,43.730381],[-79.432738,43.73206],[-79.434302,43.731724],[-79.434573,43.732861],[-79.433015,43.733181],[-79.43307255361688,43.733462546071806],[-79.432938,43.733058],[-79.432356,43.733191],[-79.4324127684674,43.733422092876175],[-79.43224408485212,43.73292670820738],[-79.432368,43.733188]]],[[[-79.424473,43.73307],[-79.424848,43.733932],[-79.421569,43.734646],[-79.421193,43.733791],[-79.424473,43.73307]]],[[[-79.434391,43.73495],[-79.43346147300672,43.73514889878673],[-79.433429,43.735016],[-79.433413,43.735471],[-79.433382,43.734998],[-79.432881,43.73511],[-79.433422,43.734989],[-79.43313104837681,43.73389917621416],[-79.433394,43.734875],[-79.434329,43.734707],[-79.434391,43.73495]]],[[[-79.4200220304749,43.732788555985564],[-79.420097,43.733102],[-79.420225,43.733072],[-79.420853,43.734372],[-79.420422,43.734468],[-79.42088,43.736639],[-79.4200220304749,43.732788555985564]]],[[[-79.427079,43.735278],[-79.42741031036981,43.73606236732126],[-79.425893,43.736404],[-79.42557,43.735612],[-79.43251,43.73404],[-79.427079,43.735278]]],[[[-79.42699020955891,43.73948117996214],[-79.426205,43.738854],[-79.427836,43.738497],[-79.42997185714876,43.73775191255581],[-79.42699020955891,43.73948117996214]]],[[[-79.428532,43.741677],[-79.428045,43.740478],[-79.428513,43.740338],[-79.430622,43.740428],[-79.43067463217905,43.74191907685811],[-79.430005,43.742059],[-79.429307,43.74174],[-79.428532,43.741677]]],[[[-79.4353145233375,43.74268143101718],[-79.43471978621024,43.74280740981754],[-79.43455956118235,43.74216143275827],[-79.435153,43.74203],[-79.434891,43.740902],[-79.4353145233375,43.74268143101718]]],[[[-79.43574676863297,43.74444746066933],[-79.43515644799625,43.74456789318361],[-79.43493816453478,43.74368784272966],[-79.43552625904309,43.7435560623549],[-79.435693,43.74425],[-79.43574676863297,43.74444746066933]]],[[[-79.42990960928476,43.7448692070191],[-79.429081,43.744965],[-79.429146,43.744366],[-79.42912,43.744702],[-79.429965,43.744596],[-79.430185,43.744694],[-79.42990960928476,43.7448692070191]]],[[[-79.42206177272615,43.74762377579661],[-79.424017,43.74705],[-79.423471,43.746332],[-79.423924,43.746098],[-79.42444,43.747473],[-79.424253,43.746988],[-79.42206177272615,43.74762377579661]]],[[[-79.436341,43.746773],[-79.4362351699997,43.74636096330529],[-79.436828,43.746233],[-79.436976,43.746521],[-79.436321,43.746693],[-79.436343,43.74678],[-79.436463,43.747248],[-79.4365719842346,43.747704019426614],[-79.43600623585952,43.74777597000393],[-79.435914,43.747239],[-79.43564863292814,43.747224272536606],[-79.435816,43.747227],[-79.43573662261564,43.74690697528224],[-79.436341,43.746773]]],[[[-79.439273,43.752056],[-79.437702,43.752389],[-79.437905,43.753218],[-79.43807620655764,43.753925667760655],[-79.43725414895279,43.750551967684814],[-79.43784217665238,43.750424395573724],[-79.437896,43.750658],[-79.438087,43.750618],[-79.438373,43.751323],[-79.438154,43.751367],[-79.438301,43.751729],[-79.438717,43.751638],[-79.438918,43.752131],[-79.439273,43.752056]]],[[[-79.420362,43.754079],[-79.422967,43.753493],[-79.424052,43.754221],[-79.420736,43.754944],[-79.420362,43.754079]]],[[[-79.426499,43.754934],[-79.425959,43.754807],[-79.426263,43.754858],[-79.426548,43.754109],[-79.42715,43.753975],[-79.426499,43.754934]]],[[[-79.438934,43.754761],[-79.43951297386192,43.75477410164583],[-79.439319,43.754816],[-79.43951464608546,43.75529424598666],[-79.438459,43.755459],[-79.43857321495362,43.755947953272525],[-79.438458,43.755457],[-79.436992,43.755692],[-79.433903,43.756392],[-79.43635,43.755837],[-79.436052,43.755227],[-79.433636,43.755766],[-79.436679,43.755087],[-79.436523,43.754363],[-79.43809874024419,43.75401905669797],[-79.438214,43.754495],[-79.43888100286347,43.75435501158402],[-79.438934,43.754761]]],[[[-79.435511,43.758628],[-79.435303,43.758819],[-79.434939,43.7585],[-79.433767,43.758762],[-79.433375,43.759142],[-79.432382,43.759551],[-79.433203,43.75914],[-79.432186,43.758549],[-79.430959,43.758781],[-79.431966,43.758556],[-79.431528,43.758301],[-79.432347,43.758079],[-79.432172,43.757978],[-79.431338,43.758188],[-79.430984,43.757982],[-79.433371,43.75742],[-79.43349,43.7577],[-79.435204,43.757316],[-79.43499,43.756811],[-79.435613,43.756671],[-79.43656,43.757008],[-79.437277,43.756847],[-79.436992,43.755692],[-79.437154,43.756347],[-79.43859199279073,43.756028001599276],[-79.438766,43.756768],[-79.441869,43.756127],[-79.439791,43.756573],[-79.440072,43.757208],[-79.438934,43.75745],[-79.439234,43.758662],[-79.439971,43.758504],[-79.439234,43.758663],[-79.439678,43.76046],[-79.441094,43.759924],[-79.439685,43.760485],[-79.439838,43.761093],[-79.439816,43.761008],[-79.43923,43.761084],[-79.439365,43.760954],[-79.439133,43.760008],[-79.439234,43.759781],[-79.438869,43.759621],[-79.43876,43.759176],[-79.438498,43.758841],[-79.437331,43.758282],[-79.436542,43.758725],[-79.435511,43.758628]],[[-79.439015,43.757778],[-79.438802,43.75712],[-79.43742,43.757428],[-79.437575,43.758037],[-79.439015,43.757778]]],[[[-79.424332,43.760506],[-79.426615,43.75929],[-79.424246,43.760552],[-79.4230381402408,43.760068968754645],[-79.42405,43.759843],[-79.424332,43.760506]]],[[[-79.421668,43.760012],[-79.421836,43.760407],[-79.42131096157372,43.76052390925841],[-79.421145,43.760132],[-79.422897,43.759729],[-79.421668,43.760012]]],[[[-79.42861,43.761094],[-79.42875970917316,43.76144531752636],[-79.42725570088197,43.76178158634341],[-79.426883,43.760904],[-79.426075,43.761084],[-79.42845339527028,43.76055272209547],[-79.428684,43.760974],[-79.42861,43.761094]]],[[[-79.423208,43.770766],[-79.423041,43.770371],[-79.421781,43.77068],[-79.422938,43.770394],[-79.422772,43.769999],[-79.425539,43.769393],[-79.42533,43.768914],[-79.425989,43.768767],[-79.426194,43.769248],[-79.426888,43.7691],[-79.42720821933423,43.769536724666466],[-79.42675,43.769639],[-79.426878,43.769942],[-79.423208,43.770766]]],[[[-79.427595,43.770309],[-79.427965,43.771178],[-79.428148,43.77161],[-79.427965,43.771179],[-79.425549,43.771719],[-79.425182,43.770861],[-79.427595,43.770309]]],[[[-79.436895,43.771603],[-79.43695,43.772027],[-79.437649,43.772215],[-79.437506,43.772583],[-79.436139,43.772824],[-79.436319,43.773249],[-79.436217,43.773272],[-79.436038,43.772847],[-79.435217,43.77318],[-79.43493,43.772063],[-79.436895,43.771603]]],[[[-79.427016,43.784434],[-79.426974,43.784336],[-79.424461,43.784894],[-79.423994,43.783789],[-79.423387,43.783925],[-79.423351,43.783832],[-79.427235,43.782956],[-79.428005,43.78478],[-79.427774,43.784831],[-79.42755,43.784315],[-79.427016,43.784434]]],[[[-79.4248452313146,43.787344847962444],[-79.42326426041885,43.78769626960207],[-79.422532,43.785983],[-79.424119,43.78564],[-79.4248452313146,43.787344847962444]]],[[[-79.43362794999946,43.79108578135357],[-79.433215,43.78928],[-79.433605,43.789193],[-79.433792,43.789632],[-79.435906,43.789166],[-79.436587,43.789968],[-79.436854,43.790874],[-79.436699,43.790401],[-79.43362794999946,43.79108578135357]]],[[[-79.428388,43.793139],[-79.427524,43.793461],[-79.428656,43.794615],[-79.4292589850098,43.79601180051209],[-79.42492547618369,43.7969650938857],[-79.42343306043281,43.79336714569274],[-79.424518,43.793123],[-79.431877,43.791479],[-79.43202226238564,43.79153961964518],[-79.43235,43.792313],[-79.42993056344497,43.79281740550087],[-79.42945,43.792022],[-79.427059,43.792556],[-79.427519,43.793456],[-79.428388,43.793139]]],[[[-79.432787,43.642617],[-79.432859,43.642802],[-79.431856,43.643005],[-79.43168,43.642555],[-79.431478,43.642596],[-79.431622,43.642965],[-79.431169,43.643056],[-79.43132252951519,43.64352608437352],[-79.428402,43.642169],[-79.428205,43.642209],[-79.426674,43.641521],[-79.423882,43.640785],[-79.422049,43.640558],[-79.407881,43.639961],[-79.406168,43.63998],[-79.40613,43.639648],[-79.42557407801749,43.634294202136246],[-79.425662,43.634522],[-79.426351,43.636324],[-79.427132,43.638364],[-79.427987,43.638206],[-79.427137,43.638377],[-79.42755920888217,43.639447274745905],[-79.427346,43.638939],[-79.426199,43.639179],[-79.426391,43.639684],[-79.42756890940757,43.63947319517812],[-79.426892,43.639609],[-79.427612,43.641489],[-79.428331,43.641833],[-79.42903828288783,43.64167672775176],[-79.429203,43.6421],[-79.42970027534507,43.642000694262926],[-79.42984,43.642353],[-79.430172,43.642303],[-79.430239,43.642476],[-79.43110401824393,43.64230204656286],[-79.431238,43.642644],[-79.432088,43.642472],[-79.431915,43.642033],[-79.431311,43.642152],[-79.432513,43.641911],[-79.432345,43.641467],[-79.43272,43.642442],[-79.432272,43.642533],[-79.432321,43.642661],[-79.432787,43.642617]],[[-79.422263,43.63997],[-79.424814,43.639462],[-79.424071,43.6376],[-79.421565,43.638095],[-79.422263,43.63997]]],[[[-79.4083317172044,43.6414000029148],[-79.408567,43.641352],[-79.40819503566317,43.64036333238929],[-79.41000151985966,43.64041199686152],[-79.41041992285825,43.64150040449602],[-79.409859,43.641611],[-79.409912,43.64175],[-79.41047258012892,43.64163748569349],[-79.4105743181969,43.64190233755551],[-79.410013,43.642015],[-79.41018932380953,43.64254539047622],[-79.409675,43.641131],[-79.4083317172044,43.6414000029148]]],[[[-79.413555,43.64108],[-79.412804,43.641251],[-79.413046,43.641819],[-79.415002,43.641427],[-79.412699,43.641891],[-79.412501,43.641309],[-79.411746,43.641452],[-79.411971,43.642043],[-79.41161055516926,43.64112034739542],[-79.411745,43.641452],[-79.413555,43.64108]]],[[[-79.4119042270957,43.643450259454156],[-79.411813,43.643469],[-79.411949,43.643817],[-79.411357,43.643938],[-79.411087,43.643236],[-79.411674,43.643114],[-79.411812,43.643469],[-79.4119042270957,43.643450259454156]]],[[[-79.398905,43.643675],[-79.399147,43.643627],[-79.39894006239565,43.643123151919866],[-79.399479,43.643014],[-79.399946,43.644147],[-79.399268,43.644218],[-79.3994326220483,43.64457284251947],[-79.39932324137881,43.644595175548694],[-79.399222,43.644241],[-79.399071,43.644288],[-79.398928,43.643948],[-79.3987511547922,43.64398261045622],[-79.39851906676412,43.64320818664717],[-79.39869806731863,43.643172163581035],[-79.398905,43.643675]]],[[[-79.39762861256021,43.64421159405908],[-79.396708,43.644401],[-79.39675,43.644506],[-79.396651,43.644274],[-79.395709,43.64439],[-79.39587,43.644793],[-79.395682,43.644324],[-79.395435,43.644374],[-79.39523815115834,43.64388237751217],[-79.39751901812632,43.643412791540904],[-79.39732,43.643454],[-79.39762861256021,43.64421159405908]]],[[[-79.410105,43.644318],[-79.409211,43.644658],[-79.409022,43.64441],[-79.40946,43.644282],[-79.409388,43.644188],[-79.409935,43.644071],[-79.40977466817517,43.64387266086111],[-79.41060841581572,43.64370551805581],[-79.410979,43.644679],[-79.41146356155505,43.64457937796976],[-79.411206,43.644633],[-79.411363,43.644981],[-79.41163594377508,43.64494200803213],[-79.41100129227014,43.64507132914358],[-79.410861,43.6447],[-79.409452,43.645035],[-79.409268,43.644745],[-79.410169,43.644405],[-79.410105,43.644318]]],[[[-79.41222740927033,43.64498392713748],[-79.412166,43.644834],[-79.41171183024662,43.644926544864134],[-79.4115154705883,43.64456870588234],[-79.411587,43.644554],[-79.41219,43.644432],[-79.412421,43.644385],[-79.412491,43.644937],[-79.41222740927033,43.64498392713748]]],[[[-79.399551,43.645949],[-79.399283,43.645301],[-79.398731,43.645418],[-79.398464,43.644772],[-79.397608,43.644945],[-79.395511,43.645363],[-79.3992061426697,43.64461934933524],[-79.39974,43.645912],[-79.40012809443806,43.64583529427577],[-79.40024,43.646184],[-79.4001,43.645841],[-79.39962828452508,43.64593477476309],[-79.399551,43.645949]]],[[[-79.398852,43.645711],[-79.398637,43.645757],[-79.398779,43.646096],[-79.399551,43.645949],[-79.398127,43.646224],[-79.39784490053248,43.645528806899854],[-79.398343,43.645422],[-79.398487,43.645788],[-79.398852,43.645711]]],[[[-79.406047,43.645312],[-79.406153,43.645581],[-79.40527,43.645772],[-79.405373,43.646033],[-79.405415,43.646137],[-79.406305,43.64596],[-79.40644,43.646307],[-79.411113,43.645367],[-79.403865,43.646827],[-79.40357078124902,43.64610861718518],[-79.403719,43.646461],[-79.404431,43.646325],[-79.40423,43.645836],[-79.40351889673444,43.64597523700304],[-79.4033444471177,43.645495640789825],[-79.404828,43.645164],[-79.405066,43.645254],[-79.405154,43.645478],[-79.406047,43.645312]],[[-79.405127,43.646192],[-79.40467,43.646279],[-79.404815,43.646635],[-79.405268,43.646544],[-79.405127,43.646192]]],[[[-79.419105,43.646835],[-79.419184,43.647048],[-79.418702,43.64575],[-79.418958,43.646439],[-79.419602,43.646306],[-79.419743,43.646705],[-79.419105,43.646835]]],[[[-79.397241,43.646746],[-79.397118,43.64643],[-79.396374,43.646581],[-79.39644470396657,43.64676413486424],[-79.396366,43.646583],[-79.395534,43.646746],[-79.39692,43.64647],[-79.39677,43.646103],[-79.39538519730623,43.64636696009537],[-79.397483,43.645946],[-79.397638,43.646324],[-79.398127,43.646224],[-79.39839873214287,43.646893585317464],[-79.39799,43.646939],[-79.398383,43.646859],[-79.398254,43.646539],[-79.397241,43.646746]]],[[[-79.417867,43.645477],[-79.418527,43.647179],[-79.417323,43.647438],[-79.416666,43.645725],[-79.417867,43.645477]]],[[[-79.40228907786599,43.64753775614059],[-79.401326,43.647732],[-79.39909135248722,43.64818983102425],[-79.401417,43.647713],[-79.4011087824088,43.64697685084061],[-79.40204105050722,43.64679912208701],[-79.402192,43.647164],[-79.40273814361294,43.647055353313235],[-79.40288459981885,43.64741699954713],[-79.40272348125659,43.64744967026335],[-79.402582,43.647087],[-79.40214,43.647175],[-79.40228907786599,43.64753775614059]]],[[[-79.415784,43.648868],[-79.415163,43.648638],[-79.415096,43.648444],[-79.415773,43.648318],[-79.415404,43.64736],[-79.415977,43.648819],[-79.415784,43.648868]]],[[[-79.409483,43.647722],[-79.409968,43.648905],[-79.408738,43.649154],[-79.408468,43.648488],[-79.409003,43.648379],[-79.408842,43.647975],[-79.409483,43.647722]]],[[[-79.399919,43.649684],[-79.4002709583228,43.649611215417664],[-79.400412,43.649976],[-79.401377,43.649838],[-79.400422,43.650002],[-79.400974,43.651519],[-79.40144,43.651424],[-79.40132,43.651124],[-79.401838,43.651018],[-79.401622,43.650466],[-79.40306,43.650149],[-79.403002,43.650013],[-79.403748,43.651741],[-79.398044,43.652932],[-79.399111,43.65269],[-79.398855,43.652048],[-79.39873,43.652071],[-79.398435,43.65171],[-79.398574,43.651334],[-79.398197,43.650389],[-79.397933,43.649772],[-79.39760382352978,43.648995941177354],[-79.397701,43.649225],[-79.398379,43.649136],[-79.398296,43.648917],[-79.398604,43.648851],[-79.39853748455651,43.64869421359748],[-79.401294,43.648151],[-79.399426,43.648554],[-79.39951,43.648762],[-79.39989221383657,43.64868416010639],[-79.39994697544856,43.648818200455715],[-79.399224,43.648966],[-79.399365,43.649325],[-79.40006758822994,43.649113425135305],[-79.40023454958357,43.64952209751283],[-79.399886,43.649595],[-79.399919,43.649684]]],[[[-79.412716,43.650688],[-79.41276,43.650795],[-79.413447,43.650647],[-79.413501,43.650782],[-79.413902,43.650701],[-79.414092,43.651108],[-79.414034,43.650984],[-79.412924,43.65121],[-79.41353,43.651086],[-79.413416,43.6508],[-79.412814,43.650929],[-79.412716,43.650688]]],[[[-79.411396,43.65163],[-79.411749,43.651562],[-79.412223,43.652775],[-79.411561,43.652906],[-79.411171,43.651943],[-79.410572,43.65206],[-79.410491,43.651857],[-79.409893,43.651979],[-79.41054,43.651847],[-79.41037,43.651414],[-79.41092,43.651309],[-79.411025,43.651579],[-79.411703,43.651434],[-79.412271,43.651322],[-79.411349,43.65151],[-79.411396,43.65163]]],[[[-79.414882,43.653196],[-79.4138,43.653422],[-79.413197,43.651898],[-79.414315,43.651726],[-79.414882,43.653196]]],[[[-79.404847,43.652158],[-79.405362,43.652365],[-79.406013,43.652295],[-79.40586753325272,43.65192647485225],[-79.40607838584722,43.65245474979075],[-79.406014,43.652295],[-79.405543,43.652378],[-79.405654,43.652656],[-79.40611964269284,43.65255807514185],[-79.406536,43.653583],[-79.40717008386818,43.65352984421619],[-79.406565,43.653655],[-79.40679,43.654209],[-79.40740189068654,43.65408758547007],[-79.40783386107164,43.65512693239661],[-79.40721434836271,43.65525792633984],[-79.406823,43.654291],[-79.404971,43.654688],[-79.404208,43.652814],[-79.404833,43.652624],[-79.404714,43.652272],[-79.404847,43.652158]]],[[[-79.412422,43.654985],[-79.4081508761699,43.65589281313103],[-79.414822,43.65447],[-79.41488,43.65461],[-79.41510672537811,43.654579367265754],[-79.413742,43.65489],[-79.413696,43.65476],[-79.412422,43.654985]]],[[[-79.415323,43.655819],[-79.415614,43.656573],[-79.414491,43.656805],[-79.414187,43.656045],[-79.415323,43.655819]]],[[[-79.406478,43.656712],[-79.405249,43.656952],[-79.404954,43.656221],[-79.405063,43.656088],[-79.406135,43.655846],[-79.406478,43.656712]]],[[[-79.402025,43.656864],[-79.401588,43.656968],[-79.401852,43.657623],[-79.401476,43.657702],[-79.401327,43.657335],[-79.401169,43.657285],[-79.401085,43.657074],[-79.40101181489054,43.65708944272952],[-79.40099417346245,43.65703799368663],[-79.402026,43.656863],[-79.401943,43.65666],[-79.4023,43.657528],[-79.402025,43.656864]]],[[[-79.406684,43.657211],[-79.407912,43.656965],[-79.40753220056702,43.656042968612354],[-79.407938,43.657027],[-79.4083291026948,43.65799821269582],[-79.407771,43.658111],[-79.408085,43.659035],[-79.407477,43.659159],[-79.40691,43.65776],[-79.407528,43.657628],[-79.407484,43.657521],[-79.406864,43.657649],[-79.406684,43.657211]]],[[[-79.41512,43.658441],[-79.416104,43.658241],[-79.416148,43.658353],[-79.413919,43.658692],[-79.413356,43.657275],[-79.41457,43.657004],[-79.41512,43.658441]]],[[[-79.404715,43.659054],[-79.403524,43.659212],[-79.402766,43.65743],[-79.404031,43.657192],[-79.404715,43.659054]]],[[[-79.419779,43.66182],[-79.420401,43.661691],[-79.420915,43.663025],[-79.421623,43.662873],[-79.418839,43.663481],[-79.419448,43.663347],[-79.419022,43.662302],[-79.41845,43.662422],[-79.41840402694756,43.66230379078071],[-79.419851,43.662009],[-79.418656,43.658887],[-79.418429,43.658934],[-79.41809194477558,43.658179826579996],[-79.418958,43.658014],[-79.419353,43.658978],[-79.418714,43.659037],[-79.419779,43.66182]]],[[[-79.414111,43.662443],[-79.41336,43.66061],[-79.416354,43.660014],[-79.414606,43.660374],[-79.414667,43.660526],[-79.415856,43.660284],[-79.41591096251531,43.6604280396953],[-79.414715,43.660647],[-79.415322,43.662175],[-79.414111,43.662443]]],[[[-79.40997,43.662073],[-79.4105786663128,43.66194890298477],[-79.41064382933337,43.66211064207887],[-79.410035,43.662233],[-79.410682,43.663833],[-79.408137,43.664352],[-79.40710865632961,43.66182180462202],[-79.407669,43.661655],[-79.40897,43.661547],[-79.408906,43.661383],[-79.409039,43.66136],[-79.409104,43.661515],[-79.409698,43.661403],[-79.40954485419886,43.66101724915719],[-79.40997,43.662073]]],[[[-79.4101637958421,43.664184398595545],[-79.41077,43.664054],[-79.410682,43.663833],[-79.410887,43.664347],[-79.411464,43.664227],[-79.410887,43.664348],[-79.41105173933562,43.66476106119255],[-79.40979,43.664916],[-79.410406,43.664791],[-79.4101637958421,43.664184398595545]]],[[[-79.41187659424514,43.66684308618976],[-79.411265,43.666973],[-79.41079,43.66577],[-79.41018,43.665897],[-79.41140369358122,43.665640064404386],[-79.41187659424514,43.66684308618976]]],[[[-79.414207,43.667215],[-79.41403,43.667354],[-79.414171,43.667721],[-79.413591,43.667854],[-79.412994,43.666359],[-79.413585,43.666231],[-79.41373,43.66659],[-79.413985,43.666669],[-79.414207,43.667215]]],[[[-79.415978,43.667332],[-79.416573,43.66882],[-79.415351,43.669092],[-79.41478,43.667589],[-79.415978,43.667332]]],[[[-79.39921330978348,43.66896378532591],[-79.400313,43.668731],[-79.400537,43.669273],[-79.400473,43.66912],[-79.39955105425099,43.669312988501154],[-79.399393,43.668926],[-79.39921330978348,43.66896378532591]]],[[[-79.410855,43.669771],[-79.410311,43.669887],[-79.40991081474438,43.66887162029548],[-79.41123742366315,43.66859404985156],[-79.411499,43.669227],[-79.410951,43.66934],[-79.411039,43.669938],[-79.41092,43.669963],[-79.410855,43.669771]]],[[[-79.396126,43.670365],[-79.39572794824042,43.67038987277785],[-79.395621,43.670127],[-79.395461,43.67016],[-79.395619,43.670125],[-79.39547,43.669754],[-79.395896,43.669663],[-79.39574269201864,43.66928411118581],[-79.39599423184167,43.66924101477038],[-79.396145,43.66961],[-79.397045,43.669418],[-79.39723285714271,43.66987757142821],[-79.397045,43.669419],[-79.395845,43.669674],[-79.396126,43.670365]]],[[[-79.402798,43.672482],[-79.40159774911105,43.66962644351328],[-79.401811,43.670108],[-79.40261,43.669941],[-79.403238,43.67153],[-79.402471,43.671693],[-79.402798,43.672482]]],[[[-79.413874,43.67325],[-79.413484,43.672259],[-79.413968,43.672159],[-79.41333028122087,43.6705377120852],[-79.413863,43.670418],[-79.41368202869582,43.669944429270515],[-79.414759,43.672491],[-79.41543066554173,43.67235479405998],[-79.414165,43.672663],[-79.414359,43.673157],[-79.417846,43.672386],[-79.41764337713549,43.671878971622746],[-79.41835727227244,43.67169679423221],[-79.418556,43.672235],[-79.420341,43.671852],[-79.420245,43.671597],[-79.421429,43.671313],[-79.421356,43.671119],[-79.420745,43.671241],[-79.42078565116266,43.67134690697642],[-79.420771,43.671309],[-79.420475,43.670536],[-79.420645,43.670979],[-79.421759,43.670662],[-79.422082,43.671513],[-79.42851210951022,43.670150023055086],[-79.428826,43.670896],[-79.42932485130757,43.67080187758964],[-79.41459001489444,43.67373949290287],[-79.414492,43.673493],[-79.413536,43.673692],[-79.41364057673432,43.673940853895544],[-79.401126,43.676595],[-79.402421,43.676289],[-79.40222705541852,43.67590962547722],[-79.408803,43.674504],[-79.409738,43.674131],[-79.413874,43.67325]]],[[[-79.39570289057221,43.67537173346082],[-79.394387,43.675647],[-79.395648,43.675383],[-79.395464,43.674949],[-79.39525779475953,43.67498953940456],[-79.39514528442265,43.674710942379896],[-79.395377,43.674664],[-79.395131,43.674192],[-79.395747,43.674062],[-79.395609,43.673724],[-79.395244,43.673799],[-79.395558,43.673734],[-79.395776,43.673689],[-79.39564807290868,43.67336818284134],[-79.395994,43.673296],[-79.39570396653367,43.67257098265288],[-79.396573,43.674701],[-79.396036,43.674821],[-79.3963397358167,43.675616382858664],[-79.396034,43.674822],[-79.395524,43.674936],[-79.39570289057221,43.67537173346082]]],[[[-79.396573,43.674701],[-79.396744,43.67512],[-79.39772023484487,43.67493654988066],[-79.397901,43.67536],[-79.399901,43.674963],[-79.399843,43.674375],[-79.400058,43.675326],[-79.39918438145628,43.67550406006848],[-79.399035,43.675135],[-79.398205,43.6753],[-79.39835448175162,43.675673209406376],[-79.39765294230587,43.67581619648312],[-79.397519,43.675436],[-79.396513,43.675636],[-79.396396,43.675345],[-79.3968,43.67526],[-79.396573,43.674701]]],[[[-79.40045058206867,43.677029324972096],[-79.401089,43.676822],[-79.402861,43.676362],[-79.4029,43.676472],[-79.40050709748877,43.6771579719152],[-79.40045058206867,43.677029324972096]]],[[[-79.40693988327907,43.67773769099965],[-79.406735,43.67733],[-79.405595,43.677543],[-79.40574517176776,43.677932294266],[-79.404782,43.677564],[-79.40326197687601,43.6762787292984],[-79.403769,43.676657],[-79.406909,43.675947],[-79.40869848293961,43.67560753858268],[-79.407478,43.675856],[-79.407901,43.676934],[-79.406733,43.67719],[-79.40693988327907,43.67773769099965]],[[-79.406782,43.677321],[-79.40633,43.676122],[-79.405137,43.676358],[-79.405595,43.677543],[-79.406782,43.677321]]],[[[-79.412859,43.678516],[-79.412148,43.678426],[-79.411998,43.678042],[-79.41271,43.678131],[-79.412859,43.678516]]],[[[-79.405274,43.67906],[-79.405687,43.679446],[-79.40487505385212,43.67942282912301],[-79.404903,43.678919],[-79.40523751725155,43.678605395753465],[-79.407043,43.67822],[-79.405901,43.678498],[-79.406088,43.678859],[-79.405709,43.67883],[-79.405274,43.67906]]],[[[-79.398232,43.678749],[-79.397992,43.678152],[-79.39796292162248,43.678074070948206],[-79.39837967194275,43.67911107161813],[-79.397835,43.679225],[-79.398311,43.680567],[-79.397652,43.678772],[-79.397695,43.678872],[-79.398232,43.678749]]],[[[-79.407177,43.681984],[-79.406458,43.682127],[-79.406678,43.682487],[-79.406016,43.681629],[-79.406922,43.681047],[-79.407288,43.682165],[-79.407177,43.681984]],[[-79.407241,43.682047],[-79.407212,43.681973],[-79.407177,43.681984],[-79.407241,43.682047]]],[[[-79.40100943862495,43.685436612110664],[-79.400714,43.684734],[-79.403084,43.684224],[-79.403195,43.684487],[-79.402615,43.684608],[-79.402737,43.684897],[-79.40152,43.68516],[-79.400948,43.685285],[-79.40100943862495,43.685436612110664]]],[[[-79.40897820667178,43.685111136221735],[-79.411169,43.684625],[-79.410175,43.684846],[-79.41039684166317,43.68537388660227],[-79.408031,43.685784],[-79.408822,43.685624],[-79.409521,43.685481],[-79.409341,43.685032],[-79.40897820667178,43.685111136221735]]],[[[-79.404754,43.685979],[-79.40494956642233,43.68647808751846],[-79.40461985327438,43.68654464072795],[-79.404418,43.686043],[-79.404073,43.686109],[-79.403113,43.686308],[-79.402364,43.686466],[-79.403883,43.686145],[-79.40375234245005,43.68582492765873],[-79.40441,43.685686],[-79.40433,43.685492],[-79.40367,43.685624],[-79.405486,43.685253],[-79.404665,43.685422],[-79.404888,43.685952],[-79.4086964213097,43.68517260215058],[-79.407861,43.685353],[-79.404754,43.685979]]],[[[-79.419416,43.685892],[-79.41923446716358,43.685410315093335],[-79.419618,43.686371],[-79.419163,43.686464],[-79.417792,43.686743],[-79.418583,43.686582],[-79.4183771453794,43.686100340159534],[-79.419416,43.685892]],[[-79.419018,43.686493],[-79.418819,43.686012],[-79.418531,43.68607],[-79.418729,43.686552],[-79.419018,43.686493]]],[[[-79.400445,43.686072],[-79.40073416482338,43.68676980280549],[-79.398093,43.687292],[-79.398796,43.687151],[-79.39838145590382,43.6861341158309],[-79.398636,43.686082],[-79.39839654504416,43.685490126874726],[-79.398589,43.685961],[-79.399119,43.685786],[-79.399461,43.685931],[-79.400354,43.685974],[-79.400445,43.686072]]],[[[-79.411717,43.685949],[-79.412264,43.685841],[-79.412007,43.685209],[-79.412297,43.685921],[-79.41242982020292,43.68625403641875],[-79.411882,43.686365],[-79.412445,43.687769],[-79.411401,43.685179],[-79.411717,43.685949]]],[[[-79.41977224519272,43.68675652340851],[-79.420373,43.686629],[-79.42009621126681,43.68594995774454],[-79.420427,43.686755],[-79.420113,43.687151],[-79.41994441521763,43.6871868484882],[-79.41977224519272,43.68675652340851]]],[[[-79.41286170784062,43.68723233790731],[-79.4134062090545,43.687119518502435],[-79.413582,43.687558],[-79.41303669965865,43.68766725343719],[-79.41286170784062,43.68723233790731]]],[[[-79.402723,43.689741],[-79.40187305767991,43.689940171947185],[-79.40172851911143,43.6895808903627],[-79.402585,43.6894],[-79.402723,43.689741]]],[[[-79.41239978411909,43.689447640198466],[-79.412447,43.68955],[-79.413009,43.689431],[-79.41317,43.689865],[-79.412611,43.689977],[-79.41239978411909,43.689447640198466]]],[[[-79.40380954474651,43.689983287062724],[-79.404046,43.690562],[-79.40304848158003,43.690770424580435],[-79.402916,43.6902],[-79.40380954474651,43.689983287062724]]],[[[-79.41578572822092,43.69608859645285],[-79.413954,43.696506],[-79.41323,43.694725],[-79.415045,43.694323],[-79.41578572822092,43.69608859645285]]],[[[-79.400008,43.696278],[-79.40308398823836,43.697141351507554],[-79.39803271036787,43.69573417926421],[-79.398122,43.69575],[-79.397986,43.695371],[-79.397614,43.695445],[-79.397473,43.69507],[-79.39677647273446,43.69525389117242],[-79.397283,43.695106],[-79.399384,43.694705],[-79.400008,43.696278]]],[[[-79.39505703379221,43.69593071314748],[-79.395915,43.69575],[-79.396809,43.695707],[-79.3961,43.695752],[-79.39636,43.69691],[-79.396645,43.698301],[-79.39632,43.696743],[-79.3954441645642,43.69691896633487],[-79.396319,43.69674],[-79.39617,43.696115],[-79.395214,43.696326],[-79.39505703379221,43.69593071314748]]],[[[-79.408564,43.7016],[-79.409831,43.701333],[-79.4095172348329,43.70047441819201],[-79.410359,43.702668],[-79.409069,43.702948],[-79.408564,43.7016]]],[[[-79.41886457721056,43.70272878413518],[-79.41783439553765,43.70221179259454],[-79.41877,43.702029],[-79.41820812269309,43.70152211068575],[-79.417973,43.70124],[-79.419109,43.702352],[-79.418432,43.7025],[-79.41886457721056,43.70272878413518]]],[[[-79.4208,43.703848],[-79.419278,43.703122],[-79.41892268973281,43.70346057820474],[-79.41722122901929,43.70266958459185],[-79.418225,43.703109],[-79.418483,43.702717],[-79.418201,43.70255],[-79.4208,43.703848]]],[[[-79.39749225426866,43.706917047438495],[-79.398366,43.706732],[-79.398238,43.706138],[-79.397304,43.706328],[-79.397221,43.706036],[-79.398175,43.705843],[-79.397852,43.704351],[-79.3969301912097,43.70454034573958],[-79.39649,43.70364],[-79.396864,43.703564],[-79.396677,43.70311],[-79.396865,43.703566],[-79.397011,43.703537],[-79.397648,43.703405],[-79.397813,43.704151],[-79.4002629960061,43.703658006172994],[-79.40048,43.704463],[-79.400136,43.705201],[-79.400097,43.70577],[-79.400282,43.706351],[-79.40097700442136,43.708335200788966],[-79.400621,43.708407],[-79.400318,43.707869],[-79.398678,43.70821],[-79.39873535943067,43.708471099644456],[-79.398628,43.707985],[-79.398509,43.707418],[-79.39776774983339,43.707559582611374],[-79.397614,43.706892],[-79.39749225426866,43.706917047438495]]],[[[-79.417221,43.707133],[-79.41221510967029,43.708193312601956],[-79.417078,43.707162],[-79.416911,43.706726],[-79.419228,43.706232],[-79.419059,43.705777],[-79.417319,43.706165],[-79.419113,43.705741],[-79.418815,43.704513],[-79.418904,43.704832],[-79.420327,43.704574],[-79.42066699170921,43.705926967007535],[-79.419872,43.706095],[-79.42003156901045,43.70654478514819],[-79.419418,43.706675],[-79.419652,43.707251],[-79.418878,43.707292],[-79.418682,43.70683],[-79.417221,43.707133]]],[[[-79.410301,43.708264],[-79.409166,43.708503],[-79.40928916670215,43.70881389659497],[-79.40868441770279,43.70894154425695],[-79.408509,43.708503],[-79.408293,43.708547],[-79.40798208719626,43.707316345140185],[-79.409922,43.706913],[-79.410301,43.708264]]],[[[-79.397509,43.70928],[-79.39800488768003,43.71071950247531],[-79.3974277923907,43.710835451586256],[-79.397096,43.709959],[-79.395856,43.710204],[-79.395508,43.709298],[-79.394609,43.709484],[-79.39606082172597,43.709181037201816],[-79.396466,43.709111],[-79.396222,43.708479],[-79.397168,43.708285],[-79.397403,43.708898],[-79.398063,43.708766],[-79.399762,43.708449],[-79.400012,43.709375],[-79.40101322464996,43.70916898327882],[-79.39983300940577,43.70941203889678],[-79.398973,43.709588],[-79.398831,43.708913],[-79.398284,43.709022],[-79.39843887237,43.709693583368725],[-79.398265,43.709126],[-79.397509,43.70928]]],[[[-79.416448167164,43.709220009120486],[-79.413239,43.709895],[-79.411132,43.71033],[-79.410785,43.709456],[-79.412887,43.709007],[-79.413254,43.709891],[-79.416448167164,43.709220009120486]]],[[[-79.403183,43.710095],[-79.40471502332079,43.70977938592828],[-79.401073,43.710545],[-79.402681,43.710202],[-79.402502,43.709765],[-79.403002,43.70966],[-79.403183,43.710095]]],[[[-79.398354,43.711786],[-79.39870592400108,43.711836014969485],[-79.398741,43.711992],[-79.398489,43.712043],[-79.398583,43.71249],[-79.398874,43.712431],[-79.39669323999694,43.71287368000063],[-79.397714,43.712666],[-79.397493,43.712083],[-79.397132,43.712153],[-79.39690607144237,43.711571183979906],[-79.3981762267046,43.71131559987566],[-79.398354,43.711786]]],[[[-79.411271,43.714051],[-79.41188,43.713924],[-79.41191703670309,43.71428651819311],[-79.41131439665028,43.71439190214017],[-79.411217,43.71364],[-79.411271,43.714051]]],[[[-79.409444,43.722165],[-79.408017,43.721864],[-79.408571,43.721603],[-79.4079262889462,43.71997026010491],[-79.408997,43.719727],[-79.408808,43.719249],[-79.408574,43.719302],[-79.40824,43.718494],[-79.405262,43.719117],[-79.408253,43.718491],[-79.40808384166324,43.718059148716755],[-79.409496,43.717773],[-79.40929311295217,43.717217293779846],[-79.41016,43.719472],[-79.410519,43.719911],[-79.410996,43.719615],[-79.410543,43.719924],[-79.41146185231173,43.720358481991425],[-79.410589,43.720744],[-79.41383748545277,43.72264569877844],[-79.412966,43.722836],[-79.40301986873992,43.724931501726964],[-79.411234,43.723198],[-79.410818,43.722823],[-79.409444,43.722165]]],[[[-79.402666,43.723983],[-79.402637,43.723019],[-79.402679,43.724214],[-79.40281876858678,43.72445691265776],[-79.402121,43.724604],[-79.402195,43.725102],[-79.401389,43.720921],[-79.402003,43.724059],[-79.402666,43.723983]]],[[[-79.406757,43.727089],[-79.40346670634945,43.72780721805308],[-79.40334,43.727332],[-79.402819,43.727446],[-79.403483,43.7273],[-79.405316,43.72692],[-79.405479,43.727347],[-79.406757,43.727089]]],[[[-79.417907,43.727901],[-79.417519,43.726992],[-79.418395,43.726805],[-79.418552,43.72719],[-79.419885,43.726955],[-79.418356,43.727233],[-79.418944,43.728745],[-79.418544,43.727765],[-79.417907,43.727901]]],[[[-79.400435,43.728712],[-79.399888,43.728822],[-79.39966,43.728243],[-79.399477,43.728281],[-79.39925,43.727693],[-79.399005,43.727738],[-79.398814,43.727273],[-79.400827,43.72684],[-79.4013,43.727907],[-79.400205,43.728132],[-79.400435,43.728712]]],[[[-79.41264,43.72901],[-79.411041,43.729341],[-79.410664,43.728441],[-79.412238,43.728109],[-79.41264,43.72901]]],[[[-79.417621,43.729564],[-79.417125,43.728584],[-79.417373,43.728532],[-79.41714978051543,43.728058907958086],[-79.417907,43.727901],[-79.418276,43.728877],[-79.417778,43.728983],[-79.417597,43.729021],[-79.417416,43.72906],[-79.417621,43.729564]]],[[[-79.418748,43.73294],[-79.41904,43.734027],[-79.419642,43.733897],[-79.419705,43.734132],[-79.419113,43.734252],[-79.419513,43.736059],[-79.418748,43.73294]]],[[[-79.418706,43.738521],[-79.416735,43.738593],[-79.419245,43.738501],[-79.419216,43.737976],[-79.420167,43.73802],[-79.420112,43.738557],[-79.420357,43.738573],[-79.42049855058579,43.73890445103461],[-79.419013,43.739178],[-79.418706,43.738521]]],[[[-79.39602154152693,43.73866184878654],[-79.401531,43.73844],[-79.401891,43.738843],[-79.403396,43.73915],[-79.403191,43.739303],[-79.403084,43.73971],[-79.402701,43.739891],[-79.40342324784865,43.74101266492546],[-79.402652,43.741199],[-79.402693,43.741547],[-79.402512,43.741711],[-79.402591,43.741856],[-79.401381,43.742337],[-79.400899,43.741329],[-79.400356,43.741456],[-79.40070879810467,43.74225554244683],[-79.399735,43.742153],[-79.39951987166205,43.74233897433369],[-79.39975,43.742139],[-79.400394,43.742217],[-79.400083,43.741518],[-79.399486,43.741667],[-79.399929,43.741529],[-79.399631,43.740893],[-79.398698,43.741118],[-79.398287,43.740451],[-79.398149,43.740779],[-79.397759,43.740955],[-79.394139,43.740913],[-79.393421,43.74108],[-79.393588,43.741491],[-79.393033,43.741604],[-79.392856,43.741141],[-79.392502,43.741211],[-79.392062,43.741085],[-79.391755,43.741598],[-79.39203,43.741708],[-79.39171,43.742446],[-79.39128928462661,43.742529870325654],[-79.390849,43.742396],[-79.390937,43.742142],[-79.390812,43.74167],[-79.390036,43.741458],[-79.389516,43.741151],[-79.389274,43.74069],[-79.389286,43.740375],[-79.389151,43.740422],[-79.389124,43.740213],[-79.388271,43.7398],[-79.388478,43.73976],[-79.38833433004459,43.73959873780515],[-79.398201,43.737511],[-79.398452,43.736964],[-79.400217,43.736496],[-79.39995252557569,43.735460413628196],[-79.40057638694569,43.73698876743895],[-79.393713,43.738506],[-79.393976,43.739152],[-79.394795,43.738892],[-79.394627,43.73911],[-79.395108,43.739166],[-79.394848,43.739611],[-79.395169,43.739709],[-79.395457,43.7392],[-79.396037,43.739257],[-79.39602154152693,43.73866184878654]],[[-79.395769,43.739885],[-79.396052,43.739482],[-79.395784,43.739345],[-79.395517,43.739815],[-79.395769,43.739885]]],[[[-79.418889,43.741888],[-79.418862,43.741009],[-79.418216,43.741064],[-79.41823896145206,43.740621742466764],[-79.42041506225011,43.74013425413574],[-79.420911921295,43.74216267868722],[-79.41905,43.742016],[-79.418889,43.741888]]],[[[-79.415227,43.741288],[-79.415778,43.741807],[-79.415474,43.742374],[-79.414812,43.74288],[-79.41482,43.743137],[-79.414545,43.743198],[-79.413877,43.744136],[-79.414128,43.744365],[-79.414391,43.74439],[-79.415064,43.744986],[-79.416156,43.744728],[-79.41621,43.745014],[-79.415062,43.745161],[-79.415056,43.745543],[-79.416013,43.745635],[-79.414056,43.745519],[-79.41378940422055,43.74561478813514],[-79.413733,43.745379],[-79.412407,43.744524],[-79.413711,43.74431],[-79.413575,43.743714],[-79.411618,43.744162],[-79.411277,43.743796],[-79.410287,43.743618],[-79.40986075091155,43.743417748750396],[-79.410987,43.743111],[-79.412285,43.742492],[-79.412407,43.742393],[-79.412215,43.742129],[-79.412319,43.742091],[-79.412242,43.74198],[-79.409374,43.742755],[-79.409192,43.741807],[-79.407926,43.741931],[-79.4074402370888,43.74171789711367],[-79.409508,43.740601],[-79.41069816904425,43.74024865646636],[-79.412232,43.741701],[-79.412939,43.741597],[-79.412865,43.741776],[-79.413032,43.741875],[-79.415227,43.741288]]],[[[-79.405879,43.746335],[-79.407163,43.746053],[-79.40672154203283,43.744130356337116],[-79.40737169644304,43.74696007373702],[-79.40607002675794,43.747234994329084],[-79.405917,43.74662],[-79.40490425373117,43.746820238806],[-79.405779,43.746638],[-79.405871,43.746346],[-79.40611127339642,43.74600357432369],[-79.405879,43.746335]]],[[[-79.40139,43.746502],[-79.402002,43.745812],[-79.40059755745715,43.744564934706624],[-79.401676,43.745511],[-79.402088,43.74514],[-79.402552,43.74526],[-79.402078,43.745848],[-79.402426,43.746477],[-79.401785,43.746863],[-79.40139,43.746502]]],[[[-79.405432,43.745628],[-79.406098,43.746011],[-79.405685,43.745774],[-79.40507,43.746256],[-79.404905,43.74623],[-79.405109,43.745634],[-79.405432,43.745628]]],[[[-79.40899396464357,43.747406914832005],[-79.408074,43.747608],[-79.407959,43.747192],[-79.40741925976384,43.74716600409884],[-79.408813,43.746971],[-79.40899396464357,43.747406914832005]]],[[[-79.414324,43.747457],[-79.415473,43.747567],[-79.414239,43.747504],[-79.41425769468897,43.747585287277225],[-79.41296,43.747747],[-79.412798,43.747071],[-79.41409744601773,43.74690919350125],[-79.414324,43.747457]]],[[[-79.406389,43.748411],[-79.406932,43.748287],[-79.407028,43.748668],[-79.407468,43.748593],[-79.406477,43.748794],[-79.406588,43.749349],[-79.406389,43.748411]]],[[[-79.41334877742717,43.75496344941813],[-79.413072,43.753915],[-79.412604,43.75393],[-79.412423,43.753487],[-79.41173577915279,43.75363144132716],[-79.411341,43.752634],[-79.411482,43.752546],[-79.411409,43.752375],[-79.412261,43.751854],[-79.412199,43.751633],[-79.414897,43.749874],[-79.412982,43.751127],[-79.41413,43.753096],[-79.41972215725875,43.75186661693533],[-79.414279,43.753064],[-79.414778,43.75424],[-79.414538,43.754297],[-79.41449017027824,43.75445091454737],[-79.41336,43.754659],[-79.41334877742717,43.75496344941813]]],[[[-79.395888,43.754928],[-79.396292,43.753727],[-79.397334,43.753503],[-79.398016,43.755165],[-79.396166,43.755407],[-79.395162,43.755895],[-79.39450910990708,43.75563696224388],[-79.39539750392048,43.75453014077676],[-79.394524,43.75562],[-79.395116,43.755875],[-79.395888,43.754928]]],[[[-79.39719,43.764553],[-79.39815730465456,43.764337724483404],[-79.39832098311834,43.7647269598546],[-79.394823,43.7655],[-79.3947016394653,43.76510434492345],[-79.39719,43.764553]]],[[[-79.404732,43.769178],[-79.407317,43.768603],[-79.408049,43.770339],[-79.405458,43.770902],[-79.404732,43.769178]]],[[[-79.406697,43.786668],[-79.405729,43.785835],[-79.405969,43.786767],[-79.406425,43.787066],[-79.406502,43.787375],[-79.405403,43.787574],[-79.404971,43.787949],[-79.404696,43.788002],[-79.405124,43.78971],[-79.40684023394314,43.7893372266059],[-79.40295042299071,43.79018565628519],[-79.404442,43.789859],[-79.404009,43.788122],[-79.400709,43.788851],[-79.400377,43.786503],[-79.400055,43.785146],[-79.394522,43.786366],[-79.396128,43.785969],[-79.395569,43.784635],[-79.394885,43.784777],[-79.3951513449573,43.78539817061226],[-79.394686,43.78435],[-79.39315877474523,43.78470594529938],[-79.393398,43.784635],[-79.3933,43.784187],[-79.393795,43.783931],[-79.393702,43.783501],[-79.393158,43.783667],[-79.393696,43.783472],[-79.393609,43.783071],[-79.395244,43.782713],[-79.395295,43.782951],[-79.396064,43.782862],[-79.395812,43.781853],[-79.395909,43.782118],[-79.39612008744574,43.78312484155771],[-79.396073,43.782903],[-79.395303,43.782991],[-79.39545,43.783673],[-79.396215,43.783572],[-79.39618779405052,43.78344382549157],[-79.3978603502547,43.78307624790998],[-79.398081,43.783607],[-79.39842,43.783532],[-79.3982018981651,43.7830011859452],[-79.402163633433,43.78213051561138],[-79.402382,43.782653],[-79.402695,43.782586],[-79.4024776256363,43.78206150956277],[-79.409499,43.780519],[-79.409287,43.779996],[-79.411886,43.779424],[-79.41103,43.777414],[-79.410403,43.775911],[-79.40953,43.773858],[-79.41158,43.773394],[-79.411185,43.772532],[-79.411573,43.772502],[-79.411613,43.772383],[-79.411127,43.771477],[-79.411607,43.771378],[-79.410196,43.76827],[-79.40936542672067,43.76845590448851],[-79.40925,43.768182],[-79.409069,43.768222],[-79.410081,43.767998],[-79.409346,43.766252],[-79.406587,43.766852],[-79.405675,43.7647],[-79.403928,43.765086],[-79.403645,43.763969],[-79.402624,43.764197],[-79.402464,43.763811],[-79.400601,43.764223],[-79.40043807958229,43.76383418992341],[-79.401313,43.763645],[-79.401117,43.763172],[-79.398327,43.76375],[-79.401418,43.763069],[-79.40269,43.762951],[-79.403264,43.762743],[-79.40211404201852,43.762059202374544],[-79.403844,43.763086],[-79.404281,43.762992],[-79.401923,43.761632],[-79.403677,43.762633],[-79.406994,43.761917],[-79.4065,43.760718],[-79.406811,43.760638],[-79.405997,43.758696],[-79.40339,43.75927],[-79.400187,43.759978],[-79.400347,43.760359],[-79.400112,43.760411],[-79.399951,43.76003],[-79.398063,43.760546],[-79.398749,43.760295],[-79.398706,43.76015],[-79.404326,43.756579],[-79.405745,43.755827],[-79.406985,43.75559],[-79.408964,43.756141],[-79.409765,43.755952],[-79.410957,43.7557],[-79.41141730769098,43.75560353846182],[-79.410533,43.75579],[-79.410721,43.756235],[-79.410353,43.756321],[-79.411098,43.759425],[-79.41235004525474,43.759145107936774],[-79.412511,43.759529],[-79.413112,43.759384],[-79.413638,43.7605],[-79.425571,43.757837],[-79.424942,43.756335],[-79.428782,43.755461],[-79.428938,43.755781],[-79.429596,43.756184],[-79.430247,43.757201],[-79.428503,43.757601],[-79.428543,43.757706],[-79.427845,43.758347],[-79.427786,43.757766],[-79.426389,43.758076],[-79.426508,43.758361],[-79.426035,43.758467],[-79.426152,43.758743],[-79.424734,43.758915],[-79.424996,43.759528],[-79.424549,43.758485],[-79.423247,43.758777],[-79.42344,43.759233],[-79.42379311070243,43.75915426037211],[-79.42402483010247,43.759699264401014],[-79.42298254128362,43.75993504586965],[-79.422897,43.759729],[-79.422729,43.759342],[-79.41928996811033,43.76010992496548],[-79.41912,43.75971],[-79.418939,43.75975],[-79.419109,43.76015],[-79.41925431701047,43.76011788574354],[-79.41706086310037,43.760607677077914],[-79.416891,43.760207],[-79.416528,43.760285],[-79.4167,43.760688],[-79.41685185768888,43.760654347326565],[-79.41332,43.761443],[-79.414644,43.764597],[-79.42081,43.763221],[-79.420644,43.762831],[-79.420895,43.762775],[-79.421054,43.763167],[-79.42138163975183,43.7630949192546],[-79.415379,43.764437],[-79.416066,43.766051],[-79.415324,43.766217],[-79.415376,43.766342],[-79.415436,43.766479],[-79.416178,43.766314],[-79.41688028219562,43.76791935915842],[-79.416131,43.768086],[-79.41648,43.769005],[-79.416514,43.769459],[-79.416892,43.769371],[-79.416811,43.76939],[-79.417346,43.770678],[-79.417715,43.771558],[-79.4186,43.771359],[-79.418975,43.772242],[-79.418665,43.772313],[-79.418474,43.771849],[-79.418236,43.771901],[-79.418434,43.772366],[-79.417961,43.7725],[-79.417577,43.771588],[-79.416924,43.771736],[-79.417167,43.772315],[-79.416699,43.772579],[-79.416932747484,43.773001126258],[-79.416709,43.773113],[-79.416933,43.773645],[-79.417477,43.773524],[-79.416814,43.773672],[-79.417202,43.775028],[-79.417458,43.775433],[-79.421475,43.77453],[-79.417367,43.775454],[-79.417976,43.77669],[-79.417834,43.776841],[-79.417873,43.777221],[-79.422194,43.776247],[-79.418013,43.77719],[-79.418186,43.777596],[-79.418383,43.777553],[-79.418768,43.778505],[-79.424077,43.777322],[-79.423637,43.776426],[-79.423757,43.77627],[-79.423393,43.775509],[-79.423119,43.77557],[-79.426092,43.774908],[-79.426859,43.776704],[-79.441456,43.773535],[-79.441337,43.773051],[-79.441578,43.774024],[-79.44169298596574,43.774010741660135],[-79.437378,43.774928],[-79.437553,43.775336],[-79.43233,43.776503],[-79.43243,43.77669],[-79.431879,43.776813],[-79.431925,43.777],[-79.431357,43.777073],[-79.431395,43.777242],[-79.430528,43.777435],[-79.430907,43.77833],[-79.430143,43.778491],[-79.429932,43.778007],[-79.429286,43.778139],[-79.428992,43.777771],[-79.428812,43.77781],[-79.428623,43.777353],[-79.427366,43.777662],[-79.42755,43.778098],[-79.427723,43.778059],[-79.42789,43.778456],[-79.426881,43.778681],[-79.426781,43.778473],[-79.426586,43.778516],[-79.426451,43.778195],[-79.42634,43.777932],[-79.425638,43.778091],[-79.425812,43.778338],[-79.424971,43.778527],[-79.425026,43.778658],[-79.423983,43.77889],[-79.423795,43.778447],[-79.422351,43.778823],[-79.422512,43.779217],[-79.422396,43.779243],[-79.42244,43.779349],[-79.422634,43.779306],[-79.422757,43.779598],[-79.421502,43.779878],[-79.421306,43.779071],[-79.420771,43.779191],[-79.420737,43.779056],[-79.419679,43.779292],[-79.420124,43.781121],[-79.418931,43.781387],[-79.419072,43.781936],[-79.418358,43.782954],[-79.418731,43.783031],[-79.418224,43.783145],[-79.41843,43.783979],[-79.41946,43.783752],[-79.420901,43.783964],[-79.42085,43.784107],[-79.421687,43.786169],[-79.421588,43.786192],[-79.42242366361496,43.78788311928278],[-79.421313,43.78813],[-79.421495,43.78856],[-79.421404,43.78858],[-79.421222,43.78815],[-79.42105450191661,43.78818682017122],[-79.420336,43.786473],[-79.419285,43.786703],[-79.419421,43.78726],[-79.419283,43.786703],[-79.416596,43.78719],[-79.414855,43.787574],[-79.414537,43.786759],[-79.41517,43.786551],[-79.41487,43.78529],[-79.415348,43.784793],[-79.414677,43.784879],[-79.414322,43.783414],[-79.413957,43.783144],[-79.404276,43.785251],[-79.405748,43.785838],[-79.406697,43.786668]],[[-79.40787254520725,43.783442354409615],[-79.408252,43.784385],[-79.413947,43.783146],[-79.413116,43.782396],[-79.4123277457348,43.782471450816246],[-79.412417,43.782452],[-79.412215,43.781972],[-79.412324,43.781949],[-79.411832,43.781056],[-79.4096,43.781546],[-79.409781,43.78198],[-79.409591,43.781548],[-79.399483,43.783786],[-79.400055,43.785146],[-79.40787254520725,43.783442354409615]],[[-79.399502,43.783833],[-79.399015,43.783937],[-79.399174,43.784315],[-79.397051,43.784763],[-79.396953,43.784529],[-79.396772,43.784569],[-79.396703,43.784404],[-79.395557,43.784606],[-79.396144,43.786007],[-79.400055,43.785146],[-79.399502,43.783833]],[[-79.404284,43.762516],[-79.404758,43.762889],[-79.405224,43.762782],[-79.405042,43.762349],[-79.404284,43.762516]],[[-79.424975,43.758389],[-79.424794,43.75843],[-79.424977,43.758861],[-79.425158,43.758821],[-79.424975,43.758389]],[[-79.412369,43.780464],[-79.411832,43.780584],[-79.412013,43.781017],[-79.412524,43.780906],[-79.412369,43.780464]]],[[[-79.401508,43.775143],[-79.401318,43.774685],[-79.40173429078702,43.77459069156083],[-79.401927,43.775049],[-79.403249,43.774756],[-79.401508,43.775143]]],[[[-79.4125,43.786411],[-79.412928,43.787548],[-79.412699,43.787598],[-79.4105994305441,43.786905928347686],[-79.41122,43.786513],[-79.41087,43.786169],[-79.412189,43.785852],[-79.412911,43.786122],[-79.4125,43.786411]]],[[[-79.416232,43.788013],[-79.41751390394512,43.78772902129912],[-79.41771380117012,43.788536044393425],[-79.416432,43.788822],[-79.416232,43.788013]]],[[[-79.41971206610697,43.788481920362],[-79.418488,43.788751],[-79.418701,43.788704],[-79.418595,43.788473],[-79.4177453387188,43.78866192467007],[-79.419656,43.788237],[-79.41971206610697,43.788481920362]]],[[[-79.412592,43.788983],[-79.412713,43.789268],[-79.412061,43.78952],[-79.411895,43.789124],[-79.412592,43.788983]]],[[[-79.418576,43.792065],[-79.41868759126464,43.792521090902746],[-79.418063,43.79266],[-79.418359,43.79389],[-79.418244,43.793502],[-79.417936,43.793569],[-79.418264,43.793496],[-79.418161,43.793073],[-79.41765602410894,43.791795443792466],[-79.418475,43.791647],[-79.41807498792397,43.79000701193409],[-79.418244,43.790698],[-79.419361,43.790451],[-79.419552,43.790905],[-79.419047,43.791019],[-79.419265,43.791913],[-79.419046,43.791019],[-79.418361,43.791174],[-79.418576,43.792065]]],[[[-79.409214,43.797966],[-79.40865273249514,43.79808836163613],[-79.408213,43.797039],[-79.407299,43.797239],[-79.410488,43.796531],[-79.411119,43.798046],[-79.409401,43.798421],[-79.409214,43.797966]]],[[[-79.40091684466388,43.8],[-79.400504,43.79838],[-79.407218,43.796922],[-79.403093,43.79782],[-79.40364982945736,43.8],[-79.40091684466388,43.8]]],[[[-79.3948743173947,43.6450934458485],[-79.39519732127675,43.645898961702514],[-79.395019,43.645461],[-79.394188,43.645633],[-79.3944018992432,43.64612876647024],[-79.393787,43.64626],[-79.393862,43.646441],[-79.393256,43.646569],[-79.393354,43.64681],[-79.39203838441296,43.64710091499683],[-79.391845,43.646645],[-79.391898,43.646769],[-79.392562,43.646628],[-79.392297,43.646041],[-79.39084202292923,43.64636939666378],[-79.390694,43.645975],[-79.389577,43.646213],[-79.389726,43.646598],[-79.38945807473895,43.645936983643],[-79.390052,43.645807],[-79.389938,43.645522],[-79.391947,43.645145],[-79.391775,43.644722],[-79.391983,43.645229],[-79.392679,43.645079],[-79.392817,43.645402],[-79.393395,43.645276],[-79.392721,43.645473],[-79.392951,43.646424],[-79.393774,43.646223],[-79.39358830273392,43.64576024638509],[-79.393972,43.645678],[-79.393806,43.645271],[-79.3948743173947,43.6450934458485]],[[-79.390676,43.645959],[-79.391253,43.645855],[-79.391134,43.645571],[-79.390568,43.645694],[-79.39077,43.645938],[-79.390676,43.645959]]],[[[-79.376811,43.648372],[-79.37691186178749,43.648656609994404],[-79.376323,43.6487],[-79.37604,43.648129],[-79.377337,43.647832],[-79.37741663336446,43.647815259849935],[-79.376893,43.647934],[-79.377054,43.648314],[-79.376811,43.648372]]],[[[-79.3927033832339,43.649649086228436],[-79.39256975264934,43.649558375590395],[-79.392406,43.649145],[-79.39181471648541,43.64926929020817],[-79.39167412005423,43.648917300561315],[-79.392568,43.648717],[-79.392418,43.648216],[-79.393132,43.648062],[-79.392958,43.647665],[-79.392327,43.647792],[-79.392189,43.647456],[-79.392813,43.647312],[-79.392926,43.647588],[-79.393432,43.647484],[-79.392927,43.647589],[-79.393112,43.648015],[-79.393278,43.648393],[-79.392812,43.64861],[-79.392983,43.649026],[-79.393501,43.648917],[-79.393157,43.64899],[-79.39332485260442,43.64940862987333],[-79.39314970846954,43.649443287369984],[-79.392979,43.649026],[-79.392596,43.649107],[-79.392762,43.64952],[-79.39285899999894,43.649501000000214],[-79.392983,43.649947],[-79.392808,43.649511],[-79.39266,43.649541],[-79.3927033832339,43.649649086228436]]],[[[-79.394299,43.648168],[-79.39447781212577,43.64863330669193],[-79.394289,43.648655],[-79.394358,43.648824],[-79.393962,43.648917],[-79.3940899429477,43.64924485218268],[-79.393664,43.649339],[-79.393501,43.648917],[-79.393278,43.648393],[-79.394299,43.648168]]],[[[-79.387423,43.649137],[-79.388896,43.648812],[-79.389019,43.649119],[-79.388519,43.649224],[-79.388658,43.649572],[-79.387978,43.649722],[-79.387138,43.649906],[-79.387703,43.649782],[-79.387423,43.649137]]],[[[-79.382131,43.649615],[-79.38270008645131,43.64949221075558],[-79.383054,43.650355],[-79.381869,43.650685],[-79.381757,43.650418],[-79.382402,43.650278],[-79.382131,43.649615]]],[[[-79.394809,43.6501],[-79.3947,43.649825],[-79.394489,43.649867],[-79.395971,43.649571],[-79.396281,43.650183],[-79.39390580137352,43.65063040578292],[-79.39379217554625,43.65033895874577],[-79.394809,43.6501]]],[[[-79.39162279315589,43.65119646511407],[-79.39105667265942,43.651315232741375],[-79.39077962868797,43.65066586512577],[-79.392376,43.65031],[-79.39225956249985,43.650025374999615],[-79.392277,43.650067],[-79.39282638847995,43.64995554501288],[-79.392835,43.649977],[-79.393043,43.649935],[-79.393587,43.649824],[-79.39341907326961,43.64939018534608],[-79.393672,43.65003],[-79.39374298591557,43.65021278873257],[-79.393215,43.65031],[-79.393376,43.650715],[-79.3935737346042,43.65069262187225],[-79.392611,43.650873],[-79.392536,43.650692],[-79.391495,43.650866],[-79.39162279315589,43.65119646511407]]],[[[-79.37968606820182,43.65014416403931],[-79.379955,43.650791],[-79.380643,43.650653],[-79.38084287415964,43.651279688894654],[-79.3800908411651,43.65144761538829],[-79.37983,43.650816],[-79.378693,43.651046],[-79.379259,43.65244],[-79.378426,43.650422],[-79.379073,43.650281],[-79.37968606820182,43.65014416403931]],[[-79.379005,43.650777],[-79.379084,43.650966],[-79.379316,43.650919],[-79.379234,43.650727],[-79.379005,43.650777]]],[[[-79.388355,43.65262],[-79.38884580099432,43.653813711288926],[-79.387448,43.650651],[-79.388268,43.652408],[-79.38924,43.652201],[-79.3893259372448,43.65240884822],[-79.388355,43.65262]]],[[[-79.3907214413719,43.6539979747742],[-79.390138,43.654072],[-79.390309,43.65448],[-79.38999602863497,43.65373499375514],[-79.39056,43.653612],[-79.3907214413719,43.6539979747742]]],[[[-79.379258,43.655526],[-79.379854,43.6554],[-79.37960183944189,43.65478666401624],[-79.379932,43.655588],[-79.380543,43.655452],[-79.379757,43.653569],[-79.379151,43.653696],[-79.37935789127076,43.65419625248289],[-79.37759913752969,43.65458133063836],[-79.377466,43.654258],[-79.376322,43.654503],[-79.376461,43.65483],[-79.376075,43.653922],[-79.375753,43.653167],[-79.378092,43.652682],[-79.378296,43.653191],[-79.379474,43.652928],[-79.37938500373721,43.652725999180284],[-79.379809,43.652633],[-79.37968362190108,43.652345716324525],[-79.386629,43.650853],[-79.38761527893146,43.653189735997614],[-79.387575,43.653096],[-79.386426,43.653344],[-79.385642,43.653724],[-79.385428,43.653563],[-79.385189,43.653614],[-79.385228,43.653935],[-79.38544,43.653899],[-79.384179,43.654122],[-79.384331,43.654483],[-79.384499,43.654443],[-79.384563,43.65461],[-79.38481887177016,43.654553688452125],[-79.38518821591371,43.65541216782668],[-79.384605,43.655537],[-79.38446,43.655186],[-79.384314,43.65522],[-79.38445053779053,43.65557665465069],[-79.380926,43.656329],[-79.380252,43.656454],[-79.380735,43.657529],[-79.380157,43.657704],[-79.380705,43.657538],[-79.380293,43.656553],[-79.379733,43.656672],[-79.37990113793028,43.65708124137747],[-79.37912051779475,43.655201487547195],[-79.379258,43.655526]],[[-79.379736,43.653524],[-79.379145,43.653682],[-79.379757,43.653569],[-79.379736,43.653524]],[[-79.379694,43.653427],[-79.37912379493672,43.65355108607595],[-79.379055,43.653556],[-79.379107,43.653691],[-79.37912242717125,43.65357101089029],[-79.379155,43.65365],[-79.379736,43.653524],[-79.379694,43.653427]],[[-79.378506,43.653717],[-79.378902,43.653624],[-79.378938,43.653502],[-79.37857365353348,43.65354973523225],[-79.378924,43.653469],[-79.378873,43.653347],[-79.379593,43.653198],[-79.379476,43.652932],[-79.378296,43.653191],[-79.378506,43.653717]],[[-79.383164,43.654337],[-79.38327,43.654597],[-79.383995,43.654448],[-79.383891,43.654183],[-79.383164,43.654337]],[[-79.380667,43.653294],[-79.380799,43.653615],[-79.38127,43.653511],[-79.381036,43.653215],[-79.380667,43.653294]],[[-79.380558,43.655489],[-79.379968,43.65558],[-79.380037,43.655844],[-79.38065,43.655713],[-79.380558,43.655489]]],[[[-79.378062,43.654821],[-79.378131,43.654978],[-79.378373,43.654925],[-79.37847491882526,43.65517101814825],[-79.37789806355775,43.65529998579038],[-79.37773124838122,43.65489894146908],[-79.378062,43.654821]]],[[[-79.38944572500473,43.65523005926622],[-79.388592,43.655448],[-79.388323,43.65481],[-79.3892,43.654676],[-79.38944572500473,43.65523005926622]]],[[[-79.394227,43.654799],[-79.395379,43.654557],[-79.395589,43.655064],[-79.395473,43.655093],[-79.395524,43.655218],[-79.394491,43.65544],[-79.394626,43.655768],[-79.394227,43.654799]]],[[[-79.388322,43.65481],[-79.388592,43.655448],[-79.38741538470856,43.65570391632507],[-79.38738365168071,43.655709617978516],[-79.38712896267722,43.65503703091619],[-79.388322,43.65481]]],[[[-79.394877,43.656376],[-79.394755,43.65608],[-79.395241,43.655976],[-79.395114,43.655666],[-79.395687,43.655547],[-79.395939,43.656158],[-79.394877,43.656376]]],[[[-79.38489100760142,43.65661969876141],[-79.384583,43.655924],[-79.384746,43.65627],[-79.385479,43.656115],[-79.38544125196938,43.656021566931315],[-79.385617,43.656453],[-79.38489100760142,43.65661969876141]]],[[[-79.384003,43.656426],[-79.38123243361198,43.65703657541449],[-79.380926,43.656329],[-79.38373844572564,43.65574321654192],[-79.384003,43.656426]]],[[[-79.38532799293682,43.65794098291865],[-79.384684,43.658081],[-79.38436216785998,43.65730182745049],[-79.38533820797039,43.657089464381095],[-79.38547486863952,43.65739461662054],[-79.385132,43.657467],[-79.38532799293682,43.65794098291865]]],[[[-79.38244,43.659805],[-79.38233460912528,43.659581571345605],[-79.3821218609503,43.65909032178222],[-79.383842,43.658715],[-79.383669,43.658292],[-79.38355,43.658316],[-79.384684,43.658081],[-79.38486,43.658494],[-79.383482,43.658794],[-79.38369691810024,43.65932079925036],[-79.382404,43.659728],[-79.382485,43.6599],[-79.38252369968984,43.6599911455095],[-79.38244,43.659805]]],[[[-79.381843,43.659935],[-79.38242245658628,43.65980882658353],[-79.381319,43.660142],[-79.38116025931058,43.65977689641434],[-79.381175,43.659658],[-79.38172752066139,43.65956008494608],[-79.381843,43.659935]]],[[[-79.379715,43.66016],[-79.379833,43.660462],[-79.3797077593201,43.660153853866696],[-79.380989,43.659811],[-79.381149,43.660179],[-79.38014993282977,43.66039384499177],[-79.38002,43.660094],[-79.379715,43.66016]]],[[[-79.37867,43.660203],[-79.378853,43.660674],[-79.379094,43.661253],[-79.378515,43.661378],[-79.378327,43.661418],[-79.378615,43.661356],[-79.378528,43.661144],[-79.378424,43.661168],[-79.37808,43.660333],[-79.378356,43.660271],[-79.379068,43.660116],[-79.37867,43.660203]],[[-79.378927,43.661158],[-79.378641,43.661221],[-79.37869,43.66134],[-79.379094,43.661253],[-79.378927,43.661158]]],[[[-79.38113370843817,43.66249529686671],[-79.379727,43.662794],[-79.379553,43.662377],[-79.37842086046683,43.662622441860094],[-79.37899,43.662499],[-79.378771,43.661987],[-79.379343,43.661874],[-79.38075505838401,43.66158214079946],[-79.38113370843817,43.66249529686671]]],[[[-79.37800890474539,43.66214041416986],[-79.37820685042706,43.66266860088828],[-79.378211,43.662778],[-79.378187,43.662622],[-79.377806,43.662748],[-79.37758718164997,43.662229430485546],[-79.37800890474539,43.66214041416986]]],[[[-79.394821,43.670386],[-79.393795,43.670596],[-79.393693,43.67035],[-79.393391,43.670398],[-79.393309,43.670201],[-79.393482,43.670165],[-79.39334109850496,43.66981824242001],[-79.393499,43.669785],[-79.3931602227802,43.66892756385078],[-79.393486,43.668858],[-79.393267,43.668333],[-79.39181570024284,43.66864926590083],[-79.391767,43.66853],[-79.391461,43.668526],[-79.391598,43.668859],[-79.391452,43.668506],[-79.389947,43.668819],[-79.390096,43.669175],[-79.390264,43.669546],[-79.38947918061126,43.66970151395816],[-79.388869,43.668197],[-79.389227,43.669079],[-79.389797,43.668956],[-79.389726,43.668782],[-79.389916,43.668742],[-79.38980580283855,43.668473827886814],[-79.390556,43.668313],[-79.390387,43.667905],[-79.3898234154045,43.668021584098966],[-79.389497,43.667231],[-79.38851688261332,43.66743672870635],[-79.387447,43.664975],[-79.38650283043104,43.66518713386264],[-79.386251,43.66457],[-79.385453,43.664743],[-79.385096,43.664815],[-79.385178,43.664798],[-79.384387,43.662903],[-79.384759,43.663779],[-79.385332,43.66366],[-79.385168,43.663262],[-79.38578928114997,43.663129607742945],[-79.38596,43.663529],[-79.386759,43.663363],[-79.38637212192292,43.662472302955294],[-79.386924,43.662355],[-79.386551,43.661466],[-79.387694,43.661221],[-79.387411,43.660519],[-79.38666161062238,43.66066938163915],[-79.38565333031127,43.658331989198615],[-79.386378,43.658184],[-79.385832,43.656982],[-79.388957,43.656323],[-79.389984,43.658701],[-79.391402,43.658387],[-79.390462,43.656158],[-79.39012344849704,43.656183678557106],[-79.390999,43.656035],[-79.390443,43.654799],[-79.390568,43.655076],[-79.391636,43.654795],[-79.392085,43.655886],[-79.392434,43.655813],[-79.392085,43.655887],[-79.393503,43.659199],[-79.397696,43.658359],[-79.397423,43.657705],[-79.397508,43.657903],[-79.39799,43.657803],[-79.397893,43.657569],[-79.399107,43.657348],[-79.39901034835809,43.657226685525316],[-79.3993240937482,43.65716611523472],[-79.399057,43.657218],[-79.39972482302979,43.657131023048514],[-79.39973905361606,43.657164430681554],[-79.399074,43.65726],[-79.39966709650035,43.657179082786314],[-79.399088,43.657297],[-79.399188,43.657555],[-79.399037,43.657585],[-79.399227,43.658057],[-79.400048,43.657949],[-79.40019,43.658292],[-79.402024,43.658112],[-79.402483,43.6593],[-79.401626,43.659496],[-79.401489,43.660053],[-79.401029,43.660368],[-79.402732,43.664637],[-79.403006,43.665271],[-79.403366,43.665922],[-79.40421,43.665748],[-79.403367,43.665924],[-79.403832,43.666668],[-79.402687,43.66691],[-79.401056,43.667264],[-79.40118307079719,43.66758792035585],[-79.401055,43.667263],[-79.39552,43.668412],[-79.395725,43.669043],[-79.39582825264453,43.66902469482202],[-79.395063,43.669181],[-79.39535,43.669122],[-79.395096,43.668507],[-79.394141,43.66872],[-79.394821,43.670386]],[[-79.388513,43.664747],[-79.388262,43.664124],[-79.387183,43.664368],[-79.387447,43.664975],[-79.388513,43.664747]],[[-79.390472,43.659847],[-79.391793,43.659566],[-79.39126,43.65842],[-79.389984,43.658701],[-79.390472,43.659847]],[[-79.393754,43.668802],[-79.393866,43.669252],[-79.394313,43.669156],[-79.394141,43.66872],[-79.393754,43.668802]],[[-79.398409,43.657551],[-79.397926,43.657648],[-79.398183,43.658265],[-79.398663,43.65817],[-79.398409,43.657551]],[[-79.400286,43.658537],[-79.400447,43.658975],[-79.400883,43.659069],[-79.40102,43.658513],[-79.401271,43.658461],[-79.401274,43.658329],[-79.400286,43.658537]]],[[[-79.38455172185101,43.66188527322363],[-79.383404,43.662123],[-79.383569,43.662524],[-79.38378,43.663033],[-79.38414,43.663909],[-79.38348895274706,43.66398488894359],[-79.383102,43.66304],[-79.38261982723847,43.66313879897215],[-79.383724,43.662899],[-79.38336,43.662025],[-79.38321371428577,43.66163896825413],[-79.384412,43.661541],[-79.38455172185101,43.66188527322363]]],[[[-79.37692491991041,43.66291201944226],[-79.37722038496743,43.66361413265409],[-79.3760185029204,43.66386889366826],[-79.375741,43.663202],[-79.375648,43.663222],[-79.37692491991041,43.66291201944226]]],[[[-79.38011,43.663696],[-79.379463,43.663828],[-79.37965418065437,43.6642743195828],[-79.379439,43.663833],[-79.378713,43.663989],[-79.378793,43.664193],[-79.378392,43.664253],[-79.378783,43.664168],[-79.378333,43.663104],[-79.379727,43.662794],[-79.38011,43.663696]],[[-79.379275,43.662896],[-79.379335,43.663047],[-79.379793,43.662951],[-79.379727,43.662794],[-79.379275,43.662896]]],[[[-79.38248324508993,43.66593321535082],[-79.38211,43.666016],[-79.38189913009249,43.665499318757405],[-79.38226721414264,43.665422506245044],[-79.38248324508993,43.66593321535082]]],[[[-79.385505,43.665962],[-79.385029,43.666056],[-79.385654,43.667555],[-79.384973,43.667706],[-79.384503,43.666737],[-79.38423426395872,43.66597874477568],[-79.384934,43.665823],[-79.384878,43.665692],[-79.385407,43.665577],[-79.38525713909068,43.66521433495309],[-79.385306,43.665332],[-79.385667,43.665264],[-79.385921,43.665866],[-79.385523,43.665958],[-79.385646,43.666311],[-79.385741,43.666291],[-79.3856277443965,43.666331385719076],[-79.385505,43.665962]],[[-79.384582,43.66672],[-79.384398,43.666372],[-79.384503,43.666737],[-79.384582,43.66672]],[[-79.384897,43.66678],[-79.384888,43.666762],[-79.384907,43.666808],[-79.384897,43.66678]]],[[[-79.386003,43.66759],[-79.385952,43.667455],[-79.38655307788686,43.667311187548435],[-79.386754,43.667795],[-79.385835,43.667995],[-79.386384,43.667875],[-79.386282,43.667636],[-79.386003,43.66759]]],[[[-79.37799247626137,43.668848455972885],[-79.37931,43.668559],[-79.378953,43.667715],[-79.378335,43.666277],[-79.37870290625159,43.667123784225815],[-79.379452,43.668894],[-79.378119,43.669147],[-79.37799247626137,43.668848455972885]]],[[[-79.384133,43.668517],[-79.384567,43.669775],[-79.385754,43.669515],[-79.386408,43.669389],[-79.38645,43.669481],[-79.387236,43.669318],[-79.38645,43.669482],[-79.386508,43.669608],[-79.387079,43.669482],[-79.386508,43.669609],[-79.386788,43.670226],[-79.38557389853058,43.67049402655276],[-79.385866,43.670428],[-79.38567,43.669959],[-79.38585,43.669918],[-79.385648,43.669539],[-79.38475,43.669735],[-79.38415097332056,43.66986693479332],[-79.383564,43.668583],[-79.383005,43.668697],[-79.38324448575824,43.6692498129586],[-79.38247,43.669405],[-79.38202598783562,43.668334361972605],[-79.38308,43.668111],[-79.383299,43.668637],[-79.383891,43.668515],[-79.384133,43.668517]]],[[[-79.376865,43.670625],[-79.37645400582535,43.66951101578939],[-79.378119,43.669147],[-79.378398,43.669825],[-79.377395,43.670052],[-79.377572,43.670471],[-79.376218,43.670767],[-79.376865,43.670625]]],[[[-79.38902328859479,43.67041503612079],[-79.387637,43.670701],[-79.38738718154312,43.67010143570347],[-79.38881207169308,43.66983195847667],[-79.38902328859479,43.67041503612079]]],[[[-79.380941,43.670178],[-79.381247,43.670113],[-79.38107435762167,43.669713826870925],[-79.38124400561023,43.66967628727032],[-79.381475,43.670429],[-79.382783,43.670153],[-79.381419,43.670468],[-79.38147535375569,43.670633240673475],[-79.380273,43.670883],[-79.380567,43.67161],[-79.379861,43.669867],[-79.37973024854534,43.669555945805904],[-79.3807651238203,43.66933029630986],[-79.380938,43.669744],[-79.38077,43.669783],[-79.380941,43.670178]],[[-79.381342,43.670314],[-79.381036,43.670378],[-79.38117,43.670668],[-79.381436,43.670632],[-79.381342,43.670314]]],[[[-79.390723,43.670704],[-79.390814,43.670928],[-79.390623,43.670972],[-79.39072396372731,43.671240913392936],[-79.390497,43.670699],[-79.39033,43.670734],[-79.390549,43.670688],[-79.390442,43.670423],[-79.390915,43.670323],[-79.391046,43.670635],[-79.390723,43.670704]]],[[[-79.38832128595784,43.67087006230954],[-79.3893520364743,43.67065312261287],[-79.38967399114826,43.671462977734066],[-79.3888366719315,43.67164120326223],[-79.38862,43.671115],[-79.38845526321532,43.671148468950975],[-79.38832128595784,43.67087006230954]]],[[[-79.377178,43.671286],[-79.376494,43.671437],[-79.37656471334087,43.67161906046716],[-79.37565,43.671826],[-79.375919,43.67247],[-79.375706,43.671961],[-79.374924,43.671919],[-79.374957,43.671525],[-79.375528,43.671536],[-79.375421,43.67128],[-79.376419,43.671256],[-79.37588403741498,43.669973583873],[-79.376363,43.67112],[-79.377522,43.670856],[-79.37765692066583,43.67117980959797],[-79.377434,43.671229],[-79.377755,43.672178],[-79.37804479019043,43.67211995367854],[-79.377574,43.672215],[-79.376854,43.672359],[-79.377268,43.672276],[-79.377079,43.671819],[-79.377454,43.671737],[-79.377178,43.671286]]],[[[-79.393214,43.671185],[-79.39412199460334,43.67098900116492],[-79.394157,43.671075],[-79.39500331317623,43.670837192991804],[-79.395437,43.671901],[-79.39610613214934,43.67175818624515],[-79.395436,43.671902],[-79.39561332907554,43.6723447048175],[-79.39450871410268,43.67257264820459],[-79.394264,43.67191],[-79.393569,43.672056],[-79.393461,43.671792],[-79.394158,43.671647],[-79.393833,43.671643],[-79.393686,43.671085],[-79.393214,43.671185]]],[[[-79.377023,43.67282],[-79.378367,43.672755],[-79.378544,43.673188],[-79.377161,43.673198],[-79.376854,43.672359],[-79.377023,43.67282]]],[[[-79.383317,43.673473],[-79.38095824926482,43.67327881231655],[-79.381133,43.673293],[-79.38083758306189,43.67257888787271],[-79.381357,43.672479],[-79.382275,43.672921],[-79.382745,43.672999],[-79.38299480706965,43.67291141823853],[-79.383209,43.673464],[-79.383317,43.673473]]],[[[-79.389841,43.673812],[-79.389463,43.673891],[-79.389411,43.67378],[-79.389167,43.673831],[-79.389115,43.673699],[-79.388261,43.673876],[-79.388987,43.675589],[-79.388285,43.673937],[-79.387656,43.674072],[-79.387862,43.674504],[-79.387766,43.674711],[-79.386748,43.673558],[-79.386349,43.672913],[-79.386088,43.672948],[-79.386472,43.672885],[-79.38650999230964,43.67255706637996],[-79.387239,43.672802],[-79.387866,43.672874],[-79.388565,43.672873],[-79.390202,43.67297],[-79.390687,43.673106],[-79.39077602214135,43.672907683348484],[-79.391673,43.672811],[-79.391642,43.672735],[-79.392866,43.672482],[-79.393083,43.673013],[-79.393268,43.672974],[-79.393041,43.673022],[-79.393176,43.673386],[-79.392972,43.673034],[-79.392413,43.673155],[-79.392558,43.673515],[-79.39236,43.673166],[-79.391813,43.673279],[-79.391958,43.673639],[-79.392424,43.673542],[-79.392602,43.674025],[-79.3924,43.674068],[-79.392485,43.674277],[-79.393231,43.67412],[-79.393553,43.674356],[-79.393687,43.674286],[-79.393995,43.674765],[-79.394182,43.674807],[-79.395113,43.674631],[-79.394659,43.674725],[-79.39480305634946,43.675078939772504],[-79.393718,43.675191],[-79.393891,43.675157],[-79.39335,43.67495],[-79.392857,43.675056],[-79.392753,43.674784],[-79.3894962610904,43.675476758484635],[-79.392288,43.674882],[-79.392923,43.67471],[-79.391533,43.673913],[-79.390036,43.674224],[-79.3902845645155,43.67477222580507],[-79.389841,43.673812]],[[-79.387237,43.672802],[-79.387386,43.673186],[-79.387986,43.673178],[-79.388209,43.673744],[-79.389679,43.67347],[-79.38946,43.672929],[-79.387866,43.672874],[-79.387237,43.672802]],[[-79.391001,43.674018],[-79.39068,43.67354],[-79.389788,43.6737],[-79.390036,43.674224],[-79.391001,43.674018]]],[[[-79.37812,43.675678],[-79.378455,43.676458],[-79.37795,43.676572],[-79.377891,43.676432],[-79.37749562285532,43.67642109987821],[-79.377079,43.675379],[-79.377284,43.675862],[-79.37812,43.675678]]],[[[-79.381397,43.677491],[-79.382278,43.677308],[-79.382455,43.677814],[-79.3807118733053,43.67815099792515],[-79.380583,43.677566],[-79.38062659864967,43.676913],[-79.381397,43.677491]]],[[[-79.37967383198419,43.67949575312448],[-79.380011,43.678162],[-79.380761,43.678374],[-79.38074011666939,43.678279203757626],[-79.38118865898562,43.67930036968375],[-79.381131,43.679181],[-79.37967383198419,43.67949575312448]]],[[[-79.39494897625873,43.680045836008425],[-79.396077,43.679819],[-79.396329,43.680444],[-79.393758,43.680937],[-79.395192,43.680647],[-79.39494897625873,43.680045836008425]]],[[[-79.39185902105541,43.68132605417768],[-79.39259108096776,43.681176195978786],[-79.392945,43.681864],[-79.392159,43.68202],[-79.392344,43.681982],[-79.392244,43.681725],[-79.39203,43.681766],[-79.39185902105541,43.68132605417768]]],[[[-79.3844940972349,43.68213817492532],[-79.385045,43.68172],[-79.385356,43.681726],[-79.385167,43.681754],[-79.38517198342778,43.68217966179402],[-79.384623,43.682285],[-79.3844940972349,43.68213817492532]]],[[[-79.393111,43.685709],[-79.39243,43.685854],[-79.392538,43.685829],[-79.392265,43.685152],[-79.39108986301115,43.68540108219232],[-79.392818,43.685034],[-79.393186,43.685881],[-79.393301,43.686223],[-79.393111,43.685709]]],[[[-79.394324,43.685265],[-79.394466,43.685615],[-79.394176,43.685675],[-79.39431756674965,43.686020941282614],[-79.39365,43.686158],[-79.393301,43.686223],[-79.393808,43.686125],[-79.39351882461648,43.685428994871565],[-79.394324,43.685265]]],[[[-79.38428,43.686797],[-79.3839493552719,43.68750106828895],[-79.38330908852794,43.687568884704206],[-79.38314,43.687514],[-79.382974,43.687094],[-79.382774,43.687136],[-79.382656,43.686843],[-79.383322,43.686705],[-79.383222,43.686456],[-79.38434,43.686216],[-79.38428,43.686797]]],[[[-79.377315,43.687797],[-79.377133,43.687334],[-79.377274,43.687302],[-79.37704351402353,43.68672188624799],[-79.37838614311268,43.68627539355988],[-79.378915,43.687455],[-79.377286,43.687804],[-79.377112,43.687362],[-79.377315,43.687797]]],[[[-79.39037093682639,43.68840284679634],[-79.39016404196464,43.68790110176931],[-79.39097127895648,43.687730420155006],[-79.39107551519943,43.68801006277156],[-79.39037093682639,43.68840284679634]]],[[[-79.390221,43.690652],[-79.39011960340679,43.69068232421479],[-79.39001998243741,43.69029286107286],[-79.390238,43.690123],[-79.38998357716994,43.69009500635835],[-79.391212,43.689921],[-79.390935,43.689257],[-79.39165449492745,43.68905210920487],[-79.392307,43.690533],[-79.39154883005806,43.690742341667274],[-79.391495,43.690613],[-79.390381,43.690849],[-79.390221,43.690652]]],[[[-79.394081,43.696563],[-79.39431987318878,43.69716967793135],[-79.39395678695409,43.69724546340721],[-79.393716,43.696639],[-79.394081,43.696563]]],[[[-79.382748,43.698944],[-79.382386,43.69902],[-79.38217872321755,43.69849582890591],[-79.38254164540336,43.69841864312835],[-79.382748,43.698944]]],[[[-79.396113,43.699209],[-79.395832,43.699269],[-79.39588,43.699512],[-79.39404178913814,43.699892290217555],[-79.393747,43.6989],[-79.39319244739696,43.69901450221753],[-79.3956770026383,43.69850101283968],[-79.395752,43.698866],[-79.396065,43.698799],[-79.396113,43.698918],[-79.396725,43.698788],[-79.396673,43.698483],[-79.396645,43.698301],[-79.39698410091752,43.70017155045918],[-79.396815,43.699319],[-79.396196,43.699447],[-79.396113,43.699209]]],[[[-79.385803,43.699496],[-79.386724,43.69931],[-79.386973,43.700313],[-79.386137,43.700489],[-79.385803,43.699496]]],[[[-79.385882,43.700544],[-79.38623568808914,43.70143421493625],[-79.384089,43.701881],[-79.38372,43.701006],[-79.386137,43.700489],[-79.385882,43.700544]]],[[[-79.389309,43.702177],[-79.389793,43.702549],[-79.389169,43.702719],[-79.388985,43.702241],[-79.389309,43.702177]]],[[[-79.378902,43.705824],[-79.377752,43.706056],[-79.377217,43.704653],[-79.378356,43.704408],[-79.378902,43.705824]]],[[[-79.394134,43.707601],[-79.39388368319307,43.706937898355434],[-79.395234,43.706737],[-79.395265,43.706819],[-79.395463,43.707334],[-79.394134,43.707601]]],[[[-79.393952,43.707119],[-79.392633,43.707387],[-79.392819,43.707861],[-79.392137,43.708003],[-79.391946,43.70752],[-79.391277,43.707622],[-79.393952,43.707119]]],[[[-79.391476,43.708142],[-79.390155,43.708416],[-79.389924,43.707791],[-79.38927543553763,43.70795488456845],[-79.389923,43.70779],[-79.389825,43.707525],[-79.389876,43.707662],[-79.39119,43.707395],[-79.391476,43.708142]]],[[[-79.37759,43.710409],[-79.38865,43.708195],[-79.388181,43.70829],[-79.388363,43.708761],[-79.38950436063824,43.70853790308584],[-79.389746,43.709143],[-79.390382,43.709013],[-79.39033362294902,43.70888577048706],[-79.390539,43.709424],[-79.391187,43.711137],[-79.388642,43.711649],[-79.388089,43.710125],[-79.388368,43.710068],[-79.38813,43.709466],[-79.386999,43.709701],[-79.38722484415851,43.71030058626153],[-79.386791,43.710389],[-79.386562,43.709788],[-79.3847382898725,43.71015873807874],[-79.380996,43.710931],[-79.380956,43.710826],[-79.380398,43.710939],[-79.380597,43.71147],[-79.380401,43.710948],[-79.380207,43.710419],[-79.377088,43.711052],[-79.378347,43.710772],[-79.378174,43.710321],[-79.37759,43.710409]],[[-79.390157,43.709715],[-79.390615,43.709625],[-79.390429,43.709137],[-79.389974,43.709225],[-79.390157,43.709715]]],[[[-79.394396,43.710492],[-79.395856,43.710204],[-79.394576,43.710457],[-79.39508394845049,43.711935849917865],[-79.39486,43.711361],[-79.394498,43.711434],[-79.39471996875001,43.712009918918916],[-79.39395127906806,43.71216540510162],[-79.39339,43.710952],[-79.393942,43.71084],[-79.393849,43.7106],[-79.393115,43.710748],[-79.392786,43.70986],[-79.393017,43.709812],[-79.392863,43.709167],[-79.39260796818196,43.70921891719153],[-79.392374,43.70861],[-79.391021,43.708884],[-79.39304484016706,43.70847388069227],[-79.39380368201427,43.7083661215278],[-79.393061,43.708521],[-79.393935,43.70845],[-79.393078,43.708567],[-79.393267,43.709085],[-79.39399603754639,43.708936093865965],[-79.394246,43.709561],[-79.394051,43.709598],[-79.394396,43.710492]]],[[[-79.37824618869095,43.713361492469986],[-79.37876733080482,43.71462132608005],[-79.37777937128322,43.71482192461344],[-79.377622,43.713851],[-79.378387,43.713729],[-79.37824618869095,43.713361492469986]]],[[[-79.377648,43.7168],[-79.378092,43.716717],[-79.37778431776762,43.71485244265551],[-79.378204,43.717255],[-79.38078673128472,43.716744499515265],[-79.38113,43.71731],[-79.37845,43.718441],[-79.378413,43.718264],[-79.377364,43.718652],[-79.37686701819058,43.716960061895215],[-79.37765,43.716805],[-79.377418,43.716226],[-79.377648,43.7168]]],[[[-79.38224613886418,43.71883022286864],[-79.38269508528192,43.71901693070858],[-79.382544,43.719501],[-79.382268,43.719482],[-79.38224613886418,43.71883022286864]]],[[[-79.388439,43.71905],[-79.389682,43.718798],[-79.390445,43.718643],[-79.390898,43.720266],[-79.389329,43.720565],[-79.388922,43.719608],[-79.388439,43.71905]]],[[[-79.386475,43.71946],[-79.38414,43.719918],[-79.38829890155093,43.71908021533637],[-79.388783,43.721409],[-79.388598,43.72056],[-79.386794,43.720931],[-79.386475,43.71946]]],[[[-79.376265,43.731814],[-79.37602,43.731619],[-79.37592459103311,43.73117638108144],[-79.377589,43.730849],[-79.377249,43.7299],[-79.377724,43.729807],[-79.377788,43.729977],[-79.379335,43.72965],[-79.379492,43.730417],[-79.380408,43.73024],[-79.38139697835847,43.730241999956235],[-79.381103,43.731617],[-79.383583,43.731428],[-79.384343,43.732211],[-79.383886,43.732867],[-79.384279,43.732789],[-79.383855,43.733622],[-79.384098,43.733879],[-79.384511,43.734003],[-79.383732,43.734409],[-79.383222,43.733873],[-79.383017,43.733861],[-79.383331,43.73415],[-79.38354,43.734604],[-79.383419,43.734628],[-79.383485,43.734766],[-79.383666,43.734769],[-79.38462943718795,43.736264127383166],[-79.383801,43.734979],[-79.38170418745834,43.73539376511191],[-79.381407,43.733907],[-79.37943750318914,43.73431021140384],[-79.378222,43.733543],[-79.377744,43.733509],[-79.37739,43.733025],[-79.376761,43.732875],[-79.376291,43.732368],[-79.376265,43.731814]]],[[[-79.37930360682604,43.73435433784393],[-79.379514,43.735108],[-79.379378,43.7347],[-79.376316,43.735396],[-79.375987,43.735127],[-79.37930360682604,43.73435433784393]]],[[[-79.395522,43.74249],[-79.395045,43.743703],[-79.394561,43.743798],[-79.394998,43.74236],[-79.395522,43.74249]]],[[[-79.391253,43.742986],[-79.391476,43.743744],[-79.390957,43.743621],[-79.390829,43.743129],[-79.39102362949782,43.742585824819855],[-79.391253,43.742986]]],[[[-79.383853,43.743952],[-79.384078,43.744506],[-79.383852,43.743952],[-79.38337829568026,43.744002860884855],[-79.38329309791045,43.74356498985434],[-79.384287,43.743462],[-79.384182,43.742928],[-79.38437173011191,43.743875672569246],[-79.383853,43.743952]]],[[[-79.385712,43.7462],[-79.385866,43.74658],[-79.386087,43.746668],[-79.386395,43.747571],[-79.384156,43.748059],[-79.383891,43.746583],[-79.383792,43.746094],[-79.384359,43.745975],[-79.38455,43.746448],[-79.385712,43.7462]]],[[[-79.3917707102822,43.749724288487144],[-79.391295,43.748556],[-79.38978,43.748881],[-79.391296,43.748555],[-79.393598,43.748075],[-79.394076,43.749225],[-79.3917707102822,43.749724288487144]]],[[[-79.38485167400793,43.751550437154904],[-79.386741,43.751153],[-79.386567,43.751501],[-79.38490312930622,43.751824974788725],[-79.38485167400793,43.751550437154904]]],[[[-79.392604,43.751637],[-79.391563,43.751329],[-79.390378,43.752238],[-79.390895,43.752486],[-79.389798,43.751974],[-79.389087,43.751849],[-79.387857,43.752168],[-79.387437,43.751937],[-79.38720022938573,43.751373545879936],[-79.39051,43.750653],[-79.391176,43.751207],[-79.392604,43.751637]]],[[[-79.385307,43.753731],[-79.386078,43.753647],[-79.386166,43.754063],[-79.385401,43.754191],[-79.38578972361812,43.756040437186016],[-79.3849120681113,43.75186778173304],[-79.385307,43.753731]]],[[[-79.39073571902146,43.756294807104055],[-79.390165,43.755903],[-79.3904,43.755722],[-79.39102173681489,43.756032868407445],[-79.39073571902146,43.756294807104055]]],[[[-79.377689,43.756865],[-79.37804098988255,43.757734974993795],[-79.375758,43.758212],[-79.37510093414046,43.75834870911042],[-79.37553,43.758259],[-79.375183,43.75739],[-79.377689,43.756865]]],[[[-79.392168,43.76603],[-79.392466,43.76671],[-79.392024,43.765702],[-79.38964387891107,43.7662177121282],[-79.38944558274085,43.76574629104429],[-79.392359,43.765148],[-79.392436,43.765332],[-79.393017,43.765204],[-79.392767,43.764615],[-79.39312430147574,43.76545535710215],[-79.392571,43.76558],[-79.39270994664068,43.765911011715424],[-79.392168,43.76603]]],[[[-79.38523501653769,43.766245884492115],[-79.38508295535028,43.76560955200724],[-79.385583,43.765518],[-79.385768,43.765667],[-79.385872,43.76611],[-79.38523501653769,43.766245884492115]]],[[[-79.38553320581684,43.76729585353201],[-79.38085087066636,43.76829867925257],[-79.380136,43.766525],[-79.380495,43.767415],[-79.381306,43.767244],[-79.381145,43.766862],[-79.381692,43.766787],[-79.381312,43.766266],[-79.381701,43.766785],[-79.38226661784086,43.76644283612096],[-79.382634,43.766743],[-79.38280126434881,43.76676506465878],[-79.382675,43.766792],[-79.382804,43.766985],[-79.384007,43.766655],[-79.384363,43.767541],[-79.384986,43.767411],[-79.384784,43.76692],[-79.385109,43.76685],[-79.385308,43.767342],[-79.38553320581684,43.76729585353201]]],[[[-79.388663,43.765907],[-79.387923,43.766071],[-79.388116,43.766944],[-79.388638,43.766829],[-79.38854323420557,43.76646770540874],[-79.389004,43.766353],[-79.3895700135678,43.76623360651305],[-79.389373,43.766276],[-79.389599,43.766984],[-79.388199,43.767286],[-79.388325,43.767813],[-79.389809,43.767488],[-79.38972899999978,43.76729599999944],[-79.389784,43.767427],[-79.390572,43.767253],[-79.3903462792208,43.76687679870133],[-79.39085932462443,43.76761992832967],[-79.391426,43.769176],[-79.392223,43.769002],[-79.392441,43.769525],[-79.39501,43.76897],[-79.390787,43.769886],[-79.390967,43.770316],[-79.393074,43.769846],[-79.393261,43.770288],[-79.393769,43.770175],[-79.39414,43.771046],[-79.391527,43.771624],[-79.390702,43.769903],[-79.388875,43.770295],[-79.3889165882351,43.77047988235211],[-79.388663,43.769381],[-79.38803340868859,43.769519391540825],[-79.387415,43.766805],[-79.38713194213521,43.76688252181575],[-79.386891,43.765907],[-79.387829,43.765707],[-79.387605,43.764878],[-79.38781,43.765636],[-79.388549,43.765427],[-79.388663,43.765907]],[[-79.389941,43.770066],[-79.389792,43.769462],[-79.388735,43.76969],[-79.388875,43.770295],[-79.389941,43.770066]],[[-79.389227,43.768519],[-79.389517,43.768456],[-79.389442,43.768042],[-79.389858,43.768382],[-79.390157,43.768317],[-79.389929,43.767762],[-79.389365,43.767886],[-79.389227,43.768519]],[[-79.389033,43.768962],[-79.388882,43.768594],[-79.388506,43.768676],[-79.388578,43.769056],[-79.389033,43.768962]]],[[[-79.37841307965864,43.767857197597685],[-79.37877270660073,43.76874927220683],[-79.3782644579963,43.7688576577526],[-79.37790424880264,43.76796561614834],[-79.37841307965864,43.767857197597685]]],[[[-79.387555,43.769396],[-79.387103,43.769492],[-79.386711,43.768373],[-79.38737,43.768233],[-79.387768,43.769216],[-79.387504,43.769272],[-79.387555,43.769396]]],[[[-79.378985,43.768704],[-79.37890814814757,43.76872038888901],[-79.38025016015168,43.768426390545294],[-79.380421,43.768843],[-79.380631,43.769014],[-79.380958,43.770381],[-79.380978,43.770466],[-79.380664,43.769152],[-79.37989422921667,43.76931595117983],[-79.37971,43.768545],[-79.379281,43.76864],[-79.378985,43.768704]]],[[[-79.378892,43.770911],[-79.379482,43.770784],[-79.380208,43.770629],[-79.38098108416756,43.77046535350372],[-79.38136401963476,43.77207368246601],[-79.37986559684666,43.772384786830166],[-79.379483,43.770784],[-79.378892,43.770911]]],[[[-79.389651,43.773767],[-79.38906559619682,43.77112998551138],[-79.389264,43.771999],[-79.389867,43.771867],[-79.389915,43.771978],[-79.391527,43.771624],[-79.389906,43.77198],[-79.39000283316764,43.77241425183432],[-79.389386,43.772546],[-79.389463,43.77291],[-79.389649,43.773755],[-79.389784,43.774334],[-79.389982,43.775242],[-79.389651,43.773767]]],[[[-79.384137,43.776298],[-79.383571,43.776401],[-79.384119,43.776245],[-79.383981,43.775846],[-79.383551,43.775401],[-79.383367,43.774982],[-79.383622,43.775381],[-79.38561,43.77526],[-79.385805,43.77707],[-79.384326,43.777111],[-79.384385,43.777493],[-79.384137,43.776298]]],[[[-79.391275,43.777896],[-79.390614,43.778037],[-79.39063958290122,43.77815825005285],[-79.39052322592235,43.777655950431964],[-79.391193,43.777509],[-79.391275,43.777896]]],[[[-79.382963,43.778396],[-79.38285697147447,43.77917124753081],[-79.382074,43.779025],[-79.38238,43.778674],[-79.381669,43.778803],[-79.382374,43.778139],[-79.381557,43.777767],[-79.382963,43.778396]]],[[[-79.389259,43.782051],[-79.389438,43.782183],[-79.388646,43.782354],[-79.388484,43.782604],[-79.388767,43.78267],[-79.389416,43.782506],[-79.389673,43.783231],[-79.388061,43.783585],[-79.387733,43.782813],[-79.387099,43.782946],[-79.386793,43.782243],[-79.388143,43.781944],[-79.388208,43.782103],[-79.388418,43.782057],[-79.388478,43.78222],[-79.389259,43.782051]]],[[[-79.383481,43.782144],[-79.383533,43.78241],[-79.384307,43.782249],[-79.384828,43.783421],[-79.383685,43.783668],[-79.383572,43.7834],[-79.383022,43.783519],[-79.382638,43.782596],[-79.383456,43.782426],[-79.383481,43.782144]]],[[[-79.392895,43.788762],[-79.3899709709256,43.78938240328243],[-79.38995,43.788952],[-79.390106,43.788736],[-79.38962,43.788483],[-79.390741,43.787577],[-79.39046805961297,43.78628228277946],[-79.392315,43.785869],[-79.392043,43.784456],[-79.39154105020222,43.78225561598853],[-79.39201,43.784299],[-79.392109,43.784764],[-79.392504,43.786817],[-79.393892,43.786507],[-79.39353,43.786588],[-79.394555,43.787328],[-79.394848,43.787312],[-79.392695,43.787795],[-79.392895,43.788762]]],[[[-79.392449,43.790287],[-79.391352,43.79052],[-79.39223680325205,43.79270072720708],[-79.39046244443531,43.793096630984536],[-79.389737,43.791309],[-79.38966,43.79089],[-79.389786,43.790424],[-79.381055,43.792285],[-79.39308727137065,43.789720155317404],[-79.393887,43.789553],[-79.398378,43.787524],[-79.393994,43.789531],[-79.39408430117257,43.789848975405555],[-79.393154,43.790069],[-79.39400751953912,43.789908848697394],[-79.39315939828379,43.7900989109102],[-79.393084,43.789721],[-79.392312,43.789887],[-79.392394,43.790298],[-79.3931652667752,43.79013216168546],[-79.392449,43.790287]]],[[[-79.386972,43.791897],[-79.38806211039933,43.79166517905432],[-79.38890294121241,43.79302890465366],[-79.387598,43.793305],[-79.386455,43.792141],[-79.386972,43.791897]]],[[[-79.39459588453279,43.79403449050907],[-79.394419,43.793254],[-79.39382403699078,43.79332199577249],[-79.393596,43.792298],[-79.39523426802216,43.791896422634814],[-79.395562,43.79268],[-79.395779,43.792772],[-79.396126,43.793699],[-79.39459588453279,43.79403449050907]]],[[[-79.3880607193654,43.7973686464309],[-79.38815,43.797754],[-79.388855,43.797713],[-79.38937,43.797392],[-79.389124,43.796338],[-79.391037,43.796155],[-79.39429543985624,43.795418206462585],[-79.394838,43.797743],[-79.395178,43.799153],[-79.394041,43.799678],[-79.39274145878137,43.8],[-79.39019702346042,43.8],[-79.390207,43.799865],[-79.389949,43.799772],[-79.39016853449,43.79997756411338],[-79.389971,43.799822],[-79.389856,43.799563],[-79.389389,43.799918],[-79.3880355791367,43.8],[-79.387156,43.799561],[-79.387432,43.799672],[-79.386748,43.797648],[-79.3880607193654,43.7973686464309]]],[[[-79.306119,43.658563],[-79.305971,43.657928],[-79.305062,43.657007],[-79.305029,43.656639],[-79.30539,43.65644],[-79.306373,43.656619],[-79.306891,43.656584],[-79.307693,43.656191],[-79.308324,43.655262],[-79.308427,43.654922],[-79.308347,43.654357],[-79.30849,43.654176],[-79.308624,43.654163],[-79.309401,43.655246],[-79.310087,43.655441],[-79.310249,43.655402],[-79.310365,43.655181],[-79.310862,43.65522],[-79.311206,43.655474],[-79.311214,43.655846],[-79.310896,43.656051],[-79.310155,43.656142],[-79.309087,43.655906],[-79.308538,43.655972],[-79.307882,43.656688],[-79.3073,43.656902],[-79.306876,43.656897],[-79.306858,43.657194],[-79.307596,43.657719],[-79.309388,43.658234],[-79.309564,43.658261],[-79.309605,43.658068],[-79.309721,43.658072],[-79.310344,43.658397],[-79.310923,43.657935],[-79.311204,43.65726],[-79.310228,43.656934],[-79.310418,43.656687],[-79.310749,43.656616],[-79.311081,43.656841],[-79.311639,43.656923],[-79.312294,43.656735],[-79.312567,43.656853],[-79.312621,43.657082],[-79.312247,43.657235],[-79.311965,43.657527],[-79.311741,43.657535],[-79.311673,43.657778],[-79.311844,43.657959],[-79.3117,43.658341],[-79.311807,43.658571],[-79.311929,43.658535],[-79.312039,43.658751],[-79.31194,43.658792],[-79.31215,43.65885],[-79.31187,43.659007],[-79.311977,43.659084],[-79.312187,43.658909],[-79.312402,43.659071],[-79.312145,43.659233],[-79.312231,43.659305],[-79.312467,43.659121],[-79.312658,43.659265],[-79.312422,43.659436],[-79.312649,43.659414],[-79.312971,43.659653],[-79.314407,43.660924],[-79.314129,43.661126],[-79.313991,43.661081],[-79.314037,43.661194],[-79.313404,43.661323],[-79.313281,43.661512],[-79.313358,43.66165],[-79.314349,43.661622],[-79.314367,43.661758],[-79.314925,43.661966],[-79.317113,43.661475],[-79.317078,43.660949],[-79.317672,43.660887],[-79.317875,43.661076],[-79.31787,43.660908],[-79.318056,43.660891],[-79.317067,43.660788],[-79.315614,43.659585],[-79.313506,43.658353],[-79.31314,43.658073],[-79.313135,43.65792],[-79.313716,43.657575],[-79.314428,43.657405],[-79.316158,43.657604],[-79.316749,43.657298],[-79.316278,43.656789],[-79.315985,43.656202],[-79.316293,43.655832],[-79.315779,43.653729],[-79.315629,43.65356],[-79.31562,43.652932],[-79.315556,43.652761],[-79.315387,43.652735],[-79.315056,43.651259],[-79.31514,43.651127],[-79.315308,43.651138],[-79.315379,43.651511],[-79.316102,43.651385],[-79.316356,43.651147],[-79.316542,43.650704],[-79.316307,43.650442],[-79.316554,43.650511],[-79.317104,43.650231],[-79.317637,43.649507],[-79.317693,43.649339],[-79.317366,43.649188],[-79.317108,43.649293],[-79.317067,43.6491],[-79.317424,43.648883],[-79.317442,43.649098],[-79.31784,43.649265],[-79.318293,43.649043],[-79.318643,43.648675],[-79.318874,43.647901],[-79.318474,43.647824],[-79.318383,43.647952],[-79.318202,43.647939],[-79.318267,43.647625],[-79.318491,43.64744],[-79.31849,43.647705],[-79.3189,43.647786],[-79.319374,43.647492],[-79.319646,43.647129],[-79.319864,43.646256],[-79.319776,43.646108],[-79.31988,43.645865],[-79.32034,43.645541],[-79.321296,43.642685],[-79.321271,43.64239],[-79.320676,43.642018],[-79.320639,43.641776],[-79.321203,43.641102],[-79.322063,43.638913],[-79.321598,43.638113],[-79.321605,43.637769],[-79.322221,43.637342],[-79.322433,43.637045],[-79.322952,43.635701],[-79.323165,43.634774],[-79.323112,43.63446],[-79.322676,43.634079],[-79.321169,43.633467],[-79.320856,43.633212],[-79.321891,43.632744],[-79.322359,43.630394],[-79.322204,43.6297],[-79.32119,43.629474],[-79.321089,43.629347],[-79.321292,43.629213],[-79.322113,43.629128],[-79.322345,43.62882],[-79.322674,43.626469],[-79.322463,43.626214],[-79.321569,43.626065],[-79.321422,43.625891],[-79.321505,43.625777],[-79.322622,43.625558],[-79.322946,43.624929],[-79.323143,43.623991],[-79.323124,43.623074],[-79.322741,43.622768],[-79.321828,43.622566],[-79.32182,43.622278],[-79.322939,43.622285],[-79.323365,43.622142],[-79.323845,43.621661],[-79.324062,43.620847],[-79.324228,43.618358],[-79.32411,43.618133],[-79.323535,43.617705],[-79.323536,43.61734],[-79.324055,43.61727],[-79.324605,43.617587],[-79.325313,43.617792],[-79.32682,43.617471],[-79.327232,43.617532],[-79.327264,43.617753],[-79.327033,43.61798],[-79.326311,43.618119],[-79.325648,43.618518],[-79.325054,43.619422],[-79.325161,43.620454],[-79.324807,43.621222],[-79.324826,43.621582],[-79.325478,43.621983],[-79.326034,43.622083],[-79.328378,43.621777],[-79.328644,43.621674],[-79.328657,43.621323],[-79.326978,43.620328],[-79.32679,43.620108],[-79.326708,43.619565],[-79.32696,43.619035],[-79.327202,43.618844],[-79.327492,43.618798],[-79.327722,43.618911],[-79.327967,43.619454],[-79.32825,43.619633],[-79.329519,43.620095],[-79.33067,43.620332],[-79.331862,43.620409],[-79.332426,43.620418],[-79.333892,43.620136],[-79.334551,43.619875],[-79.334987,43.619365],[-79.336074,43.619428],[-79.337097,43.619142],[-79.338954,43.617643],[-79.34095,43.615131],[-79.341836,43.614715],[-79.342729,43.613098],[-79.342967,43.612821],[-79.34334,43.612732],[-79.3437,43.612813],[-79.344123,43.613256],[-79.343694,43.615332],[-79.343766,43.616727],[-79.344359,43.617717],[-79.344624,43.617862],[-79.344777,43.618152],[-79.344672,43.618428],[-79.344417,43.618537],[-79.343581,43.619442],[-79.34338,43.620348],[-79.343555,43.620754],[-79.343943,43.621131],[-79.344782,43.621635],[-79.345036,43.621649],[-79.345054,43.621773],[-79.344272,43.622292],[-79.343294,43.622146],[-79.343105,43.621904],[-79.343318,43.621653],[-79.342977,43.621223],[-79.342811,43.620442],[-79.342849,43.619673],[-79.342714,43.619515],[-79.342128,43.619361],[-79.341229,43.619499],[-79.340444,43.619867],[-79.339748,43.620514],[-79.339646,43.620865],[-79.339762,43.621212],[-79.34006,43.621487],[-79.341031,43.62193],[-79.341139,43.622445],[-79.342236,43.622861],[-79.342599,43.62275],[-79.342835,43.622829],[-79.343155,43.623112],[-79.343203,43.623385],[-79.342876,43.623453],[-79.34238,43.623231],[-79.341884,43.6233],[-79.34051,43.624016],[-79.340183,43.624056],[-79.34051,43.623864],[-79.340451,43.623644],[-79.33961,43.623034],[-79.33888,43.623016],[-79.339025,43.622705],[-79.338911,43.622519],[-79.33907,43.622627],[-79.339175,43.622448],[-79.338931,43.622183],[-79.338666,43.622142],[-79.337752,43.622571],[-79.337375,43.622915],[-79.337374,43.62313],[-79.337221,43.622964],[-79.3369,43.623192],[-79.337264,43.623266],[-79.337203,43.62318],[-79.337414,43.623162],[-79.337446,43.622952],[-79.337669,43.622999],[-79.337773,43.623145],[-79.337592,43.623115],[-79.337693,43.623175],[-79.33823,43.623137],[-79.3374,43.623859],[-79.337027,43.624835],[-79.337311,43.625922],[-79.338627,43.628147],[-79.33945,43.629241],[-79.339829,43.629215],[-79.339466,43.629391],[-79.339144,43.62937],[-79.338379,43.628897],[-79.337689,43.629078],[-79.337439,43.629025],[-79.337363,43.628811],[-79.337505,43.628468],[-79.337411,43.628018],[-79.337323,43.62782],[-79.336892,43.627514],[-79.335904,43.627571],[-79.334989,43.62743],[-79.334906,43.627083],[-79.335758,43.626346],[-79.335429,43.625689],[-79.334871,43.625251],[-79.334326,43.62516],[-79.334227,43.625445],[-79.334388,43.625898],[-79.334305,43.625985],[-79.333971,43.62575],[-79.333627,43.625724],[-79.333125,43.625929],[-79.332637,43.625906],[-79.332108,43.626198],[-79.331615,43.625884],[-79.331286,43.625852],[-79.330961,43.626159],[-79.331656,43.62667],[-79.331429,43.626935],[-79.331538,43.627243],[-79.330849,43.627807],[-79.330652,43.628147],[-79.330356,43.62816],[-79.329926,43.628387],[-79.328689,43.630381],[-79.328656,43.630671],[-79.328871,43.630914],[-79.330135,43.6313],[-79.331348,43.63126],[-79.331575,43.631122],[-79.331879,43.630544],[-79.332338,43.630402],[-79.332536,43.630157],[-79.332663,43.630243],[-79.332523,43.630579],[-79.332793,43.630695],[-79.333824,43.630432],[-79.333912,43.630215],[-79.333722,43.629659],[-79.333976,43.629421],[-79.334366,43.629414],[-79.335192,43.629728],[-79.335892,43.629403],[-79.336125,43.629086],[-79.336451,43.629332],[-79.336339,43.629921],[-79.335963,43.63007],[-79.335423,43.63063],[-79.334895,43.630878],[-79.334516,43.631634],[-79.333208,43.631593],[-79.331444,43.632276],[-79.330563,43.632779],[-79.329981,43.632855],[-79.329645,43.633008],[-79.329637,43.633521],[-79.32951,43.633687],[-79.329473,43.63313],[-79.328992,43.633462],[-79.329019,43.63363],[-79.328008,43.634364],[-79.326315,43.634966],[-79.326267,43.635182],[-79.326841,43.635226],[-79.326283,43.635263],[-79.326111,43.635664],[-79.325328,43.635881],[-79.324594,43.636353],[-79.323402,43.63753],[-79.322974,43.638281],[-79.322995,43.638979],[-79.3226,43.640472],[-79.322624,43.641206],[-79.32232,43.641557],[-79.321946,43.643302],[-79.321744,43.643748],[-79.321582,43.644724],[-79.321683,43.644823],[-79.324322,43.645206],[-79.324581,43.644396],[-79.324461,43.644247],[-79.325328,43.642272],[-79.326297,43.640798],[-79.324753,43.640197],[-79.324712,43.640071],[-79.325055,43.639905],[-79.326707,43.640434],[-79.328861,43.63811],[-79.328587,43.637672],[-79.328658,43.637477],[-79.329428,43.637068],[-79.329618,43.637107],[-79.329769,43.63749],[-79.330234,43.637886],[-79.330374,43.638436],[-79.330951,43.638716],[-79.330082,43.63896],[-79.329733,43.6394],[-79.329894,43.639786],[-79.328907,43.640113],[-79.328578,43.640557],[-79.328663,43.640862],[-79.327864,43.641069],[-79.327528,43.641378],[-79.327412,43.641768],[-79.327611,43.642143],[-79.327175,43.64256],[-79.327161,43.643278],[-79.327353,43.643555],[-79.327882,43.643941],[-79.328446,43.644162],[-79.328514,43.644305],[-79.32824,43.644351],[-79.327296,43.643999],[-79.326741,43.644021],[-79.325368,43.645596],[-79.325621,43.646643],[-79.325901,43.646899],[-79.326591,43.646963],[-79.326866,43.646854],[-79.327388,43.647048],[-79.327357,43.647298],[-79.328243,43.647634],[-79.330453,43.646587],[-79.330958,43.645882],[-79.332336,43.644957],[-79.333532,43.64395],[-79.335293,43.642271],[-79.335245,43.642102],[-79.336298,43.641356],[-79.337417,43.640229],[-79.337246,43.639927],[-79.336389,43.639415],[-79.336187,43.639422],[-79.334485,43.640522],[-79.334424,43.640449],[-79.335549,43.639683],[-79.335804,43.639378],[-79.336495,43.639182],[-79.337649,43.639427],[-79.339209,43.639379],[-79.340649,43.639113],[-79.341582,43.638405],[-79.341602,43.638002],[-79.343154,43.637314],[-79.34551,43.634993],[-79.346907,43.634525],[-79.347084,43.633202],[-79.352515,43.633713],[-79.349387,43.631023],[-79.349534,43.630906],[-79.349823,43.629041],[-79.349828,43.629644],[-79.350209,43.629734],[-79.352597,43.629889],[-79.354412,43.629771],[-79.356067,43.627152],[-79.357822,43.625449],[-79.366453,43.619338],[-79.370493,43.617598],[-79.371384,43.61696],[-79.371581,43.61647],[-79.371945,43.616338],[-79.372276,43.616468],[-79.372509,43.616412],[-79.374997,43.615132],[-79.375842,43.614534],[-79.376082,43.614437],[-79.377076,43.614473],[-79.37861,43.613857],[-79.379697,43.613726],[-79.380874,43.613105],[-79.382064,43.612257],[-79.38223,43.612325],[-79.384015,43.612012],[-79.387547,43.612123],[-79.388733,43.611954],[-79.389678,43.612244],[-79.389859,43.61255],[-79.389676,43.612637],[-79.389611,43.613042],[-79.389898,43.613297],[-79.389937,43.613656],[-79.391614,43.615059],[-79.39156,43.615853],[-79.391919,43.616651],[-79.393364,43.618469],[-79.393434,43.618707],[-79.394471,43.619861],[-79.398015,43.622576],[-79.398514,43.623184],[-79.40136,43.625394],[-79.403291,43.626638],[-79.404287,43.626441],[-79.404899,43.627838],[-79.402798,43.629344],[-79.398766,43.631551],[-79.397854,43.632678],[-79.398278,43.632955],[-79.397923,43.633362],[-79.402316,43.631018],[-79.403026,43.631283],[-79.402943,43.631467],[-79.405063,43.633116],[-79.406648,43.632851],[-79.408624,43.633066],[-79.408793,43.6317],[-79.409997,43.631117],[-79.409991,43.630941],[-79.409461,43.631016],[-79.409266,43.630117],[-79.409077,43.629794],[-79.409197,43.629518],[-79.409984,43.629388],[-79.410241,43.629206],[-79.410091,43.628565],[-79.410218,43.627945],[-79.411238,43.627312],[-79.412809,43.627354],[-79.413557,43.627041],[-79.414768,43.627188],[-79.415465,43.627044],[-79.415588,43.62687],[-79.415672,43.626937],[-79.415524,43.627318],[-79.415635,43.627667],[-79.41609,43.627866],[-79.416231,43.628131],[-79.417354,43.627939],[-79.417854,43.627367],[-79.417754,43.626912],[-79.418121,43.627065],[-79.418376,43.627029],[-79.418619,43.626767],[-79.418367,43.62664],[-79.41652,43.626418],[-79.414858,43.62652],[-79.416605,43.626306],[-79.418163,43.626508],[-79.419497,43.626907],[-79.420025,43.626792],[-79.420353,43.62717],[-79.421262,43.627517],[-79.422386,43.62746],[-79.422544,43.627734],[-79.422119,43.628134],[-79.422062,43.628472],[-79.422466,43.629062],[-79.419626,43.629317],[-79.419416,43.629202],[-79.419358,43.629012],[-79.419753,43.628758],[-79.419698,43.628579],[-79.419846,43.628347],[-79.41955,43.628678],[-79.419383,43.628687],[-79.419167,43.628443],[-79.419348,43.628047],[-79.418978,43.627888],[-79.418682,43.627989],[-79.41859,43.628224],[-79.418032,43.628228],[-79.418428,43.629496],[-79.418684,43.629453],[-79.42014,43.63013],[-79.425964,43.629657],[-79.429481,43.630024],[-79.433624,43.630845],[-79.439265,43.633144],[-79.439358,43.63323],[-79.439291,43.63357],[-79.440006,43.633907],[-79.439995,43.634228],[-79.441141,43.634874],[-79.442004,43.634948],[-79.443225,43.634715],[-79.443918,43.635014],[-79.443913,43.635154],[-79.4466089945991,43.636212396759454],[-79.446181,43.636113],[-79.446009,43.636313],[-79.445541,43.636195],[-79.445154,43.636671],[-79.445119419741,43.637217368092294],[-79.437725,43.634117],[-79.437857,43.634461],[-79.43607,43.633812],[-79.434473,43.633436],[-79.432713,43.633199],[-79.430525,43.633124],[-79.428435,43.63331],[-79.426468,43.633697],[-79.425367,43.634087],[-79.408981,43.638539],[-79.404102,43.639696],[-79.401168,43.640115],[-79.401371,43.640617],[-79.40408964198002,43.6404555018283],[-79.404333,43.641114],[-79.404812,43.641035],[-79.40632354993399,43.64150519398732],[-79.406441,43.64178],[-79.40734869664587,43.641597570772156],[-79.408698,43.642698],[-79.408833,43.642672],[-79.40946609744391,43.64349094217744],[-79.409066,43.642996],[-79.408521,43.643122],[-79.409009,43.643691],[-79.408577,43.643857],[-79.408773,43.644084],[-79.407188,43.644398],[-79.406774,43.643489],[-79.404715,43.643876],[-79.404774,43.644031],[-79.404445,43.644097],[-79.404599,43.644492],[-79.404053,43.644601],[-79.403898,43.644208],[-79.402881,43.644363],[-79.40320029455499,43.64519903792673],[-79.40059,43.645744],[-79.40182,43.645487],[-79.401647,43.645062],[-79.401327,43.645124],[-79.40163,43.645021],[-79.401573,43.64488],[-79.40185,43.644824],[-79.401574,43.644145],[-79.40108877239754,43.64423895653841],[-79.400999,43.643844],[-79.401186,43.643803],[-79.40105,43.643468],[-79.401823,43.643311],[-79.401396,43.643402],[-79.401527,43.643721],[-79.401953,43.643635],[-79.401865,43.643653],[-79.402032,43.644057],[-79.401926,43.644077],[-79.402085,43.644462],[-79.40286,43.64431],[-79.40245824260444,43.643344408030174],[-79.402523,43.643493],[-79.403253,43.643349],[-79.403192,43.643191],[-79.403003,43.64323],[-79.402759,43.64252],[-79.40216573899185,43.642641398844596],[-79.401866,43.641921],[-79.40035904494462,43.64222817204453],[-79.399802,43.641162],[-79.398821,43.641412],[-79.397904,43.641659],[-79.39800782601385,43.64188415244648],[-79.397257,43.642043],[-79.39751654566821,43.64255513640022],[-79.397163,43.641859],[-79.392615,43.643089],[-79.392782,43.643495],[-79.3923,43.643903],[-79.39214396455257,43.6439359137272],[-79.391872,43.643274],[-79.389563,43.643794],[-79.389829,43.644449],[-79.388931,43.644638],[-79.389193,43.645283],[-79.387338,43.645677],[-79.387533,43.646144],[-79.387927,43.646063],[-79.388083,43.64644],[-79.387734,43.646607],[-79.387892,43.646991],[-79.389726,43.646598],[-79.389961,43.64715],[-79.39077214645789,43.64689138887097],[-79.39083,43.647045],[-79.3912976418501,43.646939531838065],[-79.391507,43.647444],[-79.391025,43.64754],[-79.391363,43.648173],[-79.39097098815787,43.64825697096957],[-79.390765,43.647752],[-79.38938098619998,43.64804296612721],[-79.389216,43.647638],[-79.388507,43.647838],[-79.388490173188,43.64779496219238],[-79.389681,43.647535],[-79.389586,43.647306],[-79.388403,43.647572],[-79.388332,43.647401],[-79.387841,43.647508],[-79.38791098836244,43.64767797173732],[-79.387363,43.647796],[-79.386664,43.646215],[-79.386521,43.646246],[-79.386364,43.645884],[-79.385527,43.646062],[-79.385392,43.645719],[-79.384786,43.645847],[-79.384715,43.645674],[-79.384321,43.645761],[-79.383993,43.644974],[-79.38264246521604,43.6452556162487],[-79.383734,43.645024],[-79.383534,43.644548],[-79.382265,43.644817],[-79.38247074964589,43.64529142272719],[-79.379135,43.645987],[-79.378939,43.645561],[-79.376559,43.645915],[-79.376974,43.646885],[-79.375764,43.647461],[-79.3752699101289,43.646336575986474],[-79.375979,43.646012],[-79.374966,43.645831],[-79.374055,43.645939],[-79.37108,43.64663],[-79.37154091079681,43.647644979374256],[-79.3695354274654,43.64803091773789],[-79.36936985602959,43.647778976160424],[-79.369998,43.647593],[-79.369728,43.646775],[-79.367183,43.647317],[-79.367525,43.648098],[-79.368125,43.647961],[-79.36826346040361,43.64833812241507],[-79.367122,43.648656],[-79.36324218268386,43.64953060627096],[-79.366629,43.648766],[-79.366094,43.647549],[-79.365526,43.64767],[-79.365807,43.64853],[-79.365489,43.647696],[-79.36143,43.648541],[-79.36146339062893,43.64861819413591],[-79.35684,43.650098],[-79.357378,43.651333],[-79.35785,43.651219],[-79.358016,43.651596],[-79.359921,43.651146],[-79.3597556372086,43.650762460917264],[-79.360335,43.652101],[-79.358094,43.652624],[-79.358615,43.653861],[-79.356064,43.655166],[-79.355852,43.655359],[-79.356979,43.656383],[-79.356159,43.656869],[-79.354963,43.657737],[-79.356525,43.657363],[-79.356824,43.658028],[-79.35699861890137,43.65844066259909],[-79.356907,43.658225],[-79.356329,43.658367],[-79.356595,43.658921],[-79.35714945520273,43.658797121720475],[-79.357259,43.659056],[-79.357452,43.659512],[-79.360042,43.65803],[-79.360588,43.657918],[-79.364475,43.657062],[-79.365002,43.656944],[-79.36549903292392,43.65817244343],[-79.364738,43.658344],[-79.36506,43.659162],[-79.364324,43.659319],[-79.3645,43.659762],[-79.365995,43.659425],[-79.366248,43.660036],[-79.366684,43.659942],[-79.36662,43.659787],[-79.36753734665203,43.65958014794398],[-79.368131,43.66104],[-79.367423,43.66119],[-79.36767199633606,43.661713992289535],[-79.367436,43.661224],[-79.366793,43.661357],[-79.367014,43.661945],[-79.366329,43.662093],[-79.36647,43.662438],[-79.366328,43.662093],[-79.356794,43.664398],[-79.357879,43.667998],[-79.354841,43.658051],[-79.354257,43.65724],[-79.351663,43.654903],[-79.351436,43.655034],[-79.354106,43.657447],[-79.354667,43.658282],[-79.356486,43.664365],[-79.35744,43.668049],[-79.35772,43.668643],[-79.358105,43.669034],[-79.3581730265287,43.669267188612345],[-79.35791712797472,43.66909135744979],[-79.3581814761712,43.669296153200825],[-79.35832,43.669771],[-79.357934,43.669844],[-79.360187,43.67267],[-79.358816,43.670999],[-79.358344,43.671132],[-79.357245,43.669894],[-79.356789,43.66915],[-79.356275,43.667095],[-79.356103,43.666871],[-79.355053,43.667111],[-79.354949,43.666871],[-79.353354,43.667235],[-79.353433,43.667551],[-79.352911,43.666161],[-79.353516,43.666028],[-79.353237,43.665366],[-79.35301073306158,43.665418803768155],[-79.355322,43.664784],[-79.354261,43.663583],[-79.354092,43.662571],[-79.353351,43.66273],[-79.353047,43.662051],[-79.352762,43.662114],[-79.352627,43.66179],[-79.352508,43.661793],[-79.35185,43.660162],[-79.351568,43.660221],[-79.351217,43.659329],[-79.352499,43.659026],[-79.352375,43.658698],[-79.3522236978755,43.658336061584535],[-79.353177,43.658118],[-79.352981,43.657659],[-79.352412,43.657063],[-79.35042,43.657513],[-79.35069,43.65816],[-79.34965482978372,43.65841378253399],[-79.349078,43.657057],[-79.348462,43.657197],[-79.34819032002997,43.65654535598992],[-79.350255,43.656977],[-79.352171,43.656793],[-79.350998,43.655708],[-79.34660489119665,43.65670459866533],[-79.346964,43.655959],[-79.34754,43.655293],[-79.349179,43.654075],[-79.347261,43.651732],[-79.34686053019932,43.651887424899165],[-79.346745,43.651746],[-79.347018,43.651639],[-79.34692,43.651519],[-79.347465,43.651311],[-79.347153,43.65093],[-79.340835,43.653643],[-79.341042,43.654147],[-79.33568,43.656491],[-79.336666,43.658877],[-79.3375649465484,43.65868476741955],[-79.3329342892441,43.659693442889896],[-79.332337,43.658306],[-79.332333,43.658048],[-79.3304,43.658941],[-79.33089739006543,43.66013943590571],[-79.33053455716697,43.66021888065208],[-79.330418,43.659944],[-79.330154,43.659868],[-79.328887,43.660216],[-79.32972691354104,43.66214668881749],[-79.327512,43.662641],[-79.32618172072969,43.66294534912],[-79.325934,43.662368],[-79.32488629834829,43.66259776764872],[-79.326294,43.662287],[-79.325936,43.661443],[-79.326921,43.661219],[-79.327281,43.662059],[-79.327969,43.661898],[-79.327155,43.659844],[-79.324482,43.660491],[-79.324259,43.660435],[-79.320443,43.661307],[-79.32040906287604,43.6612221571901],[-79.328526,43.659411],[-79.328767,43.659611],[-79.328779,43.659486],[-79.329859,43.659095],[-79.337731,43.655383],[-79.33554,43.652615],[-79.33536450310231,43.652689392680614],[-79.335059,43.652316],[-79.331483,43.653857],[-79.33176980921769,43.65421317411278],[-79.3301,43.652211],[-79.32516142475411,43.65367287426796],[-79.323782,43.651979],[-79.322601,43.650232],[-79.321511,43.650627],[-79.322345,43.651654],[-79.321679,43.652143],[-79.325596,43.656954],[-79.32637749277639,43.656568743024664],[-79.328436,43.659235],[-79.318918,43.661352],[-79.314868,43.662274],[-79.309753,43.663397],[-79.307245,43.663968],[-79.306398,43.664269],[-79.30546,43.664923],[-79.30631,43.664302],[-79.306728,43.664145],[-79.306635,43.663888],[-79.30413,43.664448],[-79.303984,43.664379],[-79.304017,43.66446],[-79.3027282755215,43.664852123692796],[-79.303068,43.664572],[-79.303302,43.664597],[-79.305301,43.66265],[-79.305871,43.661843],[-79.306401,43.660719],[-79.306271,43.660375],[-79.305467,43.660324],[-79.304969,43.65986],[-79.305274,43.659401],[-79.305611,43.659339],[-79.306119,43.658563]],[[-79.403418,43.643782],[-79.403725,43.64372],[-79.403465,43.643047],[-79.403161,43.643108],[-79.403253,43.643349],[-79.403418,43.643782]],[[-79.355642,43.664686],[-79.355304,43.66479],[-79.355869,43.666564],[-79.356275,43.667095],[-79.355642,43.664686]],[[-79.353016,43.659704],[-79.353536,43.660826],[-79.353994,43.660731],[-79.353829,43.660344],[-79.354015,43.660262],[-79.353855,43.659918],[-79.353609,43.65997],[-79.353099,43.658888],[-79.352499,43.659026],[-79.353016,43.659704]],[[-79.324794,43.653221],[-79.327415,43.652093],[-79.326405,43.650854],[-79.323782,43.651979],[-79.324794,43.653221]],[[-79.349518,43.653594],[-79.35381169075207,43.65732246626007],[-79.349524,43.653599],[-79.347731,43.651423],[-79.349518,43.653594]],[[-79.35425791027747,43.65776511126323],[-79.35429837141642,43.65784243228793],[-79.354283,43.65779],[-79.35425791027747,43.65776511126323]],[[-79.35671454247716,43.666084052530934],[-79.357321,43.668191],[-79.35736017249403,43.668286312752834],[-79.35671454247716,43.666084052530934]],[[-79.3574118722145,43.66841210619035],[-79.357508,43.668646],[-79.35770487245894,43.66886030608921],[-79.3574118722145,43.66841210619035]],[[-79.35698,43.659895],[-79.35769,43.661305],[-79.358162,43.661198],[-79.35756,43.65977],[-79.35698,43.659895]],[[-79.357609,43.661324],[-79.357759,43.66169],[-79.357456,43.661758],[-79.357302,43.661393],[-79.356371,43.661604],[-79.35663886830989,43.66224868305924],[-79.356409,43.662477],[-79.357029,43.664331],[-79.359245,43.663707],[-79.358443,43.661845],[-79.358162,43.661198],[-79.357609,43.661324]],[[-79.357314,43.659186],[-79.356111,43.659451],[-79.35634279089122,43.660023483537366],[-79.355528,43.660185],[-79.355773,43.661005],[-79.356777,43.660781],[-79.35647,43.660173],[-79.3559885813897,43.66027300906188],[-79.356518,43.660163],[-79.35641010451504,43.66000999462052],[-79.35756,43.65977],[-79.357314,43.659186]],[[-79.34658411213185,43.63910648416218],[-79.346662,43.639063],[-79.345194,43.637703],[-79.341405,43.639858],[-79.342845,43.641194],[-79.34340563542611,43.64088100180952],[-79.336529,43.644765],[-79.336225,43.644865],[-79.338223,43.646719],[-79.34985,43.640107],[-79.347988,43.63838],[-79.34658411213185,43.63910648416218]],[[-79.34545693519445,43.64597728831733],[-79.344323,43.644644],[-79.342642,43.645599],[-79.343328,43.646237],[-79.347019,43.650763],[-79.347168,43.650499],[-79.347549,43.650315],[-79.347406,43.650127],[-79.349675,43.649147],[-79.349827,43.649334],[-79.350151,43.649193],[-79.349996,43.649005],[-79.351951,43.648163],[-79.352103,43.648358],[-79.355588,43.646854],[-79.356532,43.646325],[-79.356455,43.646062],[-79.356693,43.645913],[-79.356789,43.64565],[-79.357556,43.645705],[-79.358154,43.645341],[-79.35834,43.645021],[-79.358293,43.64463],[-79.357628,43.64451],[-79.357464,43.644283],[-79.358088,43.644015],[-79.356589,43.642176],[-79.352475,43.643945],[-79.352215,43.643422],[-79.351705,43.643851],[-79.352094,43.643472],[-79.351745,43.643005],[-79.35165,43.642586],[-79.350734,43.642959],[-79.34545693519445,43.64597728831733]],[[-79.334513,43.651653],[-79.334699,43.651578],[-79.339101,43.64971],[-79.337932,43.648277],[-79.333715,43.650671],[-79.334513,43.651653]]],[[[-79.352742,43.645678],[-79.353735,43.646882],[-79.351491,43.647854],[-79.350849,43.647073],[-79.351656,43.646726],[-79.35101085705794,43.64594026176454],[-79.35244886297062,43.645322639559],[-79.352663,43.645583],[-79.352168,43.645796],[-79.352245,43.64589],[-79.352742,43.645678]]],[[[-79.374356,43.648165],[-79.374611,43.648447],[-79.37604,43.648129],[-79.374612,43.648447],[-79.3738672893723,43.648627209023246],[-79.373281,43.647256],[-79.373394,43.647517],[-79.373803,43.647431],[-79.373941,43.647747],[-79.374088,43.647712],[-79.374032,43.647583],[-79.375503,43.646872],[-79.374144,43.647529],[-79.374356,43.648165]]],[[[-79.376429,43.648757],[-79.37671027239047,43.64940980723361],[-79.375932,43.649582],[-79.37518120879321,43.64974830219736],[-79.375715,43.649628],[-79.37545,43.648977],[-79.376429,43.648757]]],[[[-79.375045,43.649779],[-79.374412,43.649922],[-79.374258,43.649541],[-79.37397138630713,43.64887067012466],[-79.374145,43.649263],[-79.3753,43.649012],[-79.37479,43.649123],[-79.375045,43.649779]]],[[[-79.373857,43.651404],[-79.37332068168793,43.650142603299514],[-79.374412,43.649922],[-79.374623,43.650457],[-79.37492660542779,43.65118305640134],[-79.373294,43.651525],[-79.37316455817238,43.6515450268488],[-79.373857,43.651404]]],[[[-79.3607515194229,43.65093339628669],[-79.36058845895576,43.650565036797644],[-79.362141,43.650197],[-79.362724,43.651572],[-79.36158890897495,43.65182378680975],[-79.36115,43.650815],[-79.3607515194229,43.65093339628669]]],[[[-79.35976986912819,43.653941077397306],[-79.358538,43.654704],[-79.358712,43.654174],[-79.358615,43.653861],[-79.35924015680406,43.65347454177238],[-79.35976986912819,43.653941077397306]]],[[[-79.36239577049507,43.656057439080016],[-79.361008,43.656367],[-79.359209,43.656769],[-79.359355,43.657118],[-79.359167,43.656778],[-79.356525,43.657363],[-79.36145,43.656267],[-79.361107,43.655431],[-79.363079,43.654984],[-79.362477012809,43.65349762641101],[-79.36342494590079,43.655827867629576],[-79.363115,43.655072],[-79.362119,43.655381],[-79.36239577049507,43.656057439080016]]],[[[-79.373917,43.655362],[-79.373279,43.655499],[-79.373409,43.655835],[-79.372882,43.655901],[-79.373459,43.657304],[-79.37311144183452,43.65761425831639],[-79.373265,43.657416],[-79.372817,43.657272],[-79.37259852738559,43.657393455939626],[-79.372563,43.657305],[-79.372071,43.657405],[-79.371699,43.656508],[-79.370408,43.656831],[-79.371698,43.656508],[-79.371582,43.656228],[-79.372898,43.655941],[-79.372762,43.655608],[-79.37263174109708,43.65563638976089],[-79.37193371682812,43.65399168630879],[-79.373217,43.653716],[-79.373365,43.654081],[-79.373746,43.654966],[-79.373917,43.655362]]],[[[-79.37551215171504,43.655467817941954],[-79.375885,43.656185],[-79.37542,43.656286],[-79.37547705128218,43.65642380078925],[-79.37527,43.655931],[-79.37477,43.656],[-79.375255,43.655893],[-79.374971,43.655149],[-79.375124,43.655549],[-79.37551215171504,43.655467817941954]]],[[[-79.375181,43.656553],[-79.375351000002,43.65688721052586],[-79.374567,43.657067],[-79.3743502823529,43.65649916470577],[-79.37443,43.656707],[-79.37549076995305,43.65645707124035],[-79.375181,43.656553]]],[[[-79.359913,43.65808],[-79.359638,43.657404],[-79.35919,43.657496],[-79.35908453333333,43.65721506666665],[-79.359119,43.657306],[-79.36039,43.657023],[-79.360468,43.657213],[-79.361277,43.657033],[-79.360949,43.657107],[-79.361075,43.657426],[-79.359764,43.657708],[-79.359913,43.65808]]],[[[-79.373459,43.657304],[-79.374567,43.657067],[-79.375213,43.658701],[-79.37556114685701,43.65958358042938],[-79.374756,43.657546],[-79.374592,43.65758],[-79.37415,43.657675],[-79.373662,43.65778],[-79.374451,43.65968],[-79.373459,43.657304]]],[[[-79.351217,43.659329],[-79.3501275004037,43.65957044588123],[-79.3500147371432,43.659305841343354],[-79.351104873154,43.65907425567445],[-79.351217,43.659329]]],[[[-79.35047817961315,43.66051181823764],[-79.3502016362967,43.659744409401064],[-79.350815,43.659607],[-79.35098600492564,43.66002631714838],[-79.350834,43.660056],[-79.350961,43.660366],[-79.35047817961315,43.66051181823764]]],[[[-79.347808,43.660649],[-79.348191,43.660565],[-79.348597,43.661539],[-79.350759,43.661054],[-79.351702,43.663283],[-79.351188,43.6634],[-79.350835,43.662573],[-79.348219,43.663183],[-79.347266,43.660888],[-79.347852,43.660755],[-79.347808,43.660649]]],[[[-79.364008,43.663979],[-79.364469,43.665093],[-79.362457,43.665538],[-79.362258,43.665035],[-79.363367,43.664832],[-79.363092,43.664174],[-79.364008,43.663979]]],[[[-79.376501,43.666429],[-79.3757795741649,43.66651527738995],[-79.37559,43.665887],[-79.374921,43.666031],[-79.375221,43.666738],[-79.37557488146885,43.66659689536369],[-79.374674,43.667072],[-79.374534,43.666729],[-79.373706,43.664728],[-79.37361629999926,43.66451349999822],[-79.373839,43.665046],[-79.374155,43.665808],[-79.374778,43.665676],[-79.374714,43.665519],[-79.375369,43.665379],[-79.37514033888027,43.66482735854714],[-79.375508,43.6657],[-79.3778880803097,43.66519919351736],[-79.378335,43.666277],[-79.377189,43.666516],[-79.376501,43.666429]],[[-79.375033,43.666295],[-79.374409,43.666425],[-79.374482,43.666603],[-79.375073,43.666489],[-79.375221,43.666738],[-79.375033,43.666295]]],[[[-79.348171,43.665501],[-79.34908,43.665303],[-79.349423,43.666138],[-79.348518,43.666339],[-79.348171,43.665501]]],[[[-79.37120030894819,43.66527154399859],[-79.371715,43.666518],[-79.370462,43.666794],[-79.369968,43.665581],[-79.37120030894819,43.66527154399859]]],[[[-79.363786,43.66693],[-79.364536,43.666767],[-79.364809,43.66748],[-79.364079,43.667647],[-79.363786,43.66693]]],[[[-79.370407,43.670258],[-79.369859,43.668924],[-79.36415348235298,43.670182670588225],[-79.369224,43.669059],[-79.369035,43.668623],[-79.369187,43.668809],[-79.369763,43.668684],[-79.369644,43.668382],[-79.369194,43.668477],[-79.369616,43.668311],[-79.369562,43.668175],[-79.370407,43.670258]]],[[[-79.371612,43.669657],[-79.37283585196919,43.669256287092615],[-79.37333401872615,43.67041516797561],[-79.371949,43.670716],[-79.37154131052905,43.66993134436448],[-79.371612,43.669657]]],[[[-79.350623,43.671215],[-79.350263,43.670369],[-79.352427,43.669885],[-79.352746,43.670746],[-79.350623,43.671215]]],[[[-79.371458,43.671889],[-79.371126,43.671737],[-79.37085773054659,43.67139173941167],[-79.37389700402953,43.67132300966645],[-79.37408,43.671762],[-79.374324,43.671707],[-79.3743429570509,43.672264736392414],[-79.371458,43.671889]],[[-79.373372,43.671602],[-79.37299,43.671684],[-79.373194,43.672115],[-79.373589,43.672166],[-79.373372,43.671602]]],[[[-79.36768218245616,43.67327209746589],[-79.36756,43.673278],[-79.36773,43.673677],[-79.367659,43.673844],[-79.367174,43.673949],[-79.366726,43.674299],[-79.36694574667291,43.674575333798984],[-79.366684,43.674468],[-79.36666360631554,43.67468049090165],[-79.36474,43.675068],[-79.363968,43.673559],[-79.36347941344343,43.67287604871836],[-79.363855,43.673376],[-79.363967,43.67293],[-79.36422473230725,43.67287518205021],[-79.366364,43.673407],[-79.367652,43.673266],[-79.36768218245616,43.67327209746589]]],[[[-79.359562,43.673038],[-79.359986,43.673543],[-79.360926,43.675806],[-79.359421,43.676099],[-79.359119,43.675909],[-79.359146,43.675537],[-79.358888,43.675431],[-79.35889,43.675241],[-79.359207,43.675095],[-79.359194,43.67439],[-79.35874027572765,43.67460200217092],[-79.359193,43.674384],[-79.358522,43.672905],[-79.358868,43.673352],[-79.358927,43.673043],[-79.359333,43.672939],[-79.359562,43.673038]]],[[[-79.356413,43.676679],[-79.35655907650255,43.67702850819629],[-79.35581451734609,43.677171722600164],[-79.355682,43.676821],[-79.356413,43.676679]]],[[[-79.349678,43.677992],[-79.349262,43.676868],[-79.351692,43.676385],[-79.351793,43.676623],[-79.352446,43.676513],[-79.351801,43.676644],[-79.352006,43.677128],[-79.35311628145851,43.67692652103186],[-79.349737,43.67757],[-79.349891,43.677953],[-79.349678,43.677992]]],[[[-79.358814,43.676891],[-79.35864343923244,43.67755533252098],[-79.3581577301616,43.67745115660661],[-79.35803951907461,43.67709475900108],[-79.358515,43.676874],[-79.358814,43.676891]]],[[[-79.353405,43.68142],[-79.35278,43.679745],[-79.353941,43.67952],[-79.354576,43.681201],[-79.353405,43.68142]]],[[[-79.36421966147881,43.685908092057645],[-79.363852,43.683761],[-79.365638,43.682935],[-79.366738,43.68221],[-79.367473,43.681444],[-79.367741,43.681701],[-79.366487,43.684059],[-79.367012,43.685321],[-79.36421966147881,43.685908092057645]]],[[[-79.354454,43.686835],[-79.355083,43.685167],[-79.354587,43.686497],[-79.35598,43.686759],[-79.355179,43.68661],[-79.35504506434835,43.68694337460744],[-79.354454,43.686835]]],[[[-79.370103,43.686303],[-79.370017,43.685631],[-79.370253,43.685315],[-79.37015,43.684864],[-79.371289,43.684733],[-79.371574,43.685658],[-79.371123,43.685878],[-79.371093,43.687075],[-79.37039,43.687257],[-79.369921,43.687532],[-79.36825731839616,43.68788993149891],[-79.36821,43.687781],[-79.368508,43.687415],[-79.369472,43.686561],[-79.370103,43.686303]]],[[[-79.3550081764705,43.68638805882352],[-79.355132,43.686411],[-79.355465,43.685661],[-79.355751,43.685715],[-79.355844,43.685732],[-79.35635173004721,43.685828948453896],[-79.356297,43.685979],[-79.35586465465518,43.68704335135005],[-79.35605,43.686587],[-79.3550081764705,43.68638805882352]]],[[[-79.354157,43.689497],[-79.35430597833133,43.689893942265364],[-79.350039,43.690659],[-79.349641,43.689769],[-79.349555,43.689785],[-79.34905419008166,43.68833754937773],[-79.350873,43.68797],[-79.350226,43.686174],[-79.352254,43.685769],[-79.353665,43.689506],[-79.354157,43.689497]]],[[[-79.368263,43.689733],[-79.368955,43.690099],[-79.369116,43.690481],[-79.368602,43.690875],[-79.36831,43.690769],[-79.368896,43.69007],[-79.368263,43.689733]]],[[[-79.369281,43.690256],[-79.370569,43.690701],[-79.37083,43.690439],[-79.371194,43.690073],[-79.370109,43.691193],[-79.369721,43.691286],[-79.369833,43.691549],[-79.369281,43.690256]]],[[[-79.348472,43.691038],[-79.348661,43.69154],[-79.349552,43.691368],[-79.348879,43.691498],[-79.349243,43.692468],[-79.349918,43.692336],[-79.347059,43.692896],[-79.346665,43.691925],[-79.348541,43.691563],[-79.348352,43.691061],[-79.348472,43.691038]]],[[[-79.355643,43.69219],[-79.355866,43.691944],[-79.357099,43.691677],[-79.357336,43.691724],[-79.357406,43.691902],[-79.357023,43.692309],[-79.356997,43.692973],[-79.356416,43.693467],[-79.35599533624507,43.6935602845286],[-79.355446,43.69223],[-79.35223,43.692859],[-79.355643,43.69219]]],[[[-79.351201,43.693048],[-79.351384,43.69355],[-79.351031,43.693661],[-79.350807,43.693132],[-79.351201,43.693048]]],[[[-79.349285,43.693435],[-79.350291,43.693242],[-79.350457,43.693623],[-79.349429,43.693816],[-79.349285,43.693435]]],[[[-79.368324,43.694284],[-79.367665,43.69388],[-79.369557,43.692745],[-79.37025297679293,43.69447684922893],[-79.3685591292584,43.694798096175134],[-79.368324,43.694284]]],[[[-79.37173435898575,43.69675089620915],[-79.37263359661455,43.696600956630704],[-79.372755,43.697111],[-79.37194686334844,43.69728781110918],[-79.371877,43.697107],[-79.37173435898575,43.69675089620915]]],[[[-79.361484,43.697512],[-79.363135,43.697521],[-79.360482,43.700078],[-79.35947030175133,43.70130417144158],[-79.359167,43.700799],[-79.359421,43.700745],[-79.35863,43.698804],[-79.359934,43.698575],[-79.360088,43.698438],[-79.359519,43.698285],[-79.359737,43.697675],[-79.36067,43.697858],[-79.361484,43.697512]]],[[[-79.365062,43.701287],[-79.366095,43.701817],[-79.36406569839957,43.70078858455715],[-79.364441,43.700383],[-79.366029,43.699244],[-79.366799,43.699973],[-79.365062,43.701287]]],[[[-79.350298,43.70272],[-79.350526,43.702502],[-79.350795,43.70265],[-79.352141,43.701559],[-79.351589,43.701098],[-79.352842,43.701918],[-79.35165707484032,43.70327528083011],[-79.350447,43.702578],[-79.350298,43.70272]]],[[[-79.35903392346152,43.701682917029636],[-79.356735,43.70381],[-79.356771,43.703435],[-79.357341,43.702887],[-79.35768614082303,43.70186155269919],[-79.35797,43.701874],[-79.358503,43.701495],[-79.35903392346152,43.701682917029636]]],[[[-79.360559,43.703142],[-79.360999,43.702949],[-79.36158247677865,43.70245236173858],[-79.361196,43.702792],[-79.36185191102874,43.70307112511585],[-79.36134,43.703791],[-79.361548,43.703494],[-79.360768,43.703069],[-79.360559,43.703142]]],[[[-79.363568,43.703235],[-79.363453,43.70366],[-79.36257937444054,43.70338053363093],[-79.36290786792284,43.7029713920482],[-79.363219,43.703091],[-79.363395,43.702642],[-79.364626,43.702965],[-79.364277,43.704042],[-79.364348,43.703708],[-79.36377736006486,43.7036644094494],[-79.363873,43.703361],[-79.363568,43.703235]]],[[[-79.348488,43.704871],[-79.347493,43.704325],[-79.348052,43.703998],[-79.348162,43.704073],[-79.349001,43.704555],[-79.348488,43.704871]]],[[[-79.366334,43.704352],[-79.366699,43.704472],[-79.36670242584194,43.70485912013975],[-79.36543,43.704713],[-79.365893,43.704713],[-79.365916,43.704206],[-79.366334,43.704352]]],[[[-79.372017,43.704784],[-79.372087,43.705412],[-79.371922,43.705415],[-79.371913,43.705784],[-79.371196,43.705777],[-79.37101,43.704538],[-79.371136,43.704899],[-79.373987,43.704396],[-79.373806,43.703924],[-79.37226,43.704248],[-79.37379373360729,43.703891420142966],[-79.37399140934959,43.7043954299282],[-79.372017,43.704784]]],[[[-79.369434,43.707752],[-79.369778,43.706069],[-79.371159,43.706201],[-79.370778,43.70773],[-79.369434,43.707752]]],[[[-79.360877,43.707582],[-79.359328,43.707913],[-79.361556,43.707436],[-79.36128,43.706824],[-79.356974,43.707657],[-79.35689,43.707791],[-79.357142,43.708377],[-79.355428,43.708747],[-79.356153,43.70859],[-79.35587987780406,43.70791217849182],[-79.356945,43.707685],[-79.356685,43.707622],[-79.35558,43.707862],[-79.355383,43.707385],[-79.354683,43.707],[-79.355506,43.706347],[-79.356695,43.706025],[-79.35732,43.705425],[-79.3555577817439,43.7057988341621],[-79.3592883009006,43.70222375330359],[-79.359953,43.702569],[-79.360559,43.703142],[-79.363255,43.709741],[-79.363838,43.709618],[-79.364045,43.709727],[-79.363498,43.710367],[-79.363713,43.710899],[-79.362788,43.711088],[-79.362607,43.710559],[-79.356909,43.711799],[-79.3561384653572,43.70996414065848],[-79.361196,43.708889],[-79.360939,43.708245],[-79.361302,43.708168],[-79.361151,43.707792],[-79.360976,43.707829],[-79.360877,43.707582]],[[-79.358583,43.705728],[-79.360721,43.705436],[-79.360371,43.704563],[-79.35829,43.705003],[-79.358583,43.705728]]],[[[-79.365861,43.70832],[-79.366092,43.708633],[-79.365479,43.708764],[-79.365797,43.709498],[-79.366514,43.7113],[-79.365667,43.709198],[-79.365419,43.708626],[-79.364425,43.709371],[-79.36412525045317,43.70865794695551],[-79.365329,43.708403],[-79.365202,43.708087],[-79.365824,43.707956],[-79.366042,43.708194],[-79.36728618622907,43.70729120100993],[-79.367162,43.707416],[-79.365861,43.70832]]],[[[-79.37404599856355,43.7117019959875],[-79.373045,43.711905],[-79.372845,43.71143],[-79.372163,43.711565],[-79.371399,43.710954],[-79.37239,43.710756],[-79.373717,43.710783],[-79.37404599856355,43.7117019959875]]],[[[-79.36302,43.712025],[-79.363154,43.711996],[-79.362971,43.711541],[-79.363889,43.711344],[-79.364073,43.711803],[-79.36302,43.712025]]],[[[-79.352752,43.71239],[-79.35128578042692,43.71270345341084],[-79.350677,43.711188],[-79.350886,43.710981],[-79.351326,43.711264],[-79.351751,43.711364],[-79.353348,43.711056],[-79.353401,43.711188],[-79.352357,43.711409],[-79.352752,43.71239]]],[[[-79.354115,43.714983],[-79.353551,43.714846],[-79.352407,43.714247],[-79.351845,43.714185],[-79.35247,43.714247],[-79.355836,43.713555],[-79.359087,43.712854],[-79.361179,43.712412],[-79.36302,43.712025],[-79.361504,43.712344],[-79.36221287205205,43.71410868143574],[-79.360135,43.714542],[-79.360317,43.714996],[-79.360126,43.714544],[-79.357494,43.71514],[-79.354194,43.715807],[-79.356469,43.715332],[-79.356103,43.714811],[-79.355598,43.714715],[-79.354115,43.714983]]],[[[-79.350191,43.714361],[-79.349855,43.714657],[-79.348955,43.714622],[-79.34873068323911,43.715289479142186],[-79.349421072566,43.71303370801665],[-79.35062066703587,43.71284960869906],[-79.351113,43.713855],[-79.351845,43.714185],[-79.351384,43.714031],[-79.350191,43.714361]]],[[[-79.36335298196121,43.714353955203684],[-79.362132,43.714612],[-79.362808,43.714469],[-79.362628,43.714022],[-79.36237944392128,43.714073949019664],[-79.3636643349922,43.71380336724469],[-79.363173,43.713907],[-79.36335298196121,43.714353955203684]]],[[[-79.370527,43.714753],[-79.36810327221328,43.71526894205361],[-79.367924,43.714817],[-79.36549,43.715326],[-79.367927,43.714816],[-79.367573,43.713938],[-79.367753,43.714384],[-79.370176,43.713871],[-79.371417,43.716958],[-79.370527,43.714753]]],[[[-79.34730214324006,43.719504152918304],[-79.34819334411385,43.71688839068564],[-79.34793,43.717672],[-79.3488128772613,43.717400622154635],[-79.349223,43.718202],[-79.349809,43.718094],[-79.349631,43.718882],[-79.34982825344767,43.71949854092688],[-79.349316,43.719222],[-79.348381,43.718965],[-79.348281,43.71911],[-79.347523,43.718969],[-79.34730214324006,43.719504152918304]]],[[[-79.37147,43.719667],[-79.370741,43.719747],[-79.369854,43.719662],[-79.368787,43.720188],[-79.368575,43.720501],[-79.368338,43.720535],[-79.367687,43.720382],[-79.367522,43.72011],[-79.367178,43.720078],[-79.366577,43.720356],[-79.366618,43.719819],[-79.366428,43.719795],[-79.365924,43.720109],[-79.365301,43.719634],[-79.364946,43.719524],[-79.364452,43.71959],[-79.363921,43.71949],[-79.364071,43.718997],[-79.364177,43.718996],[-79.364266,43.71942],[-79.37164733456319,43.71791683139672],[-79.372418,43.719833],[-79.37147,43.719667]]],[[[-79.368956,43.725951],[-79.36849,43.725906],[-79.368247,43.725696],[-79.368071,43.725146],[-79.367257,43.724822],[-79.36693,43.724477],[-79.367745,43.724306],[-79.367479,43.724],[-79.368128,43.723736],[-79.368576,43.723341],[-79.369101,43.723108],[-79.370693,43.722995],[-79.370471,43.722425],[-79.369563,43.722191],[-79.36768,43.72251],[-79.367857,43.722222],[-79.367435,43.72163],[-79.367987,43.721801],[-79.369433,43.721548],[-79.370219,43.720877],[-79.370975,43.720713],[-79.373851,43.720835],[-79.374588,43.720526],[-79.374984,43.720682],[-79.37549,43.720679],[-79.375967,43.720451],[-79.376473,43.720641],[-79.378,43.720221],[-79.37879,43.72014],[-79.378513,43.718742],[-79.378789,43.720134],[-79.379177,43.722226],[-79.380728,43.721905],[-79.380359,43.721982],[-79.381062,43.723756],[-79.379568,43.724068],[-79.379792,43.725014],[-79.379602,43.724229],[-79.3743620856431,43.725359981501754],[-79.373098,43.724737],[-79.372578,43.724598],[-79.372105,43.72467],[-79.371896,43.724419],[-79.371506,43.724277],[-79.370247,43.724495],[-79.369885,43.724997],[-79.369321,43.725374],[-79.368956,43.725951]]],[[[-79.348924,43.720848],[-79.34962271583368,43.72098973949769],[-79.348947,43.722855],[-79.3488,43.72366],[-79.348848,43.724359],[-79.349174,43.725226],[-79.349886,43.726161],[-79.351762,43.72773],[-79.35272858010477,43.72872828700682],[-79.351127,43.729557],[-79.35159771884538,43.730043770320684],[-79.346785,43.725189],[-79.346215,43.724433],[-79.345883,43.723531],[-79.345868,43.722598],[-79.346086,43.721858],[-79.34670839208664,43.72065654164801],[-79.348791,43.72121],[-79.348924,43.720848]]],[[[-79.36813929406877,43.72802387220719],[-79.368461,43.729281],[-79.367384,43.729348],[-79.365289,43.729938],[-79.365002,43.728679],[-79.358023,43.730162],[-79.365764,43.728514],[-79.365535,43.728477],[-79.365458,43.72714],[-79.365973,43.727228],[-79.366311,43.727866],[-79.367388,43.727764],[-79.367473,43.728143],[-79.36813929406877,43.72802387220719]]],[[[-79.34906453248715,43.73243847466576],[-79.348377,43.732453],[-79.348527,43.733208],[-79.34864972619049,43.73333072619048],[-79.34841583487098,43.73340128914364],[-79.348232,43.733231],[-79.347993,43.733368],[-79.347557,43.732968],[-79.347379,43.73307],[-79.34709440646549,43.732809288440414],[-79.347617,43.732517],[-79.348098,43.732454],[-79.348148,43.731923],[-79.347381,43.731655],[-79.346916,43.732052],[-79.346822,43.731966],[-79.347172,43.731701],[-79.347351,43.731366],[-79.347311,43.730936],[-79.34688,43.730286],[-79.34640104558959,43.73039698350579],[-79.347144,43.730128],[-79.349295,43.73089],[-79.35030266965249,43.73035850365388],[-79.35036785376785,43.73042541526346],[-79.349812,43.730719],[-79.34906453248715,43.73243847466576]]],[[[-79.357758,43.732009],[-79.357751,43.732647],[-79.357917,43.732998],[-79.35575633852893,43.733699937821214],[-79.355469,43.732388],[-79.35507994609985,43.731405175742715],[-79.355313,43.731412],[-79.355198,43.730799],[-79.355959,43.730637],[-79.356126,43.731029],[-79.35676,43.730741],[-79.357116,43.731419],[-79.357758,43.732009]]],[[[-79.355208,43.73536],[-79.35505287024236,43.73472367156736],[-79.355957,43.73454],[-79.35575883374662,43.73371133055185],[-79.35612282527882,43.73516672705377],[-79.355208,43.73536]]],[[[-79.36681630922025,43.738129805756934],[-79.36653339920348,43.73801812147883],[-79.36817998735292,43.73731500540048],[-79.369257,43.738667],[-79.36925851832125,43.73867137146292],[-79.368441,43.737643],[-79.36681630922025,43.738129805756934]]],[[[-79.372044,43.738315],[-79.372143,43.738994],[-79.371578,43.739058],[-79.3712861706253,43.73924089335919],[-79.370967,43.738609],[-79.371914,43.738444],[-79.37187537844416,43.73834393505987],[-79.372044,43.738315]]],[[[-79.367466,43.739385],[-79.366805,43.739589],[-79.366543,43.739288],[-79.367396,43.739109],[-79.367466,43.739385]]],[[[-79.347141,43.738363],[-79.34714015397546,43.7380711215352],[-79.347158,43.738222],[-79.348187,43.738284],[-79.3488,43.738517],[-79.351015,43.739731],[-79.350787,43.740368],[-79.350023,43.740483],[-79.34998072176413,43.740849091088],[-79.348831,43.740555],[-79.349096,43.740175],[-79.34672078978477,43.739271441679364],[-79.347141,43.738363]]],[[[-79.360299,43.741896],[-79.359935,43.741617],[-79.358834,43.741901],[-79.358712,43.741329],[-79.357558,43.741458],[-79.35740453005336,43.74071791650096],[-79.360286,43.740264],[-79.360667,43.740494],[-79.360652,43.741433],[-79.360593,43.741646],[-79.360299,43.741896]]],[[[-79.35413,43.745481],[-79.3528949694968,43.7456159109626],[-79.35302075579479,43.74481481980221],[-79.3550665459639,43.744357632325936],[-79.355399,43.746211],[-79.355596,43.746168],[-79.355253,43.748503],[-79.355441,43.748518],[-79.355026,43.748509],[-79.355056,43.747851],[-79.35413256931334,43.7477971892628],[-79.35423550966959,43.746977216080225],[-79.355092,43.747049],[-79.355108,43.746184],[-79.35430874122564,43.746393888857895],[-79.35413,43.745481]]],[[[-79.365377,43.747556],[-79.364572,43.747888],[-79.363556,43.747156],[-79.36296,43.745671],[-79.362991,43.745445],[-79.36477,43.745167],[-79.364686,43.745697],[-79.365377,43.747556]]],[[[-79.37495,43.750533],[-79.375141,43.753301],[-79.373666,43.753448],[-79.373695,43.753896],[-79.37361,43.753453],[-79.370736,43.753762],[-79.370455,43.751456],[-79.374143,43.750703],[-79.38237147456665,43.74893289237383],[-79.37495,43.750533]]],[[[-79.354663,43.752265],[-79.35671605041217,43.75180953835709],[-79.357015,43.752037],[-79.357493,43.753493],[-79.359095,43.753148],[-79.35997,43.752954],[-79.36127,43.758721],[-79.361916,43.761744],[-79.3622639136693,43.76219292086361],[-79.3525322188848,43.74982801685078],[-79.352387,43.748851],[-79.352483,43.749493],[-79.353712,43.75106],[-79.35525994081598,43.75071701311377],[-79.35543334557532,43.75112725685607],[-79.354015,43.751441],[-79.354663,43.752265]]],[[[-79.37133,43.756395],[-79.370756,43.75648],[-79.371129,43.757269],[-79.369474,43.757616],[-79.369587,43.758001],[-79.369437,43.757624],[-79.369204,43.757673],[-79.368803,43.756583],[-79.368565,43.756259],[-79.368884,43.756192],[-79.368554,43.755603],[-79.371109,43.755119],[-79.37133,43.756395]]],[[[-79.350533,43.761865],[-79.350797,43.760567],[-79.350453,43.760463],[-79.349176,43.759567],[-79.348648,43.758815],[-79.34798,43.758615],[-79.348287,43.757838],[-79.348997,43.757976],[-79.349361,43.757846],[-79.349481,43.758024],[-79.350156,43.757786],[-79.351322,43.75872],[-79.352087,43.758561],[-79.350606,43.755021],[-79.34706376607184,43.75580775282015],[-79.34700557164402,43.753562553859],[-79.348385,43.753259],[-79.348236,43.752878],[-79.349869,43.75253],[-79.350517,43.754082],[-79.352005,43.753755],[-79.352366,43.754621],[-79.35534772444173,43.75396706043431],[-79.361366,43.761607],[-79.361352,43.761036],[-79.361502,43.763067],[-79.361472,43.762976],[-79.36028149064508,43.76322904552769],[-79.360058,43.762611],[-79.356315,43.763392],[-79.355845,43.76278],[-79.354147,43.76281],[-79.35323,43.762621],[-79.351407,43.762932],[-79.350996,43.762692],[-79.350533,43.761865]],[[-79.357889,43.762306],[-79.359336,43.761707],[-79.359128,43.761446],[-79.357682,43.762044],[-79.357889,43.762306]]],[[[-79.37070903221543,43.76211223982812],[-79.370737,43.762555],[-79.370456,43.763231],[-79.37103,43.763269],[-79.370431,43.763285],[-79.370282,43.763607],[-79.368947,43.763572],[-79.368919,43.764062],[-79.36896,43.763171],[-79.369281,43.762154],[-79.36963,43.761711],[-79.368371,43.761223],[-79.37070903221543,43.76211223982812]]],[[[-79.377899770253,43.768935428512314],[-79.377325,43.769058],[-79.3774409187491,43.769591629857],[-79.376727,43.769724],[-79.376756,43.769866],[-79.375563,43.770166],[-79.375738,43.770974],[-79.375128,43.771103],[-79.374965,43.770329],[-79.37434,43.770349],[-79.3742,43.769714],[-79.371335,43.770342],[-79.371509,43.770991],[-79.371335,43.770343],[-79.370111,43.770615],[-79.3702,43.771005],[-79.3708029378634,43.77099562390988],[-79.370442,43.771084],[-79.370455,43.771359],[-79.36864,43.771738],[-79.36879089969597,43.77257161094177],[-79.368464,43.77084],[-79.368119,43.769859],[-79.367534,43.768887],[-79.365813,43.766694],[-79.369337,43.766535],[-79.376126,43.765967],[-79.375023,43.766065],[-79.376316,43.769268],[-79.377536,43.769013],[-79.37736,43.768709],[-79.376639,43.768733],[-79.377412,43.768707],[-79.377175,43.768121],[-79.37754100554335,43.76804301378891],[-79.377899770253,43.768935428512314]]],[[[-79.353407,43.770308],[-79.353942,43.770301],[-79.353411,43.770336],[-79.353432,43.770491],[-79.352031,43.771129],[-79.351923,43.770869],[-79.351362,43.77099],[-79.350926,43.769931],[-79.352242,43.769732],[-79.352239,43.769313],[-79.35228,43.76973],[-79.353322,43.769683],[-79.353407,43.770308]]],[[[-79.367262,43.769098],[-79.36787,43.770198],[-79.368097,43.770914],[-79.368572,43.773477],[-79.368555,43.774049],[-79.368317,43.774862],[-79.367677,43.774976],[-79.367351,43.775162],[-79.367504,43.775074],[-79.367145,43.775],[-79.366406,43.77141],[-79.364178,43.771652],[-79.364307,43.769019],[-79.363979,43.769028],[-79.364689,43.769008],[-79.364569,43.768061],[-79.364821,43.767156],[-79.365075,43.767132],[-79.36505,43.766998],[-79.365813,43.766694],[-79.365483,43.766828],[-79.367262,43.769098]]],[[[-79.357833,43.775454],[-79.357969,43.775348],[-79.358287,43.774173],[-79.358563,43.773928],[-79.358603,43.773532],[-79.358746,43.773449],[-79.358555,43.772955],[-79.358222,43.772666],[-79.358893,43.772519],[-79.35869,43.77203],[-79.359811,43.771518],[-79.361723,43.770922],[-79.362912,43.771625],[-79.362955,43.771769],[-79.36402271805017,43.771666855264215],[-79.360272,43.772199],[-79.361142,43.77429],[-79.36144801287017,43.7742231160942],[-79.359866,43.77457],[-79.360217,43.77537],[-79.35800077397559,43.77585446050126],[-79.357833,43.775454]]],[[[-79.355473,43.776023],[-79.356376,43.775954],[-79.35653,43.776858],[-79.354474,43.77776],[-79.35401,43.777291],[-79.353938,43.776701],[-79.355473,43.776023]]],[[[-79.3651439663443,43.777423099008274],[-79.3647894491553,43.775681260113096],[-79.36515261533475,43.77560764154261],[-79.367682,43.776308],[-79.36691007412094,43.77818696638063],[-79.367399,43.776945],[-79.3651439663443,43.777423099008274]]],[[[-79.37163,43.777115],[-79.372264,43.777209],[-79.37191842965265,43.77783422265156],[-79.370504,43.777415],[-79.370644,43.776981],[-79.37111,43.776595],[-79.37163,43.777115]]],[[[-79.371706,43.776513],[-79.376698,43.7771],[-79.373659,43.776774],[-79.373554,43.777566],[-79.373274,43.778236],[-79.37290043826442,43.77812528007765],[-79.373275,43.77751],[-79.373433,43.776757],[-79.371706,43.776513]]],[[[-79.357333,43.781253],[-79.357065,43.7806],[-79.357165,43.78045],[-79.357035,43.780134],[-79.358246,43.779541],[-79.359064,43.780133],[-79.359223,43.781121],[-79.35851,43.781275],[-79.357333,43.781253]]],[[[-79.346531,43.769574],[-79.346266,43.772093],[-79.346299,43.77274],[-79.346458,43.773473],[-79.347163,43.773438],[-79.34646,43.773473],[-79.347041,43.775107],[-79.351866,43.774051],[-79.35229593715009,43.77608901376339],[-79.35145193358382,43.776273840601185],[-79.351222,43.775722],[-79.350044,43.77598],[-79.35032,43.776611],[-79.351168,43.777792],[-79.350866,43.778836],[-79.351141,43.778832],[-79.351403,43.78014],[-79.35132943657145,43.78065329674878],[-79.349764,43.780029],[-79.349159,43.779985],[-79.348718,43.780265],[-79.348324,43.781071],[-79.350034,43.780636],[-79.350803,43.782491],[-79.352261,43.782317],[-79.351991,43.781344],[-79.35153031215135,43.780797159896196],[-79.351639,43.780875],[-79.353236,43.780682],[-79.35318,43.780414],[-79.35421,43.780191],[-79.35414323244242,43.78002306330796],[-79.35528,43.781685],[-79.355305,43.782847],[-79.355263,43.781921],[-79.353592,43.782283],[-79.353669,43.782615],[-79.352374,43.782772],[-79.352753,43.783679],[-79.353376,43.784698],[-79.353513,43.785119],[-79.353507,43.785431],[-79.353485,43.785517],[-79.35391,43.78563],[-79.35434606419668,43.785551284821935],[-79.354662,43.786953],[-79.35303,43.787345],[-79.353714,43.78899],[-79.35705,43.788111],[-79.357098,43.788228],[-79.357664,43.789585],[-79.35824786092715,43.78944272185431],[-79.358474,43.789895],[-79.358359,43.790526],[-79.357912,43.791005],[-79.357844,43.791377],[-79.358074,43.791959],[-79.359072,43.79174],[-79.359456,43.792636],[-79.359841,43.79297],[-79.36025,43.792736],[-79.359706,43.793075],[-79.359317,43.79352],[-79.358726,43.793801],[-79.357444,43.793963],[-79.356918,43.792204],[-79.354737,43.79266],[-79.354159,43.790274],[-79.35268868350487,43.79054319909198],[-79.352819,43.790513],[-79.352424,43.789289],[-79.353711,43.788983],[-79.353327,43.788077],[-79.353001,43.788162],[-79.352402,43.787971],[-79.352199,43.787529],[-79.350308,43.78795],[-79.350344,43.787513],[-79.350753,43.78706],[-79.350718,43.786576],[-79.350222,43.78634],[-79.349872,43.785593],[-79.350733,43.785416],[-79.350009,43.783768],[-79.349125,43.782768],[-79.348454,43.783091],[-79.347888,43.783012],[-79.345698,43.780403],[-79.344322,43.780976],[-79.34391,43.780483],[-79.343642,43.780426],[-79.342047,43.781114],[-79.34120178414521,43.78121086743504],[-79.340813,43.779384],[-79.340831,43.778674],[-79.341203,43.778114],[-79.340979,43.777333],[-79.341172,43.776198],[-79.340258,43.776102],[-79.339526,43.772727],[-79.33972,43.773619],[-79.341262,43.773443],[-79.340618,43.771327],[-79.34078,43.770502],[-79.340973,43.770168],[-79.34167,43.76974],[-79.34362332462356,43.76942148585782],[-79.343667,43.770031],[-79.344321,43.771611],[-79.346364,43.771153],[-79.346531,43.769574]],[[-79.350548,43.784958],[-79.351097,43.785888],[-79.352423,43.786573],[-79.353091,43.786343],[-79.353507,43.785431],[-79.350548,43.784958]],[[-79.341423,43.77621],[-79.341278,43.774455],[-79.341593,43.774288],[-79.341345,43.773892],[-79.339923,43.774384],[-79.340017,43.77499],[-79.340258,43.776102],[-79.341423,43.77621]]],[[[-79.359986,43.783747],[-79.360498,43.784977],[-79.362934,43.784441],[-79.35867093776041,43.78538101574737],[-79.359003,43.785297],[-79.358502,43.784072],[-79.359986,43.783747]]],[[[-79.37260089715842,43.78506501943684],[-79.372726,43.78541],[-79.373318,43.785355],[-79.372745,43.785463],[-79.372943,43.786016],[-79.371781,43.786309],[-79.37142005329983,43.78653248772369],[-79.370978,43.786004],[-79.37076569366234,43.78541186889933],[-79.37260089715842,43.78506501943684]]],[[[-79.36029,43.787245],[-79.360517,43.78779],[-79.361054,43.78767],[-79.360574,43.787927],[-79.36094779063583,43.78882349786189],[-79.358837571189,43.78929901831353],[-79.35901,43.789257],[-79.358412,43.787822],[-79.358101,43.78798],[-79.35898,43.787532],[-79.36029,43.787245]]],[[[-79.35116702790708,43.790895822275424],[-79.350768,43.791093],[-79.350569,43.791501],[-79.348535,43.79113],[-79.348689,43.790775],[-79.348151,43.790735],[-79.348686,43.790748],[-79.348496,43.790409],[-79.347902,43.790265],[-79.348142,43.790317],[-79.350037,43.789493],[-79.349526,43.789717],[-79.350186,43.790348],[-79.350813,43.790544],[-79.35116702790708,43.790895822275424]]],[[[-79.366214,43.79144],[-79.366934,43.791595],[-79.368388,43.791556],[-79.36836470661686,43.791443959552744],[-79.36846,43.791896],[-79.368709,43.793031],[-79.367517,43.792907],[-79.366395,43.793256],[-79.366859,43.793029],[-79.366317,43.792342],[-79.366273,43.792063],[-79.366723,43.791579],[-79.366214,43.79144]]],[[[-79.344892,43.797131],[-79.345083,43.79684],[-79.345905,43.796313],[-79.346234,43.795947],[-79.346551,43.794545],[-79.346458,43.794565],[-79.35359970557886,43.79290828036323],[-79.353822,43.793142],[-79.353944,43.793632],[-79.35493344525133,43.793504714580735],[-79.355257,43.794896],[-79.355192,43.796477],[-79.35677516928536,43.79613240396787],[-79.34511905450269,43.79870445739259],[-79.344833,43.797447],[-79.344892,43.797131]]],[[[-79.375127,43.796059],[-79.376572,43.796484],[-79.375987,43.796404],[-79.37599,43.79662],[-79.376473,43.797294],[-79.375506,43.797504],[-79.37500736311223,43.7977878540158],[-79.374702,43.797641],[-79.374387,43.796937],[-79.373831,43.797015],[-79.373801,43.796785],[-79.373902,43.79643],[-79.3743041704105,43.79598717060295],[-79.375127,43.796059]]],[[[-79.371773,43.794429],[-79.37341587048203,43.79887924621751],[-79.373269,43.798583],[-79.370154,43.799045],[-79.370298,43.799608],[-79.37013,43.798953],[-79.369189,43.799174],[-79.36934900138928,43.79984381948063],[-79.368805,43.799979],[-79.368137,43.79733],[-79.368447,43.79726],[-79.368339,43.796845],[-79.369521,43.796491],[-79.369769,43.797467],[-79.372724,43.797078],[-79.371773,43.794429]]],[[[-79.363377,43.797963],[-79.36285,43.796767],[-79.361988,43.796963],[-79.363321,43.796659],[-79.36465677584405,43.796362460912505],[-79.365115,43.797429],[-79.364884,43.79779],[-79.364058,43.79781],[-79.36228,43.798214],[-79.363377,43.797963]]],[[[-79.35752290210657,43.79945909622009],[-79.35720810171952,43.79805302913701],[-79.3597136148337,43.79748489484196],[-79.359737,43.797595],[-79.360315,43.797556],[-79.359743,43.797622],[-79.360026,43.798839],[-79.35951,43.799273],[-79.358703,43.799211],[-79.35752290210657,43.79945909622009]]],[[[-79.35194,43.798202],[-79.352611,43.799669],[-79.35300691195751,43.799611114941385],[-79.35135968958744,43.8],[-79.35071992592593,43.8],[-79.350587,43.799704],[-79.350179,43.799802],[-79.350033,43.799308],[-79.349611,43.799362],[-79.350025,43.799281],[-79.349809,43.798673],[-79.34533660090113,43.799660762307845],[-79.354282,43.797684],[-79.35481666484176,43.79758833797991],[-79.35194,43.798202]]],[[[-79.338515,43.655675],[-79.337899,43.65581],[-79.33910586451613,43.65554408069983],[-79.33928867307667,43.65598307375038],[-79.338695,43.656117],[-79.3389706935975,43.65679931198806],[-79.338515,43.655675]]],[[[-79.3389046686284,43.65840007152556],[-79.339637,43.658242],[-79.339852,43.658191],[-79.33967605591269,43.657781457830666],[-79.340596,43.657586],[-79.34044299999724,43.65721399999329],[-79.340631,43.657188],[-79.340783,43.657546],[-79.341751,43.657319],[-79.341432,43.656554],[-79.340897,43.656671],[-79.340826,43.656502],[-79.340758,43.656337],[-79.340718,43.656241],[-79.341252,43.656123],[-79.341186,43.655965],[-79.34115269952588,43.65588507347264],[-79.341351,43.65636],[-79.341908,43.656238],[-79.341042,43.654147],[-79.342479,43.657616],[-79.340614,43.658023],[-79.340782,43.658427],[-79.340114,43.658576],[-79.339944,43.658169],[-79.339409,43.658297],[-79.3389046686284,43.65840007152556]]],[[[-79.345212,43.657956],[-79.345755,43.65784],[-79.345332,43.656989],[-79.34493747737733,43.657073255913645],[-79.346264,43.656778],[-79.34563585837438,43.65829292980297],[-79.345788,43.657833],[-79.345212,43.657956]],[[-79.345701,43.657711],[-79.345917,43.656857],[-79.345332,43.656989],[-79.345701,43.657711]]],[[[-79.346478,43.65852],[-79.347006,43.658404],[-79.34716463192379,43.65879908328189],[-79.346099,43.65904],[-79.34648797283356,43.657128561812236],[-79.346577076923,43.65735206153827],[-79.346542,43.657267],[-79.346454,43.657402],[-79.346337,43.657947],[-79.34678107172613,43.65784920442885],[-79.346845,43.658005],[-79.346311,43.658118],[-79.346478,43.65852]]],[[[-79.339388,43.659406],[-79.340602,43.659152],[-79.341094,43.660337],[-79.34214493962222,43.66010804837059],[-79.340326,43.66051],[-79.339268,43.660717],[-79.339875,43.66058],[-79.339388,43.659406]]],[[[-79.332468,43.660601],[-79.333482,43.660377],[-79.33392,43.661427],[-79.33291,43.661648],[-79.332468,43.660601]]],[[[-79.336294,43.661898],[-79.336151,43.661535],[-79.33333554680092,43.662155779213165],[-79.336576,43.661439],[-79.33654,43.661194],[-79.336795,43.661786],[-79.336294,43.661898]]],[[[-79.319464,43.66259],[-79.319964,43.663726],[-79.318918,43.661352],[-79.319043,43.661635],[-79.319658,43.661489],[-79.319623,43.661399],[-79.320081,43.662454],[-79.319464,43.66259]]],[[[-79.346249,43.663331],[-79.34718979584324,43.663120045753296],[-79.347299,43.663391],[-79.346344,43.66357],[-79.346249,43.663331]]],[[[-79.321651,43.663312],[-79.321796,43.663652],[-79.322298,43.663562],[-79.322489,43.66402],[-79.322007,43.664143],[-79.322089,43.664336],[-79.322575,43.664224],[-79.322672,43.664458],[-79.32055627118092,43.66509893994609],[-79.319943588386,43.663735494449185],[-79.321651,43.663312]]],[[[-79.342418,43.662445],[-79.342031,43.662538],[-79.342617,43.663851],[-79.343738,43.66361],[-79.34418599702988,43.66467042373885],[-79.34326,43.666148],[-79.34317,43.666083],[-79.342494,43.667281],[-79.342545,43.667091],[-79.342325,43.666558],[-79.341705,43.666706],[-79.341809,43.666651],[-79.34164,43.666258],[-79.342151,43.666144],[-79.342,43.665784],[-79.341507,43.665891],[-79.341466,43.665793],[-79.340101,43.666148],[-79.341054,43.665886],[-79.34089,43.665493],[-79.340241,43.665641],[-79.340065,43.665214],[-79.3398,43.665292],[-79.340333,43.665135],[-79.33898048671662,43.66175770650626],[-79.340263,43.661507],[-79.340332,43.661675],[-79.340729,43.661589],[-79.340858,43.661904],[-79.341201,43.661827],[-79.341308,43.662105],[-79.341792,43.662],[-79.342004,43.662501],[-79.342418,43.662445]]],[[[-79.332272,43.666202],[-79.332085,43.666058],[-79.331518,43.666272],[-79.331264,43.665669],[-79.332422,43.665417],[-79.332712,43.666106],[-79.332272,43.666202]]],[[[-79.321918,43.666842],[-79.32152438725682,43.665888912540105],[-79.324364,43.665277],[-79.32474898556431,43.66621310320685],[-79.321918,43.666842]]],[[[-79.344831,43.666246],[-79.34343,43.666578],[-79.342712,43.667505],[-79.343535,43.666442],[-79.344339,43.665041],[-79.34501177760896,43.6666659836263],[-79.344831,43.666246]]],[[[-79.333464,43.670742],[-79.33304721627225,43.669801264852055],[-79.335601,43.669232],[-79.335457,43.668877],[-79.334812,43.667396],[-79.334111,43.667551],[-79.333944,43.667134],[-79.334634,43.666983],[-79.333429,43.664139],[-79.333045,43.664231],[-79.333294,43.664798],[-79.332258,43.665028],[-79.331935,43.664263],[-79.332957,43.664036],[-79.333019,43.664176],[-79.333406,43.664086],[-79.33293,43.662995],[-79.33279,43.662678],[-79.332871,43.662861],[-79.333284,43.663797],[-79.334831,43.667439],[-79.335434,43.668819],[-79.335963,43.670068],[-79.334684,43.670351],[-79.334986,43.671027],[-79.334329,43.671171],[-79.334072,43.670604],[-79.333464,43.670742]]],[[[-79.33881791679894,43.66759902512159],[-79.340106,43.667423],[-79.34017671716003,43.66759204307431],[-79.33889,43.667788],[-79.33881791679894,43.66759902512159]]],[[[-79.33302,43.666835],[-79.333598,43.66819],[-79.332464,43.668449],[-79.331871,43.667098],[-79.33302,43.666835]]],[[[-79.342812,43.669924],[-79.343214,43.670891],[-79.341719,43.671268],[-79.341307,43.670252],[-79.342812,43.669924]]],[[[-79.326383,43.671279],[-79.32594,43.671379],[-79.325777,43.671006],[-79.322734,43.671642],[-79.327841,43.670534],[-79.326227,43.670907],[-79.326383,43.671279]]],[[[-79.323082,43.672475],[-79.323897,43.674286],[-79.322752,43.674533],[-79.3219794109584,43.67267839462006],[-79.328736,43.671182],[-79.33078265234066,43.6707588677947],[-79.32817,43.671329],[-79.328382,43.671848],[-79.328166,43.671335],[-79.323082,43.672475]]],[[[-79.338069,43.673596],[-79.3378,43.672968],[-79.338358,43.672847],[-79.338626,43.673471],[-79.338069,43.673596]]],[[[-79.327774,43.675851],[-79.336424,43.672394],[-79.336703,43.672124],[-79.33883678349498,43.670987985001574],[-79.33927,43.672023],[-79.338788,43.672131],[-79.338845,43.67227],[-79.334447,43.673335],[-79.334382,43.673238],[-79.329729,43.675087],[-79.326443,43.676456],[-79.327774,43.675851]]],[[[-79.32019030894095,43.673583377495945],[-79.32032622384841,43.673914714096796],[-79.31978491261877,43.67405395311251],[-79.319641,43.673706],[-79.32019030894095,43.673583377495945]]],[[[-79.335946,43.672202],[-79.334542,43.672856],[-79.327923,43.675443],[-79.329269,43.674907],[-79.328928,43.674166],[-79.32931745536577,43.67408511311634],[-79.329596,43.674766],[-79.334404,43.672904],[-79.335946,43.672202]]],[[[-79.339362,43.675193],[-79.338806,43.675322],[-79.338872,43.675474],[-79.338535,43.674698],[-79.339097,43.674572],[-79.339203,43.67482],[-79.33961,43.675773],[-79.339362,43.675193]]],[[[-79.33930345233111,43.67786073644965],[-79.33886169190332,43.6768415320341],[-79.341165,43.67642],[-79.340867,43.67566],[-79.34164,43.6774],[-79.33930345233111,43.67786073644965]]],[[[-79.34655370108459,43.676652481459],[-79.348952,43.676109],[-79.34716,43.676519],[-79.3477370962288,43.677932885760534],[-79.34715848112606,43.67804390409651],[-79.34655370108459,43.676652481459]]],[[[-79.319966,43.677222],[-79.320231,43.67785],[-79.321228,43.677636],[-79.320239,43.67787],[-79.320296,43.67801],[-79.321845,43.677592],[-79.320948,43.675418],[-79.321732,43.677317],[-79.322267,43.677196],[-79.322435,43.677597],[-79.323209,43.677286],[-79.318644,43.679122],[-79.316978,43.679726],[-79.319855,43.678634],[-79.318903,43.678194],[-79.319243,43.677563],[-79.320081,43.677497],[-79.319966,43.677222]]],[[[-79.326443,43.676456],[-79.326854,43.677435],[-79.329117,43.67696],[-79.329646,43.678239],[-79.3273878331219,43.67872857773729],[-79.326443,43.676457],[-79.323956,43.677431],[-79.32473080049392,43.67929091902904],[-79.31967,43.680362],[-79.322136,43.679828],[-79.32153128802338,43.678371103158646],[-79.326443,43.676456]]],[[[-79.338808,43.679211],[-79.338807,43.679302],[-79.336357,43.679811],[-79.335995,43.679729],[-79.335636,43.678899],[-79.336874,43.678632],[-79.33679230549481,43.67843392936006],[-79.337458,43.67828],[-79.3373894255968,43.67823685476917],[-79.337452,43.678274],[-79.338171,43.678969],[-79.338808,43.679211]]],[[[-79.33579461778221,43.68027933403773],[-79.336052,43.680214],[-79.34000079663096,43.6794776082863],[-79.336832,43.680098],[-79.337001,43.680477],[-79.336406,43.680604],[-79.336571,43.681009],[-79.336206,43.68023],[-79.33579461778221,43.68027933403773]]],[[[-79.330202,43.680482],[-79.330811,43.680374],[-79.33106978637913,43.68101704494209],[-79.330338,43.681171],[-79.329942,43.680471],[-79.32930168721902,43.680417],[-79.330202,43.680482]]],[[[-79.31998,43.68106],[-79.322422,43.680527],[-79.32271,43.681227],[-79.320278,43.681758],[-79.31998,43.68106]]],[[[-79.332716,43.682277],[-79.337627,43.681253],[-79.338172,43.682495],[-79.335713,43.683042],[-79.335862,43.683412],[-79.333409,43.683931],[-79.332716,43.682277]]],[[[-79.321567,43.68556],[-79.321893,43.686374],[-79.32029,43.686715],[-79.319917,43.685923],[-79.321567,43.68556]]],[[[-79.329853,43.687146],[-79.330748,43.686952],[-79.33105,43.687654],[-79.330142,43.687847],[-79.329853,43.687146]]],[[[-79.342079,43.690839],[-79.34169325332603,43.6911702066558],[-79.34149,43.690675],[-79.340445,43.690898],[-79.339918,43.689626],[-79.34097531380088,43.68941459099926],[-79.341361,43.690353],[-79.341479,43.690327],[-79.34233855182694,43.69016009279355],[-79.341844,43.690257],[-79.342079,43.690839]]],[[[-79.323506,43.691255],[-79.32346023597036,43.69125066188771],[-79.324066,43.691127],[-79.323357,43.689327],[-79.32726,43.688485],[-79.327407,43.688829],[-79.327526,43.688798],[-79.327391,43.688457],[-79.327731,43.688385],[-79.32927,43.691917],[-79.327289,43.692349],[-79.326545,43.690594],[-79.323506,43.691255]]],[[[-79.334717,43.693152],[-79.33357,43.693399],[-79.33340194373095,43.692974905062215],[-79.333724,43.692906],[-79.3335,43.692518],[-79.334101,43.692386],[-79.334296,43.692794],[-79.33455502706535,43.6927400688329],[-79.334717,43.693152]]],[[[-79.331832,43.693311],[-79.332561,43.695128],[-79.330854,43.695497],[-79.330128,43.693707],[-79.329975,43.693721],[-79.331832,43.693311]]],[[[-79.317432,43.696444],[-79.31732940221423,43.69620247658176],[-79.317763,43.696108],[-79.317864,43.696347],[-79.328018,43.694137],[-79.32874225919939,43.695939156683714],[-79.325284,43.696686],[-79.324585,43.694895],[-79.317432,43.696444]]],[[[-79.328928,43.696387],[-79.329146,43.696913],[-79.32854908517943,43.69704168810394],[-79.32833517953068,43.696515017709324],[-79.328928,43.696387]]],[[[-79.31848072953636,43.69884362718883],[-79.319365,43.698653],[-79.319092,43.698024],[-79.31820876192862,43.698210416212504],[-79.320141,43.697802],[-79.320683,43.699117],[-79.319879,43.699293],[-79.319616,43.698692],[-79.31848072953636,43.69884362718883]]],[[[-79.342091,43.707847],[-79.341387,43.708018],[-79.341782,43.708902],[-79.34209906041501,43.70883513442001],[-79.34254750132439,43.70983289047456],[-79.342378,43.709872],[-79.34014308406984,43.709454815693036],[-79.340221,43.709284],[-79.340568,43.709199],[-79.340165,43.708297],[-79.339565,43.70845],[-79.34000392822425,43.70942883993519],[-79.339303,43.709298],[-79.338986,43.708592],[-79.339497,43.708118],[-79.339587,43.707407],[-79.339914,43.707419],[-79.340387,43.707132],[-79.340599,43.706649],[-79.340348,43.706708],[-79.340583,43.705903],[-79.34048,43.705112],[-79.341124,43.704932],[-79.341656,43.704561],[-79.340303,43.705023],[-79.339152,43.704668],[-79.339189,43.704376],[-79.3397,43.70396],[-79.339522,43.703297],[-79.340018,43.702784],[-79.340927,43.702647],[-79.341629,43.70163],[-79.341845,43.700451],[-79.342994,43.700124],[-79.343463,43.700157],[-79.343574,43.699746],[-79.343883,43.699782],[-79.344133,43.700075],[-79.34466,43.699853],[-79.345395,43.700108],[-79.345428,43.700187],[-79.34519,43.700243],[-79.345906,43.701996],[-79.346273,43.702259],[-79.345671,43.702695],[-79.345613,43.702663],[-79.34402,43.701809],[-79.34371,43.701762],[-79.343176,43.701927],[-79.342472,43.70258],[-79.34128,43.70379],[-79.341254,43.704144],[-79.34239,43.705149],[-79.344577,43.703804],[-79.34631918963545,43.70476131875634],[-79.342982,43.706074],[-79.343625,43.707472],[-79.3434,43.706983],[-79.341866,43.707345],[-79.342091,43.707847]]],[[[-79.344221,43.708783],[-79.343577,43.708936],[-79.343413,43.708571],[-79.3421137470837,43.708832037115606],[-79.342645,43.70872],[-79.34223712497818,43.707811278444055],[-79.34485012562872,43.70719628121913],[-79.345328,43.708266],[-79.345163,43.707898],[-79.343981,43.70822],[-79.344122,43.70855],[-79.34517501205077,43.70830202701292],[-79.345502,43.709035],[-79.34601836291405,43.70893289801322],[-79.344491,43.709296],[-79.344493,43.709384],[-79.344221,43.708783]]],[[[-79.33549,43.708475],[-79.336551,43.709231],[-79.336326,43.709835],[-79.336476,43.710249],[-79.337589,43.711056],[-79.33513907880877,43.71166898028173],[-79.333862,43.708566],[-79.335246,43.708247],[-79.335153,43.708219],[-79.335477,43.708316],[-79.33549,43.708475]]],[[[-79.32907380303985,43.71318556139124],[-79.32871882869007,43.712395072293006],[-79.330276,43.712022],[-79.330278,43.711471],[-79.330601,43.711026],[-79.331102,43.710764],[-79.331937,43.710565],[-79.33237,43.710464],[-79.33311626829662,43.710292144308035],[-79.332584,43.710415],[-79.33334594645133,43.71217487631801],[-79.32907380303985,43.71318556139124]]],[[[-79.346487,43.7134],[-79.34475546173081,43.71376190349507],[-79.344158,43.713112],[-79.342634,43.712549],[-79.342195,43.712072],[-79.341161,43.711669],[-79.343198,43.711143],[-79.341216,43.711656],[-79.342515,43.711901],[-79.34463422844075,43.71145616195465],[-79.34549,43.713608],[-79.346487,43.7134]]],[[[-79.34921595714093,43.71263226808354],[-79.347191,43.719059],[-79.347256,43.718749],[-79.347036,43.718712],[-79.34724173016257,43.71788508458929],[-79.347561,43.717787],[-79.34921595714093,43.71263226808354]]],[[[-79.332499,43.714411],[-79.33207274657684,43.71397176930636],[-79.333014,43.714857],[-79.33324437698941,43.714918797377834],[-79.333153,43.714903],[-79.333577,43.715829],[-79.334058,43.715635],[-79.334208,43.715444],[-79.334186,43.714926],[-79.33544,43.714624],[-79.335477,43.714288],[-79.335316,43.713922],[-79.33606166111457,43.71375107768017],[-79.336351,43.714404],[-79.339241,43.713711],[-79.339825,43.713682],[-79.341122,43.714377],[-79.341474,43.715107],[-79.341146,43.715776],[-79.34056,43.716436],[-79.339836,43.716818],[-79.339619,43.717272],[-79.339857,43.718191],[-79.340306,43.718539],[-79.34036294985374,43.71874381964942],[-79.338453,43.719165],[-79.33861014986854,43.71956812357581],[-79.336757,43.720248],[-79.335695,43.720916],[-79.33562,43.721127],[-79.335766,43.720557],[-79.33495727602204,43.7187306233526],[-79.33793,43.718014],[-79.337644,43.717333],[-79.337316,43.716554],[-79.335,43.717099],[-79.334027,43.71772],[-79.32880710086643,43.71896597648682],[-79.32808205784117,43.71801698633711],[-79.329297,43.71773],[-79.329092113089,43.71727225265737],[-79.329653,43.71714],[-79.329377,43.716527],[-79.328725,43.716681],[-79.330206,43.716331],[-79.329596,43.715299],[-79.32809524243999,43.71561062880499],[-79.330201,43.715168],[-79.329895,43.714487],[-79.32939877086788,43.714604059179884],[-79.3308535028812,43.71426007238986],[-79.330728,43.71429],[-79.33148,43.715904],[-79.331446,43.716322],[-79.331826,43.716231],[-79.331911,43.715645],[-79.33137,43.714678],[-79.332499,43.714411]],[[-79.331574,43.716292],[-79.33186,43.716967],[-79.332058,43.71692],[-79.332049,43.716768],[-79.331786,43.716645],[-79.331574,43.716292]]],[[[-79.327268,43.719159],[-79.32708,43.718929],[-79.326879,43.718092],[-79.32591850177101,43.717101636730796],[-79.327809,43.718846],[-79.328582,43.720046],[-79.328033,43.719194],[-79.327779,43.719376],[-79.327268,43.719159]]],[[[-79.338874,43.720501],[-79.33872882841389,43.71987255984433],[-79.339188,43.719805],[-79.3394666369938,43.720320328633704],[-79.338874,43.720501]]],[[[-79.331925,43.719335],[-79.331368,43.718369],[-79.331971,43.719414],[-79.33322283344127,43.72195301159586],[-79.332749,43.721986],[-79.331793,43.721447],[-79.331296,43.721323],[-79.331364,43.721256],[-79.331227,43.721183],[-79.331127,43.72128],[-79.330065,43.721015],[-79.32945702718017,43.719913665965585],[-79.331925,43.719335]]],[[[-79.345803,43.724416],[-79.345032,43.724774],[-79.344647,43.724741],[-79.345646,43.724052],[-79.34549300590635,43.72339927858246],[-79.345803,43.724416]]],[[[-79.338874,43.720501],[-79.339361,43.722253],[-79.338601,43.722588],[-79.338747,43.723143],[-79.339571,43.723009],[-79.340152,43.725039],[-79.34076232632118,43.724701855230514],[-79.331392,43.72998],[-79.331471,43.73027],[-79.331051,43.728777],[-79.330951,43.725086],[-79.332582,43.723888],[-79.332543,43.723028],[-79.332907,43.722558],[-79.33344476437613,43.72239053512046],[-79.33334354612725,43.72219083425105],[-79.335801,43.721445],[-79.33562,43.721127],[-79.336568,43.721221],[-79.338874,43.720501]]],[[[-79.345904,43.72694],[-79.344996,43.72825],[-79.348769,43.729591],[-79.350061,43.728955],[-79.34729826399337,43.726175371814136],[-79.35088477738634,43.72978313075108],[-79.350158,43.73021],[-79.35026279792459,43.730317575254745],[-79.349622,43.729895],[-79.342656,43.727435],[-79.340153,43.727795],[-79.33975576386537,43.72838457155093],[-79.339666,43.728395],[-79.339503,43.728603],[-79.33904882893376,43.728911395759674],[-79.339591,43.728486],[-79.33769618637956,43.7267331724134],[-79.34385232529573,43.72320861517778],[-79.34233,43.724103],[-79.342903,43.726079],[-79.343896,43.725927],[-79.344084,43.726569],[-79.345638,43.726329],[-79.34586,43.726593],[-79.345904,43.72694]]],[[[-79.328961,43.727094],[-79.328714,43.725649],[-79.327183,43.725981],[-79.329754,43.725347],[-79.330168,43.731526],[-79.330115,43.730739],[-79.32930212651775,43.73119347821234],[-79.328507,43.730646],[-79.328251,43.730661],[-79.328251,43.730456],[-79.328465,43.730197],[-79.328318,43.728246],[-79.327737,43.727358],[-79.328961,43.727094]]],[[[-79.336705,43.730264],[-79.335069,43.728749],[-79.333678,43.729654],[-79.333283,43.729763],[-79.33378652776126,43.730189545357824],[-79.333277,43.729759],[-79.332082,43.730604],[-79.33166910094491,43.7306839267112],[-79.331471,43.73027],[-79.337000800926,43.72712825431223],[-79.33472,43.728425],[-79.336705,43.730264]]],[[[-79.339064,43.734011],[-79.337057,43.734544],[-79.336619,43.734328],[-79.336661,43.733585],[-79.337654,43.732922],[-79.337761,43.73272],[-79.337752,43.732504],[-79.337252,43.73256],[-79.338331,43.732406],[-79.339182,43.732511],[-79.338928,43.733377],[-79.339069,43.73401],[-79.339039,43.733909],[-79.339064,43.734011]]],[[[-79.348106,43.734721],[-79.348014,43.734859],[-79.346452,43.735832],[-79.346389,43.736078],[-79.346546,43.736508],[-79.342703,43.737331],[-79.342569,43.736823],[-79.342053,43.736925],[-79.343281,43.736682],[-79.342116,43.732244],[-79.344066,43.731696],[-79.344758,43.731689],[-79.345442,43.731924],[-79.34803,43.734287],[-79.348106,43.734721]]],[[[-79.322142,43.734566],[-79.3227019753494,43.735004409656945],[-79.32158646460955,43.73591896993731],[-79.32022263866938,43.735174531995746],[-79.320654,43.734951],[-79.320402,43.734765],[-79.321342,43.733857],[-79.321886,43.733616],[-79.322586,43.734259],[-79.322142,43.734566]]],[[[-79.327161,43.735924],[-79.326767,43.735597],[-79.327528,43.735071],[-79.326133,43.734519],[-79.3278,43.735168],[-79.3283318180083,43.73520641161883],[-79.328034,43.73588],[-79.327161,43.735924]]],[[[-79.340978,43.737696],[-79.338714,43.738184],[-79.338328,43.736914],[-79.337995,43.736668],[-79.337395,43.736504],[-79.337377,43.735143],[-79.337461,43.735044],[-79.337462,43.734736],[-79.340008,43.734169],[-79.339934,43.733797],[-79.340978,43.737696]]],[[[-79.320982,43.739815],[-79.323363,43.739659],[-79.323394,43.739905],[-79.324697,43.739836],[-79.324534,43.740241],[-79.32470164135104,43.7407760878007],[-79.32035,43.741113],[-79.320069,43.741961],[-79.320317,43.741115],[-79.31926,43.741184],[-79.319273,43.741622],[-79.319073,43.741899],[-79.318737,43.742072],[-79.31671085388233,43.74255963229531],[-79.317632,43.742327],[-79.317416,43.7413],[-79.31649194909652,43.74135425298866],[-79.318379,43.739869],[-79.32265258644523,43.73567209497456],[-79.32268,43.735689],[-79.318555,43.739697],[-79.319555,43.740296],[-79.320894,43.739126],[-79.320982,43.739815]]],[[[-79.341341,43.740032],[-79.341893,43.739785],[-79.3417453931868,43.739609662748315],[-79.34303268346588,43.740749385605156],[-79.342571,43.740353],[-79.342034,43.740685],[-79.34254261238655,43.74111866950051],[-79.341768,43.741387],[-79.340648,43.741256],[-79.340864,43.740974],[-79.340251,43.740288],[-79.340901,43.740228],[-79.341293,43.740053],[-79.34107,43.739713],[-79.341341,43.740032]]],[[[-79.32857,43.740547],[-79.329259,43.740717],[-79.329707,43.741766],[-79.329374,43.740987],[-79.326877,43.741555],[-79.326442,43.740542],[-79.32528023473229,43.74069826381183],[-79.32844227840947,43.74019311527684],[-79.32857,43.740547]]],[[[-79.32566003914259,43.74300672246862],[-79.324345,43.743303],[-79.323882,43.742218],[-79.326877,43.741555],[-79.325204,43.741929],[-79.32566003914259,43.74300672246862]]],[[[-79.326405,43.748571],[-79.32592921532706,43.74642179561303],[-79.327812,43.745987],[-79.328559,43.74769],[-79.326325,43.748205],[-79.326405,43.748571]]],[[[-79.345408,43.750331],[-79.346868,43.750064],[-79.34508385853206,43.74338127876823],[-79.346359,43.743875],[-79.34815269225673,43.74504948078041],[-79.346988,43.745305],[-79.347059,43.745475],[-79.34641,43.745617],[-79.346653,43.746213],[-79.346493,43.746248],[-79.346869,43.747143],[-79.348123,43.746867],[-79.348848,43.748637],[-79.348173,43.748785],[-79.348562,43.749715],[-79.34973695270037,43.7494572068406],[-79.346873,43.750086],[-79.3472105026951,43.75097523883901],[-79.346994,43.751028],[-79.346864,43.751267],[-79.34525,43.750619],[-79.344607,43.7506],[-79.344324,43.750159],[-79.344671,43.750034],[-79.345408,43.750331]]],[[[-79.329194,43.749653],[-79.32880586805398,43.74991771205703],[-79.328016,43.748194],[-79.326405,43.748571],[-79.328859,43.747954],[-79.329679,43.747481],[-79.330228,43.749276],[-79.329194,43.749653]]],[[[-79.337804,43.751705],[-79.337561,43.751305],[-79.336806,43.750909],[-79.33770613285309,43.74999106984335],[-79.339191,43.750772],[-79.338694,43.751706],[-79.337804,43.751705]]],[[[-79.324098,43.751858],[-79.325305,43.751577],[-79.325716,43.752509],[-79.323008,43.753139],[-79.322832,43.752742],[-79.322661,43.752728],[-79.322001,43.751234],[-79.322229,43.751743],[-79.32387690095695,43.751359023077995],[-79.324098,43.751858]]],[[[-79.335096,43.755073],[-79.333965,43.749924],[-79.334407,43.751833],[-79.336443,43.751352],[-79.336833,43.752015],[-79.337843,43.751804],[-79.334613,43.752808],[-79.335096,43.755073]]],[[[-79.321242,43.752614],[-79.321615,43.753463],[-79.319827,43.75388],[-79.31996182811814,43.75423799189986],[-79.319284,43.752588],[-79.319469,43.753027],[-79.321242,43.752614]]],[[[-79.334013,43.755506],[-79.334139,43.755964],[-79.33403328665726,43.75634150791075],[-79.333736,43.756284],[-79.333183,43.755886],[-79.3328,43.756111],[-79.332224,43.75588],[-79.331114,43.755069],[-79.330938,43.75469],[-79.332679,43.754403],[-79.332922,43.75501],[-79.333842,43.755326],[-79.334013,43.755506]]],[[[-79.322785,43.75632],[-79.321662,43.75694],[-79.321571,43.757415],[-79.321004,43.75715],[-79.319112,43.755968],[-79.318927,43.755769],[-79.319254,43.755634],[-79.318883,43.7557],[-79.318778,43.755535],[-79.318943,43.754966],[-79.321529,43.754408],[-79.320902,43.754553],[-79.323165,43.755979],[-79.322785,43.75632]],[[-79.321625,43.756939],[-79.320674,43.756418],[-79.320316,43.75672],[-79.321571,43.757415],[-79.321625,43.756939]]],[[[-79.32348,43.759237],[-79.324884,43.75806],[-79.326173,43.759002],[-79.326569,43.75881],[-79.326394,43.758436],[-79.3266022555989,43.758805517654125],[-79.325966,43.759149],[-79.32488186311689,43.759915449790704],[-79.32348,43.759237]]],[[[-79.328448,43.760492],[-79.330378,43.76005],[-79.330328,43.758806],[-79.330923,43.758484],[-79.33213,43.758223],[-79.33343547733674,43.75847631645801],[-79.333177,43.758871],[-79.332577,43.759108],[-79.33270076495128,43.75951905361383],[-79.329524,43.760247],[-79.327686,43.760666],[-79.328448,43.760492]]],[[[-79.32423,43.761259],[-79.32352176642246,43.760907731335536],[-79.32461551694851,43.76010988983097],[-79.324514,43.760184],[-79.324708,43.760286],[-79.326544,43.759646],[-79.325966,43.759149],[-79.326712,43.759789],[-79.327686,43.760666],[-79.322898,43.761788],[-79.323308,43.762683],[-79.322646,43.763215],[-79.322196,43.763834],[-79.321895,43.763888],[-79.321155,43.76218],[-79.322696,43.761833],[-79.324995,43.761296],[-79.32423,43.761259]]],[[[-79.339486,43.761859],[-79.339761,43.76144],[-79.339762,43.761211],[-79.341368,43.760855],[-79.34181950466942,43.7621625527958],[-79.339889,43.76262],[-79.339486,43.761859]]],[[[-79.33894652078622,43.76330194485039],[-79.337511,43.763622],[-79.337168,43.762419],[-79.336761,43.760352],[-79.337117,43.762158],[-79.337824,43.761971],[-79.33832,43.762016],[-79.33894652078622,43.76330194485039]]],[[[-79.331122,43.76384],[-79.330685,43.76286],[-79.331442,43.762682],[-79.33299291004083,43.76414206937236],[-79.332473,43.764543],[-79.33102459520018,43.76495543824303],[-79.330584,43.763957],[-79.331122,43.76384]]],[[[-79.344048,43.763345],[-79.344913,43.763428],[-79.345059,43.763144],[-79.346272,43.762067],[-79.34723,43.761752],[-79.348232,43.761626],[-79.348408,43.762472],[-79.348382,43.763145],[-79.348559,43.763324],[-79.348262,43.764014],[-79.348011,43.764218],[-79.347654,43.764332],[-79.347719,43.764434],[-79.347014,43.764525],[-79.34683521120704,43.76632664091372],[-79.346914,43.765467],[-79.34269,43.76628],[-79.339122,43.764952],[-79.33855,43.764638],[-79.3379319273665,43.76406222494057],[-79.339036,43.763816],[-79.339138,43.763633],[-79.340962,43.76329],[-79.341805,43.763475],[-79.342363,43.76461],[-79.342955,43.764908],[-79.343746,43.764857],[-79.343044,43.763201],[-79.343186,43.763535],[-79.344048,43.763345]]],[[[-79.328662,43.765596],[-79.327788,43.765689],[-79.328836,43.765533],[-79.327839,43.764568],[-79.327231,43.763608],[-79.327511,43.764047],[-79.329293,43.763714],[-79.329843,43.765176],[-79.328662,43.765596]]],[[[-79.320902,43.764273],[-79.32216152328971,43.764023094585376],[-79.321963,43.764314],[-79.322981,43.764678],[-79.32286,43.7649],[-79.322912,43.76569],[-79.32165499399457,43.76598298636217],[-79.320902,43.764273]]],[[[-79.319054,43.766585],[-79.32164067647021,43.7659863235295],[-79.322244,43.767486],[-79.322744,43.767684],[-79.332775,43.767227],[-79.322268,43.767706],[-79.320464,43.766813],[-79.319897,43.766768],[-79.31918,43.766925],[-79.319061,43.766603],[-79.318688,43.765653],[-79.319054,43.766585]]],[[[-79.334867,43.769623],[-79.336698,43.770202],[-79.337613,43.770758],[-79.337932,43.771078],[-79.338242,43.771506],[-79.337995,43.771166],[-79.335686,43.77168],[-79.336227,43.772909],[-79.335605,43.773046],[-79.33608,43.774176],[-79.336776,43.774025],[-79.336354,43.773172],[-79.33858247983687,43.7726747934322],[-79.339167,43.77562],[-79.337811,43.775506],[-79.337752,43.775833],[-79.337422,43.775792],[-79.33727768278649,43.77676004988016],[-79.337417,43.775796],[-79.33492659851267,43.775523676579894],[-79.334701,43.774477],[-79.333725,43.774696],[-79.33380092534787,43.77540030750339],[-79.33245205663073,43.775241976344326],[-79.332657,43.774704],[-79.332544,43.77429],[-79.331505,43.774216],[-79.33123718966016,43.775099374404554],[-79.331234,43.775099],[-79.330115,43.77497],[-79.327722,43.774703],[-79.32667800833646,43.77466787504684],[-79.326423,43.773597],[-79.326369,43.772698],[-79.326475,43.772544],[-79.323833,43.773046],[-79.324188,43.773966],[-79.323832,43.773046],[-79.32222363396778,43.773497175428275],[-79.320836,43.770516],[-79.320232,43.770658],[-79.32084646824414,43.77051341923667],[-79.321109,43.771047],[-79.32139,43.770981],[-79.321094,43.769961],[-79.321079,43.769405],[-79.321269,43.769155],[-79.321826,43.76893],[-79.322877,43.768814],[-79.328751,43.76878],[-79.332889,43.76915],[-79.334867,43.769623]],[[-79.333217,43.772332],[-79.333694,43.773469],[-79.334309,43.773333],[-79.333832,43.772196],[-79.333217,43.772332]]],[[[-79.318809,43.776824],[-79.318071,43.777],[-79.31823648041136,43.77729354059685],[-79.317764,43.776515],[-79.318655,43.776297],[-79.31913010399745,43.776184688000605],[-79.31859,43.776313],[-79.318809,43.776824]]],[[[-79.319057,43.775757],[-79.319595,43.775626],[-79.319786,43.776031],[-79.321099,43.775719],[-79.32075,43.774939],[-79.321886,43.774666],[-79.3226647251646,43.774476042775945],[-79.322827,43.774824],[-79.323413,43.774682],[-79.32361190694412,43.77511279845686],[-79.323017,43.775245],[-79.32336567248298,43.77599948201979],[-79.323005,43.775248],[-79.321693,43.775573],[-79.322054,43.776337],[-79.32337564179527,43.77602108562231],[-79.325393,43.780348],[-79.328575,43.779703],[-79.326714,43.780122],[-79.327633,43.781904],[-79.326269,43.782199],[-79.32637406658158,43.78242205009398],[-79.325395,43.780352],[-79.323461,43.780837],[-79.322138,43.778038],[-79.321755,43.7777],[-79.321136,43.777637],[-79.320664,43.776661],[-79.31983648311034,43.77686153842075],[-79.319486,43.776101],[-79.31913568441303,43.77618336882073],[-79.319243,43.776158],[-79.319057,43.775757]],[[-79.322098,43.775015],[-79.322833,43.774838],[-79.322777,43.774726],[-79.322045,43.774897],[-79.322098,43.775015]]],[[[-79.335767,43.779468],[-79.336319,43.779357],[-79.336014,43.778628],[-79.3356635293856,43.77867148084628],[-79.33753862424449,43.7782958765171],[-79.338594,43.778904],[-79.33889827216021,43.779388555725134],[-79.336471,43.779939],[-79.336509,43.780114],[-79.336326,43.779383],[-79.335767,43.779468]]],[[[-79.330114,43.782327],[-79.32997291409701,43.782346853405514],[-79.33212847816569,43.78183816340701],[-79.332568,43.78279],[-79.331971,43.782921],[-79.332097,43.783488],[-79.33071078228028,43.78379353809267],[-79.330456,43.783253],[-79.330542,43.783234],[-79.330114,43.782327]]],[[[-79.34651383647935,43.78330784598406],[-79.347468,43.784468],[-79.345668,43.785473],[-79.344873,43.784765],[-79.346078,43.783514],[-79.34651383647935,43.78330784598406]]],[[[-79.339567,43.786037],[-79.337424,43.786512],[-79.337197,43.785977],[-79.336899,43.786062],[-79.33734,43.785878],[-79.337409,43.785545],[-79.338662,43.785262],[-79.338988,43.785762],[-79.339567,43.786037]]],[[[-79.324005,43.784949],[-79.324189,43.785375],[-79.325619,43.786451],[-79.326147,43.787601],[-79.325082,43.787838],[-79.32471607030371,43.789339607963534],[-79.32356078101844,43.78948487721578],[-79.321809,43.785441],[-79.31687948710521,43.786584652958666],[-79.321823,43.785431],[-79.32138141398481,43.784430906220116],[-79.324145,43.783828],[-79.32461396189215,43.78482745378869],[-79.324005,43.784949]]],[[[-79.3342,43.786251],[-79.335024,43.788026],[-79.33552261474509,43.787916094813035],[-79.3315862624578,43.78880242490988],[-79.33141,43.788426],[-79.330271,43.787605],[-79.329972,43.787083],[-79.3342,43.786251]]],[[[-79.319347,43.788678],[-79.319172,43.789046],[-79.320682,43.789827],[-79.320538,43.790351],[-79.318345,43.78994],[-79.31772344934775,43.78851693634121],[-79.318529,43.788496],[-79.319347,43.788678]]],[[[-79.323628,43.793023],[-79.32360611795316,43.79343045880325],[-79.32363,43.792511],[-79.323696,43.792468],[-79.3234356014249,43.792118676429844],[-79.32367,43.791936],[-79.32347301138626,43.79134703404315],[-79.32428233888241,43.79115984677046],[-79.32498,43.792791],[-79.323628,43.793023]]],[[[-79.3384175622862,43.79052898997487],[-79.338978,43.791714],[-79.339851,43.791382],[-79.338247,43.791993],[-79.337018,43.792282],[-79.337271,43.793149],[-79.336984,43.793529],[-79.33845,43.794292],[-79.335977,43.793041],[-79.335012,43.792761],[-79.333604,43.792714],[-79.331412,43.793106],[-79.331036,43.792309],[-79.330151,43.792506],[-79.331041,43.792307],[-79.33013511838067,43.79039903202215],[-79.330788,43.791764],[-79.331813,43.791528],[-79.331978,43.791878],[-79.33263,43.791733],[-79.333086,43.792365],[-79.333482,43.792525],[-79.336819,43.791845],[-79.336409,43.790954],[-79.3384175622862,43.79052898997487]]],[[[-79.32709738086368,43.79255583395385],[-79.326697,43.792629],[-79.326844,43.793399],[-79.327424,43.793992],[-79.32755873410413,43.79396213236993],[-79.327289,43.794023],[-79.325969,43.794331],[-79.3226276961837,43.795096489001644],[-79.322845,43.795046],[-79.323108,43.79402],[-79.32351113223432,43.79367637776217],[-79.32421,43.793882],[-79.325461,43.793598],[-79.32498,43.792791],[-79.325815,43.792594],[-79.32709738086368,43.79255583395385]]],[[[-79.325682,43.795736],[-79.326768,43.795486],[-79.32755013052004,43.797152765307466],[-79.32624482111639,43.79693381897646],[-79.326407,43.796521],[-79.32604500676966,43.79652890909579],[-79.325682,43.795736]]],[[[-79.3366623758889,43.797264198454364],[-79.336143,43.796048],[-79.33736706400828,43.79582467520003],[-79.337878,43.796982],[-79.3366623758889,43.797264198454364]]],[[[-79.331202,43.797817],[-79.330198,43.796457],[-79.33263032140614,43.79973839219564],[-79.332026,43.798925],[-79.330117,43.799533],[-79.33033145131579,43.8],[-79.32885704885308,43.8],[-79.32822984492105,43.798632839062655],[-79.331202,43.797817]]],[[[-79.324537,43.799484],[-79.32282670908855,43.79915213759053],[-79.32207585320616,43.79778421375829],[-79.322542,43.797901],[-79.324292,43.797497],[-79.324128,43.797119],[-79.324343,43.797613],[-79.323707,43.799292],[-79.324537,43.799484]]],[[[-79.337338,43.797416],[-79.337619,43.798003],[-79.339466,43.797572],[-79.339333,43.797271],[-79.339913,43.798579],[-79.339959,43.798933],[-79.338298,43.799519],[-79.337338,43.797416]]],[[[-79.34419468409155,43.8],[-79.34235803773585,43.8],[-79.344073,43.79944],[-79.34419468409155,43.8]]],[[[-79.302055,43.664756],[-79.30241717774952,43.664909571616384],[-79.298441,43.666059],[-79.296984,43.666079],[-79.297089,43.666232],[-79.297015,43.66631],[-79.296164,43.666086],[-79.29596,43.666471],[-79.295655,43.666683],[-79.295353,43.666529],[-79.295455,43.666431],[-79.295374,43.66634],[-79.29476,43.6663],[-79.294693,43.666126],[-79.294784,43.666078],[-79.29475,43.666215],[-79.295114,43.666268],[-79.295288,43.666082],[-79.295072,43.665976],[-79.296879,43.665358],[-79.298015,43.665256],[-79.298403,43.665521],[-79.298989,43.665472],[-79.299419,43.665658],[-79.301354,43.665176],[-79.302055,43.664756]]],[[[-79.292726,43.6673],[-79.2934783177142,43.66728070158444],[-79.292611,43.667741],[-79.29106157299049,43.668159281108544],[-79.291449,43.667966],[-79.291626,43.667699],[-79.292169,43.667757],[-79.292726,43.6673]]],[[[-79.304389,43.667825],[-79.303407,43.668047],[-79.303271,43.667719],[-79.304251,43.667497],[-79.304389,43.667825]]],[[[-79.315139,43.670696],[-79.314679,43.670808],[-79.31474372255926,43.6709300757182],[-79.313784,43.671192],[-79.313955,43.671516],[-79.313658,43.670956],[-79.313437,43.670561],[-79.315017,43.670225],[-79.315139,43.670696]]],[[[-79.292449,43.671321],[-79.292403,43.671212],[-79.2978177494683,43.67006905288231],[-79.298295,43.670035],[-79.298448,43.670382],[-79.300003,43.670033],[-79.299831,43.669628],[-79.301236,43.669245],[-79.301301,43.669401],[-79.302271,43.669088],[-79.3019182366994,43.668234947251385],[-79.30280014001822,43.668038414498206],[-79.302858,43.668172],[-79.303407,43.668047],[-79.303691,43.668728],[-79.305589,43.668301],[-79.3050217999601,43.666912199902306],[-79.305625,43.668389],[-79.310187,43.667369],[-79.310697,43.667183],[-79.31057930939832,43.66689520197402],[-79.310742,43.667207],[-79.311273,43.667088],[-79.3101137936528,43.66428149413498],[-79.309753,43.663397],[-79.310451,43.665092],[-79.311658,43.664829],[-79.311813,43.665206],[-79.314396,43.664625],[-79.3149,43.665791],[-79.316216,43.665494],[-79.315328,43.665702],[-79.315516,43.666134],[-79.316407,43.665965],[-79.316751,43.666792],[-79.317192,43.666718],[-79.314239,43.667358],[-79.314177,43.667243],[-79.313708,43.66735],[-79.313792,43.667557],[-79.313538,43.667017],[-79.312594,43.667244],[-79.308775,43.668084],[-79.308947,43.668499],[-79.305936,43.669142],[-79.30619209591858,43.66975756571477],[-79.305951,43.669179],[-79.301764,43.670168],[-79.301489,43.670056],[-79.301049,43.67015],[-79.301088,43.670245],[-79.30064,43.670339],[-79.3007,43.670493],[-79.300514,43.670532],[-79.30183,43.673742],[-79.300451,43.670381],[-79.295892,43.671308],[-79.29595,43.671464],[-79.293476,43.671974],[-79.293376,43.671735],[-79.29285823138348,43.67184473901313],[-79.292739,43.671583],[-79.291858,43.671759],[-79.291986,43.672079],[-79.29066612713741,43.67245040144091],[-79.290632,43.672371],[-79.290072,43.672487],[-79.290348,43.673153],[-79.289172,43.673374],[-79.288949,43.672834],[-79.287754,43.67306],[-79.287684,43.672886],[-79.286405,43.673201],[-79.286451,43.673306],[-79.286035,43.673391],[-79.286086,43.673511],[-79.285451,43.673643],[-79.285365,43.673434],[-79.284883,43.673533],[-79.284924,43.673634],[-79.284299,43.673763],[-79.286918,43.680135],[-79.284266,43.673683],[-79.281362,43.674282],[-79.28156930537918,43.67478615231445],[-79.281155,43.674877],[-79.280989,43.674573],[-79.28047964286613,43.67471274319938],[-79.280736,43.674626],[-79.280682,43.674543],[-79.280353,43.674616],[-79.28040317654543,43.674733721895045],[-79.27987,43.67488],[-79.279948,43.67507],[-79.279659,43.675134],[-79.279709,43.675266],[-79.279381,43.675337],[-79.279387,43.675001],[-79.27903264206165,43.6747081497867],[-79.281216,43.673955],[-79.28004556201917,43.67115763800783],[-79.280334,43.671847],[-79.281064,43.673548],[-79.285719,43.672507],[-79.285666,43.672377],[-79.285721,43.672511],[-79.286739,43.672299],[-79.286333,43.671313],[-79.286738,43.672296],[-79.290845,43.671539],[-79.291599,43.671497],[-79.292449,43.671321]],[[-79.312695,43.666559],[-79.313265,43.666159],[-79.313176,43.66594],[-79.312205,43.666155],[-79.312346,43.666496],[-79.311138,43.666759],[-79.31144,43.667493],[-79.312594,43.667244],[-79.312695,43.666559]],[[-79.28458,43.673705],[-79.284522,43.673557],[-79.284235,43.673605],[-79.284299,43.673763],[-79.28458,43.673705]]],[[[-79.29643,43.674175],[-79.29850304984356,43.67370963901852],[-79.298757,43.674348],[-79.29893355261741,43.67431043561332],[-79.299213,43.675006],[-79.299295,43.674989],[-79.29734961162895,43.67549443548752],[-79.296793,43.674095],[-79.29643,43.674175]]],[[[-79.309054,43.674924],[-79.309341,43.675657],[-79.30865378458547,43.67569678092124],[-79.30817010758022,43.67452299303893],[-79.30902,43.674468],[-79.309054,43.674924]]],[[[-79.307135,43.676906],[-79.306179,43.677077],[-79.306053,43.67677],[-79.305817,43.676631],[-79.305994,43.676496],[-79.305447,43.67609],[-79.307006,43.674738],[-79.306555,43.675136],[-79.307324,43.675555],[-79.30778,43.676328],[-79.306973,43.676507],[-79.307135,43.676906]]],[[[-79.315188,43.676278],[-79.31553641219868,43.676725165974744],[-79.31467576874593,43.67744551956987],[-79.313782,43.675311],[-79.316059,43.674869],[-79.316244,43.675322],[-79.316073,43.674905],[-79.314705,43.675132],[-79.315188,43.676278]]],[[[-79.304088,43.676941],[-79.304447,43.677202],[-79.303435,43.677627],[-79.303808,43.677469],[-79.30355,43.677159],[-79.304088,43.676941]]],[[[-79.29984041765223,43.67852803773794],[-79.300297,43.67844],[-79.30048479135753,43.67890433982434],[-79.300221,43.678982],[-79.29985379489936,43.67905136096345],[-79.300036,43.679014],[-79.29984041765223,43.67852803773794]]],[[[-79.29457105411726,43.67970713292343],[-79.295062,43.680913],[-79.294588,43.681025],[-79.294684,43.681258],[-79.294495,43.681295],[-79.294257,43.680718],[-79.294145,43.68074],[-79.29376603011042,43.67988906760941],[-79.29457105411726,43.67970713292343]]],[[[-79.293787,43.680556],[-79.293939,43.680904],[-79.293054,43.681206],[-79.292783,43.680566],[-79.293404,43.680446],[-79.29325228581496,43.68007730910339],[-79.293441,43.680529],[-79.293787,43.680556]]],[[[-79.30993583388448,43.68074555991778],[-79.31061014623918,43.68044376353558],[-79.310755,43.680793],[-79.310095,43.681114],[-79.30993583388448,43.68074555991778]]],[[[-79.31209747260274,43.68160080432447],[-79.311856,43.681276],[-79.313995,43.680455],[-79.314233,43.680785],[-79.315951,43.680142],[-79.31209747260274,43.68160080432447]]],[[[-79.292706,43.683674],[-79.291948,43.681863],[-79.293209,43.681577],[-79.293956,43.683404],[-79.292706,43.683674]]],[[[-79.293986,43.685306],[-79.292967,43.685528],[-79.293191,43.686087],[-79.29188,43.686373],[-79.291986,43.686655],[-79.291868,43.686376],[-79.2878902677658,43.687212942897204],[-79.291707,43.686399],[-79.291488,43.685846],[-79.298758,43.684249],[-79.29803568110219,43.682516381944424],[-79.299483,43.682197],[-79.29987288011418,43.6831450266413],[-79.29914,43.683305],[-79.29927311231778,43.6836246638872],[-79.299007,43.683692],[-79.299199,43.684155],[-79.29950909505294,43.68408857420496],[-79.294345,43.685227],[-79.2945798479956,43.685806621556075],[-79.294188,43.685892],[-79.293986,43.685306]],[[-79.299035,43.68419],[-79.298843,43.683728],[-79.298566,43.683788],[-79.298758,43.684249],[-79.299035,43.68419]]],[[[-79.313207,43.684555],[-79.313368,43.684925],[-79.313849,43.684844],[-79.31392558894169,43.68502368944009],[-79.313566,43.685105],[-79.313722,43.685483],[-79.313305,43.685572],[-79.312941,43.684707],[-79.312424,43.684821],[-79.312389,43.684737],[-79.313207,43.684555]]],[[[-79.317558,43.6873],[-79.31627,43.687577],[-79.315925,43.686773],[-79.31722,43.686491],[-79.317558,43.6873]]],[[[-79.30587356436642,43.687696699793555],[-79.305711,43.687323],[-79.306235,43.687204],[-79.30639729766459,43.687576097084666],[-79.30587356436642,43.687696699793555]]],[[[-79.31041,43.686667],[-79.310463,43.686791],[-79.310633,43.687183],[-79.310888,43.687773],[-79.311029,43.6881],[-79.310893,43.687785],[-79.309222,43.688238],[-79.3087119063234,43.687053526932615],[-79.31041,43.686667]]],[[[-79.29691317486353,43.68839178688426],[-79.29698827251421,43.687731720120524],[-79.297099,43.687618],[-79.30078,43.686759],[-79.300596,43.686444],[-79.30011699094348,43.686562577825285],[-79.30162117536254,43.68613452380548],[-79.301978,43.686998],[-79.304567,43.686408],[-79.302197,43.68695],[-79.301375,43.687146],[-79.301832,43.688145],[-79.296791,43.689302],[-79.29788,43.689049],[-79.297722,43.688651],[-79.296849,43.688837],[-79.29687248934137,43.68867404269421],[-79.297712,43.688625],[-79.297298,43.687701],[-79.297009,43.687735],[-79.29691317486353,43.68839178688426]]],[[[-79.300183,43.689085],[-79.293504,43.690604],[-79.30316064051678,43.68834518930184],[-79.300183,43.689085]]],[[[-79.298993,43.691281],[-79.299135,43.691663],[-79.298047,43.691886],[-79.29773,43.691098],[-79.29863,43.690892],[-79.2983,43.690036],[-79.299164,43.689841],[-79.29953,43.690686],[-79.298812,43.69085],[-79.298997,43.69128],[-79.303391,43.690269],[-79.298993,43.691281]]],[[[-79.296344,43.692381],[-79.296187,43.69204],[-79.297041,43.691808],[-79.297083,43.692211],[-79.296344,43.692381]]],[[[-79.303751,43.695079],[-79.30346496343678,43.69514391585888],[-79.302665,43.693303],[-79.301494,43.693513],[-79.302122,43.694951],[-79.301941,43.694992],[-79.302139,43.695446],[-79.301006,43.695604],[-79.301149,43.695571],[-79.300143,43.69332],[-79.299664,43.693429],[-79.299593,43.693262],[-79.300768,43.693008],[-79.300094,43.691461],[-79.301748,43.69117],[-79.303275,43.694706],[-79.303561,43.694642],[-79.303751,43.695079]]],[[[-79.31118,43.69588],[-79.310373,43.693925],[-79.31157,43.693626],[-79.312396,43.695585],[-79.312716,43.6958],[-79.312444,43.696036],[-79.311769,43.696203],[-79.31118,43.69588]]],[[[-79.299503,43.695211],[-79.299031,43.695953],[-79.29739215708594,43.69520820432557],[-79.297353,43.694908],[-79.29733680243379,43.69457261509967],[-79.297813,43.694565],[-79.297856,43.695035],[-79.299197,43.695202],[-79.299503,43.695211]],[[-79.297341,43.694599],[-79.29738,43.695113],[-79.297868,43.695176],[-79.297813,43.694565],[-79.297341,43.694599]]],[[[-79.297415,43.695965],[-79.297134,43.697285],[-79.295693,43.697256],[-79.295229,43.696896],[-79.29512,43.696972],[-79.294443,43.696863],[-79.293597,43.696997],[-79.29326,43.697277],[-79.29089246111103,43.697493591879805],[-79.2897106237097,43.69460896315063],[-79.291538,43.694501],[-79.295192,43.694967],[-79.295166,43.695075],[-79.296391,43.695235],[-79.296477,43.695134],[-79.29739349160378,43.695252417481925],[-79.297415,43.695965]]],[[[-79.315241,43.698947],[-79.31646098265796,43.698666234130314],[-79.316901,43.699577],[-79.318663,43.699268],[-79.317193,43.699658],[-79.31752782510702,43.700427701503415],[-79.31576686708385,43.700153695000424],[-79.315241,43.698947]]],[[[-79.295257,43.698089],[-79.295622,43.698109],[-79.296288,43.697617],[-79.301976,43.697796],[-79.302331,43.699127],[-79.302012,43.698058],[-79.300544,43.698357],[-79.299523,43.698571],[-79.299709,43.698996],[-79.300721,43.698761],[-79.298152,43.699366],[-79.298319,43.699745],[-79.298833,43.699649],[-79.29895,43.699914],[-79.299603,43.699822],[-79.29947,43.699853],[-79.299493,43.700295],[-79.299456,43.699856],[-79.298973,43.699967],[-79.29915280699146,43.70037356394364],[-79.297956,43.700562],[-79.297943,43.700912],[-79.298678,43.700882],[-79.301004,43.700359],[-79.30019,43.700546],[-79.30090209765369,43.70214497383388],[-79.298769,43.702635],[-79.299343,43.703462],[-79.298886,43.703562],[-79.297826803984,43.70380054083922],[-79.297681,43.703459],[-79.296808,43.703656],[-79.296587,43.704125],[-79.296844,43.703521],[-79.29693,43.702257],[-79.296466,43.702329],[-79.296393,43.701458],[-79.29694,43.701329],[-79.297034,43.699123],[-79.296434,43.699251],[-79.2964,43.700153],[-79.296433,43.699252],[-79.292258,43.700187],[-79.294084,43.699777],[-79.294086,43.69896],[-79.294372,43.698917],[-79.295257,43.698089]],[[-79.296911,43.702806],[-79.29737747223133,43.702757585794],[-79.297406,43.703007],[-79.297824,43.702945],[-79.297494,43.702173],[-79.29693,43.702257],[-79.296911,43.702806]],[[-79.297688,43.701252],[-79.29769,43.70091],[-79.297484,43.700909],[-79.297477,43.701249],[-79.297688,43.701252]]],[[[-79.306388,43.705176],[-79.306521,43.705286],[-79.305907,43.705494],[-79.305171,43.705102],[-79.305029,43.704824],[-79.30471951723824,43.70412014777612],[-79.30494,43.70462],[-79.305486,43.70444],[-79.305348,43.704148],[-79.30589,43.70403],[-79.306185,43.70446],[-79.307249,43.704902],[-79.306388,43.705176]]],[[[-79.316422,43.704938],[-79.317933,43.704598],[-79.318586,43.706147],[-79.31708,43.70648],[-79.316422,43.704938]]],[[[-79.313329,43.706833],[-79.313679,43.7062],[-79.314199,43.705706],[-79.313957,43.705147],[-79.312836,43.705396],[-79.314083,43.705119],[-79.314495,43.70506],[-79.31508572915705,43.70511700725307],[-79.314993,43.705119],[-79.314866,43.706005],[-79.315899,43.707817],[-79.315507,43.708317],[-79.31589189026788,43.708478138270046],[-79.315023,43.709573],[-79.311017,43.707905],[-79.3107550275698,43.70828225816967],[-79.3111,43.707778],[-79.312411,43.705992],[-79.312146,43.70636],[-79.313329,43.706833]]],[[[-79.305313,43.707071],[-79.30585,43.706951],[-79.306178,43.707316],[-79.30693687752401,43.709087499200734],[-79.305871,43.709327],[-79.30564,43.708806],[-79.30540248148326,43.70885867147024],[-79.304679,43.707213],[-79.300777,43.708086],[-79.30451,43.70725],[-79.30431955693828,43.70684653557542],[-79.30563416184786,43.706576512619876],[-79.305145,43.706685],[-79.305313,43.707071]]],[[[-79.294453,43.71094],[-79.293289,43.711202],[-79.29255337406615,43.70949713719385],[-79.293427,43.7093],[-79.293208,43.708793],[-79.293707,43.708678],[-79.293933,43.709193],[-79.29349,43.709287],[-79.29376,43.709908],[-79.29394703160129,43.70986507471446],[-79.294453,43.71094]]],[[[-79.29041504730978,43.710391989625045],[-79.29025645179946,43.7100154469104],[-79.29093579706236,43.70986214992871],[-79.291443,43.71104],[-79.291099,43.710242],[-79.29041504730978,43.710391989625045]]],[[[-79.297532,43.712539],[-79.296821,43.710842],[-79.2966343557032,43.7103790134191],[-79.297405,43.712234],[-79.298747,43.711912],[-79.299172,43.712794],[-79.29777770999905,43.71311760312343],[-79.297532,43.712539]]],[[[-79.310762,43.711277],[-79.308568,43.714034],[-79.308818,43.714138],[-79.308442,43.714614],[-79.307783,43.714338],[-79.307436,43.714773],[-79.306879,43.71454],[-79.305589,43.714804],[-79.30535262630085,43.71508481195459],[-79.30456,43.715258],[-79.30448139472298,43.7150729293478],[-79.304677,43.715029],[-79.30696824371513,43.712146787979044],[-79.3069,43.712233],[-79.307427,43.712453],[-79.310132,43.709074],[-79.30897,43.710531],[-79.310762,43.711277]],[[-79.30553,43.714874],[-79.306787,43.713273],[-79.306253,43.713047],[-79.304985,43.714642],[-79.30553,43.714874]]],[[[-79.295944,43.717143],[-79.295545,43.716198],[-79.297039,43.715866],[-79.297614,43.717229],[-79.299378,43.716886],[-79.295822,43.717629],[-79.295491,43.717565],[-79.295367,43.717268],[-79.295944,43.717143]]],[[[-79.308737,43.718],[-79.30834,43.717057],[-79.309041,43.7169],[-79.309434,43.717846],[-79.308737,43.718]]],[[[-79.29402705050613,43.71713687879044],[-79.29469217004883,43.71871700507155],[-79.294285,43.71775],[-79.289377,43.718835],[-79.293696,43.71788],[-79.293436,43.717264],[-79.29352,43.717463],[-79.294112,43.717339],[-79.29402705050613,43.71713687879044]]],[[[-79.302949,43.717802],[-79.30286387365317,43.717119076273704],[-79.303569,43.717041],[-79.30353323812257,43.71593039502858],[-79.304942,43.715977],[-79.30502140714111,43.71580446818245],[-79.304812,43.716851],[-79.305387,43.716724],[-79.30645844865224,43.71648833812393],[-79.306183,43.716549],[-79.306665,43.717704],[-79.305431,43.717994],[-79.305709,43.718658],[-79.306798,43.718426],[-79.307174,43.719319],[-79.308119,43.719106],[-79.307745,43.718218],[-79.307207,43.718336],[-79.30819474603689,43.71811905577935],[-79.308928,43.719876],[-79.308356,43.720004],[-79.30890158934685,43.7203112812067],[-79.308397,43.720811],[-79.31158234550543,43.72251055178232],[-79.310265,43.721862],[-79.309863,43.722011],[-79.31037057716938,43.72237377560701],[-79.3089936904124,43.72253277488455],[-79.308888,43.722087],[-79.3083527413501,43.722077896961736],[-79.30796,43.72111],[-79.306604,43.721404],[-79.30677101261814,43.72180179369051],[-79.30638,43.720899],[-79.306467,43.720744],[-79.306347,43.72045],[-79.30611895871893,43.72049990094914],[-79.305771,43.719665],[-79.304316,43.719985],[-79.304167,43.720931],[-79.30586224451828,43.720556691399906],[-79.304785,43.720795],[-79.305061,43.721466],[-79.304833,43.720913],[-79.304144,43.721063],[-79.304127,43.721161],[-79.30447,43.718951],[-79.3011737182697,43.719656575041405],[-79.30145,43.719595],[-79.301148,43.71888],[-79.3003,43.719067],[-79.30041736652136,43.71935674859961],[-79.29979,43.717859],[-79.300279,43.719016],[-79.301307,43.718789],[-79.30085108970948,43.717821190435934],[-79.301018,43.717785],[-79.302193,43.717852],[-79.300894,43.717812],[-79.301208,43.718555],[-79.303651,43.718075],[-79.303513,43.717749],[-79.302949,43.717802]]],[[[-79.301271,43.720049],[-79.30075444192695,43.720161468328044],[-79.30059681245436,43.719785150316476],[-79.30111121341558,43.71967050552815],[-79.301271,43.720049]]],[[[-79.30101013056371,43.72080805360698],[-79.3013413056785,43.72160110337129],[-79.3007648841152,43.721730725808264],[-79.300429,43.720936],[-79.30101013056371,43.72080805360698]]],[[[-79.30376626248061,43.72206023996093],[-79.30470594135325,43.721888012492435],[-79.304847,43.722228],[-79.303884,43.722435],[-79.30405640644621,43.722860718710756],[-79.303771,43.722164],[-79.303002,43.722855],[-79.30376626248061,43.72206023996093]]],[[[-79.28873,43.734413],[-79.288755,43.734109],[-79.288134,43.732581],[-79.286474,43.732945],[-79.285827,43.731357],[-79.278916,43.73286],[-79.28005770061728,43.73347406342479],[-79.279224,43.733653],[-79.279862,43.735226],[-79.282311,43.734686],[-79.282198,43.734711],[-79.283107,43.73614],[-79.282799,43.735656],[-79.28026,43.736211],[-79.2807623100604,43.73745636326398],[-79.278153,43.731022],[-79.27614712081864,43.731484972114146],[-79.27618,43.731283],[-79.275751,43.730986],[-79.274712,43.731148],[-79.27454111561396,43.730699303571164],[-79.27712,43.730126],[-79.276714,43.729193],[-79.277603,43.728987],[-79.277369,43.728422],[-79.277051,43.727728],[-79.276926,43.727436],[-79.276031,43.725358],[-79.27586,43.72496],[-79.27570976278352,43.724606460128186],[-79.27669,43.726887],[-79.27978,43.726226],[-79.279962,43.726699],[-79.27998,43.727249],[-79.282046,43.726779],[-79.282868,43.727035],[-79.283338,43.726345],[-79.283479,43.726683],[-79.283777,43.726822],[-79.284132,43.727647],[-79.285198,43.727408],[-79.284872,43.726633],[-79.285154,43.72657],[-79.283931,43.723707],[-79.284175,43.72365],[-79.282611,43.719949],[-79.2818710495864,43.720121140495955],[-79.282861,43.71989],[-79.281986,43.717826],[-79.27729,43.718892],[-79.276835,43.719098],[-79.27665,43.719764],[-79.276366,43.719831],[-79.275858,43.720902],[-79.276917,43.723376],[-79.275338,43.723735],[-79.27545515415362,43.72400962451394],[-79.275131,43.723261],[-79.27469319500912,43.72386337136228],[-79.275132,43.723259],[-79.274941,43.722817],[-79.27676943021844,43.71897919594938],[-79.277535,43.717561],[-79.280345,43.71693],[-79.28031041027643,43.71684790507669],[-79.2827666240465,43.716181122775154],[-79.283782,43.716003],[-79.285352,43.716016],[-79.28793902996227,43.71544443566833],[-79.288828,43.717541],[-79.289377,43.718835],[-79.289015,43.717984],[-79.286503,43.718533],[-79.286572,43.718696],[-79.287611,43.71881],[-79.288458,43.719193],[-79.289019,43.719741],[-79.289418,43.720583],[-79.292969,43.719762],[-79.29379,43.721704],[-79.293646,43.721736],[-79.294305,43.7233],[-79.29642024277032,43.72283083336383],[-79.297417,43.725162],[-79.297659,43.726233],[-79.299039,43.729529],[-79.302952,43.727413],[-79.30274702895186,43.72690997472128],[-79.303471,43.726687],[-79.302645,43.724723],[-79.3021,43.723381],[-79.302293,43.723856],[-79.303359,43.723711],[-79.303645,43.724424],[-79.304134,43.724317],[-79.303663,43.724469],[-79.303723,43.724693],[-79.307496,43.725123],[-79.308006,43.724773],[-79.307683,43.724009],[-79.30746046781171,43.72346868199299],[-79.308756,43.723188],[-79.30857401554029,43.722744523306915],[-79.308973,43.723715],[-79.31090211695751,43.723296062025995],[-79.311479,43.723602],[-79.312139,43.722948],[-79.311899,43.72282],[-79.31565822870884,43.7208893961297],[-79.315964,43.721419],[-79.315953,43.721847],[-79.315271,43.722873],[-79.310576,43.725285],[-79.319899,43.723346],[-79.320423,43.724609],[-79.319542,43.725005],[-79.31987123093518,43.725805832004504],[-79.318098,43.72618],[-79.315555,43.726261],[-79.31009,43.72552],[-79.304262,43.728583],[-79.30446255613111,43.729078704819855],[-79.304263,43.728594],[-79.295954,43.732967],[-79.295478,43.733964],[-79.29612394053483,43.735535855295254],[-79.29558278692112,43.73565417203517],[-79.294763,43.733664],[-79.290768,43.735622],[-79.290145,43.734096],[-79.28739505185193,43.735439528126086],[-79.288541,43.734689],[-79.28873,43.734413]],[[-79.308304,43.724625],[-79.308014,43.723928],[-79.307681,43.724002],[-79.308006,43.724773],[-79.308304,43.724625]],[[-79.291768,43.727877],[-79.291412,43.727008],[-79.290907,43.727121],[-79.291268,43.728003],[-79.291768,43.727877]]],[[[-79.317519,43.728294],[-79.317534,43.727541],[-79.314503,43.727533],[-79.317683,43.727539],[-79.318446,43.727433],[-79.318689,43.728042],[-79.319061,43.727962],[-79.317519,43.728294]]],[[[-79.311866,43.731634],[-79.312886,43.73142],[-79.310195,43.731988],[-79.309762,43.730451],[-79.313019,43.730029],[-79.311414,43.730289],[-79.311866,43.731634]]],[[[-79.30676,43.734659],[-79.30692660708537,43.735061085184746],[-79.306189,43.735221],[-79.30602,43.734808],[-79.305765,43.734856],[-79.30676,43.734659]]],[[[-79.31483780596479,43.735240972938136],[-79.314952,43.736654],[-79.315257,43.736738],[-79.31324,43.73647],[-79.313096,43.736128],[-79.312587,43.73624],[-79.312495,43.736031],[-79.313189,43.735878],[-79.313052,43.735584],[-79.31483780596479,43.735240972938136]]],[[[-79.30677216962988,43.73688696305294],[-79.30659518623081,43.73645395908735],[-79.30742484095602,43.73627169400366],[-79.307603,43.736706],[-79.30677216962988,43.73688696305294]]],[[[-79.29168,43.73788],[-79.292588,43.737677],[-79.292983,43.737708],[-79.294998,43.738463],[-79.295162,43.738563],[-79.295518,43.739444],[-79.295222,43.738733],[-79.2922884925756,43.739364893896465],[-79.29168,43.73788]]],[[[-79.299853,43.740229],[-79.301624,43.739848],[-79.301318,43.739101],[-79.302837,43.738772],[-79.30263,43.738276],[-79.30316126742267,43.73951801708272],[-79.299853,43.740229]]],[[[-79.310358,43.74022],[-79.31275,43.739856],[-79.312994,43.74074],[-79.314381,43.740792],[-79.31479706225778,43.74039077151544],[-79.31604480329644,43.74107389230754],[-79.315872,43.741393],[-79.312817,43.741622],[-79.309794,43.742144],[-79.30965619725717,43.74176595707721],[-79.310497,43.741583],[-79.310384,43.741307],[-79.309556,43.741489],[-79.30964390839704,43.74173224427504],[-79.308972,43.740017],[-79.307162,43.740386],[-79.306653,43.738933],[-79.3058599718603,43.73910175540984],[-79.305348,43.738482],[-79.306149,43.738295],[-79.306301,43.738664],[-79.308232,43.73824],[-79.3081162605611,43.73795773561326],[-79.308883,43.739794],[-79.309695,43.739615],[-79.309949,43.740072],[-79.310358,43.74022]]],[[[-79.30535622278704,43.73920954070012],[-79.306075,43.740954],[-79.304827,43.741221],[-79.304654,43.7408],[-79.3037546784059,43.740992357650775],[-79.30322297585448,43.739659794031475],[-79.30535622278704,43.73920954070012]]],[[[-79.314674,43.744294],[-79.316208,43.742866],[-79.31653210931526,43.7426426025528],[-79.317012,43.743764],[-79.314682,43.744287],[-79.31442381898437,43.74457380222538],[-79.314674,43.744294]]],[[[-79.299706,43.744283],[-79.30006190115569,43.74420827394426],[-79.30034696820833,43.74492692007925],[-79.29998978996801,43.74500487880431],[-79.299706,43.744283]]],[[[-79.315555,43.745505],[-79.316926,43.745198],[-79.317544,43.746781],[-79.316677,43.747544],[-79.316227,43.74704],[-79.315555,43.745505]]],[[[-79.306076,43.746806],[-79.306876,43.748791],[-79.30547360859448,43.745312874538044],[-79.30810356909413,43.74477070728242],[-79.30807,43.744969],[-79.308597,43.746292],[-79.306076,43.746806]]],[[[-79.305103,43.750924],[-79.304945,43.750543],[-79.305482,43.750426],[-79.305252,43.749853],[-79.305374,43.749827],[-79.304856,43.748534],[-79.304204,43.748676],[-79.30416,43.748572],[-79.304814,43.74843],[-79.304378,43.747343],[-79.305431,43.747114],[-79.306165,43.748946],[-79.30690267568139,43.748857070147565],[-79.306191,43.749011],[-79.306575,43.749773],[-79.306663,43.750186],[-79.306571,43.750277],[-79.30691056506814,43.75039884393622],[-79.305827727286,43.751992939374404],[-79.306459,43.751063],[-79.305824,43.751202],[-79.305664,43.750802],[-79.305103,43.750924]]],[[[-79.29916,43.744397],[-79.303653,43.755823],[-79.302256,43.752322],[-79.299405,43.745132],[-79.299321,43.744921],[-79.298606,43.745076],[-79.298353,43.744604],[-79.29916,43.744397]]],[[[-79.312646,43.750364],[-79.314159,43.750022],[-79.312652,43.750383],[-79.31333394594553,43.75241908107985],[-79.313263,43.752213],[-79.312354,43.752383],[-79.31088,43.748123],[-79.310629,43.748168],[-79.311815,43.747953],[-79.312646,43.750364]]],[[[-79.316521,43.750711],[-79.316044,43.749586],[-79.316048,43.749323],[-79.316599,43.749306],[-79.316936,43.749163],[-79.31715,43.74929],[-79.318787,43.748989],[-79.318961,43.749163],[-79.319447,43.749235],[-79.319692,43.749796],[-79.319242,43.749898],[-79.319505,43.750967],[-79.3168944377293,43.75160189354343],[-79.316521,43.750711]]],[[[-79.300905,43.753877],[-79.300731,43.753449],[-79.300023,43.7536],[-79.29979619747488,43.75284765505984],[-79.30008,43.752787],[-79.299766,43.752771],[-79.299143,43.751223],[-79.299267,43.751019],[-79.30048,43.75098],[-79.30092,43.752094],[-79.301506,43.751972],[-79.30094,43.752144],[-79.301404,43.753305],[-79.30084,43.753425],[-79.301014,43.753853],[-79.300905,43.753877]]],[[[-79.295215,43.752586],[-79.29572,43.752343],[-79.295345,43.752533],[-79.29589,43.753786],[-79.295163,43.753938],[-79.294673,43.752705],[-79.2936,43.752928],[-79.295215,43.752586]]],[[[-79.314327,43.755225],[-79.313536,43.753006],[-79.31334731970219,43.752457928658735],[-79.314306,43.752244],[-79.314454,43.75298],[-79.3136,43.753178],[-79.314327,43.755225]]],[[[-79.307366,43.755451],[-79.306945,43.754468],[-79.306201,43.754368],[-79.307163,43.753034],[-79.308449,43.752746],[-79.308417,43.752667],[-79.309378,43.755015],[-79.307366,43.755451]]],[[[-79.296646,43.760043],[-79.295799,43.759848],[-79.295075,43.759493],[-79.294819,43.759606],[-79.294208,43.75814],[-79.28959447523278,43.759129172563625],[-79.289246,43.758309],[-79.288416,43.758489],[-79.289259,43.758306],[-79.288604,43.756727],[-79.287767,43.756909],[-79.288617,43.756724],[-79.288477,43.756412],[-79.287637,43.756594],[-79.288485,43.75641],[-79.28809,43.755466],[-79.28529619296127,43.756076520780724],[-79.288093,43.755465],[-79.285213,43.748483],[-79.28437456372582,43.74637987878318],[-79.285625,43.746111],[-79.285668,43.746217],[-79.285849,43.746178],[-79.287278,43.745869],[-79.287153,43.745582],[-79.287664,43.746554],[-79.287961,43.746822],[-79.288332,43.747709],[-79.289943,43.747362],[-79.28956030421419,43.746457710174624],[-79.289721,43.746422],[-79.289128,43.744964],[-79.289556,43.745383],[-79.291271,43.746099],[-79.290871,43.745555],[-79.290644,43.745603],[-79.29196,43.745292],[-79.291214,43.743463],[-79.290029,43.743719],[-79.289963,43.743558],[-79.29114864728155,43.743301076432246],[-79.29221791176319,43.7459227830845],[-79.290918,43.74618],[-79.291143,43.746703],[-79.290903,43.746956],[-79.290052,43.747139],[-79.292918,43.75434],[-79.294738,43.758694],[-79.29906702278997,43.75766805679408],[-79.29913,43.757825],[-79.2997193955703,43.757685143424],[-79.299994,43.758388],[-79.300286,43.759105],[-79.300963,43.758924],[-79.3018135595583,43.7584178100198],[-79.29745992980492,43.76488667572834],[-79.290786,43.762008],[-79.293112,43.763011],[-79.294043,43.762772],[-79.292845,43.762266],[-79.292305,43.760933],[-79.295539,43.760194],[-79.296783,43.760373],[-79.296646,43.760043]],[[-79.284837,43.747519],[-79.28523,43.748523],[-79.285832,43.748391],[-79.285308,43.747409],[-79.284837,43.747519]],[[-79.28664,43.746007],[-79.286039,43.746137],[-79.286445,43.747144],[-79.287049,43.747017],[-79.28664,43.746007]],[[-79.285374,43.748863],[-79.288252,43.755851],[-79.291335,43.755074],[-79.291556,43.755159],[-79.292834,43.754856],[-79.290067,43.747675],[-79.28846630985312,43.74803393052013],[-79.288365,43.74779],[-79.286788,43.748129],[-79.28695,43.748525],[-79.285374,43.748863]]],[[[-79.298388,43.754402],[-79.298568,43.754841],[-79.297735,43.755017],[-79.298131,43.755342],[-79.29739523790695,43.75473887758702],[-79.298388,43.754402]]],[[[-79.298439,43.756108],[-79.298131,43.755342],[-79.298283,43.755719],[-79.298875,43.755593],[-79.299107,43.756146],[-79.299959,43.756195],[-79.298439,43.756108]]],[[[-79.313794,43.755878],[-79.313616,43.755362],[-79.314327,43.755225],[-79.315245,43.757869],[-79.310189,43.759031],[-79.309996,43.758338],[-79.310181,43.757141],[-79.312452,43.756648],[-79.312697,43.756431],[-79.312419,43.755761],[-79.312933,43.755667],[-79.313088,43.755982],[-79.313794,43.755878]]],[[[-79.305086,43.759678],[-79.304388,43.759331],[-79.302608,43.757822],[-79.30076233166895,43.76053566843949],[-79.303762,43.756107],[-79.30518195503981,43.75992770376694],[-79.305086,43.759678]]],[[[-79.306957,43.758077],[-79.307614,43.757939],[-79.307938,43.758699],[-79.307287,43.758846],[-79.306957,43.758077]]],[[[-79.305809,43.760039],[-79.30637061275725,43.76138936397129],[-79.305808,43.760039],[-79.30752091498822,43.7596484497834],[-79.306434,43.759907],[-79.306699,43.760512],[-79.308004,43.760252],[-79.30619581000906,43.760628174234945],[-79.305909,43.760018],[-79.305809,43.760039]]],[[[-79.303144,43.76063],[-79.300752,43.761193],[-79.302452,43.760791],[-79.302068,43.760047],[-79.30226,43.760365],[-79.302963,43.760207],[-79.303144,43.76063]]],[[[-79.315727,43.759],[-79.315245,43.757869],[-79.315923,43.759433],[-79.316052,43.759691],[-79.317532,43.763021],[-79.31822520512718,43.762859752996945],[-79.318442,43.763355],[-79.317752,43.763514],[-79.318164,43.764515],[-79.317087,43.762022],[-79.31640337123908,43.76218260002448],[-79.316148,43.761614],[-79.316829,43.761454],[-79.315727,43.759]]],[[[-79.30940793675589,43.763794329509885],[-79.307744,43.76431],[-79.30720303877071,43.763011996321566],[-79.30773,43.762962],[-79.307249,43.761781],[-79.30845058975737,43.76151631065195],[-79.30940793675589,43.763794329509885]]],[[[-79.29196440298698,43.766989731347785],[-79.291398,43.765656],[-79.291239,43.765693],[-79.29037108500005,43.7636522001144],[-79.290622,43.763595],[-79.29040915081713,43.76307936535981],[-79.29199622918111,43.76270458356749],[-79.29734366707152,43.76505942537677],[-79.294785,43.763957],[-79.29327470047173,43.764314335193376],[-79.293029,43.763769],[-79.291517,43.764128],[-79.291301,43.76532],[-79.29283,43.764961],[-79.292621,43.764469],[-79.29296,43.765264],[-79.291388,43.765631],[-79.29196440298698,43.766989731347785]]],[[[-79.318688,43.765653],[-79.317919,43.765832],[-79.31740801280823,43.764694035233866],[-79.318164,43.764515],[-79.318688,43.765653]]],[[[-79.301877,43.769442],[-79.301452,43.77019],[-79.301126,43.770423],[-79.300269,43.770659],[-79.299593,43.769051],[-79.30104,43.768727],[-79.301765,43.767892],[-79.301591,43.767482],[-79.302808,43.767208],[-79.29773523101424,43.76500483757857],[-79.30065853890206,43.76068890663127],[-79.300994,43.762749],[-79.301433,43.76387],[-79.302511,43.766428],[-79.3055021941019,43.76771588452033],[-79.304349,43.76722],[-79.303965,43.76769],[-79.30589907455025,43.768524636384726],[-79.302833,43.767209],[-79.30331190197504,43.76826904023388],[-79.302965,43.767549],[-79.302656,43.767926],[-79.302835,43.768491],[-79.301877,43.769442]]],[[[-79.311316,43.768332],[-79.310105,43.765453],[-79.310852,43.767226],[-79.31341742475897,43.76665923171409],[-79.313894,43.767785],[-79.319061,43.766603],[-79.312285,43.768176],[-79.309424,43.768718],[-79.311316,43.768332]]],[[[-79.29200108341303,43.767075979917124],[-79.29357053427651,43.7666981121296],[-79.293814,43.76727],[-79.292253,43.767629],[-79.29353,43.770671],[-79.29200108341303,43.767075979917124]]],[[[-79.308018,43.77506],[-79.307601,43.774078],[-79.30879,43.773579],[-79.309104,43.773925],[-79.30934116679559,43.773813392096194],[-79.309934,43.775207],[-79.308018,43.77506]]],[[[-79.293522,43.774575],[-79.294216,43.774431],[-79.294394,43.77485],[-79.293708,43.775006],[-79.293522,43.774575]]],[[[-79.299019,43.775868],[-79.299559,43.775831],[-79.299459,43.775595],[-79.30088608662246,43.775277203399206],[-79.301495,43.776707],[-79.3007290962476,43.777267483344836],[-79.299576,43.775871],[-79.299019,43.775868]]],[[[-79.317764,43.776515],[-79.31650285825683,43.7768006710581],[-79.316213,43.776128],[-79.317359,43.775869],[-79.3172984697036,43.77574991107809],[-79.317764,43.776515]]],[[[-79.314245,43.776769],[-79.314561,43.776692],[-79.314778,43.777176],[-79.315327,43.77706],[-79.315098,43.776524],[-79.316125,43.776291],[-79.31643677952704,43.776815614173344],[-79.312958,43.777592],[-79.314449,43.777251],[-79.314245,43.776769]]],[[[-79.29305,43.778435],[-79.292668,43.778959],[-79.293069,43.779183],[-79.292797,43.779426],[-79.292703,43.779915],[-79.29203910562848,43.77998666475975],[-79.291867,43.779575],[-79.290979,43.779776],[-79.290617,43.77891],[-79.292583,43.777969],[-79.29288,43.778668],[-79.29305,43.778435]]],[[[-79.29817862389478,43.77937808421583],[-79.29732663202802,43.779568858479074],[-79.297206,43.779313],[-79.296135,43.779556],[-79.297218,43.77931],[-79.297067,43.77895],[-79.297907,43.77874],[-79.29817862389478,43.77937808421583]]],[[[-79.315568,43.78358],[-79.312958,43.777592],[-79.314345,43.780774],[-79.315101,43.780205],[-79.31669565930383,43.781474803012216],[-79.31507,43.782436],[-79.315568,43.78358]]],[[[-79.311207,43.777981],[-79.31086102324724,43.77716242099708],[-79.310998,43.777476],[-79.31260386279077,43.777102027643416],[-79.31302790534086,43.77815702109873],[-79.312032,43.778379],[-79.31263612399313,43.77976695113294],[-79.312407,43.779241],[-79.30862416698005,43.780089962378526],[-79.30855,43.779918],[-79.307822,43.780091],[-79.30793567030513,43.78035224262402],[-79.30765,43.779696],[-79.306473,43.779975],[-79.305872,43.780282],[-79.306093,43.780786],[-79.304984,43.781509],[-79.304843,43.781466],[-79.30444,43.78184],[-79.301892,43.782497],[-79.30134,43.782851],[-79.302091,43.783296],[-79.302303,43.783765],[-79.30355341991071,43.78347330564196],[-79.304355,43.785333],[-79.303974,43.785668],[-79.303952,43.786942],[-79.303928,43.786076],[-79.302924,43.786303],[-79.302868,43.786174],[-79.300703,43.786731],[-79.301374,43.788268],[-79.302295,43.790441],[-79.300428,43.786106],[-79.299751,43.78626],[-79.29958223878272,43.785867555275786],[-79.30026,43.785714],[-79.299348,43.783595],[-79.29584397447182,43.78441794136885],[-79.29471712165693,43.781829872857784],[-79.298106,43.781054],[-79.302866,43.779929],[-79.303657,43.779739],[-79.30331384134047,43.77893280070375],[-79.304018,43.778766],[-79.304076,43.778902],[-79.305008,43.778733],[-79.303713,43.775684],[-79.304743,43.778107],[-79.305546,43.777948],[-79.305809,43.778565],[-79.307595,43.778142],[-79.3073375056193,43.77757105860792],[-79.30883576710792,43.77705351402289],[-79.30896474112316,43.77715923042883],[-79.308874,43.77724],[-79.309303,43.778408],[-79.311207,43.777981]],[[-79.29887,43.782462],[-79.297874,43.78269],[-79.298358,43.783816],[-79.299348,43.783595],[-79.29887,43.782462]],[[-79.304095,43.778944],[-79.304392,43.779562],[-79.305272,43.779355],[-79.305008,43.778733],[-79.304095,43.778944]]],[[[-79.296806,43.784684],[-79.294753,43.78515],[-79.29749935806052,43.78450538168256],[-79.298764,43.784801],[-79.2990987656575,43.78503083910813],[-79.297149,43.785474],[-79.296806,43.784684]]],[[[-79.31000301571937,43.78570503466876],[-79.310953,43.785478],[-79.310685,43.784841],[-79.30959936646673,43.78509791317868],[-79.310688,43.78484],[-79.31048687613581,43.78437325838374],[-79.31065,43.784748],[-79.31171956839516,43.78723534515778],[-79.311446,43.786609],[-79.310222,43.786188],[-79.31000301571937,43.78570503466876]]],[[[-79.290664,43.785477],[-79.292771,43.784999],[-79.293116,43.785807],[-79.293416,43.785716],[-79.293148,43.785085],[-79.294049,43.784966],[-79.294135,43.784861],[-79.29403384858811,43.78475777823758],[-79.29446094649948,43.78475088209613],[-79.29514994467122,43.78635934752503],[-79.291445,43.787199],[-79.290322,43.786315],[-79.289863,43.786163],[-79.289634,43.786209],[-79.289463,43.785762],[-79.290526,43.785631],[-79.290664,43.785477]]],[[[-79.314433,43.785355],[-79.314164,43.784736],[-79.314745,43.784607],[-79.317608,43.791157],[-79.315759,43.786934],[-79.315013,43.785222],[-79.314433,43.785355]]],[[[-79.3113168528788,43.79051256206111],[-79.312206,43.790056],[-79.312572,43.789181],[-79.313338,43.790919],[-79.3113168528788,43.79051256206111]]],[[[-79.302295,43.790441],[-79.30336492404922,43.79019008860793],[-79.303259,43.790215],[-79.303691,43.791169],[-79.302778,43.791548],[-79.302856,43.791733],[-79.302295,43.790441]]],[[[-79.307104,43.792907],[-79.30779376437832,43.79431128952919],[-79.307412,43.793625],[-79.306682,43.791924],[-79.306703,43.791702],[-79.306204,43.791536],[-79.306763,43.791097],[-79.30786683850958,43.790880031742226],[-79.309085,43.793739],[-79.30859,43.792579],[-79.307104,43.792907]]],[[[-79.29835,43.79568],[-79.299798,43.793439],[-79.30095,43.794271],[-79.300856,43.794615],[-79.300986,43.795014],[-79.30201,43.794767],[-79.300464,43.79514],[-79.29903,43.795485],[-79.29835,43.79568]]],[[[-79.308955,43.795822],[-79.309553,43.793723],[-79.30944521819279,43.79346995034069],[-79.31247017092201,43.79277795555181],[-79.312241,43.793068],[-79.311888,43.794292],[-79.314538,43.793687],[-79.313881,43.79218],[-79.312846,43.792484],[-79.313883,43.792179],[-79.31414,43.792757],[-79.314855,43.792958],[-79.315337,43.792808],[-79.315508,43.792888],[-79.315534,43.793081],[-79.31593,43.793277],[-79.316253,43.793186],[-79.316515,43.793312],[-79.316598,43.793503],[-79.31715,43.793596],[-79.317294,43.793923],[-79.317485,43.794016],[-79.317488,43.794343],[-79.317752,43.794653],[-79.317789,43.794972],[-79.318547,43.795174],[-79.31896,43.795079],[-79.318339,43.793654],[-79.319313,43.795851],[-79.320629,43.795561],[-79.31919382797089,43.7922837352867],[-79.320637,43.795577],[-79.32141553770445,43.79691906940982],[-79.320357,43.797078],[-79.319332,43.797011],[-79.319251,43.797481],[-79.31935,43.798138],[-79.320098,43.799489],[-79.32022990349077,43.8],[-79.31780941778405,43.8],[-79.316801,43.798924],[-79.315766,43.796773],[-79.3146309033319,43.797007778391574],[-79.313954,43.795456],[-79.313088,43.795653],[-79.312707,43.794777],[-79.311676,43.795012],[-79.311599848034,43.795321442909426],[-79.311621,43.795196],[-79.308955,43.795822]],[[-79.318236,43.796103],[-79.318558,43.796718],[-79.319359,43.796782],[-79.31943,43.796275],[-79.319313,43.795851],[-79.318236,43.796103]]],[[[-79.289735,43.79671],[-79.289746,43.796647],[-79.293719,43.795784],[-79.292374,43.796084],[-79.292767,43.797002],[-79.290119,43.797596],[-79.289735,43.79671]]],[[[-79.30869824941377,43.79720398793811],[-79.30886262621958,43.79631921191372],[-79.310062,43.796038],[-79.31083392262079,43.79783681891669],[-79.309127,43.798237],[-79.30869824941377,43.79720398793811]]],[[[-79.30647896678322,43.8],[-79.30179355033559,43.8],[-79.302677,43.799787],[-79.305065,43.799207],[-79.304325,43.798669],[-79.304201,43.798381],[-79.303821,43.798235],[-79.303697,43.797947],[-79.304366,43.797797],[-79.304169,43.797341],[-79.30334954645627,43.79748920747807],[-79.305158,43.797116],[-79.30647896678322,43.8]],[[-79.304348,43.7973],[-79.304518,43.797688],[-79.305322,43.797494],[-79.305158,43.797116],[-79.304348,43.7973]]],[[[-79.31440788975357,43.798681464517315],[-79.314357,43.798764],[-79.315397,43.799264],[-79.31488329086166,43.7998726760196],[-79.314561,43.799713],[-79.313491,43.799228],[-79.312605,43.799749],[-79.313511,43.799215],[-79.31304,43.798934],[-79.312107,43.799431],[-79.313066,43.79892],[-79.313818,43.799362],[-79.314194,43.798917],[-79.313417,43.798383],[-79.314194,43.798916],[-79.31440788975357,43.798681464517315]]],[[[-79.289301,43.668293],[-79.289111,43.668201],[-79.289625,43.66804],[-79.289481,43.668137],[-79.28966563849028,43.66856301484998],[-79.28846353860118,43.668792704795244],[-79.288588,43.668637],[-79.289116,43.668524],[-79.289301,43.668293]]],[[[-79.286751,43.669135],[-79.286854,43.668896],[-79.286716,43.66888],[-79.287326,43.668685],[-79.287014,43.668847],[-79.2872788576288,43.669135875383716],[-79.287269,43.669293],[-79.286608,43.669487],[-79.28603221573549,43.669476767969456],[-79.286751,43.669135]]],[[[-79.282594,43.670089],[-79.282813,43.670125],[-79.283177,43.669843],[-79.283246,43.669893],[-79.283004,43.670115],[-79.28347136813316,43.67027339854135],[-79.283493,43.670383],[-79.28235634655306,43.67055397054871],[-79.28271,43.670207],[-79.282594,43.670089]]],[[[-79.280025,43.671016],[-79.280264,43.67084],[-79.28035,43.670865],[-79.280269,43.671011],[-79.280702,43.671016],[-79.281416,43.670334],[-79.281502,43.670364],[-79.281368,43.670608],[-79.28181072472898,43.67069385724087],[-79.280336,43.671153],[-79.28015,43.671184],[-79.280025,43.671016]]],[[[-79.276714,43.674247],[-79.27725802853747,43.67387807750915],[-79.277622,43.674262],[-79.278039,43.675015],[-79.27876016998377,43.6748021390881],[-79.278818,43.674953],[-79.278783,43.675147],[-79.278805,43.675305],[-79.27719328264001,43.675736278336046],[-79.277027,43.675697],[-79.276858,43.675282],[-79.276416,43.67538],[-79.27684,43.676485],[-79.276384,43.675387],[-79.276274,43.674789],[-79.276684,43.674267],[-79.27657,43.674042],[-79.276714,43.674247]]],[[[-79.289092,43.676278],[-79.29145,43.675829],[-79.291409,43.676091],[-79.290969,43.676472],[-79.2924,43.676627],[-79.290952,43.676488],[-79.290785,43.676675],[-79.289352,43.676916],[-79.289092,43.676278]]],[[[-79.275381,43.677986],[-79.275167,43.677455],[-79.276094,43.677271],[-79.276294,43.678051],[-79.275381,43.677986]]],[[[-79.27817030966679,43.67970503034286],[-79.277786,43.678763],[-79.278893,43.678492],[-79.279274,43.679413],[-79.27817030966679,43.67970503034286]]],[[[-79.273265,43.678571],[-79.273409,43.677796],[-79.273701,43.677394],[-79.273423,43.677782],[-79.274036,43.678778],[-79.273565,43.679499],[-79.273735,43.679903],[-79.274436,43.679611],[-79.274859,43.679175],[-79.277351,43.679456],[-79.277565,43.679996],[-79.27778734168574,43.679946776765355],[-79.277572,43.679995],[-79.277875,43.680728],[-79.278538175595,43.680584397149396],[-79.277658,43.680776],[-79.276034,43.681592],[-79.27526677332897,43.68164340184032],[-79.274587,43.680695],[-79.273154,43.680028],[-79.27265495828831,43.67945181099083],[-79.272985,43.678766],[-79.273265,43.678571]]],[[[-79.27875017405705,43.68108881522921],[-79.279089,43.681895],[-79.281662,43.680961],[-79.280773,43.678804],[-79.282045,43.678443],[-79.283153,43.678637],[-79.283618,43.678545],[-79.283155,43.678637],[-79.283926,43.680489],[-79.286577,43.686905],[-79.284273,43.681333],[-79.283588,43.681481],[-79.283696,43.681738],[-79.283015,43.68188],[-79.282857,43.681506],[-79.281623,43.681775],[-79.27873079477158,43.68302181629169],[-79.27834,43.682672],[-79.279242,43.682257],[-79.27908348228448,43.68190307679867],[-79.27875017405705,43.68108881522921]]],[[[-79.288597,43.684121],[-79.288048,43.682802],[-79.289313,43.682584],[-79.289837,43.683855],[-79.288597,43.684121]]],[[[-79.267406,43.683965],[-79.267653,43.684565],[-79.26796352911839,43.68531788663608],[-79.26779095575331,43.68537459223764],[-79.26750305034787,43.68469311917358],[-79.267254,43.684075],[-79.267406,43.683965]]],[[[-79.28533,43.685273],[-79.284791,43.68539],[-79.284466,43.685628],[-79.28332,43.685891],[-79.282844,43.684761],[-79.284875,43.684268],[-79.28533,43.685273]]],[[[-79.262486,43.687994],[-79.26365,43.686753],[-79.2650804985946,43.68575337447607],[-79.26369,43.686731],[-79.262746,43.687755],[-79.263081,43.687821],[-79.263123,43.688004],[-79.262995,43.688162],[-79.262661,43.68826],[-79.262509,43.688047],[-79.26210206789959,43.68853560259177],[-79.262486,43.687994]]],[[[-79.286577,43.686905],[-79.284077,43.687449],[-79.28455,43.688594],[-79.28431,43.688645],[-79.284184,43.688339],[-79.283553,43.688475],[-79.2832082178935,43.687636529891726],[-79.28335,43.687606],[-79.28323911879994,43.68733660553509],[-79.283857,43.687214],[-79.283961,43.687474],[-79.286577,43.686905]]],[[[-79.2819234855535,43.68791317086003],[-79.28256722614582,43.687774554422],[-79.282722,43.688154],[-79.282081,43.688293],[-79.2819234855535,43.68791317086003]]],[[[-79.271845,43.687655],[-79.271707,43.687749],[-79.271849,43.688089],[-79.271683,43.687765],[-79.271092,43.688163],[-79.271214552318,43.68845009808763],[-79.270681,43.688567],[-79.270859,43.688999],[-79.269991,43.689188],[-79.270134,43.689532],[-79.269112,43.689859],[-79.269607,43.6911],[-79.269122,43.691377],[-79.268539,43.690148],[-79.268162,43.69023],[-79.26811,43.690099],[-79.266876,43.690799],[-79.267428,43.692144],[-79.266896,43.692473],[-79.265401,43.692827],[-79.264986,43.691843],[-79.264404,43.692128],[-79.263823,43.692217],[-79.26394,43.692364],[-79.26244629038275,43.69331653670264],[-79.262334,43.693047],[-79.262075,43.692399],[-79.26134931824612,43.69044485698507],[-79.261737,43.689967],[-79.261357,43.690463],[-79.262129,43.692527],[-79.262414,43.69245],[-79.262792,43.69207],[-79.263226,43.691975],[-79.263101,43.691669],[-79.263644,43.691551],[-79.263579,43.691394],[-79.26368833720363,43.69130993248122],[-79.264552,43.691137],[-79.26450752916074,43.69102294537696],[-79.264817,43.690991],[-79.265369,43.690687],[-79.265302,43.69051],[-79.265982,43.690375],[-79.265906,43.690176],[-79.266567,43.690043],[-79.267085,43.689688],[-79.266161,43.687303],[-79.26613985108372,43.68707010400738],[-79.267086,43.689688],[-79.268666,43.688761],[-79.26831716917164,43.68787503743009],[-79.2687948721753,43.68766305672221],[-79.268854,43.687784],[-79.270639,43.687394],[-79.271875,43.686624],[-79.270838,43.684115],[-79.272035,43.68701],[-79.27605152137819,43.68423814584673],[-79.275281,43.684782],[-79.27569593052893,43.68507895028215],[-79.275232,43.685404],[-79.27536434792478,43.685721710755026],[-79.275247,43.685445],[-79.273813,43.686424],[-79.273782,43.686348],[-79.271878,43.687734],[-79.271845,43.687655]],[[-79.262836,43.692668],[-79.262496,43.692436],[-79.262143,43.692561],[-79.262334,43.693047],[-79.262836,43.692668]],[[-79.269215,43.688903],[-79.269432,43.689398],[-79.270142,43.688926],[-79.269698,43.688575],[-79.269215,43.688903]]],[[[-79.27632,43.690849],[-79.277244,43.690154],[-79.27801,43.688826],[-79.278767,43.688597],[-79.27932510278625,43.68753024657311],[-79.279686,43.688396],[-79.280048,43.688317],[-79.27988263550755,43.687919862212965],[-79.280108,43.687871],[-79.280271,43.688269],[-79.28159755983616,43.68798335233148],[-79.281828,43.68854],[-79.281719,43.688563],[-79.281862,43.689275],[-79.281631,43.689567],[-79.28173795158693,43.68982588281321],[-79.280432,43.690205],[-79.28025402594429,43.69074171757114],[-79.277715,43.691408],[-79.277179,43.690215],[-79.27632,43.690849]]],[[[-79.287116,43.691503],[-79.286829,43.691572],[-79.286653,43.691141],[-79.285674,43.691354],[-79.285849,43.691786],[-79.285383,43.690638],[-79.285533,43.691006],[-79.286142,43.690874],[-79.285856,43.690166],[-79.284954,43.690371],[-79.28509,43.690702],[-79.284016,43.690937],[-79.283701,43.690171],[-79.29766774536544,43.687168884136796],[-79.297141,43.687289],[-79.29698804038298,43.6877317729821],[-79.2961,43.687934],[-79.296502,43.688914],[-79.296849,43.688837],[-79.29534450579256,43.689211556370395],[-79.29531031316321,43.68912893108204],[-79.295878,43.689004],[-79.295503,43.688093],[-79.28775722933595,43.689779950406276],[-79.287691,43.689621],[-79.287038,43.689773],[-79.28726079533244,43.690304125646975],[-79.286212,43.690502],[-79.286407,43.690974],[-79.286844,43.690878],[-79.287116,43.691503]],[[-79.295668,43.688492],[-79.295893,43.689038],[-79.296483,43.688918],[-79.29625,43.688357],[-79.295668,43.688492]]],[[[-79.2791672280697,43.6918236578936],[-79.279013,43.691459],[-79.28229433107923,43.6906471528341],[-79.282465,43.69106],[-79.282622,43.691025],[-79.28308511059542,43.69193038825287],[-79.28241895900274,43.69206303902977],[-79.282125,43.691349],[-79.28067394031072,43.691714279880586],[-79.280453,43.691175],[-79.279942,43.691287],[-79.280127,43.691735],[-79.279682,43.691835],[-79.279615,43.691669],[-79.2791672280697,43.6918236578936]]],[[[-79.27557549748971,43.69263220874451],[-79.27787652847505,43.691815590388195],[-79.27838683076075,43.693034222712235],[-79.277802,43.693152],[-79.277956,43.693524],[-79.277773,43.693082],[-79.276553,43.693278],[-79.27659645182692,43.693382107930454],[-79.275938,43.693512],[-79.276087,43.693875],[-79.27557549748971,43.69263220874451]],[[-79.276331,43.692741],[-79.276404,43.692921],[-79.27758,43.692622],[-79.277491,43.692403],[-79.276331,43.692741]]],[[[-79.284336,43.693125],[-79.284635,43.693819],[-79.284079,43.693939],[-79.28357031579561,43.69276893089196],[-79.284697,43.692601],[-79.284573,43.692634],[-79.28474506277767,43.6930350440651],[-79.284336,43.693125]]],[[[-79.261449,43.693707],[-79.261188,43.693063],[-79.26,43.69398516578821],[-79.261189,43.693062],[-79.261141,43.692942],[-79.26145422285637,43.69286555282201],[-79.261712,43.693505],[-79.262334,43.693047],[-79.26,43.694812451242825],[-79.261449,43.693707]]],[[[-79.276424,43.694787],[-79.27673948707006,43.695518241552264],[-79.27655,43.695558],[-79.276296,43.694959],[-79.27622066834758,43.695060703294416],[-79.275639,43.694539],[-79.27543901367996,43.69400072836248],[-79.277291,43.693647],[-79.276424,43.694787]]],[[[-79.28371775307944,43.69457205588202],[-79.284018,43.695271],[-79.28459,43.695145],[-79.281279,43.695891],[-79.280758,43.694678],[-79.283121,43.694154],[-79.283338,43.694658],[-79.28371775307944,43.69457205588202]]],[[[-79.27268656771467,43.69494995531046],[-79.272543,43.694603],[-79.271452,43.694831],[-79.27365,43.694365],[-79.273857,43.694846],[-79.27447582207624,43.69635246517745],[-79.273801,43.694716],[-79.27268656771467,43.69494995531046]]],[[[-79.269118,43.696339],[-79.2687430460029,43.695400115191234],[-79.270803,43.694962],[-79.27130048745705,43.694620100319405],[-79.270464,43.695203],[-79.26851732492788,43.696905021477534],[-79.269118,43.696339]]],[[[-79.26247274883782,43.697559549424916],[-79.261872,43.696105],[-79.263463,43.695757],[-79.26339904132546,43.69560347652079],[-79.263608,43.696097],[-79.26804074271205,43.69508905898353],[-79.265727,43.695651],[-79.265849,43.696007],[-79.263757,43.696444],[-79.26399885308574,43.69699405443879],[-79.26247274883782,43.697559549424916]]],[[[-79.287189,43.697555],[-79.28554956743163,43.6973538059667],[-79.285109,43.696325],[-79.285183,43.696496],[-79.287572,43.695326],[-79.288477,43.697433],[-79.287189,43.697555]]],[[[-79.26137528798631,43.6979662114271],[-79.26,43.69847582173832],[-79.26,43.69702225851812],[-79.260732,43.696816],[-79.26137528798631,43.6979662114271]]],[[[-79.285678,43.699594],[-79.285878,43.699557],[-79.285741,43.699235],[-79.28640267004663,43.69934627183968],[-79.287326,43.701475],[-79.287115,43.70101],[-79.28539,43.701391],[-79.284368,43.699381],[-79.284971,43.699334],[-79.285678,43.699594]]],[[[-79.262273,43.701051],[-79.262088,43.700644],[-79.261528,43.700772],[-79.261694,43.701183],[-79.261085,43.70122],[-79.261125,43.701315],[-79.260951,43.700904],[-79.26411027427386,43.70017785845897],[-79.262105,43.70064],[-79.262273,43.701051]]],[[[-79.26,43.703026752118646],[-79.26,43.701124593788315],[-79.260381,43.701036],[-79.26023358873387,43.70067002043887],[-79.260381,43.701035],[-79.261095,43.702811],[-79.26,43.703026752118646]]],[[[-79.2649378949428,43.70601276278042],[-79.264324,43.70615],[-79.26390208024912,43.70512120937456],[-79.264526,43.704988],[-79.2649378949428,43.70601276278042]]],[[[-79.2620951516455,43.70776161510294],[-79.26151596709647,43.707553185505695],[-79.26262812274217,43.70588483331012],[-79.263207,43.706092],[-79.26355327187892,43.7055798552741],[-79.2620951516455,43.70776161510294]]],[[[-79.27982531211384,43.70423389952977],[-79.278658,43.704115],[-79.277779,43.704308],[-79.278283,43.705498],[-79.27971392840728,43.70509330306917],[-79.27962254115064,43.705651100881774],[-79.279341,43.705713],[-79.279292,43.705595],[-79.278404,43.70579],[-79.27926,43.707788],[-79.27961053673731,43.705724371879825],[-79.279269,43.707809],[-79.28275691417906,43.71615846641781],[-79.281409,43.712993],[-79.280547,43.713185],[-79.280153,43.713075],[-79.278633,43.713129],[-79.27872450870186,43.712550831383744],[-79.281003,43.712046],[-79.27926,43.707789],[-79.27865379319891,43.711660937307016],[-79.277546,43.710576],[-79.276535,43.708198],[-79.2763,43.708251],[-79.277238,43.710547],[-79.275852,43.707169],[-79.27377,43.707621],[-79.273357,43.706621],[-79.2714,43.707064],[-79.27196,43.708423],[-79.271529,43.708564],[-79.271677,43.709012],[-79.270418,43.709298],[-79.269896,43.708037],[-79.269776,43.707748],[-79.268549,43.708026],[-79.268667,43.708315],[-79.26868935863858,43.70837022774831],[-79.26813,43.706999],[-79.268002,43.707176],[-79.26734,43.708318],[-79.26725553136116,43.70843041628725],[-79.267412,43.708193],[-79.266611,43.70794],[-79.265162,43.708259],[-79.264885,43.707582],[-79.265513,43.707447],[-79.265437,43.707256],[-79.267997,43.706669],[-79.2675,43.70544],[-79.26594068442039,43.70578858755086],[-79.265412,43.704513],[-79.266401,43.704269],[-79.266601,43.704754],[-79.26716,43.704627],[-79.267231,43.704798],[-79.269034,43.704418],[-79.269275,43.704038],[-79.270056,43.703877],[-79.27025,43.70359],[-79.269065,43.70384],[-79.268722,43.704348],[-79.269603,43.702986],[-79.270366,43.701996],[-79.26972978270042,43.701450670886075],[-79.270988,43.701117],[-79.2696220581259,43.697622206671],[-79.270933,43.700972],[-79.271751,43.700803],[-79.271597,43.700399],[-79.273149,43.700093],[-79.273301,43.700484],[-79.275964,43.699933],[-79.27841872871518,43.69941041775775],[-79.278716,43.700001],[-79.278612,43.700179],[-79.279132,43.701426],[-79.2768,43.701938],[-79.277509,43.703671],[-79.27826656170829,43.703495190372784],[-79.27851,43.704147],[-79.278799,43.704084],[-79.27982531211384,43.70423389952977]],[[-79.270294,43.702097],[-79.271051,43.702442],[-79.271122,43.702345],[-79.270366,43.701996],[-79.270294,43.702097]],[[-79.276144,43.700343],[-79.275971,43.699932],[-79.274982,43.700137],[-79.275012,43.700444],[-79.275158,43.700547],[-79.276144,43.700343]],[[-79.274076,43.70177],[-79.27393607802932,43.701717203531715],[-79.274292,43.701788],[-79.274188,43.701349],[-79.273699,43.701162],[-79.273537,43.700747],[-79.27300672354666,43.70089689370543],[-79.272375,43.700654],[-79.271906,43.701287],[-79.273877,43.702042],[-79.274076,43.70177]],[[-79.275533,43.705683],[-79.275117,43.704679],[-79.274619,43.703898],[-79.274438,43.703947],[-79.274074,43.703621],[-79.273143,43.704534],[-79.274368,43.705072],[-79.274863,43.70584],[-79.275533,43.705683]]],[[[-79.287438,43.707938],[-79.286985,43.706891],[-79.28679384317212,43.706932436858395],[-79.28941041619427,43.70635588594116],[-79.289823,43.707314],[-79.28863,43.707579],[-79.288507,43.707732],[-79.287438,43.707938]]],[[[-79.264616,43.710252],[-79.265123,43.710012],[-79.265338,43.710536],[-79.26542493715381,43.7107506448349],[-79.265332,43.710524],[-79.264783,43.710645],[-79.264616,43.710252]]],[[[-79.28799940036009,43.71052475961494],[-79.2899248314433,43.710090278373045],[-79.2895,43.710191],[-79.289717,43.710705],[-79.289134,43.71083],[-79.288919,43.710325],[-79.28799940036009,43.71052475961494]]],[[[-79.276075,43.713182],[-79.277929,43.712757],[-79.2781387438841,43.71139762218514],[-79.278582,43.71201],[-79.278476,43.712639],[-79.274766,43.713479],[-79.274405,43.712606],[-79.2757135122402,43.71231155979339],[-79.276075,43.713182]]],[[[-79.260427,43.713765],[-79.260865,43.714831],[-79.260728,43.714989],[-79.26,43.71662976635513],[-79.26,43.71448221050073],[-79.260661,43.714336],[-79.26,43.71274709251969],[-79.260427,43.713765]]],[[[-79.279451,43.714814],[-79.28088004504085,43.71449021636836],[-79.28115253463749,43.71513910329308],[-79.27977112776884,43.71556796992051],[-79.279451,43.714814]]],[[[-79.27225662817354,43.716611628121306],[-79.2731,43.716419],[-79.272505,43.715042],[-79.27164969251574,43.715237384926475],[-79.27156961200551,43.715066939593896],[-79.27247355682991,43.714859101894994],[-79.273949,43.718381],[-79.273139,43.716509],[-79.27229595776468,43.7167027798503],[-79.27225662817354,43.716611628121306]]],[[[-79.277535,43.717561],[-79.27716,43.717411],[-79.27645,43.718898],[-79.277491,43.716678],[-79.278014,43.715133],[-79.279451,43.714814],[-79.278421,43.715048],[-79.278126,43.716217],[-79.277535,43.717561]]],[[[-79.260804,43.717105],[-79.260079,43.717263],[-79.26,43.71683200348432],[-79.261334,43.716526],[-79.26186859931316,43.71799431882098],[-79.261211,43.718144],[-79.260804,43.717105]],[[-79.261012,43.717625],[-79.261656,43.717499],[-79.261475,43.717042],[-79.260838,43.717183],[-79.261012,43.717625]]],[[[-79.2765424975078,43.717980835362546],[-79.27580274785767,43.719531216597936],[-79.274569,43.719817],[-79.273949,43.718381],[-79.274189,43.718262],[-79.27429,43.717956],[-79.275997,43.717558],[-79.2765424975078,43.717980835362546]]],[[[-79.262498,43.721359],[-79.26324036119932,43.72119028154561],[-79.2635769961644,43.72197458151126],[-79.262871,43.722134],[-79.263112,43.722606],[-79.262799,43.722055],[-79.262498,43.721359]]],[[[-79.264353,43.723784],[-79.263686,43.723936],[-79.26394140708022,43.72452938938187],[-79.263553,43.72363],[-79.26422235218487,43.72347814696702],[-79.264315,43.723694],[-79.26502019386115,43.72353344823385],[-79.265193,43.723933],[-79.26539881141619,43.72388655583086],[-79.26448739471432,43.724093910199436],[-79.264353,43.723784]]],[[[-79.26614116165698,43.72636337719959],[-79.265545,43.726542],[-79.2661055710757,43.7278485618149],[-79.265386,43.728015],[-79.265076,43.727205],[-79.260371,43.728208],[-79.260765,43.728124],[-79.260472,43.727424],[-79.261067,43.727297],[-79.26061816968608,43.72625883596958],[-79.26254264524643,43.72581946614328],[-79.262722,43.726227],[-79.264437,43.72584],[-79.26395203217655,43.72455399268933],[-79.26462069085821,43.72440207023849],[-79.265499,43.726437],[-79.26614116165698,43.72636337719959]]],[[[-79.2663921726795,43.72851547536348],[-79.26619679579636,43.7280565668705],[-79.26784045615346,43.727660131170765],[-79.26853483280955,43.72813404107696],[-79.26720685111958,43.72846031244045],[-79.267152,43.728332],[-79.2663921726795,43.72851547536348]]],[[[-79.26450160402194,43.72918139851961],[-79.26648652709385,43.72873709852276],[-79.266651,43.729112],[-79.268356,43.728726],[-79.266652,43.729112],[-79.2670396321042,43.730000076177454],[-79.265094,43.730553],[-79.26450160402194,43.72918139851961]]],[[[-79.267652,43.731378],[-79.267975,43.732251],[-79.267745,43.731685],[-79.267562,43.731262],[-79.267054,43.731839],[-79.266434,43.732507],[-79.267438,43.731365],[-79.269588,43.729111],[-79.267572,43.731254],[-79.267623,43.731384],[-79.270824,43.730627],[-79.270198,43.729154],[-79.27120088245046,43.731513723156276],[-79.2693023793034,43.731947448277445],[-79.270521,43.731669],[-79.270136,43.730791],[-79.267652,43.731378]]],[[[-79.274238,43.738816],[-79.27440430421225,43.73923244773814],[-79.273543,43.737139],[-79.275258,43.736743],[-79.275989,43.738442],[-79.274238,43.738816]]],[[[-79.285836,43.738162],[-79.28580480746469,43.73810824079806],[-79.28742,43.737345],[-79.287647,43.737875],[-79.28591505218601,43.73825155382115],[-79.287063,43.739552],[-79.285836,43.738162]]],[[[-79.27440692701073,43.739239015572316],[-79.27459992994885,43.7397223204504],[-79.27307954543153,43.740048887758014],[-79.272879,43.739565],[-79.27440692701073,43.739239015572316]]],[[[-79.2643724171965,43.740835782959515],[-79.26487540011092,43.74203913147752],[-79.2632381366128,43.74239797005861],[-79.262734,43.74119],[-79.2643724171965,43.740835782959515]]],[[[-79.283225,43.743528],[-79.282611,43.743648],[-79.28244121110922,43.74322652404758],[-79.28305515859678,43.74310117179286],[-79.283225,43.743528]]],[[[-79.261733,43.743135],[-79.26219329363038,43.74423939682418],[-79.262138,43.74411],[-79.26,43.74454385553047],[-79.260051,43.743368],[-79.261677,43.743011],[-79.26154932000026,43.74272463200057],[-79.261733,43.743135]]],[[[-79.27372233033374,43.74622302042853],[-79.27450436974556,43.74817759898507],[-79.27400357921421,43.748285976018806],[-79.273801,43.747793],[-79.271694,43.748249],[-79.271401,43.747536],[-79.269406,43.747966],[-79.26979849712738,43.74892668271494],[-79.267602,43.743701],[-79.272271,43.742708],[-79.271717102497,43.741329045747015],[-79.27328708751595,43.74513520277423],[-79.272069,43.745387],[-79.272514,43.74647],[-79.27372233033374,43.74622302042853]]],[[[-79.26,43.74473381798717],[-79.260358,43.745285],[-79.260799,43.745276],[-79.261352,43.746591],[-79.26,43.74682325601966],[-79.26,43.74473381798717]]],[[[-79.278503,43.745349],[-79.28035019168556,43.744980498531035],[-79.280866,43.746322],[-79.281413,43.746213],[-79.280869,43.744877],[-79.28159,43.746647],[-79.282151,43.748041],[-79.28344000000216,43.74779099999958],[-79.283302,43.747818],[-79.280691,43.748354],[-79.281478,43.750304],[-79.28224901737191,43.750145436016055],[-79.2783276716218,43.75095715874597],[-79.27782515053751,43.749669969570306],[-79.279507,43.74933],[-79.279231,43.748648],[-79.27741294966567,43.7490138708476],[-79.276334,43.746243],[-79.27867,43.74577],[-79.278503,43.745349]]],[[[-79.272029,43.750891],[-79.2717475929069,43.75016952011239],[-79.27253255727112,43.750008426679436],[-79.27287293900855,43.75087984385473],[-79.27045178159342,43.75139619351609],[-79.270336,43.750873],[-79.270224,43.750906],[-79.270016,43.749889],[-79.270147,43.750498],[-79.27141656730412,43.75023745447117],[-79.271698,43.750959],[-79.272029,43.750891]]],[[[-79.26777437555263,43.753691028557775],[-79.267494,43.753624],[-79.26687,43.753741],[-79.267325,43.754767],[-79.2663,43.754974],[-79.2666978005131,43.7560044533447],[-79.263345,43.756681],[-79.263439,43.756921],[-79.262798,43.757264],[-79.26289404357465,43.75731350699724],[-79.26251,43.757862],[-79.26204352630407,43.75786896229397],[-79.260343,43.753532],[-79.26198200932255,43.7531980237853],[-79.262673,43.754961],[-79.266036,43.754282],[-79.26566195087867,43.75333853559647],[-79.265905,43.753936],[-79.266964,43.753722],[-79.26665311796243,43.75292330306103],[-79.267306,43.75279],[-79.266668,43.751656],[-79.267146,43.751556],[-79.266985,43.751143],[-79.26619181265848,43.75129851888383],[-79.265803,43.7503],[-79.266086,43.750242],[-79.265765,43.749411],[-79.26445,43.749661],[-79.264833,43.750747],[-79.26485124390256,43.75080380487843],[-79.263316,43.751015],[-79.263648,43.751816],[-79.264277,43.751684],[-79.264027,43.751084],[-79.26488256837165,43.75090430069206],[-79.265052,43.751522],[-79.26246,43.752066],[-79.2610288303258,43.75235683245023],[-79.262764,43.752002],[-79.262158,43.750553],[-79.2603937552786,43.75163889646398],[-79.260291,43.751215],[-79.260491,43.751572],[-79.2634932476549,43.74969054391756],[-79.264383,43.74951],[-79.26417494065055,43.74926262759786],[-79.264254,43.749213],[-79.26372,43.747915],[-79.265379,43.746874],[-79.2678443993538,43.74532337777869],[-79.26904662413224,43.74796435458151],[-79.267042,43.748375],[-79.267325,43.749101],[-79.267572,43.749189],[-79.26940225153105,43.748815377613425],[-79.27076670759153,43.75329493696003],[-79.270164,43.753165],[-79.26851,43.753308],[-79.26788,43.753436],[-79.26777437555263,43.753691028557775]],[[-79.260605,43.754199],[-79.260988,43.754121],[-79.260726,43.753454],[-79.260343,43.753532],[-79.260605,43.754199]]],[[[-79.2721313963822,43.753406266814366],[-79.27406521560891,43.75452164189446],[-79.27348425222763,43.75463934112082],[-79.273032,43.754146],[-79.27184079192936,43.7534659445145],[-79.2721313963822,43.753406266814366]]],[[[-79.2631411516713,43.75382476485996],[-79.263811,43.753688],[-79.26394805131049,43.754039560512695],[-79.263282,43.754182],[-79.263519,43.75479],[-79.2631411516713,43.75382476485996]]],[[[-79.26719268710201,43.75725740845907],[-79.26707865438645,43.756964098255814],[-79.268262,43.756731],[-79.268399,43.757011],[-79.26719268710201,43.75725740845907]]],[[[-79.279555,43.772168],[-79.279187,43.771543],[-79.278797,43.771585],[-79.278646,43.771192],[-79.278227,43.771281],[-79.277898,43.770489],[-79.278965,43.770138],[-79.279343,43.771044],[-79.279724,43.770963],[-79.279342,43.770053],[-79.279721,43.769969],[-79.280102,43.770883],[-79.281582,43.770569],[-79.281198,43.769652],[-79.280964,43.769701],[-79.280228,43.767991],[-79.279869,43.767122],[-79.280081,43.767037],[-79.279536,43.767152],[-79.279153,43.76623],[-79.2787,43.766327],[-79.279073,43.767248],[-79.27667,43.767758],[-79.276798,43.768247],[-79.27636393381479,43.766821991109445],[-79.279522,43.766151],[-79.278433,43.763359],[-79.2772459317423,43.76360468766927],[-79.274526,43.756604],[-79.272591,43.756994],[-79.27572677314791,43.765060669683336],[-79.274042,43.760861],[-79.27227428976629,43.75617276850349],[-79.274223,43.755823],[-79.27381170288857,43.75490836726271],[-79.273917,43.755058],[-79.27411136297604,43.75500822854632],[-79.275804,43.755738],[-79.275995,43.755629],[-79.274452,43.754921],[-79.275182,43.754772],[-79.273262,43.749861],[-79.2727551925521,43.749962736603116],[-79.27495,43.749512],[-79.27459389783634,43.748401359685374],[-79.274767,43.748834],[-79.275163,43.750278],[-79.275606,43.751516],[-79.276253,43.753142],[-79.276953,43.752998],[-79.276259,43.753141],[-79.278272,43.75832],[-79.278936,43.758176],[-79.279214,43.758253],[-79.27942925359831,43.75877316053429],[-79.278528,43.758967],[-79.279266,43.760833],[-79.280055,43.760662],[-79.279266,43.760834],[-79.279441,43.761317],[-79.280867,43.764956],[-79.281506,43.76753],[-79.283801,43.766997],[-79.28477913430777,43.76729630564797],[-79.285294,43.768468],[-79.285422,43.768439],[-79.284784,43.76863],[-79.285303,43.769814],[-79.285342,43.771378],[-79.285951,43.771574],[-79.286727,43.772033],[-79.285198,43.771328],[-79.28325,43.771733],[-79.283872,43.773194],[-79.283346,43.774172],[-79.28306,43.774441],[-79.282594,43.774556],[-79.282577,43.774748],[-79.279505,43.775509],[-79.2796469118298,43.77587781692352],[-79.279568,43.775674],[-79.27863727644171,43.773244935262],[-79.279696,43.772997],[-79.280132,43.772446],[-79.279555,43.772168]]],[[[-79.288424,43.763545],[-79.28937094669033,43.76332288529837],[-79.28923,43.763356],[-79.28944194309352,43.7638638636392],[-79.28903787964703,43.763956711381006],[-79.288827,43.763451],[-79.288424,43.763545]]],[[[-79.286291,43.763562],[-79.285952,43.762738],[-79.286133,43.762613],[-79.286059,43.762373],[-79.287146,43.762073],[-79.287236,43.762191],[-79.28780181213178,43.76205827863576],[-79.2886329042625,43.764049768672535],[-79.287025,43.764423],[-79.287268,43.764946],[-79.28587936126058,43.76526991573187],[-79.286825,43.765049],[-79.28658010088425,43.76452821453344],[-79.286687,43.764503],[-79.286457,43.76395],[-79.28563654282681,43.76414287250059],[-79.285473,43.763761],[-79.286291,43.763562]]],[[[-79.265083,43.766387],[-79.265454,43.766335],[-79.265336,43.765912],[-79.266266,43.765577],[-79.267524,43.766331],[-79.26760120506854,43.76698715239806],[-79.265406,43.767408],[-79.26594,43.76729],[-79.265825,43.767015],[-79.265083,43.766387]]],[[[-79.27283738443425,43.765388869589074],[-79.27293575224002,43.76520262757964],[-79.2752967793392,43.764799953822155],[-79.27939,43.775718],[-79.277853,43.77171],[-79.276451,43.771399],[-79.275602,43.772083],[-79.275178,43.771043],[-79.273884,43.770419],[-79.273529,43.770393],[-79.272328,43.770674],[-79.272315,43.770569],[-79.27207192820605,43.77061985585121],[-79.271376,43.768914],[-79.270475,43.769114],[-79.270083,43.768156],[-79.26879533888524,43.76843864932032],[-79.26842709098125,43.76751997998775],[-79.27016801780637,43.767137045584306],[-79.270318,43.767521],[-79.270137,43.76756],[-79.270345,43.76809],[-79.270084,43.768156],[-79.27111,43.767925],[-79.271014,43.767369],[-79.2689029533148,43.761656484005115],[-79.270564,43.765895],[-79.27203354421317,43.76557874415332],[-79.271444,43.765718],[-79.271661,43.766276],[-79.271832,43.766241],[-79.271768,43.766091],[-79.273282,43.76578],[-79.273121,43.76545],[-79.27283738443425,43.765388869589074]],[[-79.271287,43.768646],[-79.272188,43.768455],[-79.272015,43.76774],[-79.27111,43.767925],[-79.271287,43.768646]],[[-79.27397,43.770078],[-79.273919,43.770194],[-79.275127,43.770713],[-79.276545,43.771181],[-79.277689,43.771282],[-79.276453,43.768056],[-79.276549,43.768798],[-79.276313,43.769134],[-79.276456,43.769206],[-79.276369,43.76929],[-79.275686,43.76969],[-79.27397,43.770078]]],[[[-79.29170191549363,43.772844800978476],[-79.291171,43.771595],[-79.289086,43.772073],[-79.288635,43.77184],[-79.2882272525237,43.77084045236713],[-79.288342,43.771113],[-79.290734,43.770565],[-79.29170191549363,43.772844800978476]]],[[[-79.264615,43.771364],[-79.265046,43.772316],[-79.267372,43.771835],[-79.266749,43.770388],[-79.267137,43.771289],[-79.267949,43.771701],[-79.2681269115204,43.771668016403524],[-79.268557,43.77275],[-79.267596,43.772953],[-79.267997,43.774029],[-79.269781,43.773645],[-79.27078,43.7761],[-79.272096,43.775824],[-79.272225,43.776141],[-79.272766,43.776027],[-79.273114,43.77695],[-79.274499,43.776651],[-79.271299,43.777445],[-79.26,43.77950434961855],[-79.26,43.768488623575635],[-79.26077886438556,43.76832764806805],[-79.261053,43.769103],[-79.260004,43.769333],[-79.260168,43.769742],[-79.261931,43.769361],[-79.262138,43.769894],[-79.26394016627636,43.76950380327869],[-79.264357,43.770604],[-79.26451411208433,43.77056927909739],[-79.264816,43.771321],[-79.264615,43.771364]],[[-79.260379,43.770274],[-79.261305,43.770074],[-79.261186,43.769527],[-79.260168,43.769742],[-79.260379,43.770274]]],[[[-79.27735153965784,43.77617422683848],[-79.27701849761308,43.776248764819925],[-79.277209,43.773914],[-79.278121,43.772956],[-79.278316,43.772918],[-79.278392,43.773116],[-79.277585,43.773997],[-79.277442,43.775877],[-79.27735153965784,43.77617422683848]]],[[[-79.272283,43.773789],[-79.272031,43.773171],[-79.275009,43.772429],[-79.274639,43.772569],[-79.275331,43.773715],[-79.27468,43.773854],[-79.27587001545693,43.7765058060644],[-79.27456,43.776799],[-79.273258,43.77358],[-79.272283,43.773789]]],[[[-79.28174543747181,43.780945675796744],[-79.2798752961184,43.77646769784756],[-79.282229,43.775919],[-79.283459,43.776439],[-79.283045,43.77653],[-79.28354114128966,43.77667434003712],[-79.283691,43.777035],[-79.283487,43.777079],[-79.283595,43.77734],[-79.28339,43.777385],[-79.2835218171614,43.77770255952519],[-79.283187,43.777776],[-79.283951,43.779609],[-79.285946,43.778208],[-79.284204,43.779456],[-79.28174543747181,43.780945675796744]]],[[[-79.277054,43.777475],[-79.277435,43.777394],[-79.277666,43.777711],[-79.28128382260516,43.780730851752196],[-79.280943,43.780804],[-79.281131,43.781064],[-79.27803933549993,43.7784605709643],[-79.277054,43.777475]]],[[[-79.2875949330543,43.78208903765667],[-79.287166,43.781123],[-79.2832562617985,43.78197261756829],[-79.282199,43.781189],[-79.28192568366723,43.78136334973921],[-79.286128,43.778629],[-79.2875949330543,43.78208903765667]]],[[[-79.29214489110934,43.782403742569834],[-79.288264,43.783287],[-79.28918,43.783076],[-79.288906,43.782445],[-79.28791986224576,43.782680334301816],[-79.28759912550858,43.78209797239532],[-79.290036,43.781562],[-79.289837,43.781088],[-79.290034,43.781557],[-79.290954,43.781696],[-79.29091509160838,43.78160297951753],[-79.291718978725,43.78139731915269],[-79.29214489110934,43.782403742569834]]],[[[-79.284685,43.782863],[-79.285465,43.78313],[-79.286465,43.782913],[-79.2865628461677,43.783149627977],[-79.28590987857343,43.78329579655521],[-79.284685,43.782863]]],[[[-79.281578,43.782833],[-79.281321,43.78281],[-79.28099621927826,43.7820170668866],[-79.2817348209047,43.781562038869914],[-79.281955,43.781912],[-79.282625,43.783441],[-79.282244,43.783523],[-79.282647,43.784507],[-79.28318532798944,43.784388895443186],[-79.282645,43.784508],[-79.28152180757688,43.784741528128244],[-79.281295,43.784186],[-79.281953,43.784043],[-79.281781,43.783623],[-79.281908,43.783595],[-79.28184,43.783395],[-79.282538,43.783244],[-79.28245,43.783049],[-79.281754,43.783199],[-79.281578,43.782833]]],[[[-79.288528,43.783717],[-79.289452,43.783507],[-79.289781,43.784261],[-79.288887,43.784472],[-79.28928820430124,43.78537053046632],[-79.288744,43.784164],[-79.287304,43.784474],[-79.288748,43.784163],[-79.288264,43.783287],[-79.288528,43.783717]]],[[[-79.286034,43.783778],[-79.285072,43.78399],[-79.28471196644149,43.78324040632131],[-79.286041,43.783777],[-79.2867095228137,43.783628226699435],[-79.286914,43.784108],[-79.287267,43.784031],[-79.287085,43.784071],[-79.287304,43.784474],[-79.28828,43.785435],[-79.287275,43.784446],[-79.286453,43.784666],[-79.2865163858264,43.78481323621964],[-79.286034,43.783778]]],[[[-79.279654,43.785696],[-79.279864,43.785649],[-79.279637,43.785111],[-79.27857,43.785348],[-79.278277,43.784625],[-79.27782034917419,43.78397361534657],[-79.28052668427681,43.782306331860894],[-79.279231,43.783134],[-79.280004,43.78503],[-79.28142923495551,43.784759556555734],[-79.281896,43.785865],[-79.281651,43.785918],[-79.281856,43.786403],[-79.281645,43.786449],[-79.281369,43.785777],[-79.278951,43.786312],[-79.279834,43.786099],[-79.279654,43.785696]]],[[[-79.26654185361511,43.78385947011346],[-79.26710508260925,43.78527580454969],[-79.264655,43.785779],[-79.264099,43.784362],[-79.26654185361511,43.78385947011346]]],[[[-79.27788811404096,43.78705171654579],[-79.277674,43.786509],[-79.278054,43.786427],[-79.277672,43.785555],[-79.27552224984069,43.78603970172084],[-79.27857,43.785348],[-79.279111,43.786784],[-79.278202,43.786984],[-79.27788811404096,43.78705171654579]]],[[[-79.28588633246025,43.789635566702046],[-79.28404,43.785342],[-79.282739,43.783248],[-79.28267400284514,43.783097385903204],[-79.28343,43.784337],[-79.28377726326137,43.78426361367132],[-79.285265,43.787755],[-79.285344,43.788368],[-79.28588633246025,43.789635566702046]]],[[[-79.28235632469081,43.79447599800406],[-79.280679,43.790461],[-79.279693,43.790679],[-79.278229,43.789774],[-79.277306,43.789975],[-79.277534,43.790276],[-79.277005,43.790547],[-79.276447,43.79012],[-79.277149,43.789666],[-79.276882,43.789008],[-79.276092,43.787206],[-79.27599427131518,43.78694614776051],[-79.276379,43.787855],[-79.279292,43.787213],[-79.279134,43.786838],[-79.280267,43.786586],[-79.280446,43.787016],[-79.279315,43.787265],[-79.279661,43.788067],[-79.28127684798052,43.78771803283094],[-79.281643,43.788586],[-79.280039,43.788933],[-79.281276,43.791854],[-79.28235632469081,43.79447599800406]],[[-79.276588,43.788333],[-79.277983,43.788028],[-79.277773,43.787548],[-79.276379,43.787855],[-79.276588,43.788333]]],[[[-79.261451,43.792401],[-79.260186,43.792946],[-79.260234,43.793061],[-79.26,43.79250346478874],[-79.26,43.79204262100457],[-79.260282,43.791845],[-79.261147,43.79167],[-79.261451,43.792401]]],[[[-79.26207170096382,43.79106642297595],[-79.26,43.79151729557157],[-79.26,43.78937660766594],[-79.26374012825278,43.78858430455806],[-79.264498,43.790384],[-79.265139,43.790254],[-79.265953,43.790273],[-79.266292,43.790108],[-79.265519,43.788199],[-79.2649077833476,43.78833127566676],[-79.265124,43.788284],[-79.266489,43.787989],[-79.268334,43.787589],[-79.26920783640165,43.788845327078015],[-79.268065,43.789575],[-79.260408,43.793435],[-79.260558,43.793791],[-79.269329,43.78912],[-79.269452,43.789405],[-79.27316305981532,43.78703513943853],[-79.274264,43.7896],[-79.276882,43.789008],[-79.269961,43.790579],[-79.269416,43.789322],[-79.261012,43.79465],[-79.262463,43.794337],[-79.262689,43.794889],[-79.261108,43.795211],[-79.262573,43.798674],[-79.262011,43.797348],[-79.261546,43.79748],[-79.260907,43.796149],[-79.261057,43.796115],[-79.260861,43.795654],[-79.260078,43.795829],[-79.26,43.7960599210526],[-79.260088,43.795388],[-79.26,43.79541044],[-79.26,43.793174688679244],[-79.260234,43.793061],[-79.264707,43.790881],[-79.264539,43.790487],[-79.26334414452822,43.79072797085247],[-79.26255,43.788842],[-79.26134,43.789096],[-79.26207170096382,43.79106642297595]]],[[[-79.268524,43.79449],[-79.268864,43.7953],[-79.266762,43.795763],[-79.266456,43.795033],[-79.268524,43.79449]]],[[[-79.27749360490846,43.795617123319055],[-79.27813,43.797105],[-79.274083,43.797163],[-79.275818,43.797138],[-79.27540124583514,43.79606919506044],[-79.27749360490846,43.795617123319055]]],[[[-79.271811,43.798629],[-79.26855374170007,43.79788664652384],[-79.269627,43.798112],[-79.269772,43.797788],[-79.269775,43.797545],[-79.269651,43.797178],[-79.269216,43.796142],[-79.27137551911422,43.79566606668678],[-79.271937,43.796991],[-79.27273496902615,43.79701599902964],[-79.272879,43.797334],[-79.27332503829376,43.797520180178005],[-79.2729,43.79738],[-79.273364,43.798404],[-79.274107,43.798228],[-79.273366,43.798407],[-79.272416,43.798622],[-79.271811,43.798629]]],[[[-79.260655,43.798093],[-79.261509,43.798908],[-79.261369,43.798939],[-79.26,43.79755238713451],[-79.26,43.79685623642173],[-79.260163,43.797239],[-79.26028,43.797213],[-79.260655,43.798093]]],[[[-79.289153,43.797751],[-79.286748,43.79834],[-79.28745053281604,43.8],[-79.286606,43.798006],[-79.28533210023966,43.79751589327233],[-79.285641,43.797187],[-79.285511,43.796731],[-79.28845775372336,43.79612146464183],[-79.29011659494016,43.8],[-79.289153,43.797751]]],[[[-79.284471,43.79946],[-79.285635,43.799175],[-79.2858528563371,43.799688942904346],[-79.28468449245845,43.79996768961651],[-79.28377176507931,43.79782469361105],[-79.284471,43.79946]]],[[[-79.276311,43.798148],[-79.27775,43.798131],[-79.277763,43.798594],[-79.278142,43.798589],[-79.280954,43.798046],[-79.279164,43.798431],[-79.27914860143198,43.8],[-79.2771867012987,43.8],[-79.276328,43.798985],[-79.276311,43.798148]]],[[[-79.262573,43.798674],[-79.262778,43.799196],[-79.262837,43.799325],[-79.26305,43.79979],[-79.263804,43.799987],[-79.26382979687499,43.8],[-79.262463,43.799638],[-79.261509,43.798908],[-79.262573,43.798674]]]]}}